26-07-29 15:52:39.909 [background-preinit] INFO  o.h.validator.internal.util.Version  - HV000001: Hibernate Validator 8.0.1.Final
26-07-29 15:52:39.973 [main] INFO  c.s.m.discodeit.DiscodeitApplication - Starting DiscodeitApplication using Java 17.0.18 with PID 9614 (/Users/nsl/Codeit/12-sprint-mission/build/classes/java/main started by nsl in /Users/nsl/Codeit/12-sprint-mission)
26-07-29 15:52:39.974 [main] INFO  c.s.m.discodeit.DiscodeitApplication - No active profile set, falling back to 1 default profile: "default"
26-07-29 15:52:41.036 [main] INFO  o.s.d.r.c.RepositoryConfigurationDelegate - Bootstrapping Spring Data JPA repositories in DEFAULT mode.
26-07-29 15:52:41.078 [main] INFO  o.s.d.r.c.RepositoryConfigurationDelegate - Finished Spring Data repository scanning in 37 ms. Found 6 JPA repository interfaces.
26-07-29 15:52:41.570 [main] INFO  o.s.b.w.e.tomcat.TomcatWebServer     - Tomcat initialized with port 8080 (http)
26-07-29 15:52:41.577 [main] INFO  o.a.coyote.http11.Http11NioProtocol  - Initializing ProtocolHandler ["http-nio-8080"]
26-07-29 15:52:41.578 [main] INFO  o.a.catalina.core.StandardService    - Starting service [Tomcat]
26-07-29 15:52:41.578 [main] INFO  o.a.catalina.core.StandardEngine     - Starting Servlet engine: [Apache Tomcat/10.1.33]
26-07-29 15:52:41.607 [main] INFO  o.a.c.c.C.[Tomcat].[localhost].[/]   - Initializing Spring embedded WebApplicationContext
26-07-29 15:52:41.607 [main] INFO  o.s.b.w.s.c.ServletWebServerApplicationContext - Root WebApplicationContext: initialization completed in 1548 ms
26-07-29 15:52:41.778 [main] INFO  com.zaxxer.hikari.HikariDataSource   - HikariPool-1 - Starting...
26-07-29 15:52:41.928 [main] INFO  com.zaxxer.hikari.pool.HikariPool    - HikariPool-1 - Added connection org.postgresql.jdbc.PgConnection@5e2975ca
26-07-29 15:52:41.930 [main] INFO  com.zaxxer.hikari.HikariDataSource   - HikariPool-1 - Start completed.
26-07-29 15:52:41.980 [main] INFO  o.h.jpa.internal.util.LogHelper      - HHH000204: Processing PersistenceUnitInfo [name: default]
26-07-29 15:52:42.029 [main] INFO  org.hibernate.Version                - HHH000412: Hibernate ORM core version 6.6.2.Final
26-07-29 15:52:42.049 [main] INFO  o.h.c.i.RegionFactoryInitiator       - HHH000026: Second-level cache disabled
26-07-29 15:52:42.193 [main] INFO  o.s.o.j.p.SpringPersistenceUnitInfo  - No LoadTimeWeaver setup: ignoring JPA class transformer
26-07-29 15:52:42.278 [main] INFO  o.hibernate.orm.connections.pooling  - HHH10001005: Database info:
	Database JDBC URL [Connecting through datasource 'HikariDataSource (HikariPool-1)']
	Database driver: undefined/unknown
	Database version: 18.3
	Autocommit mode: undefined/unknown
	Isolation level: undefined/unknown
	Minimum pool size: undefined/unknown
	Maximum pool size: undefined/unknown
26-07-29 15:52:42.984 [main] INFO  o.h.e.t.j.p.i.JtaPlatformInitiator   - HHH000489: No JTA platform available (set 'hibernate.transaction.jta.platform' to enable JTA platform integration)
26-07-29 15:52:43.073 [main] ERROR o.s.o.j.LocalContainerEntityManagerFactoryBean - Failed to initialize JPA EntityManagerFactory: [PersistenceUnit: default] Unable to build Hibernate SessionFactory; nested exception is org.hibernate.tool.schema.spi.SchemaManagementException: Schema-validation: missing column [role] in table [users]
26-07-29 15:52:43.073 [main] WARN  o.s.b.w.s.c.AnnotationConfigServletWebServerApplicationContext - Exception encountered during context initialization - cancelling refresh attempt: org.springframework.beans.factory.BeanCreationException: Error creating bean with name 'entityManagerFactory' defined in class path resource [org/springframework/boot/autoconfigure/orm/jpa/HibernateJpaConfiguration.class]: [PersistenceUnit: default] Unable to build Hibernate SessionFactory; nested exception is org.hibernate.tool.schema.spi.SchemaManagementException: Schema-validation: missing column [role] in table [users]
26-07-29 15:52:43.073 [main] INFO  com.zaxxer.hikari.HikariDataSource   - HikariPool-1 - Shutdown initiated...
26-07-29 15:52:43.075 [main] INFO  com.zaxxer.hikari.HikariDataSource   - HikariPool-1 - Shutdown completed.
26-07-29 15:52:43.077 [main] INFO  o.a.catalina.core.StandardService    - Stopping service [Tomcat]
26-07-29 15:52:43.092 [main] INFO  o.s.b.a.l.ConditionEvaluationReportLogger - 

Error starting ApplicationContext. To display the condition evaluation report re-run your application with 'debug' enabled.
26-07-29 15:52:43.102 [main] ERROR o.s.boot.SpringApplication           - Application run failed
org.springframework.beans.factory.BeanCreationException: Error creating bean with name 'entityManagerFactory' defined in class path resource [org/springframework/boot/autoconfigure/orm/jpa/HibernateJpaConfiguration.class]: [PersistenceUnit: default] Unable to build Hibernate SessionFactory; nested exception is org.hibernate.tool.schema.spi.SchemaManagementException: Schema-validation: missing column [role] in table [users]
	at org.springframework.beans.factory.support.AbstractAutowireCapableBeanFactory.initializeBean(AbstractAutowireCapableBeanFactory.java:1802)
	at org.springframework.beans.factory.support.AbstractAutowireCapableBeanFactory.doCreateBean(AbstractAutowireCapableBeanFactory.java:601)
	at org.springframework.beans.factory.support.AbstractAutowireCapableBeanFactory.createBean(AbstractAutowireCapableBeanFactory.java:523)
	at org.springframework.beans.factory.support.AbstractBeanFactory.lambda$doGetBean$0(AbstractBeanFactory.java:336)
	at org.springframework.beans.factory.support.DefaultSingletonBeanRegistry.getSingleton(DefaultSingletonBeanRegistry.java:288)
	at org.springframework.beans.factory.support.AbstractBeanFactory.doGetBean(AbstractBeanFactory.java:334)
	at org.springframework.beans.factory.support.AbstractBeanFactory.getBean(AbstractBeanFactory.java:204)
	at org.springframework.context.support.AbstractApplicationContext.finishBeanFactoryInitialization(AbstractApplicationContext.java:970)
	at org.springframework.context.support.AbstractApplicationContext.refresh(AbstractApplicationContext.java:627)
	at org.springframework.boot.web.servlet.context.ServletWebServerApplicationContext.refresh(ServletWebServerApplicationContext.java:146)
	at org.springframework.boot.SpringApplication.refresh(SpringApplication.java:752)
	at org.springframework.boot.SpringApplication.refreshContext(SpringApplication.java:439)
	at org.springframework.boot.SpringApplication.run(SpringApplication.java:318)
	at org.springframework.boot.SpringApplication.run(SpringApplication.java:1361)
	at org.springframework.boot.SpringApplication.run(SpringApplication.java:1350)
	at com.sprint.mission.discodeit.DiscodeitApplication.main(DiscodeitApplication.java:10)
Caused by: jakarta.persistence.PersistenceException: [PersistenceUnit: default] Unable to build Hibernate SessionFactory; nested exception is org.hibernate.tool.schema.spi.SchemaManagementException: Schema-validation: missing column [role] in table [users]
	at org.springframework.orm.jpa.AbstractEntityManagerFactoryBean.buildNativeEntityManagerFactory(AbstractEntityManagerFactoryBean.java:431)
	at org.springframework.orm.jpa.AbstractEntityManagerFactoryBean.afterPropertiesSet(AbstractEntityManagerFactoryBean.java:400)
	at org.springframework.orm.jpa.LocalContainerEntityManagerFactoryBean.afterPropertiesSet(LocalContainerEntityManagerFactoryBean.java:366)
	at org.springframework.beans.factory.support.AbstractAutowireCapableBeanFactory.invokeInitMethods(AbstractAutowireCapableBeanFactory.java:1849)
	at org.springframework.beans.factory.support.AbstractAutowireCapableBeanFactory.initializeBean(AbstractAutowireCapableBeanFactory.java:1798)
	... 15 common frames omitted
Caused by: org.hibernate.tool.schema.spi.SchemaManagementException: Schema-validation: missing column [role] in table [users]
	at org.hibernate.tool.schema.internal.AbstractSchemaValidator.validateTable(AbstractSchemaValidator.java:149)
	at org.hibernate.tool.schema.internal.GroupedSchemaValidatorImpl.validateTables(GroupedSchemaValidatorImpl.java:46)
	at org.hibernate.tool.schema.internal.AbstractSchemaValidator.performValidation(AbstractSchemaValidator.java:99)
	at org.hibernate.tool.schema.internal.AbstractSchemaValidator.doValidation(AbstractSchemaValidator.java:77)
	at org.hibernate.tool.schema.spi.SchemaManagementToolCoordinator.performDatabaseAction(SchemaManagementToolCoordinator.java:289)
	at org.hibernate.tool.schema.spi.SchemaManagementToolCoordinator.lambda$process$5(SchemaManagementToolCoordinator.java:144)
	at java.base/java.util.HashMap.forEach(HashMap.java:1421)
	at org.hibernate.tool.schema.spi.SchemaManagementToolCoordinator.process(SchemaManagementToolCoordinator.java:141)
	at org.hibernate.boot.internal.SessionFactoryObserverForSchemaExport.sessionFactoryCreated(SessionFactoryObserverForSchemaExport.java:37)
	at org.hibernate.internal.SessionFactoryObserverChain.sessionFactoryCreated(SessionFactoryObserverChain.java:35)
	at org.hibernate.internal.SessionFactoryImpl.<init>(SessionFactoryImpl.java:324)
	at org.hibernate.boot.internal.SessionFactoryBuilderImpl.build(SessionFactoryBuilderImpl.java:463)
	at org.hibernate.jpa.boot.internal.EntityManagerFactoryBuilderImpl.build(EntityManagerFactoryBuilderImpl.java:1506)
	at org.springframework.orm.jpa.vendor.SpringHibernateJpaPersistenceProvider.createContainerEntityManagerFactory(SpringHibernateJpaPersistenceProvider.java:66)
	at org.springframework.orm.jpa.LocalContainerEntityManagerFactoryBean.createNativeEntityManagerFactory(LocalContainerEntityManagerFactoryBean.java:390)
	at org.springframework.orm.jpa.AbstractEntityManagerFactoryBean.buildNativeEntityManagerFactory(AbstractEntityManagerFactoryBean.java:419)
	... 19 common frames omitted
26-07-29 16:19:07.855 [background-preinit] INFO  o.h.validator.internal.util.Version  - HV000001: Hibernate Validator 8.0.1.Final
26-07-29 16:19:07.934 [main] INFO  c.s.m.discodeit.DiscodeitApplication - Starting DiscodeitApplication using Java 17.0.18 with PID 10326 (/Users/nsl/Codeit/12-sprint-mission/build/classes/java/main started by nsl in /Users/nsl/Codeit/12-sprint-mission)
26-07-29 16:19:07.937 [main] INFO  c.s.m.discodeit.DiscodeitApplication - No active profile set, falling back to 1 default profile: "default"
26-07-29 16:19:09.395 [main] INFO  o.s.d.r.c.RepositoryConfigurationDelegate - Bootstrapping Spring Data JPA repositories in DEFAULT mode.
26-07-29 16:19:09.437 [main] INFO  o.s.d.r.c.RepositoryConfigurationDelegate - Finished Spring Data repository scanning in 35 ms. Found 6 JPA repository interfaces.
26-07-29 16:19:09.970 [main] INFO  o.s.b.w.e.tomcat.TomcatWebServer     - Tomcat initialized with port 8080 (http)
26-07-29 16:19:09.988 [main] INFO  o.a.coyote.http11.Http11NioProtocol  - Initializing ProtocolHandler ["http-nio-8080"]
26-07-29 16:19:09.994 [main] INFO  o.a.catalina.core.StandardService    - Starting service [Tomcat]
26-07-29 16:19:09.994 [main] INFO  o.a.catalina.core.StandardEngine     - Starting Servlet engine: [Apache Tomcat/10.1.33]
26-07-29 16:19:10.044 [main] INFO  o.a.c.c.C.[Tomcat].[localhost].[/]   - Initializing Spring embedded WebApplicationContext
26-07-29 16:19:10.045 [main] INFO  o.s.b.w.s.c.ServletWebServerApplicationContext - Root WebApplicationContext: initialization completed in 2065 ms
26-07-29 16:19:10.292 [main] INFO  com.zaxxer.hikari.HikariDataSource   - HikariPool-1 - Starting...
26-07-29 16:19:10.431 [main] INFO  com.zaxxer.hikari.pool.HikariPool    - HikariPool-1 - Added connection org.postgresql.jdbc.PgConnection@43d6262c
26-07-29 16:19:10.432 [main] INFO  com.zaxxer.hikari.HikariDataSource   - HikariPool-1 - Start completed.
26-07-29 16:19:10.496 [main] INFO  o.h.jpa.internal.util.LogHelper      - HHH000204: Processing PersistenceUnitInfo [name: default]
26-07-29 16:19:10.539 [main] INFO  org.hibernate.Version                - HHH000412: Hibernate ORM core version 6.6.2.Final
26-07-29 16:19:10.569 [main] INFO  o.h.c.i.RegionFactoryInitiator       - HHH000026: Second-level cache disabled
26-07-29 16:19:10.749 [main] INFO  o.s.o.j.p.SpringPersistenceUnitInfo  - No LoadTimeWeaver setup: ignoring JPA class transformer
26-07-29 16:19:10.828 [main] INFO  o.hibernate.orm.connections.pooling  - HHH10001005: Database info:
	Database JDBC URL [Connecting through datasource 'HikariDataSource (HikariPool-1)']
	Database driver: undefined/unknown
	Database version: 18.3
	Autocommit mode: undefined/unknown
	Isolation level: undefined/unknown
	Minimum pool size: undefined/unknown
	Maximum pool size: undefined/unknown
26-07-29 16:19:11.488 [main] INFO  o.h.e.t.j.p.i.JtaPlatformInitiator   - HHH000489: No JTA platform available (set 'hibernate.transaction.jta.platform' to enable JTA platform integration)
26-07-29 16:19:11.538 [main] ERROR o.s.o.j.LocalContainerEntityManagerFactoryBean - Failed to initialize JPA EntityManagerFactory: [PersistenceUnit: default] Unable to build Hibernate SessionFactory; nested exception is org.hibernate.tool.schema.spi.SchemaManagementException: Schema-validation: missing column [role] in table [users]
26-07-29 16:19:11.539 [main] WARN  o.s.b.w.s.c.AnnotationConfigServletWebServerApplicationContext - Exception encountered during context initialization - cancelling refresh attempt: org.springframework.beans.factory.BeanCreationException: Error creating bean with name 'entityManagerFactory' defined in class path resource [org/springframework/boot/autoconfigure/orm/jpa/HibernateJpaConfiguration.class]: [PersistenceUnit: default] Unable to build Hibernate SessionFactory; nested exception is org.hibernate.tool.schema.spi.SchemaManagementException: Schema-validation: missing column [role] in table [users]
26-07-29 16:19:11.539 [main] INFO  com.zaxxer.hikari.HikariDataSource   - HikariPool-1 - Shutdown initiated...
26-07-29 16:19:11.541 [main] INFO  com.zaxxer.hikari.HikariDataSource   - HikariPool-1 - Shutdown completed.
26-07-29 16:19:11.543 [main] INFO  o.a.catalina.core.StandardService    - Stopping service [Tomcat]
26-07-29 16:19:11.559 [main] INFO  o.s.b.a.l.ConditionEvaluationReportLogger - 

Error starting ApplicationContext. To display the condition evaluation report re-run your application with 'debug' enabled.
26-07-29 16:19:11.569 [main] ERROR o.s.boot.SpringApplication           - Application run failed
org.springframework.beans.factory.BeanCreationException: Error creating bean with name 'entityManagerFactory' defined in class path resource [org/springframework/boot/autoconfigure/orm/jpa/HibernateJpaConfiguration.class]: [PersistenceUnit: default] Unable to build Hibernate SessionFactory; nested exception is org.hibernate.tool.schema.spi.SchemaManagementException: Schema-validation: missing column [role] in table [users]
	at org.springframework.beans.factory.support.AbstractAutowireCapableBeanFactory.initializeBean(AbstractAutowireCapableBeanFactory.java:1802)
	at org.springframework.beans.factory.support.AbstractAutowireCapableBeanFactory.doCreateBean(AbstractAutowireCapableBeanFactory.java:601)
	at org.springframework.beans.factory.support.AbstractAutowireCapableBeanFactory.createBean(AbstractAutowireCapableBeanFactory.java:523)
	at org.springframework.beans.factory.support.AbstractBeanFactory.lambda$doGetBean$0(AbstractBeanFactory.java:336)
	at org.springframework.beans.factory.support.DefaultSingletonBeanRegistry.getSingleton(DefaultSingletonBeanRegistry.java:288)
	at org.springframework.beans.factory.support.AbstractBeanFactory.doGetBean(AbstractBeanFactory.java:334)
	at org.springframework.beans.factory.support.AbstractBeanFactory.getBean(AbstractBeanFactory.java:204)
	at org.springframework.context.support.AbstractApplicationContext.finishBeanFactoryInitialization(AbstractApplicationContext.java:970)
	at org.springframework.context.support.AbstractApplicationContext.refresh(AbstractApplicationContext.java:627)
	at org.springframework.boot.web.servlet.context.ServletWebServerApplicationContext.refresh(ServletWebServerApplicationContext.java:146)
	at org.springframework.boot.SpringApplication.refresh(SpringApplication.java:752)
	at org.springframework.boot.SpringApplication.refreshContext(SpringApplication.java:439)
	at org.springframework.boot.SpringApplication.run(SpringApplication.java:318)
	at org.springframework.boot.SpringApplication.run(SpringApplication.java:1361)
	at org.springframework.boot.SpringApplication.run(SpringApplication.java:1350)
	at com.sprint.mission.discodeit.DiscodeitApplication.main(DiscodeitApplication.java:10)
Caused by: jakarta.persistence.PersistenceException: [PersistenceUnit: default] Unable to build Hibernate SessionFactory; nested exception is org.hibernate.tool.schema.spi.SchemaManagementException: Schema-validation: missing column [role] in table [users]
	at org.springframework.orm.jpa.AbstractEntityManagerFactoryBean.buildNativeEntityManagerFactory(AbstractEntityManagerFactoryBean.java:431)
	at org.springframework.orm.jpa.AbstractEntityManagerFactoryBean.afterPropertiesSet(AbstractEntityManagerFactoryBean.java:400)
	at org.springframework.orm.jpa.LocalContainerEntityManagerFactoryBean.afterPropertiesSet(LocalContainerEntityManagerFactoryBean.java:366)
	at org.springframework.beans.factory.support.AbstractAutowireCapableBeanFactory.invokeInitMethods(AbstractAutowireCapableBeanFactory.java:1849)
	at org.springframework.beans.factory.support.AbstractAutowireCapableBeanFactory.initializeBean(AbstractAutowireCapableBeanFactory.java:1798)
	... 15 common frames omitted
Caused by: org.hibernate.tool.schema.spi.SchemaManagementException: Schema-validation: missing column [role] in table [users]
	at org.hibernate.tool.schema.internal.AbstractSchemaValidator.validateTable(AbstractSchemaValidator.java:149)
	at org.hibernate.tool.schema.internal.GroupedSchemaValidatorImpl.validateTables(GroupedSchemaValidatorImpl.java:46)
	at org.hibernate.tool.schema.internal.AbstractSchemaValidator.performValidation(AbstractSchemaValidator.java:99)
	at org.hibernate.tool.schema.internal.AbstractSchemaValidator.doValidation(AbstractSchemaValidator.java:77)
	at org.hibernate.tool.schema.spi.SchemaManagementToolCoordinator.performDatabaseAction(SchemaManagementToolCoordinator.java:289)
	at org.hibernate.tool.schema.spi.SchemaManagementToolCoordinator.lambda$process$5(SchemaManagementToolCoordinator.java:144)
	at java.base/java.util.HashMap.forEach(HashMap.java:1421)
	at org.hibernate.tool.schema.spi.SchemaManagementToolCoordinator.process(SchemaManagementToolCoordinator.java:141)
	at org.hibernate.boot.internal.SessionFactoryObserverForSchemaExport.sessionFactoryCreated(SessionFactoryObserverForSchemaExport.java:37)
	at org.hibernate.internal.SessionFactoryObserverChain.sessionFactoryCreated(SessionFactoryObserverChain.java:35)
	at org.hibernate.internal.SessionFactoryImpl.<init>(SessionFactoryImpl.java:324)
	at org.hibernate.boot.internal.SessionFactoryBuilderImpl.build(SessionFactoryBuilderImpl.java:463)
	at org.hibernate.jpa.boot.internal.EntityManagerFactoryBuilderImpl.build(EntityManagerFactoryBuilderImpl.java:1506)
	at org.springframework.orm.jpa.vendor.SpringHibernateJpaPersistenceProvider.createContainerEntityManagerFactory(SpringHibernateJpaPersistenceProvider.java:66)
	at org.springframework.orm.jpa.LocalContainerEntityManagerFactoryBean.createNativeEntityManagerFactory(LocalContainerEntityManagerFactoryBean.java:390)
	at org.springframework.orm.jpa.AbstractEntityManagerFactoryBean.buildNativeEntityManagerFactory(AbstractEntityManagerFactoryBean.java:419)
	... 19 common frames omitted
26-07-29 16:21:40.305 [background-preinit] INFO  o.h.validator.internal.util.Version  - HV000001: Hibernate Validator 8.0.1.Final
26-07-29 16:21:40.356 [main] INFO  c.s.m.discodeit.DiscodeitApplication - Starting DiscodeitApplication using Java 17.0.18 with PID 10373 (/Users/nsl/Codeit/12-sprint-mission/build/classes/java/main started by nsl in /Users/nsl/Codeit/12-sprint-mission)
26-07-29 16:21:40.357 [main] INFO  c.s.m.discodeit.DiscodeitApplication - No active profile set, falling back to 1 default profile: "default"
26-07-29 16:21:41.592 [main] INFO  o.s.d.r.c.RepositoryConfigurationDelegate - Bootstrapping Spring Data JPA repositories in DEFAULT mode.
26-07-29 16:21:41.651 [main] INFO  o.s.d.r.c.RepositoryConfigurationDelegate - Finished Spring Data repository scanning in 52 ms. Found 6 JPA repository interfaces.
26-07-29 16:21:42.412 [main] INFO  o.s.b.w.e.tomcat.TomcatWebServer     - Tomcat initialized with port 8080 (http)
26-07-29 16:21:42.438 [main] INFO  o.a.coyote.http11.Http11NioProtocol  - Initializing ProtocolHandler ["http-nio-8080"]
26-07-29 16:21:42.440 [main] INFO  o.a.catalina.core.StandardService    - Starting service [Tomcat]
26-07-29 16:21:42.441 [main] INFO  o.a.catalina.core.StandardEngine     - Starting Servlet engine: [Apache Tomcat/10.1.33]
26-07-29 16:21:42.505 [main] INFO  o.a.c.c.C.[Tomcat].[localhost].[/]   - Initializing Spring embedded WebApplicationContext
26-07-29 16:21:42.506 [main] INFO  o.s.b.w.s.c.ServletWebServerApplicationContext - Root WebApplicationContext: initialization completed in 2123 ms
26-07-29 16:21:42.815 [main] INFO  com.zaxxer.hikari.HikariDataSource   - HikariPool-1 - Starting...
26-07-29 16:21:43.007 [main] INFO  com.zaxxer.hikari.pool.HikariPool    - HikariPool-1 - Added connection org.postgresql.jdbc.PgConnection@37fca349
26-07-29 16:21:43.008 [main] INFO  com.zaxxer.hikari.HikariDataSource   - HikariPool-1 - Start completed.
26-07-29 16:21:43.129 [main] INFO  o.h.jpa.internal.util.LogHelper      - HHH000204: Processing PersistenceUnitInfo [name: default]
26-07-29 16:21:43.202 [main] INFO  org.hibernate.Version                - HHH000412: Hibernate ORM core version 6.6.2.Final
26-07-29 16:21:43.237 [main] INFO  o.h.c.i.RegionFactoryInitiator       - HHH000026: Second-level cache disabled
26-07-29 16:21:43.510 [main] INFO  o.s.o.j.p.SpringPersistenceUnitInfo  - No LoadTimeWeaver setup: ignoring JPA class transformer
26-07-29 16:21:43.585 [main] INFO  o.hibernate.orm.connections.pooling  - HHH10001005: Database info:
	Database JDBC URL [Connecting through datasource 'HikariDataSource (HikariPool-1)']
	Database driver: undefined/unknown
	Database version: 18.3
	Autocommit mode: undefined/unknown
	Isolation level: undefined/unknown
	Minimum pool size: undefined/unknown
	Maximum pool size: undefined/unknown
26-07-29 16:21:44.398 [main] INFO  o.h.e.t.j.p.i.JtaPlatformInitiator   - HHH000489: No JTA platform available (set 'hibernate.transaction.jta.platform' to enable JTA platform integration)
26-07-29 16:21:44.456 [main] ERROR o.s.o.j.LocalContainerEntityManagerFactoryBean - Failed to initialize JPA EntityManagerFactory: [PersistenceUnit: default] Unable to build Hibernate SessionFactory; nested exception is org.hibernate.tool.schema.spi.SchemaManagementException: Schema-validation: missing column [role] in table [users]
26-07-29 16:21:44.457 [main] WARN  o.s.b.w.s.c.AnnotationConfigServletWebServerApplicationContext - Exception encountered during context initialization - cancelling refresh attempt: org.springframework.beans.factory.BeanCreationException: Error creating bean with name 'entityManagerFactory' defined in class path resource [org/springframework/boot/autoconfigure/orm/jpa/HibernateJpaConfiguration.class]: [PersistenceUnit: default] Unable to build Hibernate SessionFactory; nested exception is org.hibernate.tool.schema.spi.SchemaManagementException: Schema-validation: missing column [role] in table [users]
26-07-29 16:21:44.457 [main] INFO  com.zaxxer.hikari.HikariDataSource   - HikariPool-1 - Shutdown initiated...
26-07-29 16:21:44.459 [main] INFO  com.zaxxer.hikari.HikariDataSource   - HikariPool-1 - Shutdown completed.
26-07-29 16:21:44.462 [main] INFO  o.a.catalina.core.StandardService    - Stopping service [Tomcat]
26-07-29 16:21:44.481 [main] INFO  o.s.b.a.l.ConditionEvaluationReportLogger - 

Error starting ApplicationContext. To display the condition evaluation report re-run your application with 'debug' enabled.
26-07-29 16:21:44.495 [main] ERROR o.s.boot.SpringApplication           - Application run failed
org.springframework.beans.factory.BeanCreationException: Error creating bean with name 'entityManagerFactory' defined in class path resource [org/springframework/boot/autoconfigure/orm/jpa/HibernateJpaConfiguration.class]: [PersistenceUnit: default] Unable to build Hibernate SessionFactory; nested exception is org.hibernate.tool.schema.spi.SchemaManagementException: Schema-validation: missing column [role] in table [users]
	at org.springframework.beans.factory.support.AbstractAutowireCapableBeanFactory.initializeBean(AbstractAutowireCapableBeanFactory.java:1802)
	at org.springframework.beans.factory.support.AbstractAutowireCapableBeanFactory.doCreateBean(AbstractAutowireCapableBeanFactory.java:601)
	at org.springframework.beans.factory.support.AbstractAutowireCapableBeanFactory.createBean(AbstractAutowireCapableBeanFactory.java:523)
	at org.springframework.beans.factory.support.AbstractBeanFactory.lambda$doGetBean$0(AbstractBeanFactory.java:336)
	at org.springframework.beans.factory.support.DefaultSingletonBeanRegistry.getSingleton(DefaultSingletonBeanRegistry.java:288)
	at org.springframework.beans.factory.support.AbstractBeanFactory.doGetBean(AbstractBeanFactory.java:334)
	at org.springframework.beans.factory.support.AbstractBeanFactory.getBean(AbstractBeanFactory.java:204)
	at org.springframework.context.support.AbstractApplicationContext.finishBeanFactoryInitialization(AbstractApplicationContext.java:970)
	at org.springframework.context.support.AbstractApplicationContext.refresh(AbstractApplicationContext.java:627)
	at org.springframework.boot.web.servlet.context.ServletWebServerApplicationContext.refresh(ServletWebServerApplicationContext.java:146)
	at org.springframework.boot.SpringApplication.refresh(SpringApplication.java:752)
	at org.springframework.boot.SpringApplication.refreshContext(SpringApplication.java:439)
	at org.springframework.boot.SpringApplication.run(SpringApplication.java:318)
	at org.springframework.boot.SpringApplication.run(SpringApplication.java:1361)
	at org.springframework.boot.SpringApplication.run(SpringApplication.java:1350)
	at com.sprint.mission.discodeit.DiscodeitApplication.main(DiscodeitApplication.java:10)
Caused by: jakarta.persistence.PersistenceException: [PersistenceUnit: default] Unable to build Hibernate SessionFactory; nested exception is org.hibernate.tool.schema.spi.SchemaManagementException: Schema-validation: missing column [role] in table [users]
	at org.springframework.orm.jpa.AbstractEntityManagerFactoryBean.buildNativeEntityManagerFactory(AbstractEntityManagerFactoryBean.java:431)
	at org.springframework.orm.jpa.AbstractEntityManagerFactoryBean.afterPropertiesSet(AbstractEntityManagerFactoryBean.java:400)
	at org.springframework.orm.jpa.LocalContainerEntityManagerFactoryBean.afterPropertiesSet(LocalContainerEntityManagerFactoryBean.java:366)
	at org.springframework.beans.factory.support.AbstractAutowireCapableBeanFactory.invokeInitMethods(AbstractAutowireCapableBeanFactory.java:1849)
	at org.springframework.beans.factory.support.AbstractAutowireCapableBeanFactory.initializeBean(AbstractAutowireCapableBeanFactory.java:1798)
	... 15 common frames omitted
Caused by: org.hibernate.tool.schema.spi.SchemaManagementException: Schema-validation: missing column [role] in table [users]
	at org.hibernate.tool.schema.internal.AbstractSchemaValidator.validateTable(AbstractSchemaValidator.java:149)
	at org.hibernate.tool.schema.internal.GroupedSchemaValidatorImpl.validateTables(GroupedSchemaValidatorImpl.java:46)
	at org.hibernate.tool.schema.internal.AbstractSchemaValidator.performValidation(AbstractSchemaValidator.java:99)
	at org.hibernate.tool.schema.internal.AbstractSchemaValidator.doValidation(AbstractSchemaValidator.java:77)
	at org.hibernate.tool.schema.spi.SchemaManagementToolCoordinator.performDatabaseAction(SchemaManagementToolCoordinator.java:289)
	at org.hibernate.tool.schema.spi.SchemaManagementToolCoordinator.lambda$process$5(SchemaManagementToolCoordinator.java:144)
	at java.base/java.util.HashMap.forEach(HashMap.java:1421)
	at org.hibernate.tool.schema.spi.SchemaManagementToolCoordinator.process(SchemaManagementToolCoordinator.java:141)
	at org.hibernate.boot.internal.SessionFactoryObserverForSchemaExport.sessionFactoryCreated(SessionFactoryObserverForSchemaExport.java:37)
	at org.hibernate.internal.SessionFactoryObserverChain.sessionFactoryCreated(SessionFactoryObserverChain.java:35)
	at org.hibernate.internal.SessionFactoryImpl.<init>(SessionFactoryImpl.java:324)
	at org.hibernate.boot.internal.SessionFactoryBuilderImpl.build(SessionFactoryBuilderImpl.java:463)
	at org.hibernate.jpa.boot.internal.EntityManagerFactoryBuilderImpl.build(EntityManagerFactoryBuilderImpl.java:1506)
	at org.springframework.orm.jpa.vendor.SpringHibernateJpaPersistenceProvider.createContainerEntityManagerFactory(SpringHibernateJpaPersistenceProvider.java:66)
	at org.springframework.orm.jpa.LocalContainerEntityManagerFactoryBean.createNativeEntityManagerFactory(LocalContainerEntityManagerFactoryBean.java:390)
	at org.springframework.orm.jpa.AbstractEntityManagerFactoryBean.buildNativeEntityManagerFactory(AbstractEntityManagerFactoryBean.java:419)
	... 19 common frames omitted
26-07-29 16:23:32.043 [background-preinit] INFO  o.h.validator.internal.util.Version  - HV000001: Hibernate Validator 8.0.1.Final
26-07-29 16:23:32.086 [main] INFO  c.s.m.discodeit.DiscodeitApplication - Starting DiscodeitApplication using Java 17.0.18 with PID 10433 (/Users/nsl/Codeit/12-sprint-mission/build/classes/java/main started by nsl in /Users/nsl/Codeit/12-sprint-mission)
26-07-29 16:23:32.087 [main] INFO  c.s.m.discodeit.DiscodeitApplication - No active profile set, falling back to 1 default profile: "default"
26-07-29 16:23:33.054 [main] INFO  o.s.d.r.c.RepositoryConfigurationDelegate - Bootstrapping Spring Data JPA repositories in DEFAULT mode.
26-07-29 16:23:33.110 [main] INFO  o.s.d.r.c.RepositoryConfigurationDelegate - Finished Spring Data repository scanning in 49 ms. Found 6 JPA repository interfaces.
26-07-29 16:23:33.688 [main] INFO  o.s.b.w.e.tomcat.TomcatWebServer     - Tomcat initialized with port 8080 (http)
26-07-29 16:23:33.697 [main] INFO  o.a.coyote.http11.Http11NioProtocol  - Initializing ProtocolHandler ["http-nio-8080"]
26-07-29 16:23:33.698 [main] INFO  o.a.catalina.core.StandardService    - Starting service [Tomcat]
26-07-29 16:23:33.698 [main] INFO  o.a.catalina.core.StandardEngine     - Starting Servlet engine: [Apache Tomcat/10.1.33]
26-07-29 16:23:33.745 [main] INFO  o.a.c.c.C.[Tomcat].[localhost].[/]   - Initializing Spring embedded WebApplicationContext
26-07-29 16:23:33.745 [main] INFO  o.s.b.w.s.c.ServletWebServerApplicationContext - Root WebApplicationContext: initialization completed in 1619 ms
26-07-29 16:23:33.959 [main] INFO  com.zaxxer.hikari.HikariDataSource   - HikariPool-1 - Starting...
26-07-29 16:23:34.123 [main] INFO  com.zaxxer.hikari.pool.HikariPool    - HikariPool-1 - Added connection org.postgresql.jdbc.PgConnection@68f69ca3
26-07-29 16:23:34.124 [main] INFO  com.zaxxer.hikari.HikariDataSource   - HikariPool-1 - Start completed.
26-07-29 16:23:34.193 [main] INFO  o.h.jpa.internal.util.LogHelper      - HHH000204: Processing PersistenceUnitInfo [name: default]
26-07-29 16:23:34.241 [main] INFO  org.hibernate.Version                - HHH000412: Hibernate ORM core version 6.6.2.Final
26-07-29 16:23:34.260 [main] INFO  o.h.c.i.RegionFactoryInitiator       - HHH000026: Second-level cache disabled
26-07-29 16:23:34.497 [main] INFO  o.s.o.j.p.SpringPersistenceUnitInfo  - No LoadTimeWeaver setup: ignoring JPA class transformer
26-07-29 16:23:34.624 [main] INFO  o.hibernate.orm.connections.pooling  - HHH10001005: Database info:
	Database JDBC URL [Connecting through datasource 'HikariDataSource (HikariPool-1)']
	Database driver: undefined/unknown
	Database version: 18.3
	Autocommit mode: undefined/unknown
	Isolation level: undefined/unknown
	Minimum pool size: undefined/unknown
	Maximum pool size: undefined/unknown
26-07-29 16:23:35.436 [main] INFO  o.h.e.t.j.p.i.JtaPlatformInitiator   - HHH000489: No JTA platform available (set 'hibernate.transaction.jta.platform' to enable JTA platform integration)
26-07-29 16:23:35.489 [main] ERROR o.s.o.j.LocalContainerEntityManagerFactoryBean - Failed to initialize JPA EntityManagerFactory: [PersistenceUnit: default] Unable to build Hibernate SessionFactory; nested exception is org.hibernate.tool.schema.spi.SchemaManagementException: Schema-validation: missing column [role] in table [users]
26-07-29 16:23:35.489 [main] WARN  o.s.b.w.s.c.AnnotationConfigServletWebServerApplicationContext - Exception encountered during context initialization - cancelling refresh attempt: org.springframework.beans.factory.BeanCreationException: Error creating bean with name 'entityManagerFactory' defined in class path resource [org/springframework/boot/autoconfigure/orm/jpa/HibernateJpaConfiguration.class]: [PersistenceUnit: default] Unable to build Hibernate SessionFactory; nested exception is org.hibernate.tool.schema.spi.SchemaManagementException: Schema-validation: missing column [role] in table [users]
26-07-29 16:23:35.489 [main] INFO  com.zaxxer.hikari.HikariDataSource   - HikariPool-1 - Shutdown initiated...
26-07-29 16:23:35.491 [main] INFO  com.zaxxer.hikari.HikariDataSource   - HikariPool-1 - Shutdown completed.
26-07-29 16:23:35.492 [main] INFO  o.a.catalina.core.StandardService    - Stopping service [Tomcat]
26-07-29 16:23:35.509 [main] INFO  o.s.b.a.l.ConditionEvaluationReportLogger - 

Error starting ApplicationContext. To display the condition evaluation report re-run your application with 'debug' enabled.
26-07-29 16:23:35.520 [main] ERROR o.s.boot.SpringApplication           - Application run failed
org.springframework.beans.factory.BeanCreationException: Error creating bean with name 'entityManagerFactory' defined in class path resource [org/springframework/boot/autoconfigure/orm/jpa/HibernateJpaConfiguration.class]: [PersistenceUnit: default] Unable to build Hibernate SessionFactory; nested exception is org.hibernate.tool.schema.spi.SchemaManagementException: Schema-validation: missing column [role] in table [users]
	at org.springframework.beans.factory.support.AbstractAutowireCapableBeanFactory.initializeBean(AbstractAutowireCapableBeanFactory.java:1802)
	at org.springframework.beans.factory.support.AbstractAutowireCapableBeanFactory.doCreateBean(AbstractAutowireCapableBeanFactory.java:601)
	at org.springframework.beans.factory.support.AbstractAutowireCapableBeanFactory.createBean(AbstractAutowireCapableBeanFactory.java:523)
	at org.springframework.beans.factory.support.AbstractBeanFactory.lambda$doGetBean$0(AbstractBeanFactory.java:336)
	at org.springframework.beans.factory.support.DefaultSingletonBeanRegistry.getSingleton(DefaultSingletonBeanRegistry.java:288)
	at org.springframework.beans.factory.support.AbstractBeanFactory.doGetBean(AbstractBeanFactory.java:334)
	at org.springframework.beans.factory.support.AbstractBeanFactory.getBean(AbstractBeanFactory.java:204)
	at org.springframework.context.support.AbstractApplicationContext.finishBeanFactoryInitialization(AbstractApplicationContext.java:970)
	at org.springframework.context.support.AbstractApplicationContext.refresh(AbstractApplicationContext.java:627)
	at org.springframework.boot.web.servlet.context.ServletWebServerApplicationContext.refresh(ServletWebServerApplicationContext.java:146)
	at org.springframework.boot.SpringApplication.refresh(SpringApplication.java:752)
	at org.springframework.boot.SpringApplication.refreshContext(SpringApplication.java:439)
	at org.springframework.boot.SpringApplication.run(SpringApplication.java:318)
	at org.springframework.boot.SpringApplication.run(SpringApplication.java:1361)
	at org.springframework.boot.SpringApplication.run(SpringApplication.java:1350)
	at com.sprint.mission.discodeit.DiscodeitApplication.main(DiscodeitApplication.java:10)
Caused by: jakarta.persistence.PersistenceException: [PersistenceUnit: default] Unable to build Hibernate SessionFactory; nested exception is org.hibernate.tool.schema.spi.SchemaManagementException: Schema-validation: missing column [role] in table [users]
	at org.springframework.orm.jpa.AbstractEntityManagerFactoryBean.buildNativeEntityManagerFactory(AbstractEntityManagerFactoryBean.java:431)
	at org.springframework.orm.jpa.AbstractEntityManagerFactoryBean.afterPropertiesSet(AbstractEntityManagerFactoryBean.java:400)
	at org.springframework.orm.jpa.LocalContainerEntityManagerFactoryBean.afterPropertiesSet(LocalContainerEntityManagerFactoryBean.java:366)
	at org.springframework.beans.factory.support.AbstractAutowireCapableBeanFactory.invokeInitMethods(AbstractAutowireCapableBeanFactory.java:1849)
	at org.springframework.beans.factory.support.AbstractAutowireCapableBeanFactory.initializeBean(AbstractAutowireCapableBeanFactory.java:1798)
	... 15 common frames omitted
Caused by: org.hibernate.tool.schema.spi.SchemaManagementException: Schema-validation: missing column [role] in table [users]
	at org.hibernate.tool.schema.internal.AbstractSchemaValidator.validateTable(AbstractSchemaValidator.java:149)
	at org.hibernate.tool.schema.internal.GroupedSchemaValidatorImpl.validateTables(GroupedSchemaValidatorImpl.java:46)
	at org.hibernate.tool.schema.internal.AbstractSchemaValidator.performValidation(AbstractSchemaValidator.java:99)
	at org.hibernate.tool.schema.internal.AbstractSchemaValidator.doValidation(AbstractSchemaValidator.java:77)
	at org.hibernate.tool.schema.spi.SchemaManagementToolCoordinator.performDatabaseAction(SchemaManagementToolCoordinator.java:289)
	at org.hibernate.tool.schema.spi.SchemaManagementToolCoordinator.lambda$process$5(SchemaManagementToolCoordinator.java:144)
	at java.base/java.util.HashMap.forEach(HashMap.java:1421)
	at org.hibernate.tool.schema.spi.SchemaManagementToolCoordinator.process(SchemaManagementToolCoordinator.java:141)
	at org.hibernate.boot.internal.SessionFactoryObserverForSchemaExport.sessionFactoryCreated(SessionFactoryObserverForSchemaExport.java:37)
	at org.hibernate.internal.SessionFactoryObserverChain.sessionFactoryCreated(SessionFactoryObserverChain.java:35)
	at org.hibernate.internal.SessionFactoryImpl.<init>(SessionFactoryImpl.java:324)
	at org.hibernate.boot.internal.SessionFactoryBuilderImpl.build(SessionFactoryBuilderImpl.java:463)
	at org.hibernate.jpa.boot.internal.EntityManagerFactoryBuilderImpl.build(EntityManagerFactoryBuilderImpl.java:1506)
	at org.springframework.orm.jpa.vendor.SpringHibernateJpaPersistenceProvider.createContainerEntityManagerFactory(SpringHibernateJpaPersistenceProvider.java:66)
	at org.springframework.orm.jpa.LocalContainerEntityManagerFactoryBean.createNativeEntityManagerFactory(LocalContainerEntityManagerFactoryBean.java:390)
	at org.springframework.orm.jpa.AbstractEntityManagerFactoryBean.buildNativeEntityManagerFactory(AbstractEntityManagerFactoryBean.java:419)
	... 19 common frames omitted
26-07-29 16:24:32.981 [background-preinit] INFO  o.h.validator.internal.util.Version  - HV000001: Hibernate Validator 8.0.1.Final
26-07-29 16:24:33.015 [main] INFO  c.s.m.discodeit.DiscodeitApplication - Starting DiscodeitApplication using Java 17.0.18 with PID 10499 (/Users/nsl/Codeit/12-sprint-mission/build/classes/java/main started by nsl in /Users/nsl/Codeit/12-sprint-mission)
26-07-29 16:24:33.016 [main] INFO  c.s.m.discodeit.DiscodeitApplication - No active profile set, falling back to 1 default profile: "default"
26-07-29 16:24:33.796 [main] INFO  o.s.d.r.c.RepositoryConfigurationDelegate - Bootstrapping Spring Data JPA repositories in DEFAULT mode.
26-07-29 16:24:33.838 [main] INFO  o.s.d.r.c.RepositoryConfigurationDelegate - Finished Spring Data repository scanning in 36 ms. Found 6 JPA repository interfaces.
26-07-29 16:24:34.350 [main] INFO  o.s.b.w.e.tomcat.TomcatWebServer     - Tomcat initialized with port 8080 (http)
26-07-29 16:24:34.356 [main] INFO  o.a.coyote.http11.Http11NioProtocol  - Initializing ProtocolHandler ["http-nio-8080"]
26-07-29 16:24:34.357 [main] INFO  o.a.catalina.core.StandardService    - Starting service [Tomcat]
26-07-29 16:24:34.357 [main] INFO  o.a.catalina.core.StandardEngine     - Starting Servlet engine: [Apache Tomcat/10.1.33]
26-07-29 16:24:34.393 [main] INFO  o.a.c.c.C.[Tomcat].[localhost].[/]   - Initializing Spring embedded WebApplicationContext
26-07-29 16:24:34.394 [main] INFO  o.s.b.w.s.c.ServletWebServerApplicationContext - Root WebApplicationContext: initialization completed in 1358 ms
26-07-29 16:24:34.565 [main] INFO  com.zaxxer.hikari.HikariDataSource   - HikariPool-1 - Starting...
26-07-29 16:24:34.701 [main] INFO  com.zaxxer.hikari.pool.HikariPool    - HikariPool-1 - Added connection org.postgresql.jdbc.PgConnection@197d5a87
26-07-29 16:24:34.701 [main] INFO  com.zaxxer.hikari.HikariDataSource   - HikariPool-1 - Start completed.
26-07-29 16:24:34.763 [main] INFO  o.h.jpa.internal.util.LogHelper      - HHH000204: Processing PersistenceUnitInfo [name: default]
26-07-29 16:24:34.820 [main] INFO  org.hibernate.Version                - HHH000412: Hibernate ORM core version 6.6.2.Final
26-07-29 16:24:34.840 [main] INFO  o.h.c.i.RegionFactoryInitiator       - HHH000026: Second-level cache disabled
26-07-29 16:24:35.013 [main] INFO  o.s.o.j.p.SpringPersistenceUnitInfo  - No LoadTimeWeaver setup: ignoring JPA class transformer
26-07-29 16:24:35.351 [main] INFO  o.hibernate.orm.connections.pooling  - HHH10001005: Database info:
	Database JDBC URL [Connecting through datasource 'HikariDataSource (HikariPool-1)']
	Database driver: undefined/unknown
	Database version: 18.3
	Autocommit mode: undefined/unknown
	Isolation level: undefined/unknown
	Minimum pool size: undefined/unknown
	Maximum pool size: undefined/unknown
26-07-29 16:24:36.757 [main] INFO  o.h.e.t.j.p.i.JtaPlatformInitiator   - HHH000489: No JTA platform available (set 'hibernate.transaction.jta.platform' to enable JTA platform integration)
26-07-29 16:24:36.857 [main] ERROR o.s.o.j.LocalContainerEntityManagerFactoryBean - Failed to initialize JPA EntityManagerFactory: [PersistenceUnit: default] Unable to build Hibernate SessionFactory; nested exception is org.hibernate.tool.schema.spi.SchemaManagementException: Schema-validation: missing column [role] in table [users]
26-07-29 16:24:36.859 [main] WARN  o.s.b.w.s.c.AnnotationConfigServletWebServerApplicationContext - Exception encountered during context initialization - cancelling refresh attempt: org.springframework.beans.factory.BeanCreationException: Error creating bean with name 'entityManagerFactory' defined in class path resource [org/springframework/boot/autoconfigure/orm/jpa/HibernateJpaConfiguration.class]: [PersistenceUnit: default] Unable to build Hibernate SessionFactory; nested exception is org.hibernate.tool.schema.spi.SchemaManagementException: Schema-validation: missing column [role] in table [users]
26-07-29 16:24:36.859 [main] INFO  com.zaxxer.hikari.HikariDataSource   - HikariPool-1 - Shutdown initiated...
26-07-29 16:24:36.862 [main] INFO  com.zaxxer.hikari.HikariDataSource   - HikariPool-1 - Shutdown completed.
26-07-29 16:24:36.869 [main] INFO  o.a.catalina.core.StandardService    - Stopping service [Tomcat]
26-07-29 16:24:36.901 [main] INFO  o.s.b.a.l.ConditionEvaluationReportLogger - 

Error starting ApplicationContext. To display the condition evaluation report re-run your application with 'debug' enabled.
26-07-29 16:24:36.924 [main] ERROR o.s.boot.SpringApplication           - Application run failed
org.springframework.beans.factory.BeanCreationException: Error creating bean with name 'entityManagerFactory' defined in class path resource [org/springframework/boot/autoconfigure/orm/jpa/HibernateJpaConfiguration.class]: [PersistenceUnit: default] Unable to build Hibernate SessionFactory; nested exception is org.hibernate.tool.schema.spi.SchemaManagementException: Schema-validation: missing column [role] in table [users]
	at org.springframework.beans.factory.support.AbstractAutowireCapableBeanFactory.initializeBean(AbstractAutowireCapableBeanFactory.java:1802)
	at org.springframework.beans.factory.support.AbstractAutowireCapableBeanFactory.doCreateBean(AbstractAutowireCapableBeanFactory.java:601)
	at org.springframework.beans.factory.support.AbstractAutowireCapableBeanFactory.createBean(AbstractAutowireCapableBeanFactory.java:523)
	at org.springframework.beans.factory.support.AbstractBeanFactory.lambda$doGetBean$0(AbstractBeanFactory.java:336)
	at org.springframework.beans.factory.support.DefaultSingletonBeanRegistry.getSingleton(DefaultSingletonBeanRegistry.java:288)
	at org.springframework.beans.factory.support.AbstractBeanFactory.doGetBean(AbstractBeanFactory.java:334)
	at org.springframework.beans.factory.support.AbstractBeanFactory.getBean(AbstractBeanFactory.java:204)
	at org.springframework.context.support.AbstractApplicationContext.finishBeanFactoryInitialization(AbstractApplicationContext.java:970)
	at org.springframework.context.support.AbstractApplicationContext.refresh(AbstractApplicationContext.java:627)
	at org.springframework.boot.web.servlet.context.ServletWebServerApplicationContext.refresh(ServletWebServerApplicationContext.java:146)
	at org.springframework.boot.SpringApplication.refresh(SpringApplication.java:752)
	at org.springframework.boot.SpringApplication.refreshContext(SpringApplication.java:439)
	at org.springframework.boot.SpringApplication.run(SpringApplication.java:318)
	at org.springframework.boot.SpringApplication.run(SpringApplication.java:1361)
	at org.springframework.boot.SpringApplication.run(SpringApplication.java:1350)
	at com.sprint.mission.discodeit.DiscodeitApplication.main(DiscodeitApplication.java:10)
Caused by: jakarta.persistence.PersistenceException: [PersistenceUnit: default] Unable to build Hibernate SessionFactory; nested exception is org.hibernate.tool.schema.spi.SchemaManagementException: Schema-validation: missing column [role] in table [users]
	at org.springframework.orm.jpa.AbstractEntityManagerFactoryBean.buildNativeEntityManagerFactory(AbstractEntityManagerFactoryBean.java:431)
	at org.springframework.orm.jpa.AbstractEntityManagerFactoryBean.afterPropertiesSet(AbstractEntityManagerFactoryBean.java:400)
	at org.springframework.orm.jpa.LocalContainerEntityManagerFactoryBean.afterPropertiesSet(LocalContainerEntityManagerFactoryBean.java:366)
	at org.springframework.beans.factory.support.AbstractAutowireCapableBeanFactory.invokeInitMethods(AbstractAutowireCapableBeanFactory.java:1849)
	at org.springframework.beans.factory.support.AbstractAutowireCapableBeanFactory.initializeBean(AbstractAutowireCapableBeanFactory.java:1798)
	... 15 common frames omitted
Caused by: org.hibernate.tool.schema.spi.SchemaManagementException: Schema-validation: missing column [role] in table [users]
	at org.hibernate.tool.schema.internal.AbstractSchemaValidator.validateTable(AbstractSchemaValidator.java:149)
	at org.hibernate.tool.schema.internal.GroupedSchemaValidatorImpl.validateTables(GroupedSchemaValidatorImpl.java:46)
	at org.hibernate.tool.schema.internal.AbstractSchemaValidator.performValidation(AbstractSchemaValidator.java:99)
	at org.hibernate.tool.schema.internal.AbstractSchemaValidator.doValidation(AbstractSchemaValidator.java:77)
	at org.hibernate.tool.schema.spi.SchemaManagementToolCoordinator.performDatabaseAction(SchemaManagementToolCoordinator.java:289)
	at org.hibernate.tool.schema.spi.SchemaManagementToolCoordinator.lambda$process$5(SchemaManagementToolCoordinator.java:144)
	at java.base/java.util.HashMap.forEach(HashMap.java:1421)
	at org.hibernate.tool.schema.spi.SchemaManagementToolCoordinator.process(SchemaManagementToolCoordinator.java:141)
	at org.hibernate.boot.internal.SessionFactoryObserverForSchemaExport.sessionFactoryCreated(SessionFactoryObserverForSchemaExport.java:37)
	at org.hibernate.internal.SessionFactoryObserverChain.sessionFactoryCreated(SessionFactoryObserverChain.java:35)
	at org.hibernate.internal.SessionFactoryImpl.<init>(SessionFactoryImpl.java:324)
	at org.hibernate.boot.internal.SessionFactoryBuilderImpl.build(SessionFactoryBuilderImpl.java:463)
	at org.hibernate.jpa.boot.internal.EntityManagerFactoryBuilderImpl.build(EntityManagerFactoryBuilderImpl.java:1506)
	at org.springframework.orm.jpa.vendor.SpringHibernateJpaPersistenceProvider.createContainerEntityManagerFactory(SpringHibernateJpaPersistenceProvider.java:66)
	at org.springframework.orm.jpa.LocalContainerEntityManagerFactoryBean.createNativeEntityManagerFactory(LocalContainerEntityManagerFactoryBean.java:390)
	at org.springframework.orm.jpa.AbstractEntityManagerFactoryBean.buildNativeEntityManagerFactory(AbstractEntityManagerFactoryBean.java:419)
	... 19 common frames omitted
26-07-29 16:28:12.748 [background-preinit] INFO  o.h.validator.internal.util.Version  - HV000001: Hibernate Validator 8.0.1.Final
26-07-29 16:28:12.782 [main] INFO  c.s.m.discodeit.DiscodeitApplication - Starting DiscodeitApplication using Java 17.0.18 with PID 10554 (/Users/nsl/Codeit/12-sprint-mission/build/classes/java/main started by nsl in /Users/nsl/Codeit/12-sprint-mission)
26-07-29 16:28:12.783 [main] INFO  c.s.m.discodeit.DiscodeitApplication - No active profile set, falling back to 1 default profile: "default"
26-07-29 16:28:13.618 [main] INFO  o.s.d.r.c.RepositoryConfigurationDelegate - Bootstrapping Spring Data JPA repositories in DEFAULT mode.
26-07-29 16:28:13.662 [main] INFO  o.s.d.r.c.RepositoryConfigurationDelegate - Finished Spring Data repository scanning in 39 ms. Found 6 JPA repository interfaces.
26-07-29 16:28:14.191 [main] INFO  o.s.b.w.e.tomcat.TomcatWebServer     - Tomcat initialized with port 8080 (http)
26-07-29 16:28:14.197 [main] INFO  o.a.coyote.http11.Http11NioProtocol  - Initializing ProtocolHandler ["http-nio-8080"]
26-07-29 16:28:14.198 [main] INFO  o.a.catalina.core.StandardService    - Starting service [Tomcat]
26-07-29 16:28:14.198 [main] INFO  o.a.catalina.core.StandardEngine     - Starting Servlet engine: [Apache Tomcat/10.1.33]
26-07-29 16:28:14.230 [main] INFO  o.a.c.c.C.[Tomcat].[localhost].[/]   - Initializing Spring embedded WebApplicationContext
26-07-29 16:28:14.230 [main] INFO  o.s.b.w.s.c.ServletWebServerApplicationContext - Root WebApplicationContext: initialization completed in 1425 ms
26-07-29 16:28:14.398 [main] INFO  com.zaxxer.hikari.HikariDataSource   - HikariPool-1 - Starting...
26-07-29 16:28:14.523 [main] INFO  com.zaxxer.hikari.pool.HikariPool    - HikariPool-1 - Added connection org.postgresql.jdbc.PgConnection@197d5a87
26-07-29 16:28:14.524 [main] INFO  com.zaxxer.hikari.HikariDataSource   - HikariPool-1 - Start completed.
26-07-29 16:28:14.591 [main] INFO  o.h.jpa.internal.util.LogHelper      - HHH000204: Processing PersistenceUnitInfo [name: default]
26-07-29 16:28:14.631 [main] INFO  org.hibernate.Version                - HHH000412: Hibernate ORM core version 6.6.2.Final
26-07-29 16:28:14.655 [main] INFO  o.h.c.i.RegionFactoryInitiator       - HHH000026: Second-level cache disabled
26-07-29 16:28:14.824 [main] INFO  o.s.o.j.p.SpringPersistenceUnitInfo  - No LoadTimeWeaver setup: ignoring JPA class transformer
26-07-29 16:28:14.891 [main] INFO  o.hibernate.orm.connections.pooling  - HHH10001005: Database info:
	Database JDBC URL [Connecting through datasource 'HikariDataSource (HikariPool-1)']
	Database driver: undefined/unknown
	Database version: 18.3
	Autocommit mode: undefined/unknown
	Isolation level: undefined/unknown
	Minimum pool size: undefined/unknown
	Maximum pool size: undefined/unknown
26-07-29 16:28:15.471 [main] INFO  o.h.e.t.j.p.i.JtaPlatformInitiator   - HHH000489: No JTA platform available (set 'hibernate.transaction.jta.platform' to enable JTA platform integration)
26-07-29 16:28:15.526 [main] ERROR o.s.o.j.LocalContainerEntityManagerFactoryBean - Failed to initialize JPA EntityManagerFactory: [PersistenceUnit: default] Unable to build Hibernate SessionFactory; nested exception is org.hibernate.tool.schema.spi.SchemaManagementException: Schema-validation: missing column [role] in table [users]
26-07-29 16:28:15.526 [main] WARN  o.s.b.w.s.c.AnnotationConfigServletWebServerApplicationContext - Exception encountered during context initialization - cancelling refresh attempt: org.springframework.beans.factory.BeanCreationException: Error creating bean with name 'entityManagerFactory' defined in class path resource [org/springframework/boot/autoconfigure/orm/jpa/HibernateJpaConfiguration.class]: [PersistenceUnit: default] Unable to build Hibernate SessionFactory; nested exception is org.hibernate.tool.schema.spi.SchemaManagementException: Schema-validation: missing column [role] in table [users]
26-07-29 16:28:15.526 [main] INFO  com.zaxxer.hikari.HikariDataSource   - HikariPool-1 - Shutdown initiated...
26-07-29 16:28:15.528 [main] INFO  com.zaxxer.hikari.HikariDataSource   - HikariPool-1 - Shutdown completed.
26-07-29 16:28:15.529 [main] INFO  o.a.catalina.core.StandardService    - Stopping service [Tomcat]
26-07-29 16:28:15.545 [main] INFO  o.s.b.a.l.ConditionEvaluationReportLogger - 

Error starting ApplicationContext. To display the condition evaluation report re-run your application with 'debug' enabled.
26-07-29 16:28:15.554 [main] ERROR o.s.boot.SpringApplication           - Application run failed
org.springframework.beans.factory.BeanCreationException: Error creating bean with name 'entityManagerFactory' defined in class path resource [org/springframework/boot/autoconfigure/orm/jpa/HibernateJpaConfiguration.class]: [PersistenceUnit: default] Unable to build Hibernate SessionFactory; nested exception is org.hibernate.tool.schema.spi.SchemaManagementException: Schema-validation: missing column [role] in table [users]
	at org.springframework.beans.factory.support.AbstractAutowireCapableBeanFactory.initializeBean(AbstractAutowireCapableBeanFactory.java:1802)
	at org.springframework.beans.factory.support.AbstractAutowireCapableBeanFactory.doCreateBean(AbstractAutowireCapableBeanFactory.java:601)
	at org.springframework.beans.factory.support.AbstractAutowireCapableBeanFactory.createBean(AbstractAutowireCapableBeanFactory.java:523)
	at org.springframework.beans.factory.support.AbstractBeanFactory.lambda$doGetBean$0(AbstractBeanFactory.java:336)
	at org.springframework.beans.factory.support.DefaultSingletonBeanRegistry.getSingleton(DefaultSingletonBeanRegistry.java:288)
	at org.springframework.beans.factory.support.AbstractBeanFactory.doGetBean(AbstractBeanFactory.java:334)
	at org.springframework.beans.factory.support.AbstractBeanFactory.getBean(AbstractBeanFactory.java:204)
	at org.springframework.context.support.AbstractApplicationContext.finishBeanFactoryInitialization(AbstractApplicationContext.java:970)
	at org.springframework.context.support.AbstractApplicationContext.refresh(AbstractApplicationContext.java:627)
	at org.springframework.boot.web.servlet.context.ServletWebServerApplicationContext.refresh(ServletWebServerApplicationContext.java:146)
	at org.springframework.boot.SpringApplication.refresh(SpringApplication.java:752)
	at org.springframework.boot.SpringApplication.refreshContext(SpringApplication.java:439)
	at org.springframework.boot.SpringApplication.run(SpringApplication.java:318)
	at org.springframework.boot.SpringApplication.run(SpringApplication.java:1361)
	at org.springframework.boot.SpringApplication.run(SpringApplication.java:1350)
	at com.sprint.mission.discodeit.DiscodeitApplication.main(DiscodeitApplication.java:10)
Caused by: jakarta.persistence.PersistenceException: [PersistenceUnit: default] Unable to build Hibernate SessionFactory; nested exception is org.hibernate.tool.schema.spi.SchemaManagementException: Schema-validation: missing column [role] in table [users]
	at org.springframework.orm.jpa.AbstractEntityManagerFactoryBean.buildNativeEntityManagerFactory(AbstractEntityManagerFactoryBean.java:431)
	at org.springframework.orm.jpa.AbstractEntityManagerFactoryBean.afterPropertiesSet(AbstractEntityManagerFactoryBean.java:400)
	at org.springframework.orm.jpa.LocalContainerEntityManagerFactoryBean.afterPropertiesSet(LocalContainerEntityManagerFactoryBean.java:366)
	at org.springframework.beans.factory.support.AbstractAutowireCapableBeanFactory.invokeInitMethods(AbstractAutowireCapableBeanFactory.java:1849)
	at org.springframework.beans.factory.support.AbstractAutowireCapableBeanFactory.initializeBean(AbstractAutowireCapableBeanFactory.java:1798)
	... 15 common frames omitted
Caused by: org.hibernate.tool.schema.spi.SchemaManagementException: Schema-validation: missing column [role] in table [users]
	at org.hibernate.tool.schema.internal.AbstractSchemaValidator.validateTable(AbstractSchemaValidator.java:149)
	at org.hibernate.tool.schema.internal.GroupedSchemaValidatorImpl.validateTables(GroupedSchemaValidatorImpl.java:46)
	at org.hibernate.tool.schema.internal.AbstractSchemaValidator.performValidation(AbstractSchemaValidator.java:99)
	at org.hibernate.tool.schema.internal.AbstractSchemaValidator.doValidation(AbstractSchemaValidator.java:77)
	at org.hibernate.tool.schema.spi.SchemaManagementToolCoordinator.performDatabaseAction(SchemaManagementToolCoordinator.java:289)
	at org.hibernate.tool.schema.spi.SchemaManagementToolCoordinator.lambda$process$5(SchemaManagementToolCoordinator.java:144)
	at java.base/java.util.HashMap.forEach(HashMap.java:1421)
	at org.hibernate.tool.schema.spi.SchemaManagementToolCoordinator.process(SchemaManagementToolCoordinator.java:141)
	at org.hibernate.boot.internal.SessionFactoryObserverForSchemaExport.sessionFactoryCreated(SessionFactoryObserverForSchemaExport.java:37)
	at org.hibernate.internal.SessionFactoryObserverChain.sessionFactoryCreated(SessionFactoryObserverChain.java:35)
	at org.hibernate.internal.SessionFactoryImpl.<init>(SessionFactoryImpl.java:324)
	at org.hibernate.boot.internal.SessionFactoryBuilderImpl.build(SessionFactoryBuilderImpl.java:463)
	at org.hibernate.jpa.boot.internal.EntityManagerFactoryBuilderImpl.build(EntityManagerFactoryBuilderImpl.java:1506)
	at org.springframework.orm.jpa.vendor.SpringHibernateJpaPersistenceProvider.createContainerEntityManagerFactory(SpringHibernateJpaPersistenceProvider.java:66)
	at org.springframework.orm.jpa.LocalContainerEntityManagerFactoryBean.createNativeEntityManagerFactory(LocalContainerEntityManagerFactoryBean.java:390)
	at org.springframework.orm.jpa.AbstractEntityManagerFactoryBean.buildNativeEntityManagerFactory(AbstractEntityManagerFactoryBean.java:419)
	... 19 common frames omitted
26-07-29 16:58:37.285 [background-preinit] INFO  o.h.validator.internal.util.Version  - HV000001: Hibernate Validator 8.0.1.Final
26-07-29 16:58:37.317 [main] INFO  c.s.m.discodeit.DiscodeitApplication - Starting DiscodeitApplication using Java 17.0.18 with PID 11111 (/Users/nsl/Codeit/12-sprint-mission/build/classes/java/main started by nsl in /Users/nsl/Codeit/12-sprint-mission)
26-07-29 16:58:37.318 [main] INFO  c.s.m.discodeit.DiscodeitApplication - No active profile set, falling back to 1 default profile: "default"
26-07-29 16:58:38.075 [main] INFO  o.s.d.r.c.RepositoryConfigurationDelegate - Bootstrapping Spring Data JPA repositories in DEFAULT mode.
26-07-29 16:58:38.132 [main] INFO  o.s.d.r.c.RepositoryConfigurationDelegate - Finished Spring Data repository scanning in 51 ms. Found 6 JPA repository interfaces.
26-07-29 16:58:38.571 [main] INFO  o.s.b.w.e.tomcat.TomcatWebServer     - Tomcat initialized with port 8080 (http)
26-07-29 16:58:38.576 [main] INFO  o.a.coyote.http11.Http11NioProtocol  - Initializing ProtocolHandler ["http-nio-8080"]
26-07-29 16:58:38.577 [main] INFO  o.a.catalina.core.StandardService    - Starting service [Tomcat]
26-07-29 16:58:38.578 [main] INFO  o.a.catalina.core.StandardEngine     - Starting Servlet engine: [Apache Tomcat/10.1.33]
26-07-29 16:58:38.615 [main] INFO  o.a.c.c.C.[Tomcat].[localhost].[/]   - Initializing Spring embedded WebApplicationContext
26-07-29 16:58:38.615 [main] INFO  o.s.b.w.s.c.ServletWebServerApplicationContext - Root WebApplicationContext: initialization completed in 1276 ms
26-07-29 16:58:38.795 [main] INFO  com.zaxxer.hikari.HikariDataSource   - HikariPool-1 - Starting...
26-07-29 16:58:38.935 [main] INFO  com.zaxxer.hikari.pool.HikariPool    - HikariPool-1 - Added connection org.postgresql.jdbc.PgConnection@12166229
26-07-29 16:58:38.936 [main] INFO  com.zaxxer.hikari.HikariDataSource   - HikariPool-1 - Start completed.
26-07-29 16:58:38.987 [main] INFO  o.h.jpa.internal.util.LogHelper      - HHH000204: Processing PersistenceUnitInfo [name: default]
26-07-29 16:58:39.021 [main] INFO  org.hibernate.Version                - HHH000412: Hibernate ORM core version 6.6.2.Final
26-07-29 16:58:39.048 [main] INFO  o.h.c.i.RegionFactoryInitiator       - HHH000026: Second-level cache disabled
26-07-29 16:58:39.214 [main] INFO  o.s.o.j.p.SpringPersistenceUnitInfo  - No LoadTimeWeaver setup: ignoring JPA class transformer
26-07-29 16:58:39.282 [main] INFO  o.hibernate.orm.connections.pooling  - HHH10001005: Database info:
	Database JDBC URL [Connecting through datasource 'HikariDataSource (HikariPool-1)']
	Database driver: undefined/unknown
	Database version: 18.3
	Autocommit mode: undefined/unknown
	Isolation level: undefined/unknown
	Minimum pool size: undefined/unknown
	Maximum pool size: undefined/unknown
26-07-29 16:58:39.783 [main] INFO  o.h.e.t.j.p.i.JtaPlatformInitiator   - HHH000489: No JTA platform available (set 'hibernate.transaction.jta.platform' to enable JTA platform integration)
26-07-29 16:58:39.817 [main] INFO  o.s.o.j.LocalContainerEntityManagerFactoryBean - Initialized JPA EntityManagerFactory for persistence unit 'default'
26-07-29 16:58:40.011 [main] INFO  o.s.d.j.r.query.QueryEnhancerFactory - Hibernate is in classpath; If applicable, HQL parser will be used.
26-07-29 16:58:40.244 [main] WARN  o.s.b.w.s.c.AnnotationConfigServletWebServerApplicationContext - Exception encountered during context initialization - cancelling refresh attempt: org.springframework.beans.factory.UnsatisfiedDependencyException: Error creating bean with name 'authController' defined in file [/Users/nsl/Codeit/12-sprint-mission/build/classes/java/main/com/sprint/mission/discodeit/controller/AuthController.class]: Unsatisfied dependency expressed through constructor parameter 0: Error creating bean with name 'basicUserService' defined in file [/Users/nsl/Codeit/12-sprint-mission/build/classes/java/main/com/sprint/mission/discodeit/service/basic/BasicUserService.class]: Unsatisfied dependency expressed through constructor parameter 5: No qualifying bean of type 'org.springframework.security.crypto.password.PasswordEncoder' available: expected at least 1 bean which qualifies as autowire candidate. Dependency annotations: {}
26-07-29 16:58:40.245 [main] INFO  o.s.o.j.LocalContainerEntityManagerFactoryBean - Closing JPA EntityManagerFactory for persistence unit 'default'
26-07-29 16:58:40.247 [main] INFO  com.zaxxer.hikari.HikariDataSource   - HikariPool-1 - Shutdown initiated...
26-07-29 16:58:40.249 [main] INFO  com.zaxxer.hikari.HikariDataSource   - HikariPool-1 - Shutdown completed.
26-07-29 16:58:40.251 [main] INFO  o.a.catalina.core.StandardService    - Stopping service [Tomcat]
26-07-29 16:58:40.267 [main] INFO  o.s.b.a.l.ConditionEvaluationReportLogger - 

Error starting ApplicationContext. To display the condition evaluation report re-run your application with 'debug' enabled.
26-07-29 16:58:40.281 [main] ERROR o.s.b.d.LoggingFailureAnalysisReporter - 

***************************
APPLICATION FAILED TO START
***************************

Description:

Parameter 5 of constructor in com.sprint.mission.discodeit.service.basic.BasicUserService required a bean of type 'org.springframework.security.crypto.password.PasswordEncoder' that could not be found.


Action:

Consider defining a bean of type 'org.springframework.security.crypto.password.PasswordEncoder' in your configuration.

26-07-29 17:01:06.818 [background-preinit] INFO  o.h.validator.internal.util.Version  - HV000001: Hibernate Validator 8.0.1.Final
26-07-29 17:01:06.974 [main] INFO  c.s.m.discodeit.DiscodeitApplication - Starting DiscodeitApplication using Java 17.0.18 with PID 11195 (/Users/nsl/Codeit/12-sprint-mission/build/classes/java/main started by nsl in /Users/nsl/Codeit/12-sprint-mission)
26-07-29 17:01:06.976 [main] INFO  c.s.m.discodeit.DiscodeitApplication - No active profile set, falling back to 1 default profile: "default"
26-07-29 17:01:08.554 [main] INFO  o.s.d.r.c.RepositoryConfigurationDelegate - Bootstrapping Spring Data JPA repositories in DEFAULT mode.
26-07-29 17:01:08.624 [main] INFO  o.s.d.r.c.RepositoryConfigurationDelegate - Finished Spring Data repository scanning in 55 ms. Found 6 JPA repository interfaces.
26-07-29 17:01:09.184 [main] INFO  o.s.b.w.e.tomcat.TomcatWebServer     - Tomcat initialized with port 8080 (http)
26-07-29 17:01:09.192 [main] INFO  o.a.coyote.http11.Http11NioProtocol  - Initializing ProtocolHandler ["http-nio-8080"]
26-07-29 17:01:09.195 [main] INFO  o.a.catalina.core.StandardService    - Starting service [Tomcat]
26-07-29 17:01:09.195 [main] INFO  o.a.catalina.core.StandardEngine     - Starting Servlet engine: [Apache Tomcat/10.1.33]
26-07-29 17:01:09.223 [main] INFO  o.a.c.c.C.[Tomcat].[localhost].[/]   - Initializing Spring embedded WebApplicationContext
26-07-29 17:01:09.223 [main] INFO  o.s.b.w.s.c.ServletWebServerApplicationContext - Root WebApplicationContext: initialization completed in 2184 ms
26-07-29 17:01:09.436 [main] INFO  com.zaxxer.hikari.HikariDataSource   - HikariPool-1 - Starting...
26-07-29 17:01:09.573 [main] INFO  com.zaxxer.hikari.pool.HikariPool    - HikariPool-1 - Added connection org.postgresql.jdbc.PgConnection@5e2975ca
26-07-29 17:01:09.574 [main] INFO  com.zaxxer.hikari.HikariDataSource   - HikariPool-1 - Start completed.
26-07-29 17:01:09.630 [main] INFO  o.h.jpa.internal.util.LogHelper      - HHH000204: Processing PersistenceUnitInfo [name: default]
26-07-29 17:01:09.674 [main] INFO  org.hibernate.Version                - HHH000412: Hibernate ORM core version 6.6.2.Final
26-07-29 17:01:09.698 [main] INFO  o.h.c.i.RegionFactoryInitiator       - HHH000026: Second-level cache disabled
26-07-29 17:01:09.887 [main] INFO  o.s.o.j.p.SpringPersistenceUnitInfo  - No LoadTimeWeaver setup: ignoring JPA class transformer
26-07-29 17:01:10.017 [main] INFO  o.hibernate.orm.connections.pooling  - HHH10001005: Database info:
	Database JDBC URL [Connecting through datasource 'HikariDataSource (HikariPool-1)']
	Database driver: undefined/unknown
	Database version: 18.3
	Autocommit mode: undefined/unknown
	Isolation level: undefined/unknown
	Minimum pool size: undefined/unknown
	Maximum pool size: undefined/unknown
26-07-29 17:01:10.643 [main] INFO  o.h.e.t.j.p.i.JtaPlatformInitiator   - HHH000489: No JTA platform available (set 'hibernate.transaction.jta.platform' to enable JTA platform integration)
26-07-29 17:01:10.696 [main] INFO  o.s.o.j.LocalContainerEntityManagerFactoryBean - Initialized JPA EntityManagerFactory for persistence unit 'default'
26-07-29 17:01:10.922 [main] INFO  o.s.d.j.r.query.QueryEnhancerFactory - Hibernate is in classpath; If applicable, HQL parser will be used.
26-07-29 17:01:11.220 [main] DEBUG o.s.s.a.h.RoleHierarchyImpl          - buildRolesReachableInOneStepMap() - From role ROLE_ADMIN one can reach role ROLE_CHANNEL_MANAGER in one step.
26-07-29 17:01:11.220 [main] DEBUG o.s.s.a.h.RoleHierarchyImpl          - buildRolesReachableInOneStepMap() - From role ROLE_CHANNEL_MANAGER one can reach role ROLE_USER in one step.
26-07-29 17:01:11.220 [main] DEBUG o.s.s.a.h.RoleHierarchyImpl          - buildRolesReachableInOneOrMoreStepsMap() - From role ROLE_ADMIN one can reach [ROLE_USER, ROLE_CHANNEL_MANAGER] in one or more steps.
26-07-29 17:01:11.220 [main] DEBUG o.s.s.a.h.RoleHierarchyImpl          - buildRolesReachableInOneOrMoreStepsMap() - From role ROLE_CHANNEL_MANAGER one can reach [ROLE_USER] in one or more steps.
26-07-29 17:01:11.617 [main] TRACE o.s.s.c.a.a.c.AuthenticationConfiguration$EnableGlobalAuthenticationAutowiredConfigurer - Eagerly initializing {securityConfig=com.sprint.mission.discodeit.config.SecurityConfig$$SpringCGLIB$$0@21632bf8}
26-07-29 17:01:11.620 [main] INFO  o.s.s.c.a.a.c.InitializeUserDetailsBeanManagerConfigurer$InitializeUserDetailsManagerConfigurer - Global AuthenticationManager configured with UserDetailsService bean with name discodeitUserDetailsService
26-07-29 17:01:11.675 [main] INFO  o.s.b.a.w.s.WelcomePageHandlerMapping - Adding welcome page: class path resource [static/index.html]
26-07-29 17:01:11.952 [main] INFO  o.s.b.a.e.web.EndpointLinksResolver  - Exposing 4 endpoints beneath base path '/actuator'
26-07-29 17:01:12.046 [main] DEBUG o.s.s.web.DefaultSecurityFilterChain - Will secure any request with filters: DisableEncodeUrlFilter, WebAsyncManagerIntegrationFilter, SecurityContextHolderFilter, HeaderWriterFilter, CsrfFilter, LogoutFilter, UsernamePasswordAuthenticationFilter, RequestCacheAwareFilter, SecurityContextHolderAwareRequestFilter, AnonymousAuthenticationFilter, ExceptionTranslationFilter, AuthorizationFilter
26-07-29 17:01:12.053 [main] WARN  o.s.s.c.a.web.builders.WebSecurity   - 

********************************************************************
**********        Security debugging is enabled.       *************
**********    This may include sensitive information.  *************
**********      Do not use in a production system!     *************
********************************************************************


26-07-29 17:01:12.497 [main] INFO  o.a.coyote.http11.Http11NioProtocol  - Starting ProtocolHandler ["http-nio-8080"]
26-07-29 17:01:12.506 [main] INFO  o.s.b.w.e.tomcat.TomcatWebServer     - Tomcat started on port 8080 (http) with context path '/'
26-07-29 17:01:12.519 [main] INFO  c.s.m.discodeit.DiscodeitApplication - Started DiscodeitApplication in 6.037 seconds (process running for 6.599)
26-07-29 17:01:13.206 [RMI TCP Connection(2)-127.0.0.1] INFO  o.a.c.c.C.[Tomcat].[localhost].[/]   - Initializing Spring DispatcherServlet 'dispatcherServlet'
26-07-29 17:01:13.207 [RMI TCP Connection(2)-127.0.0.1] INFO  o.s.web.servlet.DispatcherServlet    - Initializing Servlet 'dispatcherServlet'
26-07-29 17:01:13.212 [RMI TCP Connection(2)-127.0.0.1] INFO  o.s.web.servlet.DispatcherServlet    - Completed initialization in 5 ms
26-07-29 17:03:51.763 [http-nio-8080-exec-1] INFO  Spring Security Debugger             - 

************************************************************

Request received for GET '/api/users':

org.apache.catalina.connector.RequestFacade@701d70a8

servletPath:/api/users
pathInfo:null
headers: 
host: localhost:8080
connection: keep-alive
sec-ch-ua: "Not;A=Brand";v="8", "Chromium";v="150", "Google Chrome";v="150"
sec-ch-ua-mobile: ?0
sec-ch-ua-platform: "macOS"
dnt: 1
upgrade-insecure-requests: 1
user-agent: Mozilla/5.0 (Macintosh; Intel Mac OS X 10_15_7) AppleWebKit/537.36 (KHTML, like Gecko) Chrome/150.0.0.0 Safari/537.36
accept: text/html,application/xhtml+xml,application/xml;q=0.9,image/avif,image/webp,image/apng,*/*;q=0.8,application/signed-exchange;v=b3;q=0.7
sec-fetch-site: none
sec-fetch-mode: navigate
sec-fetch-user: ?1
sec-fetch-dest: document
accept-encoding: gzip, deflate, br, zstd
accept-language: en-US,en;q=0.9
cookie: Idea-b073f32e=1d37debe-539c-4749-9599-a4f13e03ec81


Security filter chain: [
  DisableEncodeUrlFilter
  WebAsyncManagerIntegrationFilter
  SecurityContextHolderFilter
  HeaderWriterFilter
  CsrfFilter
  LogoutFilter
  UsernamePasswordAuthenticationFilter
  RequestCacheAwareFilter
  SecurityContextHolderAwareRequestFilter
  AnonymousAuthenticationFilter
  ExceptionTranslationFilter
  AuthorizationFilter
]


************************************************************


26-07-29 17:03:51.768 [http-nio-8080-exec-1] TRACE o.s.security.web.FilterChainProxy    - Trying to match request against DefaultSecurityFilterChain defined as 'filterChain' in [class path resource [com/sprint/mission/discodeit/config/SecurityConfig.class]] matching [any request] and having filters [DisableEncodeUrl, WebAsyncManagerIntegration, SecurityContextHolder, HeaderWriter, Csrf, Logout, UsernamePasswordAuthentication, RequestCacheAware, SecurityContextHolderAwareRequest, AnonymousAuthentication, ExceptionTranslation, Authorization] (1/1)
26-07-29 17:03:51.769 [http-nio-8080-exec-1] DEBUG o.s.security.web.FilterChainProxy    - Securing GET /api/users
26-07-29 17:03:51.771 [http-nio-8080-exec-1] TRACE o.s.security.web.FilterChainProxy    - Invoking DisableEncodeUrlFilter (1/12)
26-07-29 17:03:51.775 [http-nio-8080-exec-1] TRACE o.s.security.web.FilterChainProxy    - Invoking WebAsyncManagerIntegrationFilter (2/12)
26-07-29 17:03:51.779 [http-nio-8080-exec-1] TRACE o.s.security.web.FilterChainProxy    - Invoking SecurityContextHolderFilter (3/12)
26-07-29 17:03:51.783 [http-nio-8080-exec-1] TRACE o.s.security.web.FilterChainProxy    - Invoking HeaderWriterFilter (4/12)
26-07-29 17:03:51.787 [http-nio-8080-exec-1] TRACE o.s.security.web.FilterChainProxy    - Invoking CsrfFilter (5/12)
26-07-29 17:03:51.800 [http-nio-8080-exec-1] TRACE o.s.security.web.csrf.CsrfFilter     - Did not protect against CSRF since request did not match CsrfNotRequired [TRACE, HEAD, GET, OPTIONS]
26-07-29 17:03:51.800 [http-nio-8080-exec-1] TRACE o.s.security.web.FilterChainProxy    - Invoking LogoutFilter (6/12)
26-07-29 17:03:51.801 [http-nio-8080-exec-1] TRACE o.s.s.w.a.logout.LogoutFilter        - Did not match request to Ant [pattern='/api/auth/logout', POST]
26-07-29 17:03:51.801 [http-nio-8080-exec-1] TRACE o.s.security.web.FilterChainProxy    - Invoking UsernamePasswordAuthenticationFilter (7/12)
26-07-29 17:03:51.802 [http-nio-8080-exec-1] TRACE o.s.s.w.a.UsernamePasswordAuthenticationFilter - Did not match request to Ant [pattern='/api/auth/login', POST]
26-07-29 17:03:51.803 [http-nio-8080-exec-1] TRACE o.s.security.web.FilterChainProxy    - Invoking RequestCacheAwareFilter (8/12)
26-07-29 17:03:51.804 [http-nio-8080-exec-1] TRACE o.s.s.w.s.HttpSessionRequestCache    - matchingRequestParameterName is required for getMatchingRequest to lookup a value, but not provided
26-07-29 17:03:51.805 [http-nio-8080-exec-1] TRACE o.s.security.web.FilterChainProxy    - Invoking SecurityContextHolderAwareRequestFilter (9/12)
26-07-29 17:03:51.808 [http-nio-8080-exec-1] TRACE o.s.security.web.FilterChainProxy    - Invoking AnonymousAuthenticationFilter (10/12)
26-07-29 17:03:51.809 [http-nio-8080-exec-1] TRACE o.s.security.web.FilterChainProxy    - Invoking ExceptionTranslationFilter (11/12)
26-07-29 17:03:51.809 [http-nio-8080-exec-1] TRACE o.s.security.web.FilterChainProxy    - Invoking AuthorizationFilter (12/12)
26-07-29 17:03:51.812 [http-nio-8080-exec-1] TRACE o.s.s.w.a.i.RequestMatcherDelegatingAuthorizationManager - Authorizing GET /api/users
26-07-29 17:03:51.817 [http-nio-8080-exec-1] TRACE o.s.s.w.a.i.RequestMatcherDelegatingAuthorizationManager - Checking authorization on GET /api/users using org.springframework.security.authorization.AuthenticatedAuthorizationManager@7a9964f
26-07-29 17:03:51.818 [http-nio-8080-exec-1] TRACE o.s.s.w.c.HttpSessionSecurityContextRepository - No HttpSession currently exists
26-07-29 17:03:51.819 [http-nio-8080-exec-1] TRACE o.s.s.w.c.SupplierDeferredSecurityContext - Created SecurityContextImpl [Null authentication]
26-07-29 17:03:51.819 [http-nio-8080-exec-1] TRACE o.s.s.w.c.SupplierDeferredSecurityContext - Created SecurityContextImpl [Null authentication]
26-07-29 17:03:51.820 [http-nio-8080-exec-1] TRACE o.s.s.w.a.AnonymousAuthenticationFilter - Set SecurityContextHolder to AnonymousAuthenticationToken [Principal=anonymousUser, Credentials=[PROTECTED], Authenticated=true, Details=WebAuthenticationDetails [RemoteIpAddress=0:0:0:0:0:0:0:1, SessionId=null], Granted Authorities=[ROLE_ANONYMOUS]]
26-07-29 17:03:51.836 [http-nio-8080-exec-1] TRACE o.s.s.w.a.ExceptionTranslationFilter - Sending AnonymousAuthenticationToken [Principal=anonymousUser, Credentials=[PROTECTED], Authenticated=true, Details=WebAuthenticationDetails [RemoteIpAddress=0:0:0:0:0:0:0:1, SessionId=null], Granted Authorities=[ROLE_ANONYMOUS]] to authentication entry point since access is denied
org.springframework.security.authorization.AuthorizationDeniedException: Access Denied
	at org.springframework.security.web.access.intercept.AuthorizationFilter.doFilter(AuthorizationFilter.java:99)
	at org.springframework.security.web.ObservationFilterChainDecorator$ObservationFilter.wrapFilter(ObservationFilterChainDecorator.java:240)
	at org.springframework.security.web.ObservationFilterChainDecorator$ObservationFilter.doFilter(ObservationFilterChainDecorator.java:227)
	at org.springframework.security.web.ObservationFilterChainDecorator$VirtualFilterChain.doFilter(ObservationFilterChainDecorator.java:137)
	at org.springframework.security.web.access.ExceptionTranslationFilter.doFilter(ExceptionTranslationFilter.java:126)
	at org.springframework.security.web.access.ExceptionTranslationFilter.doFilter(ExceptionTranslationFilter.java:120)
	at org.springframework.security.web.ObservationFilterChainDecorator$ObservationFilter.wrapFilter(ObservationFilterChainDecorator.java:240)
	at org.springframework.security.web.ObservationFilterChainDecorator$ObservationFilter.doFilter(ObservationFilterChainDecorator.java:227)
	at org.springframework.security.web.ObservationFilterChainDecorator$VirtualFilterChain.doFilter(ObservationFilterChainDecorator.java:137)
	at org.springframework.security.web.authentication.AnonymousAuthenticationFilter.doFilter(AnonymousAuthenticationFilter.java:100)
	at org.springframework.security.web.ObservationFilterChainDecorator$ObservationFilter.wrapFilter(ObservationFilterChainDecorator.java:240)
	at org.springframework.security.web.ObservationFilterChainDecorator$ObservationFilter.doFilter(ObservationFilterChainDecorator.java:227)
	at org.springframework.security.web.ObservationFilterChainDecorator$VirtualFilterChain.doFilter(ObservationFilterChainDecorator.java:137)
	at org.springframework.security.web.servletapi.SecurityContextHolderAwareRequestFilter.doFilter(SecurityContextHolderAwareRequestFilter.java:179)
	at org.springframework.security.web.ObservationFilterChainDecorator$ObservationFilter.wrapFilter(ObservationFilterChainDecorator.java:240)
	at org.springframework.security.web.ObservationFilterChainDecorator$ObservationFilter.doFilter(ObservationFilterChainDecorator.java:227)
	at org.springframework.security.web.ObservationFilterChainDecorator$VirtualFilterChain.doFilter(ObservationFilterChainDecorator.java:137)
	at org.springframework.security.web.savedrequest.RequestCacheAwareFilter.doFilter(RequestCacheAwareFilter.java:63)
	at org.springframework.security.web.ObservationFilterChainDecorator$ObservationFilter.wrapFilter(ObservationFilterChainDecorator.java:240)
	at org.springframework.security.web.ObservationFilterChainDecorator$ObservationFilter.doFilter(ObservationFilterChainDecorator.java:227)
	at org.springframework.security.web.ObservationFilterChainDecorator$VirtualFilterChain.doFilter(ObservationFilterChainDecorator.java:137)
	at org.springframework.security.web.authentication.AbstractAuthenticationProcessingFilter.doFilter(AbstractAuthenticationProcessingFilter.java:227)
	at org.springframework.security.web.authentication.AbstractAuthenticationProcessingFilter.doFilter(AbstractAuthenticationProcessingFilter.java:221)
	at org.springframework.security.web.ObservationFilterChainDecorator$ObservationFilter.wrapFilter(ObservationFilterChainDecorator.java:240)
	at org.springframework.security.web.ObservationFilterChainDecorator$ObservationFilter.doFilter(ObservationFilterChainDecorator.java:227)
	at org.springframework.security.web.ObservationFilterChainDecorator$VirtualFilterChain.doFilter(ObservationFilterChainDecorator.java:137)
	at org.springframework.security.web.authentication.logout.LogoutFilter.doFilter(LogoutFilter.java:107)
	at org.springframework.security.web.authentication.logout.LogoutFilter.doFilter(LogoutFilter.java:93)
	at org.springframework.security.web.ObservationFilterChainDecorator$ObservationFilter.wrapFilter(ObservationFilterChainDecorator.java:240)
	at org.springframework.security.web.ObservationFilterChainDecorator$ObservationFilter.doFilter(ObservationFilterChainDecorator.java:227)
	at org.springframework.security.web.ObservationFilterChainDecorator$VirtualFilterChain.doFilter(ObservationFilterChainDecorator.java:137)
	at org.springframework.security.web.csrf.CsrfFilter.doFilterInternal(CsrfFilter.java:117)
	at org.springframework.web.filter.OncePerRequestFilter.doFilter(OncePerRequestFilter.java:116)
	at org.springframework.security.web.ObservationFilterChainDecorator$ObservationFilter.wrapFilter(ObservationFilterChainDecorator.java:240)
	at org.springframework.security.web.ObservationFilterChainDecorator$ObservationFilter.doFilter(ObservationFilterChainDecorator.java:227)
	at org.springframework.security.web.ObservationFilterChainDecorator$VirtualFilterChain.doFilter(ObservationFilterChainDecorator.java:137)
	at org.springframework.security.web.header.HeaderWriterFilter.doHeadersAfter(HeaderWriterFilter.java:90)
	at org.springframework.security.web.header.HeaderWriterFilter.doFilterInternal(HeaderWriterFilter.java:75)
	at org.springframework.web.filter.OncePerRequestFilter.doFilter(OncePerRequestFilter.java:116)
	at org.springframework.security.web.ObservationFilterChainDecorator$ObservationFilter.wrapFilter(ObservationFilterChainDecorator.java:240)
	at org.springframework.security.web.ObservationFilterChainDecorator$ObservationFilter.doFilter(ObservationFilterChainDecorator.java:227)
	at org.springframework.security.web.ObservationFilterChainDecorator$VirtualFilterChain.doFilter(ObservationFilterChainDecorator.java:137)
	at org.springframework.security.web.context.SecurityContextHolderFilter.doFilter(SecurityContextHolderFilter.java:82)
	at org.springframework.security.web.context.SecurityContextHolderFilter.doFilter(SecurityContextHolderFilter.java:69)
	at org.springframework.security.web.ObservationFilterChainDecorator$ObservationFilter.wrapFilter(ObservationFilterChainDecorator.java:240)
	at org.springframework.security.web.ObservationFilterChainDecorator$ObservationFilter.doFilter(ObservationFilterChainDecorator.java:227)
	at org.springframework.security.web.ObservationFilterChainDecorator$VirtualFilterChain.doFilter(ObservationFilterChainDecorator.java:137)
	at org.springframework.security.web.context.request.async.WebAsyncManagerIntegrationFilter.doFilterInternal(WebAsyncManagerIntegrationFilter.java:62)
	at org.springframework.web.filter.OncePerRequestFilter.doFilter(OncePerRequestFilter.java:116)
	at org.springframework.security.web.ObservationFilterChainDecorator$ObservationFilter.wrapFilter(ObservationFilterChainDecorator.java:240)
	at org.springframework.security.web.ObservationFilterChainDecorator$ObservationFilter.doFilter(ObservationFilterChainDecorator.java:227)
	at org.springframework.security.web.ObservationFilterChainDecorator$VirtualFilterChain.doFilter(ObservationFilterChainDecorator.java:137)
	at org.springframework.security.web.session.DisableEncodeUrlFilter.doFilterInternal(DisableEncodeUrlFilter.java:42)
	at org.springframework.web.filter.OncePerRequestFilter.doFilter(OncePerRequestFilter.java:116)
	at org.springframework.security.web.ObservationFilterChainDecorator$ObservationFilter.wrapFilter(ObservationFilterChainDecorator.java:240)
	at org.springframework.security.web.ObservationFilterChainDecorator$AroundFilterObservation$SimpleAroundFilterObservation.lambda$wrap$0(ObservationFilterChainDecorator.java:323)
	at org.springframework.security.web.ObservationFilterChainDecorator$ObservationFilter.doFilter(ObservationFilterChainDecorator.java:224)
	at org.springframework.security.web.ObservationFilterChainDecorator$VirtualFilterChain.doFilter(ObservationFilterChainDecorator.java:137)
	at org.springframework.security.web.FilterChainProxy.doFilterInternal(FilterChainProxy.java:233)
	at org.springframework.security.web.FilterChainProxy.doFilter(FilterChainProxy.java:191)
	at org.springframework.security.web.debug.DebugFilter.invokeWithWrappedRequest(DebugFilter.java:90)
	at org.springframework.security.web.debug.DebugFilter.doFilter(DebugFilter.java:78)
	at org.springframework.security.web.debug.DebugFilter.doFilter(DebugFilter.java:67)
	at org.springframework.web.filter.CompositeFilter$VirtualFilterChain.doFilter(CompositeFilter.java:113)
	at org.springframework.web.servlet.handler.HandlerMappingIntrospector.lambda$createCacheFilter$3(HandlerMappingIntrospector.java:243)
	at org.springframework.web.filter.CompositeFilter$VirtualFilterChain.doFilter(CompositeFilter.java:113)
	at org.springframework.web.filter.CompositeFilter.doFilter(CompositeFilter.java:74)
	at org.springframework.security.config.annotation.web.configuration.WebMvcSecurityConfiguration$CompositeFilterChainProxy.doFilter(WebMvcSecurityConfiguration.java:238)
	at org.springframework.web.filter.DelegatingFilterProxy.invokeDelegate(DelegatingFilterProxy.java:362)
	at org.springframework.web.filter.DelegatingFilterProxy.doFilter(DelegatingFilterProxy.java:278)
	at org.apache.catalina.core.ApplicationFilterChain.internalDoFilter(ApplicationFilterChain.java:164)
	at org.apache.catalina.core.ApplicationFilterChain.doFilter(ApplicationFilterChain.java:140)
	at org.springframework.web.filter.RequestContextFilter.doFilterInternal(RequestContextFilter.java:100)
	at org.springframework.web.filter.OncePerRequestFilter.doFilter(OncePerRequestFilter.java:116)
	at org.apache.catalina.core.ApplicationFilterChain.internalDoFilter(ApplicationFilterChain.java:164)
	at org.apache.catalina.core.ApplicationFilterChain.doFilter(ApplicationFilterChain.java:140)
	at org.springframework.web.filter.FormContentFilter.doFilterInternal(FormContentFilter.java:93)
	at org.springframework.web.filter.OncePerRequestFilter.doFilter(OncePerRequestFilter.java:116)
	at org.apache.catalina.core.ApplicationFilterChain.internalDoFilter(ApplicationFilterChain.java:164)
	at org.apache.catalina.core.ApplicationFilterChain.doFilter(ApplicationFilterChain.java:140)
	at org.springframework.web.filter.ServerHttpObservationFilter.doFilterInternal(ServerHttpObservationFilter.java:114)
	at org.springframework.web.filter.OncePerRequestFilter.doFilter(OncePerRequestFilter.java:116)
	at org.apache.catalina.core.ApplicationFilterChain.internalDoFilter(ApplicationFilterChain.java:164)
	at org.apache.catalina.core.ApplicationFilterChain.doFilter(ApplicationFilterChain.java:140)
	at org.springframework.web.filter.CharacterEncodingFilter.doFilterInternal(CharacterEncodingFilter.java:201)
	at org.springframework.web.filter.OncePerRequestFilter.doFilter(OncePerRequestFilter.java:116)
	at org.apache.catalina.core.ApplicationFilterChain.internalDoFilter(ApplicationFilterChain.java:164)
	at org.apache.catalina.core.ApplicationFilterChain.doFilter(ApplicationFilterChain.java:140)
	at org.apache.catalina.core.StandardWrapperValve.invoke(StandardWrapperValve.java:167)
	at org.apache.catalina.core.StandardContextValve.invoke(StandardContextValve.java:90)
	at org.apache.catalina.authenticator.AuthenticatorBase.invoke(AuthenticatorBase.java:483)
	at org.apache.catalina.core.StandardHostValve.invoke(StandardHostValve.java:115)
	at org.apache.catalina.valves.ErrorReportValve.invoke(ErrorReportValve.java:93)
	at org.apache.catalina.core.StandardEngineValve.invoke(StandardEngineValve.java:74)
	at org.apache.catalina.connector.CoyoteAdapter.service(CoyoteAdapter.java:344)
	at org.apache.coyote.http11.Http11Processor.service(Http11Processor.java:397)
	at org.apache.coyote.AbstractProcessorLight.process(AbstractProcessorLight.java:63)
	at org.apache.coyote.AbstractProtocol$ConnectionHandler.process(AbstractProtocol.java:905)
	at org.apache.tomcat.util.net.NioEndpoint$SocketProcessor.doRun(NioEndpoint.java:1741)
	at org.apache.tomcat.util.net.SocketProcessorBase.run(SocketProcessorBase.java:52)
	at org.apache.tomcat.util.threads.ThreadPoolExecutor.runWorker(ThreadPoolExecutor.java:1190)
	at org.apache.tomcat.util.threads.ThreadPoolExecutor$Worker.run(ThreadPoolExecutor.java:659)
	at org.apache.tomcat.util.threads.TaskThread$WrappingRunnable.run(TaskThread.java:63)
	at java.base/java.lang.Thread.run(Thread.java:840)
26-07-29 17:03:51.939 [http-nio-8080-exec-1] INFO  Spring Security Debugger             - 

************************************************************

New HTTP session created: 8D860050A1F015FFD4C0416733045CE4

Call stack: 

	at org.springframework.security.web.debug.Logger.info(Logger.java:46)
	at org.springframework.security.web.debug.DebugFilter$DebugRequestWrapper.getSession(DebugFilter.java:171)
	at jakarta.servlet.http.HttpServletRequestWrapper.getSession(HttpServletRequestWrapper.java:229)
	at jakarta.servlet.http.HttpServletRequestWrapper.getSession(HttpServletRequestWrapper.java:229)
	at jakarta.servlet.http.HttpServletRequestWrapper.getSession(HttpServletRequestWrapper.java:229)
	at org.springframework.security.web.savedrequest.HttpSessionRequestCache.saveRequest(HttpSessionRequestCache.java:78)
	at org.springframework.security.web.access.ExceptionTranslationFilter.sendStartAuthentication(ExceptionTranslationFilter.java:218)
	at org.springframework.security.web.access.ExceptionTranslationFilter.handleAccessDeniedException(ExceptionTranslationFilter.java:197)
	at org.springframework.security.web.access.ExceptionTranslationFilter.handleSpringSecurityException(ExceptionTranslationFilter.java:178)
	at org.springframework.security.web.access.ExceptionTranslationFilter.doFilter(ExceptionTranslationFilter.java:147)
	at org.springframework.security.web.access.ExceptionTranslationFilter.doFilter(ExceptionTranslationFilter.java:120)
	at org.springframework.security.web.ObservationFilterChainDecorator$ObservationFilter.wrapFilter(ObservationFilterChainDecorator.java:240)
	at org.springframework.security.web.ObservationFilterChainDecorator$ObservationFilter.doFilter(ObservationFilterChainDecorator.java:227)
	at org.springframework.security.web.ObservationFilterChainDecorator$VirtualFilterChain.doFilter(ObservationFilterChainDecorator.java:137)
	at org.springframework.security.web.authentication.AnonymousAuthenticationFilter.doFilter(AnonymousAuthenticationFilter.java:100)
	at org.springframework.security.web.ObservationFilterChainDecorator$ObservationFilter.wrapFilter(ObservationFilterChainDecorator.java:240)
	at org.springframework.security.web.ObservationFilterChainDecorator$ObservationFilter.doFilter(ObservationFilterChainDecorator.java:227)
	at org.springframework.security.web.ObservationFilterChainDecorator$VirtualFilterChain.doFilter(ObservationFilterChainDecorator.java:137)
	at org.springframework.security.web.servletapi.SecurityContextHolderAwareRequestFilter.doFilter(SecurityContextHolderAwareRequestFilter.java:179)
	at org.springframework.security.web.ObservationFilterChainDecorator$ObservationFilter.wrapFilter(ObservationFilterChainDecorator.java:240)
	at org.springframework.security.web.ObservationFilterChainDecorator$ObservationFilter.doFilter(ObservationFilterChainDecorator.java:227)
	at org.springframework.security.web.ObservationFilterChainDecorator$VirtualFilterChain.doFilter(ObservationFilterChainDecorator.java:137)
	at org.springframework.security.web.savedrequest.RequestCacheAwareFilter.doFilter(RequestCacheAwareFilter.java:63)
	at org.springframework.security.web.ObservationFilterChainDecorator$ObservationFilter.wrapFilter(ObservationFilterChainDecorator.java:240)
	at org.springframework.security.web.ObservationFilterChainDecorator$ObservationFilter.doFilter(ObservationFilterChainDecorator.java:227)
	at org.springframework.security.web.ObservationFilterChainDecorator$VirtualFilterChain.doFilter(ObservationFilterChainDecorator.java:137)
	at org.springframework.security.web.authentication.AbstractAuthenticationProcessingFilter.doFilter(AbstractAuthenticationProcessingFilter.java:227)
	at org.springframework.security.web.authentication.AbstractAuthenticationProcessingFilter.doFilter(AbstractAuthenticationProcessingFilter.java:221)
	at org.springframework.security.web.ObservationFilterChainDecorator$ObservationFilter.wrapFilter(ObservationFilterChainDecorator.java:240)
	at org.springframework.security.web.ObservationFilterChainDecorator$ObservationFilter.doFilter(ObservationFilterChainDecorator.java:227)
	at org.springframework.security.web.ObservationFilterChainDecorator$VirtualFilterChain.doFilter(ObservationFilterChainDecorator.java:137)
	at org.springframework.security.web.authentication.logout.LogoutFilter.doFilter(LogoutFilter.java:107)
	at org.springframework.security.web.authentication.logout.LogoutFilter.doFilter(LogoutFilter.java:93)
	at org.springframework.security.web.ObservationFilterChainDecorator$ObservationFilter.wrapFilter(ObservationFilterChainDecorator.java:240)
	at org.springframework.security.web.ObservationFilterChainDecorator$ObservationFilter.doFilter(ObservationFilterChainDecorator.java:227)
	at org.springframework.security.web.ObservationFilterChainDecorator$VirtualFilterChain.doFilter(ObservationFilterChainDecorator.java:137)
	at org.springframework.security.web.csrf.CsrfFilter.doFilterInternal(CsrfFilter.java:117)
	at org.springframework.web.filter.OncePerRequestFilter.doFilter(OncePerRequestFilter.java:116)
	at org.springframework.security.web.ObservationFilterChainDecorator$ObservationFilter.wrapFilter(ObservationFilterChainDecorator.java:240)
	at org.springframework.security.web.ObservationFilterChainDecorator$ObservationFilter.doFilter(ObservationFilterChainDecorator.java:227)
	at org.springframework.security.web.ObservationFilterChainDecorator$VirtualFilterChain.doFilter(ObservationFilterChainDecorator.java:137)
	at org.springframework.security.web.header.HeaderWriterFilter.doHeadersAfter(HeaderWriterFilter.java:90)
	at org.springframework.security.web.header.HeaderWriterFilter.doFilterInternal(HeaderWriterFilter.java:75)
	at org.springframework.web.filter.OncePerRequestFilter.doFilter(OncePerRequestFilter.java:116)
	at org.springframework.security.web.ObservationFilterChainDecorator$ObservationFilter.wrapFilter(ObservationFilterChainDecorator.java:240)
	at org.springframework.security.web.ObservationFilterChainDecorator$ObservationFilter.doFilter(ObservationFilterChainDecorator.java:227)
	at org.springframework.security.web.ObservationFilterChainDecorator$VirtualFilterChain.doFilter(ObservationFilterChainDecorator.java:137)
	at org.springframework.security.web.context.SecurityContextHolderFilter.doFilter(SecurityContextHolderFilter.java:82)
	at org.springframework.security.web.context.SecurityContextHolderFilter.doFilter(SecurityContextHolderFilter.java:69)
	at org.springframework.security.web.ObservationFilterChainDecorator$ObservationFilter.wrapFilter(ObservationFilterChainDecorator.java:240)
	at org.springframework.security.web.ObservationFilterChainDecorator$ObservationFilter.doFilter(ObservationFilterChainDecorator.java:227)
	at org.springframework.security.web.ObservationFilterChainDecorator$VirtualFilterChain.doFilter(ObservationFilterChainDecorator.java:137)
	at org.springframework.security.web.context.request.async.WebAsyncManagerIntegrationFilter.doFilterInternal(WebAsyncManagerIntegrationFilter.java:62)
	at org.springframework.web.filter.OncePerRequestFilter.doFilter(OncePerRequestFilter.java:116)
	at org.springframework.security.web.ObservationFilterChainDecorator$ObservationFilter.wrapFilter(ObservationFilterChainDecorator.java:240)
	at org.springframework.security.web.ObservationFilterChainDecorator$ObservationFilter.doFilter(ObservationFilterChainDecorator.java:227)
	at org.springframework.security.web.ObservationFilterChainDecorator$VirtualFilterChain.doFilter(ObservationFilterChainDecorator.java:137)
	at org.springframework.security.web.session.DisableEncodeUrlFilter.doFilterInternal(DisableEncodeUrlFilter.java:42)
	at org.springframework.web.filter.OncePerRequestFilter.doFilter(OncePerRequestFilter.java:116)
	at org.springframework.security.web.ObservationFilterChainDecorator$ObservationFilter.wrapFilter(ObservationFilterChainDecorator.java:240)
	at org.springframework.security.web.ObservationFilterChainDecorator$AroundFilterObservation$SimpleAroundFilterObservation.lambda$wrap$0(ObservationFilterChainDecorator.java:323)
	at org.springframework.security.web.ObservationFilterChainDecorator$ObservationFilter.doFilter(ObservationFilterChainDecorator.java:224)
	at org.springframework.security.web.ObservationFilterChainDecorator$VirtualFilterChain.doFilter(ObservationFilterChainDecorator.java:137)
	at org.springframework.security.web.FilterChainProxy.doFilterInternal(FilterChainProxy.java:233)
	at org.springframework.security.web.FilterChainProxy.doFilter(FilterChainProxy.java:191)
	at org.springframework.security.web.debug.DebugFilter.invokeWithWrappedRequest(DebugFilter.java:90)
	at org.springframework.security.web.debug.DebugFilter.doFilter(DebugFilter.java:78)
	at org.springframework.security.web.debug.DebugFilter.doFilter(DebugFilter.java:67)
	at org.springframework.web.filter.CompositeFilter$VirtualFilterChain.doFilter(CompositeFilter.java:113)
	at org.springframework.web.servlet.handler.HandlerMappingIntrospector.lambda$createCacheFilter$3(HandlerMappingIntrospector.java:243)
	at org.springframework.web.filter.CompositeFilter$VirtualFilterChain.doFilter(CompositeFilter.java:113)
	at org.springframework.web.filter.CompositeFilter.doFilter(CompositeFilter.java:74)
	at org.springframework.security.config.annotation.web.configuration.WebMvcSecurityConfiguration$CompositeFilterChainProxy.doFilter(WebMvcSecurityConfiguration.java:238)
	at org.springframework.web.filter.DelegatingFilterProxy.invokeDelegate(DelegatingFilterProxy.java:362)
	at org.springframework.web.filter.DelegatingFilterProxy.doFilter(DelegatingFilterProxy.java:278)
	at org.apache.catalina.core.ApplicationFilterChain.internalDoFilter(ApplicationFilterChain.java:164)
	at org.apache.catalina.core.ApplicationFilterChain.doFilter(ApplicationFilterChain.java:140)
	at org.springframework.web.filter.RequestContextFilter.doFilterInternal(RequestContextFilter.java:100)
	at org.springframework.web.filter.OncePerRequestFilter.doFilter(OncePerRequestFilter.java:116)
	at org.apache.catalina.core.ApplicationFilterChain.internalDoFilter(ApplicationFilterChain.java:164)
	at org.apache.catalina.core.ApplicationFilterChain.doFilter(ApplicationFilterChain.java:140)
	at org.springframework.web.filter.FormContentFilter.doFilterInternal(FormContentFilter.java:93)
	at org.springframework.web.filter.OncePerRequestFilter.doFilter(OncePerRequestFilter.java:116)
	at org.apache.catalina.core.ApplicationFilterChain.internalDoFilter(ApplicationFilterChain.java:164)
	at org.apache.catalina.core.ApplicationFilterChain.doFilter(ApplicationFilterChain.java:140)
	at org.springframework.web.filter.ServerHttpObservationFilter.doFilterInternal(ServerHttpObservationFilter.java:114)
	at org.springframework.web.filter.OncePerRequestFilter.doFilter(OncePerRequestFilter.java:116)
	at org.apache.catalina.core.ApplicationFilterChain.internalDoFilter(ApplicationFilterChain.java:164)
	at org.apache.catalina.core.ApplicationFilterChain.doFilter(ApplicationFilterChain.java:140)
	at org.springframework.web.filter.CharacterEncodingFilter.doFilterInternal(CharacterEncodingFilter.java:201)
	at org.springframework.web.filter.OncePerRequestFilter.doFilter(OncePerRequestFilter.java:116)
	at org.apache.catalina.core.ApplicationFilterChain.internalDoFilter(ApplicationFilterChain.java:164)
	at org.apache.catalina.core.ApplicationFilterChain.doFilter(ApplicationFilterChain.java:140)
	at org.apache.catalina.core.StandardWrapperValve.invoke(StandardWrapperValve.java:167)
	at org.apache.catalina.core.StandardContextValve.invoke(StandardContextValve.java:90)
	at org.apache.catalina.authenticator.AuthenticatorBase.invoke(AuthenticatorBase.java:483)
	at org.apache.catalina.core.StandardHostValve.invoke(StandardHostValve.java:115)
	at org.apache.catalina.valves.ErrorReportValve.invoke(ErrorReportValve.java:93)
	at org.apache.catalina.core.StandardEngineValve.invoke(StandardEngineValve.java:74)
	at org.apache.catalina.connector.CoyoteAdapter.service(CoyoteAdapter.java:344)
	at org.apache.coyote.http11.Http11Processor.service(Http11Processor.java:397)
	at org.apache.coyote.AbstractProcessorLight.process(AbstractProcessorLight.java:63)
	at org.apache.coyote.AbstractProtocol$ConnectionHandler.process(AbstractProtocol.java:905)
	at org.apache.tomcat.util.net.NioEndpoint$SocketProcessor.doRun(NioEndpoint.java:1741)
	at org.apache.tomcat.util.net.SocketProcessorBase.run(SocketProcessorBase.java:52)
	at org.apache.tomcat.util.threads.ThreadPoolExecutor.runWorker(ThreadPoolExecutor.java:1190)
	at org.apache.tomcat.util.threads.ThreadPoolExecutor$Worker.run(ThreadPoolExecutor.java:659)
	at org.apache.tomcat.util.threads.TaskThread$WrappingRunnable.run(TaskThread.java:63)
	at java.base/java.lang.Thread.run(Thread.java:840)


************************************************************


26-07-29 17:03:51.940 [http-nio-8080-exec-1] DEBUG o.s.s.w.s.HttpSessionRequestCache    - Saved request http://localhost:8080/api/users?continue to session
26-07-29 17:03:51.940 [http-nio-8080-exec-1] DEBUG o.s.s.w.a.Http403ForbiddenEntryPoint - Pre-authenticated entry point called. Rejecting access
26-07-29 17:03:51.940 [http-nio-8080-exec-1] TRACE o.s.s.w.h.writers.HstsHeaderWriter   - Not injecting HSTS header since it did not match request to [Is Secure]
26-07-29 17:03:51.965 [http-nio-8080-exec-1] INFO  Spring Security Debugger             - 

************************************************************

Request received for GET '/error':

org.apache.catalina.core.ApplicationHttpRequest@1f9c184d

servletPath:/error
pathInfo:null
headers: 
host: localhost:8080
connection: keep-alive
sec-ch-ua: "Not;A=Brand";v="8", "Chromium";v="150", "Google Chrome";v="150"
sec-ch-ua-mobile: ?0
sec-ch-ua-platform: "macOS"
dnt: 1
upgrade-insecure-requests: 1
user-agent: Mozilla/5.0 (Macintosh; Intel Mac OS X 10_15_7) AppleWebKit/537.36 (KHTML, like Gecko) Chrome/150.0.0.0 Safari/537.36
accept: text/html,application/xhtml+xml,application/xml;q=0.9,image/avif,image/webp,image/apng,*/*;q=0.8,application/signed-exchange;v=b3;q=0.7
sec-fetch-site: none
sec-fetch-mode: navigate
sec-fetch-user: ?1
sec-fetch-dest: document
accept-encoding: gzip, deflate, br, zstd
accept-language: en-US,en;q=0.9
cookie: Idea-b073f32e=1d37debe-539c-4749-9599-a4f13e03ec81


Security filter chain: [
  DisableEncodeUrlFilter
  WebAsyncManagerIntegrationFilter
  SecurityContextHolderFilter
  HeaderWriterFilter
  CsrfFilter
  LogoutFilter
  UsernamePasswordAuthenticationFilter
  RequestCacheAwareFilter
  SecurityContextHolderAwareRequestFilter
  AnonymousAuthenticationFilter
  ExceptionTranslationFilter
  AuthorizationFilter
]


************************************************************


26-07-29 17:03:51.966 [http-nio-8080-exec-1] TRACE o.s.security.web.FilterChainProxy    - Trying to match request against DefaultSecurityFilterChain defined as 'filterChain' in [class path resource [com/sprint/mission/discodeit/config/SecurityConfig.class]] matching [any request] and having filters [DisableEncodeUrl, WebAsyncManagerIntegration, SecurityContextHolder, HeaderWriter, Csrf, Logout, UsernamePasswordAuthentication, RequestCacheAware, SecurityContextHolderAwareRequest, AnonymousAuthentication, ExceptionTranslation, Authorization] (1/1)
26-07-29 17:03:51.966 [http-nio-8080-exec-1] DEBUG o.s.security.web.FilterChainProxy    - Securing GET /error
26-07-29 17:03:51.966 [http-nio-8080-exec-1] TRACE o.s.security.web.FilterChainProxy    - Invoking DisableEncodeUrlFilter (1/12)
26-07-29 17:03:51.966 [http-nio-8080-exec-1] TRACE o.s.security.web.FilterChainProxy    - Invoking WebAsyncManagerIntegrationFilter (2/12)
26-07-29 17:03:51.967 [http-nio-8080-exec-1] TRACE o.s.security.web.FilterChainProxy    - Invoking SecurityContextHolderFilter (3/12)
26-07-29 17:03:51.967 [http-nio-8080-exec-1] TRACE o.s.security.web.FilterChainProxy    - Invoking HeaderWriterFilter (4/12)
26-07-29 17:03:51.967 [http-nio-8080-exec-1] TRACE o.s.security.web.FilterChainProxy    - Invoking CsrfFilter (5/12)
26-07-29 17:03:51.967 [http-nio-8080-exec-1] TRACE o.s.security.web.FilterChainProxy    - Invoking LogoutFilter (6/12)
26-07-29 17:03:51.967 [http-nio-8080-exec-1] TRACE o.s.s.w.a.logout.LogoutFilter        - Did not match request to Ant [pattern='/api/auth/logout', POST]
26-07-29 17:03:51.967 [http-nio-8080-exec-1] TRACE o.s.security.web.FilterChainProxy    - Invoking UsernamePasswordAuthenticationFilter (7/12)
26-07-29 17:03:51.967 [http-nio-8080-exec-1] TRACE o.s.s.w.a.UsernamePasswordAuthenticationFilter - Did not match request to Ant [pattern='/api/auth/login', POST]
26-07-29 17:03:51.967 [http-nio-8080-exec-1] TRACE o.s.security.web.FilterChainProxy    - Invoking RequestCacheAwareFilter (8/12)
26-07-29 17:03:51.968 [http-nio-8080-exec-1] TRACE o.s.s.w.s.HttpSessionRequestCache    - matchingRequestParameterName is required for getMatchingRequest to lookup a value, but not provided
26-07-29 17:03:51.968 [http-nio-8080-exec-1] TRACE o.s.security.web.FilterChainProxy    - Invoking SecurityContextHolderAwareRequestFilter (9/12)
26-07-29 17:03:51.968 [http-nio-8080-exec-1] TRACE o.s.security.web.FilterChainProxy    - Invoking AnonymousAuthenticationFilter (10/12)
26-07-29 17:03:51.968 [http-nio-8080-exec-1] TRACE o.s.security.web.FilterChainProxy    - Invoking ExceptionTranslationFilter (11/12)
26-07-29 17:03:51.968 [http-nio-8080-exec-1] TRACE o.s.security.web.FilterChainProxy    - Invoking AuthorizationFilter (12/12)
26-07-29 17:03:51.968 [http-nio-8080-exec-1] TRACE o.s.s.w.a.i.RequestMatcherDelegatingAuthorizationManager - Authorizing GET /error
26-07-29 17:03:51.969 [http-nio-8080-exec-1] TRACE o.s.s.w.a.i.RequestMatcherDelegatingAuthorizationManager - Checking authorization on GET /error using org.springframework.security.authorization.AuthenticatedAuthorizationManager@7a9964f
26-07-29 17:03:51.969 [http-nio-8080-exec-1] TRACE o.s.s.w.c.HttpSessionSecurityContextRepository - Did not find SecurityContext in HttpSession 8D860050A1F015FFD4C0416733045CE4 using the SPRING_SECURITY_CONTEXT session attribute
26-07-29 17:03:51.969 [http-nio-8080-exec-1] TRACE o.s.s.w.c.SupplierDeferredSecurityContext - Created SecurityContextImpl [Null authentication]
26-07-29 17:03:51.969 [http-nio-8080-exec-1] TRACE o.s.s.w.c.SupplierDeferredSecurityContext - Created SecurityContextImpl [Null authentication]
26-07-29 17:03:51.969 [http-nio-8080-exec-1] TRACE o.s.s.w.a.AnonymousAuthenticationFilter - Set SecurityContextHolder to AnonymousAuthenticationToken [Principal=anonymousUser, Credentials=[PROTECTED], Authenticated=true, Details=WebAuthenticationDetails [RemoteIpAddress=0:0:0:0:0:0:0:1, SessionId=8D860050A1F015FFD4C0416733045CE4], Granted Authorities=[ROLE_ANONYMOUS]]
26-07-29 17:03:51.970 [http-nio-8080-exec-1] TRACE o.s.s.w.a.ExceptionTranslationFilter - Sending AnonymousAuthenticationToken [Principal=anonymousUser, Credentials=[PROTECTED], Authenticated=true, Details=WebAuthenticationDetails [RemoteIpAddress=0:0:0:0:0:0:0:1, SessionId=8D860050A1F015FFD4C0416733045CE4], Granted Authorities=[ROLE_ANONYMOUS]] to authentication entry point since access is denied
org.springframework.security.authorization.AuthorizationDeniedException: Access Denied
	at org.springframework.security.web.access.intercept.AuthorizationFilter.doFilter(AuthorizationFilter.java:99)
	at org.springframework.security.web.ObservationFilterChainDecorator$ObservationFilter.wrapFilter(ObservationFilterChainDecorator.java:240)
	at org.springframework.security.web.ObservationFilterChainDecorator$ObservationFilter.doFilter(ObservationFilterChainDecorator.java:227)
	at org.springframework.security.web.ObservationFilterChainDecorator$VirtualFilterChain.doFilter(ObservationFilterChainDecorator.java:137)
	at org.springframework.security.web.access.ExceptionTranslationFilter.doFilter(ExceptionTranslationFilter.java:126)
	at org.springframework.security.web.access.ExceptionTranslationFilter.doFilter(ExceptionTranslationFilter.java:120)
	at org.springframework.security.web.ObservationFilterChainDecorator$ObservationFilter.wrapFilter(ObservationFilterChainDecorator.java:240)
	at org.springframework.security.web.ObservationFilterChainDecorator$ObservationFilter.doFilter(ObservationFilterChainDecorator.java:227)
	at org.springframework.security.web.ObservationFilterChainDecorator$VirtualFilterChain.doFilter(ObservationFilterChainDecorator.java:137)
	at org.springframework.security.web.authentication.AnonymousAuthenticationFilter.doFilter(AnonymousAuthenticationFilter.java:100)
	at org.springframework.security.web.ObservationFilterChainDecorator$ObservationFilter.wrapFilter(ObservationFilterChainDecorator.java:240)
	at org.springframework.security.web.ObservationFilterChainDecorator$ObservationFilter.doFilter(ObservationFilterChainDecorator.java:227)
	at org.springframework.security.web.ObservationFilterChainDecorator$VirtualFilterChain.doFilter(ObservationFilterChainDecorator.java:137)
	at org.springframework.security.web.servletapi.SecurityContextHolderAwareRequestFilter.doFilter(SecurityContextHolderAwareRequestFilter.java:179)
	at org.springframework.security.web.ObservationFilterChainDecorator$ObservationFilter.wrapFilter(ObservationFilterChainDecorator.java:240)
	at org.springframework.security.web.ObservationFilterChainDecorator$ObservationFilter.doFilter(ObservationFilterChainDecorator.java:227)
	at org.springframework.security.web.ObservationFilterChainDecorator$VirtualFilterChain.doFilter(ObservationFilterChainDecorator.java:137)
	at org.springframework.security.web.savedrequest.RequestCacheAwareFilter.doFilter(RequestCacheAwareFilter.java:63)
	at org.springframework.security.web.ObservationFilterChainDecorator$ObservationFilter.wrapFilter(ObservationFilterChainDecorator.java:240)
	at org.springframework.security.web.ObservationFilterChainDecorator$ObservationFilter.doFilter(ObservationFilterChainDecorator.java:227)
	at org.springframework.security.web.ObservationFilterChainDecorator$VirtualFilterChain.doFilter(ObservationFilterChainDecorator.java:137)
	at org.springframework.security.web.authentication.AbstractAuthenticationProcessingFilter.doFilter(AbstractAuthenticationProcessingFilter.java:227)
	at org.springframework.security.web.authentication.AbstractAuthenticationProcessingFilter.doFilter(AbstractAuthenticationProcessingFilter.java:221)
	at org.springframework.security.web.ObservationFilterChainDecorator$ObservationFilter.wrapFilter(ObservationFilterChainDecorator.java:240)
	at org.springframework.security.web.ObservationFilterChainDecorator$ObservationFilter.doFilter(ObservationFilterChainDecorator.java:227)
	at org.springframework.security.web.ObservationFilterChainDecorator$VirtualFilterChain.doFilter(ObservationFilterChainDecorator.java:137)
	at org.springframework.security.web.authentication.logout.LogoutFilter.doFilter(LogoutFilter.java:107)
	at org.springframework.security.web.authentication.logout.LogoutFilter.doFilter(LogoutFilter.java:93)
	at org.springframework.security.web.ObservationFilterChainDecorator$ObservationFilter.wrapFilter(ObservationFilterChainDecorator.java:240)
	at org.springframework.security.web.ObservationFilterChainDecorator$ObservationFilter.doFilter(ObservationFilterChainDecorator.java:227)
	at org.springframework.security.web.ObservationFilterChainDecorator$VirtualFilterChain.doFilter(ObservationFilterChainDecorator.java:137)
	at org.springframework.web.filter.OncePerRequestFilter.doFilter(OncePerRequestFilter.java:101)
	at org.springframework.security.web.ObservationFilterChainDecorator$ObservationFilter.wrapFilter(ObservationFilterChainDecorator.java:240)
	at org.springframework.security.web.ObservationFilterChainDecorator$ObservationFilter.doFilter(ObservationFilterChainDecorator.java:227)
	at org.springframework.security.web.ObservationFilterChainDecorator$VirtualFilterChain.doFilter(ObservationFilterChainDecorator.java:137)
	at org.springframework.web.filter.OncePerRequestFilter.doFilter(OncePerRequestFilter.java:101)
	at org.springframework.security.web.ObservationFilterChainDecorator$ObservationFilter.wrapFilter(ObservationFilterChainDecorator.java:240)
	at org.springframework.security.web.ObservationFilterChainDecorator$ObservationFilter.doFilter(ObservationFilterChainDecorator.java:227)
	at org.springframework.security.web.ObservationFilterChainDecorator$VirtualFilterChain.doFilter(ObservationFilterChainDecorator.java:137)
	at org.springframework.security.web.context.SecurityContextHolderFilter.doFilter(SecurityContextHolderFilter.java:82)
	at org.springframework.security.web.context.SecurityContextHolderFilter.doFilter(SecurityContextHolderFilter.java:69)
	at org.springframework.security.web.ObservationFilterChainDecorator$ObservationFilter.wrapFilter(ObservationFilterChainDecorator.java:240)
	at org.springframework.security.web.ObservationFilterChainDecorator$ObservationFilter.doFilter(ObservationFilterChainDecorator.java:227)
	at org.springframework.security.web.ObservationFilterChainDecorator$VirtualFilterChain.doFilter(ObservationFilterChainDecorator.java:137)
	at org.springframework.web.filter.OncePerRequestFilter.doFilter(OncePerRequestFilter.java:101)
	at org.springframework.security.web.ObservationFilterChainDecorator$ObservationFilter.wrapFilter(ObservationFilterChainDecorator.java:240)
	at org.springframework.security.web.ObservationFilterChainDecorator$ObservationFilter.doFilter(ObservationFilterChainDecorator.java:227)
	at org.springframework.security.web.ObservationFilterChainDecorator$VirtualFilterChain.doFilter(ObservationFilterChainDecorator.java:137)
	at org.springframework.web.filter.OncePerRequestFilter.doFilter(OncePerRequestFilter.java:101)
	at org.springframework.security.web.ObservationFilterChainDecorator$ObservationFilter.wrapFilter(ObservationFilterChainDecorator.java:240)
	at org.springframework.security.web.ObservationFilterChainDecorator$AroundFilterObservation$SimpleAroundFilterObservation.lambda$wrap$0(ObservationFilterChainDecorator.java:323)
	at org.springframework.security.web.ObservationFilterChainDecorator$ObservationFilter.doFilter(ObservationFilterChainDecorator.java:224)
	at org.springframework.security.web.ObservationFilterChainDecorator$VirtualFilterChain.doFilter(ObservationFilterChainDecorator.java:137)
	at org.springframework.security.web.FilterChainProxy.doFilterInternal(FilterChainProxy.java:233)
	at org.springframework.security.web.FilterChainProxy.doFilter(FilterChainProxy.java:191)
	at org.springframework.security.web.debug.DebugFilter.invokeWithWrappedRequest(DebugFilter.java:90)
	at org.springframework.security.web.debug.DebugFilter.doFilter(DebugFilter.java:78)
	at org.springframework.security.web.debug.DebugFilter.doFilter(DebugFilter.java:67)
	at org.springframework.web.filter.CompositeFilter$VirtualFilterChain.doFilter(CompositeFilter.java:113)
	at org.springframework.web.servlet.handler.HandlerMappingIntrospector.lambda$createCacheFilter$3(HandlerMappingIntrospector.java:243)
	at org.springframework.web.filter.CompositeFilter$VirtualFilterChain.doFilter(CompositeFilter.java:113)
	at org.springframework.web.filter.CompositeFilter.doFilter(CompositeFilter.java:74)
	at org.springframework.security.config.annotation.web.configuration.WebMvcSecurityConfiguration$CompositeFilterChainProxy.doFilter(WebMvcSecurityConfiguration.java:238)
	at org.springframework.web.filter.DelegatingFilterProxy.invokeDelegate(DelegatingFilterProxy.java:362)
	at org.springframework.web.filter.DelegatingFilterProxy.doFilter(DelegatingFilterProxy.java:278)
	at org.apache.catalina.core.ApplicationFilterChain.internalDoFilter(ApplicationFilterChain.java:164)
	at org.apache.catalina.core.ApplicationFilterChain.doFilter(ApplicationFilterChain.java:140)
	at org.springframework.web.filter.RequestContextFilter.doFilterInternal(RequestContextFilter.java:100)
	at org.springframework.web.filter.OncePerRequestFilter.doFilter(OncePerRequestFilter.java:116)
	at org.apache.catalina.core.ApplicationFilterChain.internalDoFilter(ApplicationFilterChain.java:164)
	at org.apache.catalina.core.ApplicationFilterChain.doFilter(ApplicationFilterChain.java:140)
	at org.springframework.web.filter.OncePerRequestFilter.doFilter(OncePerRequestFilter.java:101)
	at org.apache.catalina.core.ApplicationFilterChain.internalDoFilter(ApplicationFilterChain.java:164)
	at org.apache.catalina.core.ApplicationFilterChain.doFilter(ApplicationFilterChain.java:140)
	at org.springframework.web.filter.OncePerRequestFilter.doFilter(OncePerRequestFilter.java:101)
	at org.apache.catalina.core.ApplicationFilterChain.internalDoFilter(ApplicationFilterChain.java:164)
	at org.apache.catalina.core.ApplicationFilterChain.doFilter(ApplicationFilterChain.java:140)
	at org.apache.catalina.core.ApplicationDispatcher.invoke(ApplicationDispatcher.java:632)
	at org.apache.catalina.core.ApplicationDispatcher.processRequest(ApplicationDispatcher.java:410)
	at org.apache.catalina.core.ApplicationDispatcher.doForward(ApplicationDispatcher.java:330)
	at org.apache.catalina.core.ApplicationDispatcher.forward(ApplicationDispatcher.java:267)
	at org.apache.catalina.core.StandardHostValve.custom(StandardHostValve.java:362)
	at org.apache.catalina.core.StandardHostValve.status(StandardHostValve.java:222)
	at org.apache.catalina.core.StandardHostValve.invoke(StandardHostValve.java:151)
	at org.apache.catalina.valves.ErrorReportValve.invoke(ErrorReportValve.java:93)
	at org.apache.catalina.core.StandardEngineValve.invoke(StandardEngineValve.java:74)
	at org.apache.catalina.connector.CoyoteAdapter.service(CoyoteAdapter.java:344)
	at org.apache.coyote.http11.Http11Processor.service(Http11Processor.java:397)
	at org.apache.coyote.AbstractProcessorLight.process(AbstractProcessorLight.java:63)
	at org.apache.coyote.AbstractProtocol$ConnectionHandler.process(AbstractProtocol.java:905)
	at org.apache.tomcat.util.net.NioEndpoint$SocketProcessor.doRun(NioEndpoint.java:1741)
	at org.apache.tomcat.util.net.SocketProcessorBase.run(SocketProcessorBase.java:52)
	at org.apache.tomcat.util.threads.ThreadPoolExecutor.runWorker(ThreadPoolExecutor.java:1190)
	at org.apache.tomcat.util.threads.ThreadPoolExecutor$Worker.run(ThreadPoolExecutor.java:659)
	at org.apache.tomcat.util.threads.TaskThread$WrappingRunnable.run(TaskThread.java:63)
	at java.base/java.lang.Thread.run(Thread.java:840)
26-07-29 17:03:51.982 [http-nio-8080-exec-1] DEBUG o.s.s.w.s.HttpSessionRequestCache    - Saved request http://localhost:8080/error?continue to session
26-07-29 17:03:51.982 [http-nio-8080-exec-1] DEBUG o.s.s.w.a.Http403ForbiddenEntryPoint - Pre-authenticated entry point called. Rejecting access
26-07-29 17:49:42.719 [SpringApplicationShutdownHook] INFO  o.s.b.w.e.tomcat.GracefulShutdown    - Commencing graceful shutdown. Waiting for active requests to complete
26-07-29 17:49:42.864 [tomcat-shutdown] INFO  o.s.b.w.e.tomcat.GracefulShutdown    - Graceful shutdown complete
26-07-29 17:49:43.080 [SpringApplicationShutdownHook] INFO  o.s.o.j.LocalContainerEntityManagerFactoryBean - Closing JPA EntityManagerFactory for persistence unit 'default'
26-07-29 17:49:43.210 [SpringApplicationShutdownHook] INFO  com.zaxxer.hikari.HikariDataSource   - HikariPool-1 - Shutdown initiated...
26-07-29 17:49:43.255 [SpringApplicationShutdownHook] INFO  com.zaxxer.hikari.HikariDataSource   - HikariPool-1 - Shutdown completed.
