26-06-10 00:04:33.765 [background-preinit] INFO  o.h.validator.internal.util.Version  - HV000001: Hibernate Validator 8.0.1.Final
26-06-10 00:04:33.787 [Test worker] INFO  c.s.m.d.i.ChannelIntegrationTest     - Starting ChannelIntegrationTest using Java 17.0.18 with PID 64326 (started by nsl in /Users/nsl/work_space_sprint/12-sprint-mission)
26-06-10 00:04:33.788 [Test worker] INFO  c.s.m.d.i.ChannelIntegrationTest     - The following 1 profile is active: "test"
26-06-10 00:04:34.495 [Test worker] INFO  o.s.d.r.c.RepositoryConfigurationDelegate - Bootstrapping Spring Data JPA repositories in DEFAULT mode.
26-06-10 00:04:34.541 [Test worker] INFO  o.s.d.r.c.RepositoryConfigurationDelegate - Finished Spring Data repository scanning in 39 ms. Found 6 JPA repository interfaces.
26-06-10 00:04:34.861 [Test worker] INFO  com.zaxxer.hikari.HikariDataSource   - HikariPool-1 - Starting...
26-06-10 00:04:34.960 [Test worker] INFO  com.zaxxer.hikari.pool.HikariPool    - HikariPool-1 - Added connection conn0: url=jdbc:h2:mem:testdb user=SA
26-06-10 00:04:34.961 [Test worker] INFO  com.zaxxer.hikari.HikariDataSource   - HikariPool-1 - Start completed.
26-06-10 00:04:35.053 [Test worker] INFO  o.h.jpa.internal.util.LogHelper      - HHH000204: Processing PersistenceUnitInfo [name: default]
26-06-10 00:04:35.093 [Test worker] INFO  org.hibernate.Version                - HHH000412: Hibernate ORM core version 6.6.2.Final
26-06-10 00:04:35.115 [Test worker] INFO  o.h.c.i.RegionFactoryInitiator       - HHH000026: Second-level cache disabled
26-06-10 00:04:35.261 [Test worker] INFO  o.s.o.j.p.SpringPersistenceUnitInfo  - No LoadTimeWeaver setup: ignoring JPA class transformer
26-06-10 00:04:35.290 [Test worker] WARN  org.hibernate.orm.deprecation        - HHH90000025: H2Dialect does not need to be specified explicitly using 'hibernate.dialect' (remove the property setting and it will be selected by default)
26-06-10 00:04:35.300 [Test worker] INFO  o.hibernate.orm.connections.pooling  - HHH10001005: Database info:
	Database JDBC URL [Connecting through datasource 'HikariDataSource (HikariPool-1)']
	Database driver: undefined/unknown
	Database version: 2.3.232
	Autocommit mode: undefined/unknown
	Isolation level: undefined/unknown
	Minimum pool size: undefined/unknown
	Maximum pool size: undefined/unknown
26-06-10 00:04:35.866 [Test worker] INFO  o.h.e.t.j.p.i.JtaPlatformInitiator   - HHH000489: No JTA platform available (set 'hibernate.transaction.jta.platform' to enable JTA platform integration)
26-06-10 00:04:35.875 [Test worker] DEBUG org.hibernate.SQL                    - 
    drop table if exists binary_contents cascade 
26-06-10 00:04:35.877 [Test worker] DEBUG org.hibernate.SQL                    - 
    drop table if exists channels cascade 
26-06-10 00:04:35.878 [Test worker] DEBUG org.hibernate.SQL                    - 
    drop table if exists message_attachments cascade 
26-06-10 00:04:35.878 [Test worker] DEBUG org.hibernate.SQL                    - 
    drop table if exists messages cascade 
26-06-10 00:04:35.879 [Test worker] DEBUG org.hibernate.SQL                    - 
    drop table if exists read_statuses cascade 
26-06-10 00:04:35.879 [Test worker] DEBUG org.hibernate.SQL                    - 
    drop table if exists user_statuses cascade 
26-06-10 00:04:35.880 [Test worker] DEBUG org.hibernate.SQL                    - 
    drop table if exists users cascade 
26-06-10 00:04:35.884 [Test worker] DEBUG org.hibernate.SQL                    - 
    create table binary_contents (
        created_at timestamp with time zone not null,
        size bigint not null,
        id uuid not null,
        content_type varchar(100) not null,
        file_name varchar(255) not null,
        primary key (id)
    )
26-06-10 00:04:35.888 [Test worker] DEBUG org.hibernate.SQL                    - 
    create table channels (
        created_at timestamp with time zone not null,
        updated_at timestamp with time zone,
        id uuid not null,
        name varchar(100),
        description varchar(500),
        type enum ('PRIVATE','PUBLIC') not null,
        primary key (id)
    )
26-06-10 00:04:35.891 [Test worker] DEBUG org.hibernate.SQL                    - 
    create table message_attachments (
        attachment_id uuid not null unique,
        message_id uuid not null
    )
26-06-10 00:04:35.892 [Test worker] DEBUG org.hibernate.SQL                    - 
    create table messages (
        created_at timestamp with time zone not null,
        updated_at timestamp with time zone,
        author_id uuid not null,
        channel_id uuid not null,
        id uuid not null,
        content text not null,
        primary key (id)
    )
26-06-10 00:04:35.894 [Test worker] DEBUG org.hibernate.SQL                    - 
    create table read_statuses (
        created_at timestamp with time zone not null,
        last_read_at timestamp with time zone not null,
        updated_at timestamp with time zone,
        channel_id uuid not null,
        id uuid not null,
        user_id uuid not null,
        primary key (id),
        unique (user_id, channel_id)
    )
26-06-10 00:04:35.898 [Test worker] DEBUG org.hibernate.SQL                    - 
    create table user_statuses (
        created_at timestamp with time zone not null,
        last_active_at timestamp with time zone not null,
        updated_at timestamp with time zone,
        id uuid not null,
        user_id uuid not null unique,
        primary key (id)
    )
26-06-10 00:04:35.900 [Test worker] DEBUG org.hibernate.SQL                    - 
    create table users (
        created_at timestamp with time zone not null,
        updated_at timestamp with time zone,
        id uuid not null,
        profile_id uuid unique,
        username varchar(50) not null unique,
        password varchar(60) not null,
        email varchar(100) not null unique,
        primary key (id)
    )
26-06-10 00:04:35.905 [Test worker] DEBUG org.hibernate.SQL                    - 
    alter table if exists message_attachments 
       add constraint FKsd1m8rb8jcpbcnb7rpdue7ctc 
       foreign key (attachment_id) 
       references binary_contents
26-06-10 00:04:35.908 [Test worker] DEBUG org.hibernate.SQL                    - 
    alter table if exists message_attachments 
       add constraint FKj7twd218e2gqw9cmlhwvo1rth 
       foreign key (message_id) 
       references messages
26-06-10 00:04:35.910 [Test worker] DEBUG org.hibernate.SQL                    - 
    alter table if exists messages 
       add constraint FKowtlim26svclkatusptbgi7u1 
       foreign key (author_id) 
       references users
26-06-10 00:04:35.912 [Test worker] DEBUG org.hibernate.SQL                    - 
    alter table if exists messages 
       add constraint FK3u3ckbhwq9se1cmopk2pq05b2 
       foreign key (channel_id) 
       references channels
26-06-10 00:04:35.915 [Test worker] DEBUG org.hibernate.SQL                    - 
    alter table if exists read_statuses 
       add constraint FKa38ri44ml4gfdpklx4ahqr8gd 
       foreign key (channel_id) 
       references channels
26-06-10 00:04:35.917 [Test worker] DEBUG org.hibernate.SQL                    - 
    alter table if exists read_statuses 
       add constraint FKml3k4wr9sj5yxrmj6d0aoib2e 
       foreign key (user_id) 
       references users
26-06-10 00:04:35.919 [Test worker] DEBUG org.hibernate.SQL                    - 
    alter table if exists user_statuses 
       add constraint FK4lfl3ei2ubchgcxrrpo3pw4mm 
       foreign key (user_id) 
       references users
26-06-10 00:04:35.920 [Test worker] DEBUG org.hibernate.SQL                    - 
    alter table if exists users 
       add constraint FKtbudycgrip49xdptogmhfqnso 
       foreign key (profile_id) 
       references binary_contents
26-06-10 00:04:35.927 [Test worker] INFO  o.s.o.j.LocalContainerEntityManagerFactoryBean - Initialized JPA EntityManagerFactory for persistence unit 'default'
26-06-10 00:04:36.138 [Test worker] INFO  o.s.d.j.r.query.QueryEnhancerFactory - Hibernate is in classpath; If applicable, HQL parser will be used.
26-06-10 00:04:36.738 [Test worker] INFO  o.s.b.a.w.s.WelcomePageHandlerMapping - Adding welcome page: class path resource [static/index.html]
26-06-10 00:04:37.202 [Test worker] INFO  o.s.b.a.h.H2ConsoleAutoConfiguration - H2 console available at '/h2-console'. Database available at 'jdbc:h2:mem:testdb'
26-06-10 00:04:37.235 [Test worker] INFO  o.s.b.t.m.w.SpringBootMockServletContext - Initializing Spring TestDispatcherServlet ''
26-06-10 00:04:37.236 [Test worker] INFO  o.s.t.w.s.TestDispatcherServlet      - Initializing Servlet ''
26-06-10 00:04:37.243 [Test worker] INFO  o.s.b.a.e.web.EndpointLinksResolver  - Exposing 4 endpoints beneath base path '/actuator'
26-06-10 00:04:37.255 [Test worker] INFO  o.s.t.w.s.TestDispatcherServlet      - Completed initialization in 18 ms
26-06-10 00:04:37.302 [Test worker] INFO  c.s.m.d.i.ChannelIntegrationTest     - Started ChannelIntegrationTest in 3.704 seconds (process running for 4.271)
26-06-10 00:04:37.743 [Test worker] DEBUG org.hibernate.SQL                    - 
    select
        u1_0.id 
    from
        users u1_0 
    where
        u1_0.email=? 
    fetch
        first ? rows only
26-06-10 00:04:37.747 [Test worker] TRACE org.hibernate.orm.jdbc.bind          - binding parameter (1:VARCHAR) <- [user1@codeit.com]
26-06-10 00:04:37.747 [Test worker] TRACE org.hibernate.orm.jdbc.bind          - binding parameter (2:INTEGER) <- [1]
26-06-10 00:04:37.772 [Test worker] DEBUG org.hibernate.SQL                    - 
    select
        u1_0.id 
    from
        users u1_0 
    where
        u1_0.username=? 
    fetch
        first ? rows only
26-06-10 00:04:37.773 [Test worker] TRACE org.hibernate.orm.jdbc.bind          - binding parameter (1:VARCHAR) <- [user1]
26-06-10 00:04:37.773 [Test worker] TRACE org.hibernate.orm.jdbc.bind          - binding parameter (2:INTEGER) <- [1]
26-06-10 00:04:37.804 [Test worker] DEBUG org.hibernate.SQL                    - 
    insert 
    into
        users
        (created_at, email, password, profile_id, updated_at, username, id) 
    values
        (?, ?, ?, ?, ?, ?, ?)
26-06-10 00:04:37.805 [Test worker] TRACE org.hibernate.orm.jdbc.bind          - binding parameter (1:TIMESTAMP_UTC) <- [2026-06-09T15:04:37.785026Z]
26-06-10 00:04:37.808 [Test worker] TRACE org.hibernate.orm.jdbc.bind          - binding parameter (2:VARCHAR) <- [user1@codeit.com]
26-06-10 00:04:37.808 [Test worker] TRACE org.hibernate.orm.jdbc.bind          - binding parameter (3:VARCHAR) <- [Password1234]
26-06-10 00:04:37.808 [Test worker] TRACE org.hibernate.orm.jdbc.bind          - binding parameter (4:UUID) <- [null]
26-06-10 00:04:37.808 [Test worker] TRACE org.hibernate.orm.jdbc.bind          - binding parameter (5:TIMESTAMP_UTC) <- [2026-06-09T15:04:37.785026Z]
26-06-10 00:04:37.808 [Test worker] TRACE org.hibernate.orm.jdbc.bind          - binding parameter (6:VARCHAR) <- [user1]
26-06-10 00:04:37.808 [Test worker] TRACE org.hibernate.orm.jdbc.bind          - binding parameter (7:UUID) <- [2586e2be-92e6-428e-bc2c-142927b083a4]
26-06-10 00:04:37.810 [Test worker] DEBUG org.hibernate.SQL                    - 
    insert 
    into
        user_statuses
        (created_at, last_active_at, updated_at, user_id, id) 
    values
        (?, ?, ?, ?, ?)
26-06-10 00:04:37.810 [Test worker] TRACE org.hibernate.orm.jdbc.bind          - binding parameter (1:TIMESTAMP_UTC) <- [2026-06-09T15:04:37.795139Z]
26-06-10 00:04:37.810 [Test worker] TRACE org.hibernate.orm.jdbc.bind          - binding parameter (2:TIMESTAMP_UTC) <- [2026-06-09T15:04:37.774663Z]
26-06-10 00:04:37.810 [Test worker] TRACE org.hibernate.orm.jdbc.bind          - binding parameter (3:TIMESTAMP_UTC) <- [2026-06-09T15:04:37.795139Z]
26-06-10 00:04:37.811 [Test worker] TRACE org.hibernate.orm.jdbc.bind          - binding parameter (4:UUID) <- [2586e2be-92e6-428e-bc2c-142927b083a4]
26-06-10 00:04:37.811 [Test worker] TRACE org.hibernate.orm.jdbc.bind          - binding parameter (5:UUID) <- [37307e97-2658-434a-9889-2c9cd0950092]
26-06-10 00:04:37.811 [Test worker] DEBUG org.hibernate.SQL                    - 
    select
        u1_0.id 
    from
        users u1_0 
    where
        u1_0.email=? 
    fetch
        first ? rows only
26-06-10 00:04:37.812 [Test worker] TRACE org.hibernate.orm.jdbc.bind          - binding parameter (1:VARCHAR) <- [user2@codeit.com]
26-06-10 00:04:37.812 [Test worker] TRACE org.hibernate.orm.jdbc.bind          - binding parameter (2:INTEGER) <- [1]
26-06-10 00:04:37.813 [Test worker] DEBUG org.hibernate.SQL                    - 
    select
        u1_0.id 
    from
        users u1_0 
    where
        u1_0.username=? 
    fetch
        first ? rows only
26-06-10 00:04:37.813 [Test worker] TRACE org.hibernate.orm.jdbc.bind          - binding parameter (1:VARCHAR) <- [user2]
26-06-10 00:04:37.813 [Test worker] TRACE org.hibernate.orm.jdbc.bind          - binding parameter (2:INTEGER) <- [1]
26-06-10 00:04:37.820 [Test worker] DEBUG org.hibernate.SQL                    - 
    select
        m1_0.created_at 
    from
        messages m1_0 
    where
        m1_0.channel_id=? 
    order by
        m1_0.created_at desc 
    fetch
        first 1 rows only
26-06-10 00:04:37.821 [Test worker] TRACE org.hibernate.orm.jdbc.bind          - binding parameter (1:UUID) <- [0fcaee57-271f-43cc-b548-5857fa3ba7f4]
26-06-10 00:04:37.851 [Test worker] DEBUG org.hibernate.SQL                    - 
    insert 
    into
        users
        (created_at, email, password, profile_id, updated_at, username, id) 
    values
        (?, ?, ?, ?, ?, ?, ?)
26-06-10 00:04:37.851 [Test worker] TRACE org.hibernate.orm.jdbc.bind          - binding parameter (1:TIMESTAMP_UTC) <- [2026-06-09T15:04:37.814423Z]
26-06-10 00:04:37.851 [Test worker] TRACE org.hibernate.orm.jdbc.bind          - binding parameter (2:VARCHAR) <- [user2@codeit.com]
26-06-10 00:04:37.851 [Test worker] TRACE org.hibernate.orm.jdbc.bind          - binding parameter (3:VARCHAR) <- [Password1234]
26-06-10 00:04:37.851 [Test worker] TRACE org.hibernate.orm.jdbc.bind          - binding parameter (4:UUID) <- [null]
26-06-10 00:04:37.851 [Test worker] TRACE org.hibernate.orm.jdbc.bind          - binding parameter (5:TIMESTAMP_UTC) <- [2026-06-09T15:04:37.814423Z]
26-06-10 00:04:37.851 [Test worker] TRACE org.hibernate.orm.jdbc.bind          - binding parameter (6:VARCHAR) <- [user2]
26-06-10 00:04:37.851 [Test worker] TRACE org.hibernate.orm.jdbc.bind          - binding parameter (7:UUID) <- [b392b173-fd1c-4623-ba24-7d1d0bdd4e4b]
26-06-10 00:04:37.852 [Test worker] DEBUG org.hibernate.SQL                    - 
    insert 
    into
        user_statuses
        (created_at, last_active_at, updated_at, user_id, id) 
    values
        (?, ?, ?, ?, ?)
26-06-10 00:04:37.852 [Test worker] TRACE org.hibernate.orm.jdbc.bind          - binding parameter (1:TIMESTAMP_UTC) <- [2026-06-09T15:04:37.814604Z]
26-06-10 00:04:37.852 [Test worker] TRACE org.hibernate.orm.jdbc.bind          - binding parameter (2:TIMESTAMP_UTC) <- [2026-06-09T15:04:37.814128Z]
26-06-10 00:04:37.852 [Test worker] TRACE org.hibernate.orm.jdbc.bind          - binding parameter (3:TIMESTAMP_UTC) <- [2026-06-09T15:04:37.814604Z]
26-06-10 00:04:37.852 [Test worker] TRACE org.hibernate.orm.jdbc.bind          - binding parameter (4:UUID) <- [b392b173-fd1c-4623-ba24-7d1d0bdd4e4b]
26-06-10 00:04:37.852 [Test worker] TRACE org.hibernate.orm.jdbc.bind          - binding parameter (5:UUID) <- [26036e80-e812-4ff6-8b08-dde240e17fba]
26-06-10 00:04:37.853 [Test worker] DEBUG org.hibernate.SQL                    - 
    insert 
    into
        channels
        (created_at, description, name, type, updated_at, id) 
    values
        (?, ?, ?, ?, ?, ?)
26-06-10 00:04:37.854 [Test worker] TRACE org.hibernate.orm.jdbc.bind          - binding parameter (1:TIMESTAMP_UTC) <- [2026-06-09T15:04:37.816727Z]
26-06-10 00:04:37.854 [Test worker] TRACE org.hibernate.orm.jdbc.bind          - binding parameter (2:VARCHAR) <- [null]
26-06-10 00:04:37.854 [Test worker] TRACE org.hibernate.orm.jdbc.bind          - binding parameter (3:VARCHAR) <- [delete-channel]
26-06-10 00:04:37.854 [Test worker] TRACE org.hibernate.orm.jdbc.bind          - binding parameter (4:ENUM) <- [PUBLIC]
26-06-10 00:04:37.854 [Test worker] TRACE org.hibernate.orm.jdbc.bind          - binding parameter (5:TIMESTAMP_UTC) <- [2026-06-09T15:04:37.816727Z]
26-06-10 00:04:37.854 [Test worker] TRACE org.hibernate.orm.jdbc.bind          - binding parameter (6:UUID) <- [0fcaee57-271f-43cc-b548-5857fa3ba7f4]
26-06-10 00:04:37.855 [Test worker] DEBUG org.hibernate.SQL                    - 
    select
        count(*) 
    from
        channels c1_0 
    where
        c1_0.id=?
26-06-10 00:04:37.856 [Test worker] TRACE org.hibernate.orm.jdbc.bind          - binding parameter (1:UUID) <- [0fcaee57-271f-43cc-b548-5857fa3ba7f4]
26-06-10 00:04:37.862 [Test worker] DEBUG org.hibernate.SQL                    - 
    select
        m1_0.id,
        m1_0.author_id,
        m1_0.channel_id,
        m1_0.content,
        m1_0.created_at,
        m1_0.updated_at 
    from
        messages m1_0 
    where
        m1_0.channel_id=?
26-06-10 00:04:37.862 [Test worker] TRACE org.hibernate.orm.jdbc.bind          - binding parameter (1:UUID) <- [0fcaee57-271f-43cc-b548-5857fa3ba7f4]
26-06-10 00:04:37.869 [Test worker] DEBUG org.hibernate.SQL                    - 
    select
        rs1_0.id,
        rs1_0.channel_id,
        rs1_0.created_at,
        rs1_0.last_read_at,
        rs1_0.updated_at,
        rs1_0.user_id 
    from
        read_statuses rs1_0 
    where
        rs1_0.channel_id=?
26-06-10 00:04:37.870 [Test worker] TRACE org.hibernate.orm.jdbc.bind          - binding parameter (1:UUID) <- [0fcaee57-271f-43cc-b548-5857fa3ba7f4]
26-06-10 00:04:37.902 [Test worker] DEBUG org.hibernate.SQL                    - 
    delete 
    from
        channels 
    where
        id=?
26-06-10 00:04:37.903 [Test worker] TRACE org.hibernate.orm.jdbc.bind          - binding parameter (1:UUID) <- [0fcaee57-271f-43cc-b548-5857fa3ba7f4]
26-06-10 00:04:37.904 [Test worker] DEBUG org.hibernate.SQL                    - 
    select
        count(*) 
    from
        channels c1_0 
    where
        c1_0.id=?
26-06-10 00:04:37.904 [Test worker] TRACE org.hibernate.orm.jdbc.bind          - binding parameter (1:UUID) <- [0fcaee57-271f-43cc-b548-5857fa3ba7f4]
26-06-10 00:04:37.927 [Test worker] DEBUG org.hibernate.SQL                    - 
    select
        u1_0.id 
    from
        users u1_0 
    where
        u1_0.email=? 
    fetch
        first ? rows only
26-06-10 00:04:37.928 [Test worker] TRACE org.hibernate.orm.jdbc.bind          - binding parameter (1:VARCHAR) <- [user1@codeit.com]
26-06-10 00:04:37.928 [Test worker] TRACE org.hibernate.orm.jdbc.bind          - binding parameter (2:INTEGER) <- [1]
26-06-10 00:04:37.929 [Test worker] DEBUG org.hibernate.SQL                    - 
    select
        u1_0.id 
    from
        users u1_0 
    where
        u1_0.username=? 
    fetch
        first ? rows only
26-06-10 00:04:37.929 [Test worker] TRACE org.hibernate.orm.jdbc.bind          - binding parameter (1:VARCHAR) <- [user1]
26-06-10 00:04:37.929 [Test worker] TRACE org.hibernate.orm.jdbc.bind          - binding parameter (2:INTEGER) <- [1]
26-06-10 00:04:37.933 [Test worker] DEBUG org.hibernate.SQL                    - 
    insert 
    into
        users
        (created_at, email, password, profile_id, updated_at, username, id) 
    values
        (?, ?, ?, ?, ?, ?, ?)
26-06-10 00:04:37.933 [Test worker] TRACE org.hibernate.orm.jdbc.bind          - binding parameter (1:TIMESTAMP_UTC) <- [2026-06-09T15:04:37.930469Z]
26-06-10 00:04:37.934 [Test worker] TRACE org.hibernate.orm.jdbc.bind          - binding parameter (2:VARCHAR) <- [user1@codeit.com]
26-06-10 00:04:37.934 [Test worker] TRACE org.hibernate.orm.jdbc.bind          - binding parameter (3:VARCHAR) <- [Password1234]
26-06-10 00:04:37.934 [Test worker] TRACE org.hibernate.orm.jdbc.bind          - binding parameter (4:UUID) <- [null]
26-06-10 00:04:37.934 [Test worker] TRACE org.hibernate.orm.jdbc.bind          - binding parameter (5:TIMESTAMP_UTC) <- [2026-06-09T15:04:37.930469Z]
26-06-10 00:04:37.934 [Test worker] TRACE org.hibernate.orm.jdbc.bind          - binding parameter (6:VARCHAR) <- [user1]
26-06-10 00:04:37.934 [Test worker] TRACE org.hibernate.orm.jdbc.bind          - binding parameter (7:UUID) <- [b9de45da-5b6e-4cd4-823e-f17fd2025feb]
26-06-10 00:04:37.935 [Test worker] DEBUG org.hibernate.SQL                    - 
    insert 
    into
        user_statuses
        (created_at, last_active_at, updated_at, user_id, id) 
    values
        (?, ?, ?, ?, ?)
26-06-10 00:04:37.935 [Test worker] TRACE org.hibernate.orm.jdbc.bind          - binding parameter (1:TIMESTAMP_UTC) <- [2026-06-09T15:04:37.930843Z]
26-06-10 00:04:37.935 [Test worker] TRACE org.hibernate.orm.jdbc.bind          - binding parameter (2:TIMESTAMP_UTC) <- [2026-06-09T15:04:37.930185Z]
26-06-10 00:04:37.935 [Test worker] TRACE org.hibernate.orm.jdbc.bind          - binding parameter (3:TIMESTAMP_UTC) <- [2026-06-09T15:04:37.930843Z]
26-06-10 00:04:37.935 [Test worker] TRACE org.hibernate.orm.jdbc.bind          - binding parameter (4:UUID) <- [b9de45da-5b6e-4cd4-823e-f17fd2025feb]
26-06-10 00:04:37.935 [Test worker] TRACE org.hibernate.orm.jdbc.bind          - binding parameter (5:UUID) <- [8eb03cf6-1ca5-4b90-947b-9d140ade8482]
26-06-10 00:04:37.935 [Test worker] DEBUG org.hibernate.SQL                    - 
    select
        u1_0.id 
    from
        users u1_0 
    where
        u1_0.email=? 
    fetch
        first ? rows only
26-06-10 00:04:37.935 [Test worker] TRACE org.hibernate.orm.jdbc.bind          - binding parameter (1:VARCHAR) <- [user2@codeit.com]
26-06-10 00:04:37.935 [Test worker] TRACE org.hibernate.orm.jdbc.bind          - binding parameter (2:INTEGER) <- [1]
26-06-10 00:04:37.937 [Test worker] DEBUG org.hibernate.SQL                    - 
    select
        u1_0.id 
    from
        users u1_0 
    where
        u1_0.username=? 
    fetch
        first ? rows only
26-06-10 00:04:37.938 [Test worker] TRACE org.hibernate.orm.jdbc.bind          - binding parameter (1:VARCHAR) <- [user2]
26-06-10 00:04:37.938 [Test worker] TRACE org.hibernate.orm.jdbc.bind          - binding parameter (2:INTEGER) <- [1]
26-06-10 00:04:37.942 [Test worker] DEBUG org.hibernate.SQL                    - 
    select
        c1_0.id,
        c1_0.created_at,
        c1_0.description,
        c1_0.name,
        c1_0.type,
        c1_0.updated_at 
    from
        channels c1_0 
    where
        c1_0.id=?
26-06-10 00:04:37.943 [Test worker] TRACE org.hibernate.orm.jdbc.bind          - binding parameter (1:UUID) <- [d64190f1-ceb5-4873-860a-e7eda648461b]
26-06-10 00:04:37.960 [Test worker] DEBUG org.hibernate.SQL                    - 
    select
        u1_0.id 
    from
        users u1_0 
    where
        u1_0.email=? 
    fetch
        first ? rows only
26-06-10 00:04:37.963 [Test worker] TRACE org.hibernate.orm.jdbc.bind          - binding parameter (1:VARCHAR) <- [user1@codeit.com]
26-06-10 00:04:37.964 [Test worker] TRACE org.hibernate.orm.jdbc.bind          - binding parameter (2:INTEGER) <- [1]
26-06-10 00:04:37.967 [Test worker] DEBUG org.hibernate.SQL                    - 
    select
        u1_0.id 
    from
        users u1_0 
    where
        u1_0.username=? 
    fetch
        first ? rows only
26-06-10 00:04:37.968 [Test worker] TRACE org.hibernate.orm.jdbc.bind          - binding parameter (1:VARCHAR) <- [user1]
26-06-10 00:04:37.968 [Test worker] TRACE org.hibernate.orm.jdbc.bind          - binding parameter (2:INTEGER) <- [1]
26-06-10 00:04:37.970 [Test worker] DEBUG org.hibernate.SQL                    - 
    insert 
    into
        users
        (created_at, email, password, profile_id, updated_at, username, id) 
    values
        (?, ?, ?, ?, ?, ?, ?)
26-06-10 00:04:37.971 [Test worker] TRACE org.hibernate.orm.jdbc.bind          - binding parameter (1:TIMESTAMP_UTC) <- [2026-06-09T15:04:37.969171Z]
26-06-10 00:04:37.971 [Test worker] TRACE org.hibernate.orm.jdbc.bind          - binding parameter (2:VARCHAR) <- [user1@codeit.com]
26-06-10 00:04:37.971 [Test worker] TRACE org.hibernate.orm.jdbc.bind          - binding parameter (3:VARCHAR) <- [Password1234]
26-06-10 00:04:37.971 [Test worker] TRACE org.hibernate.orm.jdbc.bind          - binding parameter (4:UUID) <- [null]
26-06-10 00:04:37.971 [Test worker] TRACE org.hibernate.orm.jdbc.bind          - binding parameter (5:TIMESTAMP_UTC) <- [2026-06-09T15:04:37.969171Z]
26-06-10 00:04:37.971 [Test worker] TRACE org.hibernate.orm.jdbc.bind          - binding parameter (6:VARCHAR) <- [user1]
26-06-10 00:04:37.971 [Test worker] TRACE org.hibernate.orm.jdbc.bind          - binding parameter (7:UUID) <- [06902b2a-5dda-4efa-927f-461ec88953e9]
26-06-10 00:04:37.973 [Test worker] DEBUG org.hibernate.SQL                    - 
    insert 
    into
        user_statuses
        (created_at, last_active_at, updated_at, user_id, id) 
    values
        (?, ?, ?, ?, ?)
26-06-10 00:04:37.974 [Test worker] TRACE org.hibernate.orm.jdbc.bind          - binding parameter (1:TIMESTAMP_UTC) <- [2026-06-09T15:04:37.969379Z]
26-06-10 00:04:37.974 [Test worker] TRACE org.hibernate.orm.jdbc.bind          - binding parameter (2:TIMESTAMP_UTC) <- [2026-06-09T15:04:37.968909Z]
26-06-10 00:04:37.974 [Test worker] TRACE org.hibernate.orm.jdbc.bind          - binding parameter (3:TIMESTAMP_UTC) <- [2026-06-09T15:04:37.969379Z]
26-06-10 00:04:37.974 [Test worker] TRACE org.hibernate.orm.jdbc.bind          - binding parameter (4:UUID) <- [06902b2a-5dda-4efa-927f-461ec88953e9]
26-06-10 00:04:37.975 [Test worker] TRACE org.hibernate.orm.jdbc.bind          - binding parameter (5:UUID) <- [c512dc6a-cd60-4273-9ead-71c55b955ca4]
26-06-10 00:04:37.975 [Test worker] DEBUG org.hibernate.SQL                    - 
    select
        u1_0.id 
    from
        users u1_0 
    where
        u1_0.email=? 
    fetch
        first ? rows only
26-06-10 00:04:37.976 [Test worker] TRACE org.hibernate.orm.jdbc.bind          - binding parameter (1:VARCHAR) <- [user2@codeit.com]
26-06-10 00:04:37.976 [Test worker] TRACE org.hibernate.orm.jdbc.bind          - binding parameter (2:INTEGER) <- [1]
26-06-10 00:04:37.978 [Test worker] DEBUG org.hibernate.SQL                    - 
    select
        u1_0.id 
    from
        users u1_0 
    where
        u1_0.username=? 
    fetch
        first ? rows only
26-06-10 00:04:37.979 [Test worker] TRACE org.hibernate.orm.jdbc.bind          - binding parameter (1:VARCHAR) <- [user2]
26-06-10 00:04:37.979 [Test worker] TRACE org.hibernate.orm.jdbc.bind          - binding parameter (2:INTEGER) <- [1]
26-06-10 00:04:37.986 [Test worker] DEBUG org.hibernate.SQL                    - 
    insert 
    into
        users
        (created_at, email, password, profile_id, updated_at, username, id) 
    values
        (?, ?, ?, ?, ?, ?, ?)
26-06-10 00:04:37.986 [Test worker] TRACE org.hibernate.orm.jdbc.bind          - binding parameter (1:TIMESTAMP_UTC) <- [2026-06-09T15:04:37.981286Z]
26-06-10 00:04:37.986 [Test worker] TRACE org.hibernate.orm.jdbc.bind          - binding parameter (2:VARCHAR) <- [user2@codeit.com]
26-06-10 00:04:37.986 [Test worker] TRACE org.hibernate.orm.jdbc.bind          - binding parameter (3:VARCHAR) <- [Password1234]
26-06-10 00:04:37.986 [Test worker] TRACE org.hibernate.orm.jdbc.bind          - binding parameter (4:UUID) <- [null]
26-06-10 00:04:37.986 [Test worker] TRACE org.hibernate.orm.jdbc.bind          - binding parameter (5:TIMESTAMP_UTC) <- [2026-06-09T15:04:37.981286Z]
26-06-10 00:04:37.986 [Test worker] TRACE org.hibernate.orm.jdbc.bind          - binding parameter (6:VARCHAR) <- [user2]
26-06-10 00:04:37.987 [Test worker] TRACE org.hibernate.orm.jdbc.bind          - binding parameter (7:UUID) <- [93cb05da-3c36-4004-b822-4231ac9e489f]
26-06-10 00:04:37.987 [Test worker] DEBUG org.hibernate.SQL                    - 
    insert 
    into
        user_statuses
        (created_at, last_active_at, updated_at, user_id, id) 
    values
        (?, ?, ?, ?, ?)
26-06-10 00:04:37.987 [Test worker] TRACE org.hibernate.orm.jdbc.bind          - binding parameter (1:TIMESTAMP_UTC) <- [2026-06-09T15:04:37.981801Z]
26-06-10 00:04:37.988 [Test worker] TRACE org.hibernate.orm.jdbc.bind          - binding parameter (2:TIMESTAMP_UTC) <- [2026-06-09T15:04:37.980561Z]
26-06-10 00:04:37.988 [Test worker] TRACE org.hibernate.orm.jdbc.bind          - binding parameter (3:TIMESTAMP_UTC) <- [2026-06-09T15:04:37.981801Z]
26-06-10 00:04:37.988 [Test worker] TRACE org.hibernate.orm.jdbc.bind          - binding parameter (4:UUID) <- [93cb05da-3c36-4004-b822-4231ac9e489f]
26-06-10 00:04:37.988 [Test worker] TRACE org.hibernate.orm.jdbc.bind          - binding parameter (5:UUID) <- [c978419e-8915-4e05-a7c2-0e2d2dc9e5f3]
26-06-10 00:04:37.989 [Test worker] DEBUG org.hibernate.SQL                    - 
    insert 
    into
        channels
        (created_at, description, name, type, updated_at, id) 
    values
        (?, ?, ?, ?, ?, ?)
26-06-10 00:04:37.989 [Test worker] TRACE org.hibernate.orm.jdbc.bind          - binding parameter (1:TIMESTAMP_UTC) <- [2026-06-09T15:04:37.982603Z]
26-06-10 00:04:37.989 [Test worker] TRACE org.hibernate.orm.jdbc.bind          - binding parameter (2:VARCHAR) <- [null]
26-06-10 00:04:37.989 [Test worker] TRACE org.hibernate.orm.jdbc.bind          - binding parameter (3:VARCHAR) <- [null]
26-06-10 00:04:37.989 [Test worker] TRACE org.hibernate.orm.jdbc.bind          - binding parameter (4:ENUM) <- [PRIVATE]
26-06-10 00:04:37.989 [Test worker] TRACE org.hibernate.orm.jdbc.bind          - binding parameter (5:TIMESTAMP_UTC) <- [2026-06-09T15:04:37.982603Z]
26-06-10 00:04:37.989 [Test worker] TRACE org.hibernate.orm.jdbc.bind          - binding parameter (6:UUID) <- [d55f10dd-271f-4564-be87-8d84e4db0c90]
26-06-10 00:04:37.989 [Test worker] DEBUG org.hibernate.SQL                    - 
    select
        u1_0.id,
        u1_0.created_at,
        u1_0.email,
        u1_0.password,
        u1_0.profile_id,
        u1_0.updated_at,
        u1_0.username 
    from
        users u1_0 
    where
        u1_0.id in (?, ?)
26-06-10 00:04:37.990 [Test worker] TRACE org.hibernate.orm.jdbc.bind          - binding parameter (1:UUID) <- [06902b2a-5dda-4efa-927f-461ec88953e9]
26-06-10 00:04:37.990 [Test worker] TRACE org.hibernate.orm.jdbc.bind          - binding parameter (2:UUID) <- [93cb05da-3c36-4004-b822-4231ac9e489f]
26-06-10 00:04:38.002 [Test worker] DEBUG org.hibernate.SQL                    - 
    insert 
    into
        read_statuses
        (channel_id, created_at, last_read_at, updated_at, user_id, id) 
    values
        (?, ?, ?, ?, ?, ?)
26-06-10 00:04:38.002 [Test worker] TRACE org.hibernate.orm.jdbc.bind          - binding parameter (1:UUID) <- [d55f10dd-271f-4564-be87-8d84e4db0c90]
26-06-10 00:04:38.002 [Test worker] TRACE org.hibernate.orm.jdbc.bind          - binding parameter (2:TIMESTAMP_UTC) <- [2026-06-09T15:04:37.994960Z]
26-06-10 00:04:38.002 [Test worker] TRACE org.hibernate.orm.jdbc.bind          - binding parameter (3:TIMESTAMP_UTC) <- [2026-06-09T15:04:37.982603Z]
26-06-10 00:04:38.003 [Test worker] TRACE org.hibernate.orm.jdbc.bind          - binding parameter (4:TIMESTAMP_UTC) <- [2026-06-09T15:04:37.994960Z]
26-06-10 00:04:38.003 [Test worker] TRACE org.hibernate.orm.jdbc.bind          - binding parameter (5:UUID) <- [06902b2a-5dda-4efa-927f-461ec88953e9]
26-06-10 00:04:38.003 [Test worker] TRACE org.hibernate.orm.jdbc.bind          - binding parameter (6:UUID) <- [40410ec6-0243-46e3-867d-0fb0d865a247]
26-06-10 00:04:38.005 [Test worker] DEBUG org.hibernate.SQL                    - 
    insert 
    into
        read_statuses
        (channel_id, created_at, last_read_at, updated_at, user_id, id) 
    values
        (?, ?, ?, ?, ?, ?)
26-06-10 00:04:38.005 [Test worker] TRACE org.hibernate.orm.jdbc.bind          - binding parameter (1:UUID) <- [d55f10dd-271f-4564-be87-8d84e4db0c90]
26-06-10 00:04:38.005 [Test worker] TRACE org.hibernate.orm.jdbc.bind          - binding parameter (2:TIMESTAMP_UTC) <- [2026-06-09T15:04:37.998491Z]
26-06-10 00:04:38.005 [Test worker] TRACE org.hibernate.orm.jdbc.bind          - binding parameter (3:TIMESTAMP_UTC) <- [2026-06-09T15:04:37.982603Z]
26-06-10 00:04:38.005 [Test worker] TRACE org.hibernate.orm.jdbc.bind          - binding parameter (4:TIMESTAMP_UTC) <- [2026-06-09T15:04:37.998491Z]
26-06-10 00:04:38.005 [Test worker] TRACE org.hibernate.orm.jdbc.bind          - binding parameter (5:UUID) <- [93cb05da-3c36-4004-b822-4231ac9e489f]
26-06-10 00:04:38.005 [Test worker] TRACE org.hibernate.orm.jdbc.bind          - binding parameter (6:UUID) <- [0dbddadf-e57b-4e6c-8a0a-2c89050adadf]
26-06-10 00:04:38.006 [Test worker] DEBUG org.hibernate.SQL                    - 
    select
        rs1_0.id,
        rs1_0.channel_id,
        rs1_0.created_at,
        rs1_0.last_read_at,
        rs1_0.updated_at,
        rs1_0.user_id,
        u1_0.id,
        u1_0.created_at,
        u1_0.email,
        u1_0.password,
        p1_0.id,
        p1_0.content_type,
        p1_0.created_at,
        p1_0.file_name,
        p1_0.size,
        s1_0.id,
        s1_0.created_at,
        s1_0.last_active_at,
        s1_0.updated_at,
        s1_0.user_id,
        u1_0.updated_at,
        u1_0.username 
    from
        read_statuses rs1_0 
    join
        users u1_0 
            on u1_0.id=rs1_0.user_id 
    join
        user_statuses s1_0 
            on u1_0.id=s1_0.user_id 
    left join
        binary_contents p1_0 
            on p1_0.id=u1_0.profile_id 
    where
        rs1_0.channel_id=?
26-06-10 00:04:38.008 [Test worker] TRACE org.hibernate.orm.jdbc.bind          - binding parameter (1:UUID) <- [d55f10dd-271f-4564-be87-8d84e4db0c90]
26-06-10 00:04:38.015 [Test worker] DEBUG org.hibernate.SQL                    - 
    select
        m1_0.created_at 
    from
        messages m1_0 
    where
        m1_0.channel_id=? 
    order by
        m1_0.created_at desc 
    fetch
        first 1 rows only
26-06-10 00:04:38.016 [Test worker] TRACE org.hibernate.orm.jdbc.bind          - binding parameter (1:UUID) <- [d55f10dd-271f-4564-be87-8d84e4db0c90]
26-06-10 00:04:38.038 [Test worker] DEBUG org.hibernate.SQL                    - 
    select
        u1_0.id 
    from
        users u1_0 
    where
        u1_0.email=? 
    fetch
        first ? rows only
26-06-10 00:04:38.039 [Test worker] TRACE org.hibernate.orm.jdbc.bind          - binding parameter (1:VARCHAR) <- [user1@codeit.com]
26-06-10 00:04:38.039 [Test worker] TRACE org.hibernate.orm.jdbc.bind          - binding parameter (2:INTEGER) <- [1]
26-06-10 00:04:38.042 [Test worker] DEBUG org.hibernate.SQL                    - 
    select
        u1_0.id 
    from
        users u1_0 
    where
        u1_0.username=? 
    fetch
        first ? rows only
26-06-10 00:04:38.043 [Test worker] TRACE org.hibernate.orm.jdbc.bind          - binding parameter (1:VARCHAR) <- [user1]
26-06-10 00:04:38.043 [Test worker] TRACE org.hibernate.orm.jdbc.bind          - binding parameter (2:INTEGER) <- [1]
26-06-10 00:04:38.047 [Test worker] DEBUG org.hibernate.SQL                    - 
    insert 
    into
        users
        (created_at, email, password, profile_id, updated_at, username, id) 
    values
        (?, ?, ?, ?, ?, ?, ?)
26-06-10 00:04:38.048 [Test worker] TRACE org.hibernate.orm.jdbc.bind          - binding parameter (1:TIMESTAMP_UTC) <- [2026-06-09T15:04:38.043858Z]
26-06-10 00:04:38.048 [Test worker] TRACE org.hibernate.orm.jdbc.bind          - binding parameter (2:VARCHAR) <- [user1@codeit.com]
26-06-10 00:04:38.048 [Test worker] TRACE org.hibernate.orm.jdbc.bind          - binding parameter (3:VARCHAR) <- [Password1234]
26-06-10 00:04:38.048 [Test worker] TRACE org.hibernate.orm.jdbc.bind          - binding parameter (4:UUID) <- [null]
26-06-10 00:04:38.048 [Test worker] TRACE org.hibernate.orm.jdbc.bind          - binding parameter (5:TIMESTAMP_UTC) <- [2026-06-09T15:04:38.043858Z]
26-06-10 00:04:38.048 [Test worker] TRACE org.hibernate.orm.jdbc.bind          - binding parameter (6:VARCHAR) <- [user1]
26-06-10 00:04:38.048 [Test worker] TRACE org.hibernate.orm.jdbc.bind          - binding parameter (7:UUID) <- [5f226bd0-7966-402e-a34f-6424620350f4]
26-06-10 00:04:38.049 [Test worker] DEBUG org.hibernate.SQL                    - 
    insert 
    into
        user_statuses
        (created_at, last_active_at, updated_at, user_id, id) 
    values
        (?, ?, ?, ?, ?)
26-06-10 00:04:38.050 [Test worker] TRACE org.hibernate.orm.jdbc.bind          - binding parameter (1:TIMESTAMP_UTC) <- [2026-06-09T15:04:38.044229Z]
26-06-10 00:04:38.050 [Test worker] TRACE org.hibernate.orm.jdbc.bind          - binding parameter (2:TIMESTAMP_UTC) <- [2026-06-09T15:04:38.043529Z]
26-06-10 00:04:38.050 [Test worker] TRACE org.hibernate.orm.jdbc.bind          - binding parameter (3:TIMESTAMP_UTC) <- [2026-06-09T15:04:38.044229Z]
26-06-10 00:04:38.050 [Test worker] TRACE org.hibernate.orm.jdbc.bind          - binding parameter (4:UUID) <- [5f226bd0-7966-402e-a34f-6424620350f4]
26-06-10 00:04:38.050 [Test worker] TRACE org.hibernate.orm.jdbc.bind          - binding parameter (5:UUID) <- [10f9a85b-57c4-4043-81c9-625251975a1d]
26-06-10 00:04:38.051 [Test worker] DEBUG org.hibernate.SQL                    - 
    select
        u1_0.id 
    from
        users u1_0 
    where
        u1_0.email=? 
    fetch
        first ? rows only
26-06-10 00:04:38.051 [Test worker] TRACE org.hibernate.orm.jdbc.bind          - binding parameter (1:VARCHAR) <- [user2@codeit.com]
26-06-10 00:04:38.051 [Test worker] TRACE org.hibernate.orm.jdbc.bind          - binding parameter (2:INTEGER) <- [1]
26-06-10 00:04:38.053 [Test worker] DEBUG org.hibernate.SQL                    - 
    select
        u1_0.id 
    from
        users u1_0 
    where
        u1_0.username=? 
    fetch
        first ? rows only
26-06-10 00:04:38.054 [Test worker] TRACE org.hibernate.orm.jdbc.bind          - binding parameter (1:VARCHAR) <- [user2]
26-06-10 00:04:38.054 [Test worker] TRACE org.hibernate.orm.jdbc.bind          - binding parameter (2:INTEGER) <- [1]
26-06-10 00:04:38.058 [Test worker] DEBUG org.hibernate.SQL                    - 
    select
        m1_0.created_at 
    from
        messages m1_0 
    where
        m1_0.channel_id=? 
    order by
        m1_0.created_at desc 
    fetch
        first 1 rows only
26-06-10 00:04:38.058 [Test worker] TRACE org.hibernate.orm.jdbc.bind          - binding parameter (1:UUID) <- [b8b33c3b-fa5e-4804-8d4b-b41e6c6fe06b]
26-06-10 00:04:38.063 [Test worker] DEBUG org.hibernate.SQL                    - 
    select
        rs1_0.id,
        rs1_0.channel_id,
        rs1_0.created_at,
        rs1_0.last_read_at,
        rs1_0.updated_at,
        rs1_0.user_id 
    from
        read_statuses rs1_0 
    where
        rs1_0.user_id=?
26-06-10 00:04:38.064 [Test worker] TRACE org.hibernate.orm.jdbc.bind          - binding parameter (1:UUID) <- [5f226bd0-7966-402e-a34f-6424620350f4]
26-06-10 00:04:38.070 [Test worker] DEBUG org.hibernate.SQL                    - 
    insert 
    into
        users
        (created_at, email, password, profile_id, updated_at, username, id) 
    values
        (?, ?, ?, ?, ?, ?, ?)
26-06-10 00:04:38.070 [Test worker] TRACE org.hibernate.orm.jdbc.bind          - binding parameter (1:TIMESTAMP_UTC) <- [2026-06-09T15:04:38.054832Z]
26-06-10 00:04:38.070 [Test worker] TRACE org.hibernate.orm.jdbc.bind          - binding parameter (2:VARCHAR) <- [user2@codeit.com]
26-06-10 00:04:38.070 [Test worker] TRACE org.hibernate.orm.jdbc.bind          - binding parameter (3:VARCHAR) <- [Password1234]
26-06-10 00:04:38.071 [Test worker] TRACE org.hibernate.orm.jdbc.bind          - binding parameter (4:UUID) <- [null]
26-06-10 00:04:38.071 [Test worker] TRACE org.hibernate.orm.jdbc.bind          - binding parameter (5:TIMESTAMP_UTC) <- [2026-06-09T15:04:38.054832Z]
26-06-10 00:04:38.071 [Test worker] TRACE org.hibernate.orm.jdbc.bind          - binding parameter (6:VARCHAR) <- [user2]
26-06-10 00:04:38.071 [Test worker] TRACE org.hibernate.orm.jdbc.bind          - binding parameter (7:UUID) <- [a7b11e27-2fb2-4749-803b-43afda65336c]
26-06-10 00:04:38.071 [Test worker] DEBUG org.hibernate.SQL                    - 
    insert 
    into
        user_statuses
        (created_at, last_active_at, updated_at, user_id, id) 
    values
        (?, ?, ?, ?, ?)
26-06-10 00:04:38.071 [Test worker] TRACE org.hibernate.orm.jdbc.bind          - binding parameter (1:TIMESTAMP_UTC) <- [2026-06-09T15:04:38.055276Z]
26-06-10 00:04:38.071 [Test worker] TRACE org.hibernate.orm.jdbc.bind          - binding parameter (2:TIMESTAMP_UTC) <- [2026-06-09T15:04:38.054560Z]
26-06-10 00:04:38.071 [Test worker] TRACE org.hibernate.orm.jdbc.bind          - binding parameter (3:TIMESTAMP_UTC) <- [2026-06-09T15:04:38.055276Z]
26-06-10 00:04:38.071 [Test worker] TRACE org.hibernate.orm.jdbc.bind          - binding parameter (4:UUID) <- [a7b11e27-2fb2-4749-803b-43afda65336c]
26-06-10 00:04:38.071 [Test worker] TRACE org.hibernate.orm.jdbc.bind          - binding parameter (5:UUID) <- [26f071d5-6e4a-4745-a567-f5b45b854dd2]
26-06-10 00:04:38.072 [Test worker] DEBUG org.hibernate.SQL                    - 
    insert 
    into
        channels
        (created_at, description, name, type, updated_at, id) 
    values
        (?, ?, ?, ?, ?, ?)
26-06-10 00:04:38.073 [Test worker] TRACE org.hibernate.orm.jdbc.bind          - binding parameter (1:TIMESTAMP_UTC) <- [2026-06-09T15:04:38.057116Z]
26-06-10 00:04:38.073 [Test worker] TRACE org.hibernate.orm.jdbc.bind          - binding parameter (2:VARCHAR) <- [null]
26-06-10 00:04:38.073 [Test worker] TRACE org.hibernate.orm.jdbc.bind          - binding parameter (3:VARCHAR) <- [public-channel]
26-06-10 00:04:38.073 [Test worker] TRACE org.hibernate.orm.jdbc.bind          - binding parameter (4:ENUM) <- [PUBLIC]
26-06-10 00:04:38.073 [Test worker] TRACE org.hibernate.orm.jdbc.bind          - binding parameter (5:TIMESTAMP_UTC) <- [2026-06-09T15:04:38.057116Z]
26-06-10 00:04:38.073 [Test worker] TRACE org.hibernate.orm.jdbc.bind          - binding parameter (6:UUID) <- [b8b33c3b-fa5e-4804-8d4b-b41e6c6fe06b]
26-06-10 00:04:38.074 [Test worker] DEBUG org.hibernate.SQL                    - 
    select
        c1_0.id,
        c1_0.created_at,
        c1_0.description,
        c1_0.name,
        c1_0.type,
        c1_0.updated_at 
    from
        channels c1_0 
    where
        c1_0.type=? 
        or c1_0.id in (?)
26-06-10 00:04:38.074 [Test worker] TRACE org.hibernate.orm.jdbc.bind          - binding parameter (1:ENUM) <- [PUBLIC]
26-06-10 00:04:38.074 [Test worker] TRACE org.hibernate.orm.jdbc.bind          - binding parameter (2:UUID) <- [null]
26-06-10 00:04:38.076 [Test worker] DEBUG org.hibernate.SQL                    - 
    select
        m1_0.created_at 
    from
        messages m1_0 
    where
        m1_0.channel_id=? 
    order by
        m1_0.created_at desc 
    fetch
        first 1 rows only
26-06-10 00:04:38.077 [Test worker] TRACE org.hibernate.orm.jdbc.bind          - binding parameter (1:UUID) <- [b8b33c3b-fa5e-4804-8d4b-b41e6c6fe06b]
26-06-10 00:04:38.087 [Test worker] DEBUG org.hibernate.SQL                    - 
    select
        u1_0.id 
    from
        users u1_0 
    where
        u1_0.email=? 
    fetch
        first ? rows only
26-06-10 00:04:38.087 [Test worker] TRACE org.hibernate.orm.jdbc.bind          - binding parameter (1:VARCHAR) <- [user1@codeit.com]
26-06-10 00:04:38.088 [Test worker] TRACE org.hibernate.orm.jdbc.bind          - binding parameter (2:INTEGER) <- [1]
26-06-10 00:04:38.089 [Test worker] DEBUG org.hibernate.SQL                    - 
    select
        u1_0.id 
    from
        users u1_0 
    where
        u1_0.username=? 
    fetch
        first ? rows only
26-06-10 00:04:38.090 [Test worker] TRACE org.hibernate.orm.jdbc.bind          - binding parameter (1:VARCHAR) <- [user1]
26-06-10 00:04:38.090 [Test worker] TRACE org.hibernate.orm.jdbc.bind          - binding parameter (2:INTEGER) <- [1]
26-06-10 00:04:38.092 [Test worker] DEBUG org.hibernate.SQL                    - 
    insert 
    into
        users
        (created_at, email, password, profile_id, updated_at, username, id) 
    values
        (?, ?, ?, ?, ?, ?, ?)
26-06-10 00:04:38.093 [Test worker] TRACE org.hibernate.orm.jdbc.bind          - binding parameter (1:TIMESTAMP_UTC) <- [2026-06-09T15:04:38.091615Z]
26-06-10 00:04:38.093 [Test worker] TRACE org.hibernate.orm.jdbc.bind          - binding parameter (2:VARCHAR) <- [user1@codeit.com]
26-06-10 00:04:38.093 [Test worker] TRACE org.hibernate.orm.jdbc.bind          - binding parameter (3:VARCHAR) <- [Password1234]
26-06-10 00:04:38.093 [Test worker] TRACE org.hibernate.orm.jdbc.bind          - binding parameter (4:UUID) <- [null]
26-06-10 00:04:38.093 [Test worker] TRACE org.hibernate.orm.jdbc.bind          - binding parameter (5:TIMESTAMP_UTC) <- [2026-06-09T15:04:38.091615Z]
26-06-10 00:04:38.093 [Test worker] TRACE org.hibernate.orm.jdbc.bind          - binding parameter (6:VARCHAR) <- [user1]
26-06-10 00:04:38.093 [Test worker] TRACE org.hibernate.orm.jdbc.bind          - binding parameter (7:UUID) <- [09f00ce7-23ce-45f6-a6e1-7c7b62f878b5]
26-06-10 00:04:38.094 [Test worker] DEBUG org.hibernate.SQL                    - 
    insert 
    into
        user_statuses
        (created_at, last_active_at, updated_at, user_id, id) 
    values
        (?, ?, ?, ?, ?)
26-06-10 00:04:38.095 [Test worker] TRACE org.hibernate.orm.jdbc.bind          - binding parameter (1:TIMESTAMP_UTC) <- [2026-06-09T15:04:38.091904Z]
26-06-10 00:04:38.095 [Test worker] TRACE org.hibernate.orm.jdbc.bind          - binding parameter (2:TIMESTAMP_UTC) <- [2026-06-09T15:04:38.091294Z]
26-06-10 00:04:38.095 [Test worker] TRACE org.hibernate.orm.jdbc.bind          - binding parameter (3:TIMESTAMP_UTC) <- [2026-06-09T15:04:38.091904Z]
26-06-10 00:04:38.095 [Test worker] TRACE org.hibernate.orm.jdbc.bind          - binding parameter (4:UUID) <- [09f00ce7-23ce-45f6-a6e1-7c7b62f878b5]
26-06-10 00:04:38.095 [Test worker] TRACE org.hibernate.orm.jdbc.bind          - binding parameter (5:UUID) <- [cd7c6571-9b24-4fd3-87cb-0a9c9d5fc9eb]
26-06-10 00:04:38.096 [Test worker] DEBUG org.hibernate.SQL                    - 
    select
        u1_0.id 
    from
        users u1_0 
    where
        u1_0.email=? 
    fetch
        first ? rows only
26-06-10 00:04:38.096 [Test worker] TRACE org.hibernate.orm.jdbc.bind          - binding parameter (1:VARCHAR) <- [user2@codeit.com]
26-06-10 00:04:38.096 [Test worker] TRACE org.hibernate.orm.jdbc.bind          - binding parameter (2:INTEGER) <- [1]
26-06-10 00:04:38.099 [Test worker] DEBUG org.hibernate.SQL                    - 
    select
        u1_0.id 
    from
        users u1_0 
    where
        u1_0.username=? 
    fetch
        first ? rows only
26-06-10 00:04:38.100 [Test worker] TRACE org.hibernate.orm.jdbc.bind          - binding parameter (1:VARCHAR) <- [user2]
26-06-10 00:04:38.100 [Test worker] TRACE org.hibernate.orm.jdbc.bind          - binding parameter (2:INTEGER) <- [1]
26-06-10 00:04:38.103 [Test worker] DEBUG org.hibernate.SQL                    - 
    select
        m1_0.created_at 
    from
        messages m1_0 
    where
        m1_0.channel_id=? 
    order by
        m1_0.created_at desc 
    fetch
        first 1 rows only
26-06-10 00:04:38.104 [Test worker] TRACE org.hibernate.orm.jdbc.bind          - binding parameter (1:UUID) <- [2cf5bfa7-cf97-4ecc-8f61-63f912c431a6]
26-06-10 00:04:38.108 [Test worker] DEBUG org.hibernate.SQL                    - 
    select
        m1_0.created_at 
    from
        messages m1_0 
    where
        m1_0.channel_id=? 
    order by
        m1_0.created_at desc 
    fetch
        first 1 rows only
26-06-10 00:04:38.109 [Test worker] TRACE org.hibernate.orm.jdbc.bind          - binding parameter (1:UUID) <- [2cf5bfa7-cf97-4ecc-8f61-63f912c431a6]
26-06-10 00:04:38.118 [Test worker] DEBUG org.hibernate.SQL                    - 
    select
        u1_0.id 
    from
        users u1_0 
    where
        u1_0.email=? 
    fetch
        first ? rows only
26-06-10 00:04:38.119 [Test worker] TRACE org.hibernate.orm.jdbc.bind          - binding parameter (1:VARCHAR) <- [user1@codeit.com]
26-06-10 00:04:38.119 [Test worker] TRACE org.hibernate.orm.jdbc.bind          - binding parameter (2:INTEGER) <- [1]
26-06-10 00:04:38.121 [Test worker] DEBUG org.hibernate.SQL                    - 
    select
        u1_0.id 
    from
        users u1_0 
    where
        u1_0.username=? 
    fetch
        first ? rows only
26-06-10 00:04:38.122 [Test worker] TRACE org.hibernate.orm.jdbc.bind          - binding parameter (1:VARCHAR) <- [user1]
26-06-10 00:04:38.122 [Test worker] TRACE org.hibernate.orm.jdbc.bind          - binding parameter (2:INTEGER) <- [1]
26-06-10 00:04:38.133 [Test worker] DEBUG org.hibernate.SQL                    - 
    insert 
    into
        users
        (created_at, email, password, profile_id, updated_at, username, id) 
    values
        (?, ?, ?, ?, ?, ?, ?)
26-06-10 00:04:38.134 [Test worker] TRACE org.hibernate.orm.jdbc.bind          - binding parameter (1:TIMESTAMP_UTC) <- [2026-06-09T15:04:38.129923Z]
26-06-10 00:04:38.134 [Test worker] TRACE org.hibernate.orm.jdbc.bind          - binding parameter (2:VARCHAR) <- [user1@codeit.com]
26-06-10 00:04:38.134 [Test worker] TRACE org.hibernate.orm.jdbc.bind          - binding parameter (3:VARCHAR) <- [Password1234]
26-06-10 00:04:38.134 [Test worker] TRACE org.hibernate.orm.jdbc.bind          - binding parameter (4:UUID) <- [null]
26-06-10 00:04:38.134 [Test worker] TRACE org.hibernate.orm.jdbc.bind          - binding parameter (5:TIMESTAMP_UTC) <- [2026-06-09T15:04:38.129923Z]
26-06-10 00:04:38.134 [Test worker] TRACE org.hibernate.orm.jdbc.bind          - binding parameter (6:VARCHAR) <- [user1]
26-06-10 00:04:38.134 [Test worker] TRACE org.hibernate.orm.jdbc.bind          - binding parameter (7:UUID) <- [644c2e7d-3543-4b68-9cd7-69cd4920d4c6]
26-06-10 00:04:38.134 [Test worker] DEBUG org.hibernate.SQL                    - 
    insert 
    into
        user_statuses
        (created_at, last_active_at, updated_at, user_id, id) 
    values
        (?, ?, ?, ?, ?)
26-06-10 00:04:38.135 [Test worker] TRACE org.hibernate.orm.jdbc.bind          - binding parameter (1:TIMESTAMP_UTC) <- [2026-06-09T15:04:38.130140Z]
26-06-10 00:04:38.135 [Test worker] TRACE org.hibernate.orm.jdbc.bind          - binding parameter (2:TIMESTAMP_UTC) <- [2026-06-09T15:04:38.129641Z]
26-06-10 00:04:38.135 [Test worker] TRACE org.hibernate.orm.jdbc.bind          - binding parameter (3:TIMESTAMP_UTC) <- [2026-06-09T15:04:38.130140Z]
26-06-10 00:04:38.135 [Test worker] TRACE org.hibernate.orm.jdbc.bind          - binding parameter (4:UUID) <- [644c2e7d-3543-4b68-9cd7-69cd4920d4c6]
26-06-10 00:04:38.135 [Test worker] TRACE org.hibernate.orm.jdbc.bind          - binding parameter (5:UUID) <- [719ca2e5-a339-4061-904c-1e31766016fb]
26-06-10 00:04:38.135 [Test worker] DEBUG org.hibernate.SQL                    - 
    select
        u1_0.id 
    from
        users u1_0 
    where
        u1_0.email=? 
    fetch
        first ? rows only
26-06-10 00:04:38.135 [Test worker] TRACE org.hibernate.orm.jdbc.bind          - binding parameter (1:VARCHAR) <- [user2@codeit.com]
26-06-10 00:04:38.135 [Test worker] TRACE org.hibernate.orm.jdbc.bind          - binding parameter (2:INTEGER) <- [1]
26-06-10 00:04:38.137 [Test worker] DEBUG org.hibernate.SQL                    - 
    select
        u1_0.id 
    from
        users u1_0 
    where
        u1_0.username=? 
    fetch
        first ? rows only
26-06-10 00:04:38.137 [Test worker] TRACE org.hibernate.orm.jdbc.bind          - binding parameter (1:VARCHAR) <- [user2]
26-06-10 00:04:38.137 [Test worker] TRACE org.hibernate.orm.jdbc.bind          - binding parameter (2:INTEGER) <- [1]
26-06-10 00:04:38.140 [Test worker] DEBUG org.hibernate.SQL                    - 
    insert 
    into
        users
        (created_at, email, password, profile_id, updated_at, username, id) 
    values
        (?, ?, ?, ?, ?, ?, ?)
26-06-10 00:04:38.141 [Test worker] TRACE org.hibernate.orm.jdbc.bind          - binding parameter (1:TIMESTAMP_UTC) <- [2026-06-09T15:04:38.138550Z]
26-06-10 00:04:38.141 [Test worker] TRACE org.hibernate.orm.jdbc.bind          - binding parameter (2:VARCHAR) <- [user2@codeit.com]
26-06-10 00:04:38.141 [Test worker] TRACE org.hibernate.orm.jdbc.bind          - binding parameter (3:VARCHAR) <- [Password1234]
26-06-10 00:04:38.141 [Test worker] TRACE org.hibernate.orm.jdbc.bind          - binding parameter (4:UUID) <- [null]
26-06-10 00:04:38.141 [Test worker] TRACE org.hibernate.orm.jdbc.bind          - binding parameter (5:TIMESTAMP_UTC) <- [2026-06-09T15:04:38.138550Z]
26-06-10 00:04:38.141 [Test worker] TRACE org.hibernate.orm.jdbc.bind          - binding parameter (6:VARCHAR) <- [user2]
26-06-10 00:04:38.141 [Test worker] TRACE org.hibernate.orm.jdbc.bind          - binding parameter (7:UUID) <- [674f14b8-6ec4-485d-9d4d-f9133cf26e68]
26-06-10 00:04:38.142 [Test worker] DEBUG org.hibernate.SQL                    - 
    insert 
    into
        user_statuses
        (created_at, last_active_at, updated_at, user_id, id) 
    values
        (?, ?, ?, ?, ?)
26-06-10 00:04:38.142 [Test worker] TRACE org.hibernate.orm.jdbc.bind          - binding parameter (1:TIMESTAMP_UTC) <- [2026-06-09T15:04:38.139008Z]
26-06-10 00:04:38.142 [Test worker] TRACE org.hibernate.orm.jdbc.bind          - binding parameter (2:TIMESTAMP_UTC) <- [2026-06-09T15:04:38.138336Z]
26-06-10 00:04:38.142 [Test worker] TRACE org.hibernate.orm.jdbc.bind          - binding parameter (3:TIMESTAMP_UTC) <- [2026-06-09T15:04:38.139008Z]
26-06-10 00:04:38.142 [Test worker] TRACE org.hibernate.orm.jdbc.bind          - binding parameter (4:UUID) <- [674f14b8-6ec4-485d-9d4d-f9133cf26e68]
26-06-10 00:04:38.142 [Test worker] TRACE org.hibernate.orm.jdbc.bind          - binding parameter (5:UUID) <- [990a8003-a1ac-4ada-8495-2af1686fa882]
26-06-10 00:04:38.143 [Test worker] DEBUG org.hibernate.SQL                    - 
    insert 
    into
        channels
        (created_at, description, name, type, updated_at, id) 
    values
        (?, ?, ?, ?, ?, ?)
26-06-10 00:04:38.144 [Test worker] TRACE org.hibernate.orm.jdbc.bind          - binding parameter (1:TIMESTAMP_UTC) <- [2026-06-09T15:04:38.139564Z]
26-06-10 00:04:38.144 [Test worker] TRACE org.hibernate.orm.jdbc.bind          - binding parameter (2:VARCHAR) <- [null]
26-06-10 00:04:38.144 [Test worker] TRACE org.hibernate.orm.jdbc.bind          - binding parameter (3:VARCHAR) <- [null]
26-06-10 00:04:38.144 [Test worker] TRACE org.hibernate.orm.jdbc.bind          - binding parameter (4:ENUM) <- [PRIVATE]
26-06-10 00:04:38.144 [Test worker] TRACE org.hibernate.orm.jdbc.bind          - binding parameter (5:TIMESTAMP_UTC) <- [2026-06-09T15:04:38.139564Z]
26-06-10 00:04:38.144 [Test worker] TRACE org.hibernate.orm.jdbc.bind          - binding parameter (6:UUID) <- [79acc9b6-59e3-411c-87ac-83e51ebdaa5e]
26-06-10 00:04:38.145 [Test worker] DEBUG org.hibernate.SQL                    - 
    select
        u1_0.id,
        u1_0.created_at,
        u1_0.email,
        u1_0.password,
        u1_0.profile_id,
        u1_0.updated_at,
        u1_0.username 
    from
        users u1_0 
    where
        u1_0.id in (?)
26-06-10 00:04:38.145 [Test worker] TRACE org.hibernate.orm.jdbc.bind          - binding parameter (1:UUID) <- [644c2e7d-3543-4b68-9cd7-69cd4920d4c6]
26-06-10 00:04:38.148 [Test worker] DEBUG org.hibernate.SQL                    - 
    insert 
    into
        read_statuses
        (channel_id, created_at, last_read_at, updated_at, user_id, id) 
    values
        (?, ?, ?, ?, ?, ?)
26-06-10 00:04:38.148 [Test worker] TRACE org.hibernate.orm.jdbc.bind          - binding parameter (1:UUID) <- [79acc9b6-59e3-411c-87ac-83e51ebdaa5e]
26-06-10 00:04:38.148 [Test worker] TRACE org.hibernate.orm.jdbc.bind          - binding parameter (2:TIMESTAMP_UTC) <- [2026-06-09T15:04:38.146387Z]
26-06-10 00:04:38.148 [Test worker] TRACE org.hibernate.orm.jdbc.bind          - binding parameter (3:TIMESTAMP_UTC) <- [2026-06-09T15:04:38.139564Z]
26-06-10 00:04:38.148 [Test worker] TRACE org.hibernate.orm.jdbc.bind          - binding parameter (4:TIMESTAMP_UTC) <- [2026-06-09T15:04:38.146387Z]
26-06-10 00:04:38.148 [Test worker] TRACE org.hibernate.orm.jdbc.bind          - binding parameter (5:UUID) <- [644c2e7d-3543-4b68-9cd7-69cd4920d4c6]
26-06-10 00:04:38.148 [Test worker] TRACE org.hibernate.orm.jdbc.bind          - binding parameter (6:UUID) <- [f32edb02-a142-45ab-8e7a-e1cf3f3c7ccb]
26-06-10 00:04:38.149 [Test worker] DEBUG org.hibernate.SQL                    - 
    select
        rs1_0.id,
        rs1_0.channel_id,
        rs1_0.created_at,
        rs1_0.last_read_at,
        rs1_0.updated_at,
        rs1_0.user_id,
        u1_0.id,
        u1_0.created_at,
        u1_0.email,
        u1_0.password,
        p1_0.id,
        p1_0.content_type,
        p1_0.created_at,
        p1_0.file_name,
        p1_0.size,
        s1_0.id,
        s1_0.created_at,
        s1_0.last_active_at,
        s1_0.updated_at,
        s1_0.user_id,
        u1_0.updated_at,
        u1_0.username 
    from
        read_statuses rs1_0 
    join
        users u1_0 
            on u1_0.id=rs1_0.user_id 
    join
        user_statuses s1_0 
            on u1_0.id=s1_0.user_id 
    left join
        binary_contents p1_0 
            on p1_0.id=u1_0.profile_id 
    where
        rs1_0.channel_id=?
26-06-10 00:04:38.149 [Test worker] TRACE org.hibernate.orm.jdbc.bind          - binding parameter (1:UUID) <- [79acc9b6-59e3-411c-87ac-83e51ebdaa5e]
26-06-10 00:04:38.150 [Test worker] DEBUG org.hibernate.SQL                    - 
    select
        m1_0.created_at 
    from
        messages m1_0 
    where
        m1_0.channel_id=? 
    order by
        m1_0.created_at desc 
    fetch
        first 1 rows only
26-06-10 00:04:38.151 [Test worker] TRACE org.hibernate.orm.jdbc.bind          - binding parameter (1:UUID) <- [79acc9b6-59e3-411c-87ac-83e51ebdaa5e]
26-06-10 00:04:38.153 [Test worker] DEBUG org.hibernate.SQL                    - 
    select
        rs1_0.id,
        rs1_0.channel_id,
        rs1_0.created_at,
        rs1_0.last_read_at,
        rs1_0.updated_at,
        rs1_0.user_id 
    from
        read_statuses rs1_0 
    where
        rs1_0.user_id=?
26-06-10 00:04:38.154 [Test worker] TRACE org.hibernate.orm.jdbc.bind          - binding parameter (1:UUID) <- [644c2e7d-3543-4b68-9cd7-69cd4920d4c6]
26-06-10 00:04:38.158 [Test worker] DEBUG org.hibernate.SQL                    - 
    select
        c1_0.id,
        c1_0.created_at,
        c1_0.description,
        c1_0.name,
        c1_0.type,
        c1_0.updated_at 
    from
        channels c1_0 
    where
        c1_0.type=? 
        or c1_0.id in (?)
26-06-10 00:04:38.158 [Test worker] TRACE org.hibernate.orm.jdbc.bind          - binding parameter (1:ENUM) <- [PUBLIC]
26-06-10 00:04:38.159 [Test worker] TRACE org.hibernate.orm.jdbc.bind          - binding parameter (2:UUID) <- [79acc9b6-59e3-411c-87ac-83e51ebdaa5e]
26-06-10 00:04:38.159 [Test worker] DEBUG org.hibernate.SQL                    - 
    select
        rs1_0.id,
        rs1_0.channel_id,
        rs1_0.created_at,
        rs1_0.last_read_at,
        rs1_0.updated_at,
        rs1_0.user_id,
        u1_0.id,
        u1_0.created_at,
        u1_0.email,
        u1_0.password,
        p1_0.id,
        p1_0.content_type,
        p1_0.created_at,
        p1_0.file_name,
        p1_0.size,
        s1_0.id,
        s1_0.created_at,
        s1_0.last_active_at,
        s1_0.updated_at,
        s1_0.user_id,
        u1_0.updated_at,
        u1_0.username 
    from
        read_statuses rs1_0 
    join
        users u1_0 
            on u1_0.id=rs1_0.user_id 
    join
        user_statuses s1_0 
            on u1_0.id=s1_0.user_id 
    left join
        binary_contents p1_0 
            on p1_0.id=u1_0.profile_id 
    where
        rs1_0.channel_id=?
26-06-10 00:04:38.160 [Test worker] TRACE org.hibernate.orm.jdbc.bind          - binding parameter (1:UUID) <- [79acc9b6-59e3-411c-87ac-83e51ebdaa5e]
26-06-10 00:04:38.160 [Test worker] DEBUG org.hibernate.SQL                    - 
    select
        m1_0.created_at 
    from
        messages m1_0 
    where
        m1_0.channel_id=? 
    order by
        m1_0.created_at desc 
    fetch
        first 1 rows only
26-06-10 00:04:38.161 [Test worker] TRACE org.hibernate.orm.jdbc.bind          - binding parameter (1:UUID) <- [79acc9b6-59e3-411c-87ac-83e51ebdaa5e]
26-06-10 00:04:38.171 [Test worker] DEBUG org.hibernate.SQL                    - 
    select
        u1_0.id 
    from
        users u1_0 
    where
        u1_0.email=? 
    fetch
        first ? rows only
26-06-10 00:04:38.172 [Test worker] TRACE org.hibernate.orm.jdbc.bind          - binding parameter (1:VARCHAR) <- [user1@codeit.com]
26-06-10 00:04:38.172 [Test worker] TRACE org.hibernate.orm.jdbc.bind          - binding parameter (2:INTEGER) <- [1]
26-06-10 00:04:38.175 [Test worker] DEBUG org.hibernate.SQL                    - 
    select
        u1_0.id 
    from
        users u1_0 
    where
        u1_0.username=? 
    fetch
        first ? rows only
26-06-10 00:04:38.176 [Test worker] TRACE org.hibernate.orm.jdbc.bind          - binding parameter (1:VARCHAR) <- [user1]
26-06-10 00:04:38.176 [Test worker] TRACE org.hibernate.orm.jdbc.bind          - binding parameter (2:INTEGER) <- [1]
26-06-10 00:04:38.181 [Test worker] DEBUG org.hibernate.SQL                    - 
    insert 
    into
        users
        (created_at, email, password, profile_id, updated_at, username, id) 
    values
        (?, ?, ?, ?, ?, ?, ?)
26-06-10 00:04:38.181 [Test worker] TRACE org.hibernate.orm.jdbc.bind          - binding parameter (1:TIMESTAMP_UTC) <- [2026-06-09T15:04:38.177626Z]
26-06-10 00:04:38.181 [Test worker] TRACE org.hibernate.orm.jdbc.bind          - binding parameter (2:VARCHAR) <- [user1@codeit.com]
26-06-10 00:04:38.181 [Test worker] TRACE org.hibernate.orm.jdbc.bind          - binding parameter (3:VARCHAR) <- [Password1234]
26-06-10 00:04:38.181 [Test worker] TRACE org.hibernate.orm.jdbc.bind          - binding parameter (4:UUID) <- [null]
26-06-10 00:04:38.181 [Test worker] TRACE org.hibernate.orm.jdbc.bind          - binding parameter (5:TIMESTAMP_UTC) <- [2026-06-09T15:04:38.177626Z]
26-06-10 00:04:38.181 [Test worker] TRACE org.hibernate.orm.jdbc.bind          - binding parameter (6:VARCHAR) <- [user1]
26-06-10 00:04:38.181 [Test worker] TRACE org.hibernate.orm.jdbc.bind          - binding parameter (7:UUID) <- [8d04cf98-bc66-47e0-b2d8-f1390bc633f2]
26-06-10 00:04:38.182 [Test worker] DEBUG org.hibernate.SQL                    - 
    insert 
    into
        user_statuses
        (created_at, last_active_at, updated_at, user_id, id) 
    values
        (?, ?, ?, ?, ?)
26-06-10 00:04:38.182 [Test worker] TRACE org.hibernate.orm.jdbc.bind          - binding parameter (1:TIMESTAMP_UTC) <- [2026-06-09T15:04:38.178041Z]
26-06-10 00:04:38.182 [Test worker] TRACE org.hibernate.orm.jdbc.bind          - binding parameter (2:TIMESTAMP_UTC) <- [2026-06-09T15:04:38.177215Z]
26-06-10 00:04:38.182 [Test worker] TRACE org.hibernate.orm.jdbc.bind          - binding parameter (3:TIMESTAMP_UTC) <- [2026-06-09T15:04:38.178041Z]
26-06-10 00:04:38.182 [Test worker] TRACE org.hibernate.orm.jdbc.bind          - binding parameter (4:UUID) <- [8d04cf98-bc66-47e0-b2d8-f1390bc633f2]
26-06-10 00:04:38.182 [Test worker] TRACE org.hibernate.orm.jdbc.bind          - binding parameter (5:UUID) <- [1c36f38a-9420-4139-9a60-ff9525f3d81d]
26-06-10 00:04:38.183 [Test worker] DEBUG org.hibernate.SQL                    - 
    select
        u1_0.id 
    from
        users u1_0 
    where
        u1_0.email=? 
    fetch
        first ? rows only
26-06-10 00:04:38.183 [Test worker] TRACE org.hibernate.orm.jdbc.bind          - binding parameter (1:VARCHAR) <- [user2@codeit.com]
26-06-10 00:04:38.183 [Test worker] TRACE org.hibernate.orm.jdbc.bind          - binding parameter (2:INTEGER) <- [1]
26-06-10 00:04:38.186 [Test worker] DEBUG org.hibernate.SQL                    - 
    select
        u1_0.id 
    from
        users u1_0 
    where
        u1_0.username=? 
    fetch
        first ? rows only
26-06-10 00:04:38.186 [Test worker] TRACE org.hibernate.orm.jdbc.bind          - binding parameter (1:VARCHAR) <- [user2]
26-06-10 00:04:38.186 [Test worker] TRACE org.hibernate.orm.jdbc.bind          - binding parameter (2:INTEGER) <- [1]
26-06-10 00:04:38.188 [Test worker] DEBUG org.hibernate.SQL                    - 
    select
        count(*) 
    from
        channels c1_0 
    where
        c1_0.id=?
26-06-10 00:04:38.188 [Test worker] TRACE org.hibernate.orm.jdbc.bind          - binding parameter (1:UUID) <- [9dd30306-cc7e-465c-8c9e-9db425d96ed9]
26-06-10 00:04:38.195 [Test worker] DEBUG org.hibernate.SQL                    - 
    select
        u1_0.id 
    from
        users u1_0 
    where
        u1_0.email=? 
    fetch
        first ? rows only
26-06-10 00:04:38.198 [Test worker] TRACE org.hibernate.orm.jdbc.bind          - binding parameter (1:VARCHAR) <- [user1@codeit.com]
26-06-10 00:04:38.198 [Test worker] TRACE org.hibernate.orm.jdbc.bind          - binding parameter (2:INTEGER) <- [1]
26-06-10 00:04:38.200 [Test worker] DEBUG org.hibernate.SQL                    - 
    select
        u1_0.id 
    from
        users u1_0 
    where
        u1_0.username=? 
    fetch
        first ? rows only
26-06-10 00:04:38.200 [Test worker] TRACE org.hibernate.orm.jdbc.bind          - binding parameter (1:VARCHAR) <- [user1]
26-06-10 00:04:38.200 [Test worker] TRACE org.hibernate.orm.jdbc.bind          - binding parameter (2:INTEGER) <- [1]
26-06-10 00:04:38.203 [Test worker] DEBUG org.hibernate.SQL                    - 
    insert 
    into
        users
        (created_at, email, password, profile_id, updated_at, username, id) 
    values
        (?, ?, ?, ?, ?, ?, ?)
26-06-10 00:04:38.204 [Test worker] TRACE org.hibernate.orm.jdbc.bind          - binding parameter (1:TIMESTAMP_UTC) <- [2026-06-09T15:04:38.201246Z]
26-06-10 00:04:38.205 [Test worker] TRACE org.hibernate.orm.jdbc.bind          - binding parameter (2:VARCHAR) <- [user1@codeit.com]
26-06-10 00:04:38.205 [Test worker] TRACE org.hibernate.orm.jdbc.bind          - binding parameter (3:VARCHAR) <- [Password1234]
26-06-10 00:04:38.205 [Test worker] TRACE org.hibernate.orm.jdbc.bind          - binding parameter (4:UUID) <- [null]
26-06-10 00:04:38.205 [Test worker] TRACE org.hibernate.orm.jdbc.bind          - binding parameter (5:TIMESTAMP_UTC) <- [2026-06-09T15:04:38.201246Z]
26-06-10 00:04:38.205 [Test worker] TRACE org.hibernate.orm.jdbc.bind          - binding parameter (6:VARCHAR) <- [user1]
26-06-10 00:04:38.205 [Test worker] TRACE org.hibernate.orm.jdbc.bind          - binding parameter (7:UUID) <- [0543f830-522d-44fa-b4f5-7b2f159861f3]
26-06-10 00:04:38.206 [Test worker] DEBUG org.hibernate.SQL                    - 
    insert 
    into
        user_statuses
        (created_at, last_active_at, updated_at, user_id, id) 
    values
        (?, ?, ?, ?, ?)
26-06-10 00:04:38.207 [Test worker] TRACE org.hibernate.orm.jdbc.bind          - binding parameter (1:TIMESTAMP_UTC) <- [2026-06-09T15:04:38.201703Z]
26-06-10 00:04:38.207 [Test worker] TRACE org.hibernate.orm.jdbc.bind          - binding parameter (2:TIMESTAMP_UTC) <- [2026-06-09T15:04:38.201053Z]
26-06-10 00:04:38.207 [Test worker] TRACE org.hibernate.orm.jdbc.bind          - binding parameter (3:TIMESTAMP_UTC) <- [2026-06-09T15:04:38.201703Z]
26-06-10 00:04:38.207 [Test worker] TRACE org.hibernate.orm.jdbc.bind          - binding parameter (4:UUID) <- [0543f830-522d-44fa-b4f5-7b2f159861f3]
26-06-10 00:04:38.207 [Test worker] TRACE org.hibernate.orm.jdbc.bind          - binding parameter (5:UUID) <- [02ffc6e8-2064-402f-89d3-a13c91c7fc3f]
26-06-10 00:04:38.208 [Test worker] DEBUG org.hibernate.SQL                    - 
    select
        u1_0.id 
    from
        users u1_0 
    where
        u1_0.email=? 
    fetch
        first ? rows only
26-06-10 00:04:38.208 [Test worker] TRACE org.hibernate.orm.jdbc.bind          - binding parameter (1:VARCHAR) <- [user2@codeit.com]
26-06-10 00:04:38.208 [Test worker] TRACE org.hibernate.orm.jdbc.bind          - binding parameter (2:INTEGER) <- [1]
26-06-10 00:04:38.210 [Test worker] DEBUG org.hibernate.SQL                    - 
    select
        u1_0.id 
    from
        users u1_0 
    where
        u1_0.username=? 
    fetch
        first ? rows only
26-06-10 00:04:38.210 [Test worker] TRACE org.hibernate.orm.jdbc.bind          - binding parameter (1:VARCHAR) <- [user2]
26-06-10 00:04:38.210 [Test worker] TRACE org.hibernate.orm.jdbc.bind          - binding parameter (2:INTEGER) <- [1]
26-06-10 00:04:38.214 [Test worker] DEBUG org.hibernate.SQL                    - 
    insert 
    into
        users
        (created_at, email, password, profile_id, updated_at, username, id) 
    values
        (?, ?, ?, ?, ?, ?, ?)
26-06-10 00:04:38.214 [Test worker] TRACE org.hibernate.orm.jdbc.bind          - binding parameter (1:TIMESTAMP_UTC) <- [2026-06-09T15:04:38.211804Z]
26-06-10 00:04:38.214 [Test worker] TRACE org.hibernate.orm.jdbc.bind          - binding parameter (2:VARCHAR) <- [user2@codeit.com]
26-06-10 00:04:38.214 [Test worker] TRACE org.hibernate.orm.jdbc.bind          - binding parameter (3:VARCHAR) <- [Password1234]
26-06-10 00:04:38.214 [Test worker] TRACE org.hibernate.orm.jdbc.bind          - binding parameter (4:UUID) <- [null]
26-06-10 00:04:38.214 [Test worker] TRACE org.hibernate.orm.jdbc.bind          - binding parameter (5:TIMESTAMP_UTC) <- [2026-06-09T15:04:38.211804Z]
26-06-10 00:04:38.214 [Test worker] TRACE org.hibernate.orm.jdbc.bind          - binding parameter (6:VARCHAR) <- [user2]
26-06-10 00:04:38.214 [Test worker] TRACE org.hibernate.orm.jdbc.bind          - binding parameter (7:UUID) <- [cdf9408f-0503-40e7-b723-c4c154d6e1e1]
26-06-10 00:04:38.215 [Test worker] DEBUG org.hibernate.SQL                    - 
    insert 
    into
        user_statuses
        (created_at, last_active_at, updated_at, user_id, id) 
    values
        (?, ?, ?, ?, ?)
26-06-10 00:04:38.215 [Test worker] TRACE org.hibernate.orm.jdbc.bind          - binding parameter (1:TIMESTAMP_UTC) <- [2026-06-09T15:04:38.212221Z]
26-06-10 00:04:38.215 [Test worker] TRACE org.hibernate.orm.jdbc.bind          - binding parameter (2:TIMESTAMP_UTC) <- [2026-06-09T15:04:38.211495Z]
26-06-10 00:04:38.215 [Test worker] TRACE org.hibernate.orm.jdbc.bind          - binding parameter (3:TIMESTAMP_UTC) <- [2026-06-09T15:04:38.212221Z]
26-06-10 00:04:38.215 [Test worker] TRACE org.hibernate.orm.jdbc.bind          - binding parameter (4:UUID) <- [cdf9408f-0503-40e7-b723-c4c154d6e1e1]
26-06-10 00:04:38.215 [Test worker] TRACE org.hibernate.orm.jdbc.bind          - binding parameter (5:UUID) <- [71e1193a-e53c-4419-ae2b-2fc14ed4cf81]
26-06-10 00:04:38.216 [Test worker] DEBUG org.hibernate.SQL                    - 
    insert 
    into
        channels
        (created_at, description, name, type, updated_at, id) 
    values
        (?, ?, ?, ?, ?, ?)
26-06-10 00:04:38.217 [Test worker] TRACE org.hibernate.orm.jdbc.bind          - binding parameter (1:TIMESTAMP_UTC) <- [2026-06-09T15:04:38.212955Z]
26-06-10 00:04:38.217 [Test worker] TRACE org.hibernate.orm.jdbc.bind          - binding parameter (2:VARCHAR) <- [null]
26-06-10 00:04:38.217 [Test worker] TRACE org.hibernate.orm.jdbc.bind          - binding parameter (3:VARCHAR) <- [null]
26-06-10 00:04:38.217 [Test worker] TRACE org.hibernate.orm.jdbc.bind          - binding parameter (4:ENUM) <- [PRIVATE]
26-06-10 00:04:38.217 [Test worker] TRACE org.hibernate.orm.jdbc.bind          - binding parameter (5:TIMESTAMP_UTC) <- [2026-06-09T15:04:38.212955Z]
26-06-10 00:04:38.218 [Test worker] TRACE org.hibernate.orm.jdbc.bind          - binding parameter (6:UUID) <- [f63153a9-d253-46a6-bf31-5faa8bfc5250]
26-06-10 00:04:38.218 [Test worker] DEBUG org.hibernate.SQL                    - 
    select
        u1_0.id,
        u1_0.created_at,
        u1_0.email,
        u1_0.password,
        u1_0.profile_id,
        u1_0.updated_at,
        u1_0.username 
    from
        users u1_0 
    where
        u1_0.id in (?)
26-06-10 00:04:38.219 [Test worker] TRACE org.hibernate.orm.jdbc.bind          - binding parameter (1:UUID) <- [0543f830-522d-44fa-b4f5-7b2f159861f3]
26-06-10 00:04:38.221 [Test worker] DEBUG org.hibernate.SQL                    - 
    insert 
    into
        read_statuses
        (channel_id, created_at, last_read_at, updated_at, user_id, id) 
    values
        (?, ?, ?, ?, ?, ?)
26-06-10 00:04:38.222 [Test worker] TRACE org.hibernate.orm.jdbc.bind          - binding parameter (1:UUID) <- [f63153a9-d253-46a6-bf31-5faa8bfc5250]
26-06-10 00:04:38.223 [Test worker] TRACE org.hibernate.orm.jdbc.bind          - binding parameter (2:TIMESTAMP_UTC) <- [2026-06-09T15:04:38.220641Z]
26-06-10 00:04:38.223 [Test worker] TRACE org.hibernate.orm.jdbc.bind          - binding parameter (3:TIMESTAMP_UTC) <- [2026-06-09T15:04:38.212955Z]
26-06-10 00:04:38.223 [Test worker] TRACE org.hibernate.orm.jdbc.bind          - binding parameter (4:TIMESTAMP_UTC) <- [2026-06-09T15:04:38.220641Z]
26-06-10 00:04:38.224 [Test worker] TRACE org.hibernate.orm.jdbc.bind          - binding parameter (5:UUID) <- [0543f830-522d-44fa-b4f5-7b2f159861f3]
26-06-10 00:04:38.224 [Test worker] TRACE org.hibernate.orm.jdbc.bind          - binding parameter (6:UUID) <- [5a6de501-1652-45fc-af51-6046aa5410ff]
26-06-10 00:04:38.224 [Test worker] DEBUG org.hibernate.SQL                    - 
    select
        rs1_0.id,
        rs1_0.channel_id,
        rs1_0.created_at,
        rs1_0.last_read_at,
        rs1_0.updated_at,
        rs1_0.user_id,
        u1_0.id,
        u1_0.created_at,
        u1_0.email,
        u1_0.password,
        p1_0.id,
        p1_0.content_type,
        p1_0.created_at,
        p1_0.file_name,
        p1_0.size,
        s1_0.id,
        s1_0.created_at,
        s1_0.last_active_at,
        s1_0.updated_at,
        s1_0.user_id,
        u1_0.updated_at,
        u1_0.username 
    from
        read_statuses rs1_0 
    join
        users u1_0 
            on u1_0.id=rs1_0.user_id 
    join
        user_statuses s1_0 
            on u1_0.id=s1_0.user_id 
    left join
        binary_contents p1_0 
            on p1_0.id=u1_0.profile_id 
    where
        rs1_0.channel_id=?
26-06-10 00:04:38.226 [Test worker] TRACE org.hibernate.orm.jdbc.bind          - binding parameter (1:UUID) <- [f63153a9-d253-46a6-bf31-5faa8bfc5250]
26-06-10 00:04:38.229 [Test worker] DEBUG org.hibernate.SQL                    - 
    select
        m1_0.created_at 
    from
        messages m1_0 
    where
        m1_0.channel_id=? 
    order by
        m1_0.created_at desc 
    fetch
        first 1 rows only
26-06-10 00:04:38.230 [Test worker] TRACE org.hibernate.orm.jdbc.bind          - binding parameter (1:UUID) <- [f63153a9-d253-46a6-bf31-5faa8bfc5250]
26-06-10 00:04:38.249 [Test worker] DEBUG org.hibernate.SQL                    - 
    select
        u1_0.id 
    from
        users u1_0 
    where
        u1_0.email=? 
    fetch
        first ? rows only
26-06-10 00:04:38.249 [Test worker] TRACE org.hibernate.orm.jdbc.bind          - binding parameter (1:VARCHAR) <- [user1@codeit.com]
26-06-10 00:04:38.249 [Test worker] TRACE org.hibernate.orm.jdbc.bind          - binding parameter (2:INTEGER) <- [1]
26-06-10 00:04:38.251 [Test worker] DEBUG org.hibernate.SQL                    - 
    select
        u1_0.id 
    from
        users u1_0 
    where
        u1_0.username=? 
    fetch
        first ? rows only
26-06-10 00:04:38.252 [Test worker] TRACE org.hibernate.orm.jdbc.bind          - binding parameter (1:VARCHAR) <- [user1]
26-06-10 00:04:38.252 [Test worker] TRACE org.hibernate.orm.jdbc.bind          - binding parameter (2:INTEGER) <- [1]
26-06-10 00:04:38.256 [Test worker] DEBUG org.hibernate.SQL                    - 
    insert 
    into
        users
        (created_at, email, password, profile_id, updated_at, username, id) 
    values
        (?, ?, ?, ?, ?, ?, ?)
26-06-10 00:04:38.257 [Test worker] TRACE org.hibernate.orm.jdbc.bind          - binding parameter (1:TIMESTAMP_UTC) <- [2026-06-09T15:04:38.253785Z]
26-06-10 00:04:38.257 [Test worker] TRACE org.hibernate.orm.jdbc.bind          - binding parameter (2:VARCHAR) <- [user1@codeit.com]
26-06-10 00:04:38.257 [Test worker] TRACE org.hibernate.orm.jdbc.bind          - binding parameter (3:VARCHAR) <- [Password1234]
26-06-10 00:04:38.257 [Test worker] TRACE org.hibernate.orm.jdbc.bind          - binding parameter (4:UUID) <- [null]
26-06-10 00:04:38.257 [Test worker] TRACE org.hibernate.orm.jdbc.bind          - binding parameter (5:TIMESTAMP_UTC) <- [2026-06-09T15:04:38.253785Z]
26-06-10 00:04:38.257 [Test worker] TRACE org.hibernate.orm.jdbc.bind          - binding parameter (6:VARCHAR) <- [user1]
26-06-10 00:04:38.257 [Test worker] TRACE org.hibernate.orm.jdbc.bind          - binding parameter (7:UUID) <- [21499806-aacc-4aab-9ee7-eb6f4ffd0a4f]
26-06-10 00:04:38.258 [Test worker] DEBUG org.hibernate.SQL                    - 
    insert 
    into
        user_statuses
        (created_at, last_active_at, updated_at, user_id, id) 
    values
        (?, ?, ?, ?, ?)
26-06-10 00:04:38.258 [Test worker] TRACE org.hibernate.orm.jdbc.bind          - binding parameter (1:TIMESTAMP_UTC) <- [2026-06-09T15:04:38.254212Z]
26-06-10 00:04:38.258 [Test worker] TRACE org.hibernate.orm.jdbc.bind          - binding parameter (2:TIMESTAMP_UTC) <- [2026-06-09T15:04:38.253480Z]
26-06-10 00:04:38.258 [Test worker] TRACE org.hibernate.orm.jdbc.bind          - binding parameter (3:TIMESTAMP_UTC) <- [2026-06-09T15:04:38.254212Z]
26-06-10 00:04:38.258 [Test worker] TRACE org.hibernate.orm.jdbc.bind          - binding parameter (4:UUID) <- [21499806-aacc-4aab-9ee7-eb6f4ffd0a4f]
26-06-10 00:04:38.258 [Test worker] TRACE org.hibernate.orm.jdbc.bind          - binding parameter (5:UUID) <- [eb7d88c0-8fdc-47ae-806a-9b1d68bf73f8]
26-06-10 00:04:38.258 [Test worker] DEBUG org.hibernate.SQL                    - 
    select
        u1_0.id 
    from
        users u1_0 
    where
        u1_0.email=? 
    fetch
        first ? rows only
26-06-10 00:04:38.258 [Test worker] TRACE org.hibernate.orm.jdbc.bind          - binding parameter (1:VARCHAR) <- [user2@codeit.com]
26-06-10 00:04:38.258 [Test worker] TRACE org.hibernate.orm.jdbc.bind          - binding parameter (2:INTEGER) <- [1]
26-06-10 00:04:38.259 [Test worker] DEBUG org.hibernate.SQL                    - 
    select
        u1_0.id 
    from
        users u1_0 
    where
        u1_0.username=? 
    fetch
        first ? rows only
26-06-10 00:04:38.259 [Test worker] TRACE org.hibernate.orm.jdbc.bind          - binding parameter (1:VARCHAR) <- [user2]
26-06-10 00:04:38.259 [Test worker] TRACE org.hibernate.orm.jdbc.bind          - binding parameter (2:INTEGER) <- [1]
26-06-10 00:04:38.263 [Test worker] DEBUG org.hibernate.SQL                    - 
    select
        m1_0.created_at 
    from
        messages m1_0 
    where
        m1_0.channel_id=? 
    order by
        m1_0.created_at desc 
    fetch
        first 1 rows only
26-06-10 00:04:38.263 [Test worker] TRACE org.hibernate.orm.jdbc.bind          - binding parameter (1:UUID) <- [895d15c9-f440-4317-bd33-376cc745c87c]
26-06-10 00:04:38.280 [SpringApplicationShutdownHook] INFO  o.s.o.j.LocalContainerEntityManagerFactoryBean - Closing JPA EntityManagerFactory for persistence unit 'default'
26-06-10 00:04:38.280 [SpringApplicationShutdownHook] DEBUG org.hibernate.SQL                    - 
    drop table if exists binary_contents cascade 
26-06-10 00:04:38.281 [SpringApplicationShutdownHook] DEBUG org.hibernate.SQL                    - 
    drop table if exists channels cascade 
26-06-10 00:04:38.281 [SpringApplicationShutdownHook] DEBUG org.hibernate.SQL                    - 
    drop table if exists message_attachments cascade 
26-06-10 00:04:38.281 [SpringApplicationShutdownHook] DEBUG org.hibernate.SQL                    - 
    drop table if exists messages cascade 
26-06-10 00:04:38.281 [SpringApplicationShutdownHook] DEBUG org.hibernate.SQL                    - 
    drop table if exists read_statuses cascade 
26-06-10 00:04:38.282 [SpringApplicationShutdownHook] DEBUG org.hibernate.SQL                    - 
    drop table if exists user_statuses cascade 
26-06-10 00:04:38.282 [SpringApplicationShutdownHook] DEBUG org.hibernate.SQL                    - 
    drop table if exists users cascade 
26-06-10 00:04:38.283 [SpringApplicationShutdownHook] INFO  com.zaxxer.hikari.HikariDataSource   - HikariPool-1 - Shutdown initiated...
26-06-10 00:04:38.286 [SpringApplicationShutdownHook] INFO  com.zaxxer.hikari.HikariDataSource   - HikariPool-1 - Shutdown completed.
26-06-10 00:04:47.369 [background-preinit] INFO  o.h.validator.internal.util.Version  - HV000001: Hibernate Validator 8.0.1.Final
26-06-10 00:04:47.394 [Test worker] INFO  c.s.m.d.i.MessageIntegrationTest     - Starting MessageIntegrationTest using Java 17.0.18 with PID 64355 (started by nsl in /Users/nsl/work_space_sprint/12-sprint-mission)
26-06-10 00:04:47.395 [Test worker] INFO  c.s.m.d.i.MessageIntegrationTest     - The following 1 profile is active: "test"
26-06-10 00:04:47.923 [Test worker] INFO  o.s.d.r.c.RepositoryConfigurationDelegate - Bootstrapping Spring Data JPA repositories in DEFAULT mode.
26-06-10 00:04:47.963 [Test worker] INFO  o.s.d.r.c.RepositoryConfigurationDelegate - Finished Spring Data repository scanning in 34 ms. Found 6 JPA repository interfaces.
26-06-10 00:04:48.248 [Test worker] INFO  com.zaxxer.hikari.HikariDataSource   - HikariPool-1 - Starting...
26-06-10 00:04:48.333 [Test worker] INFO  com.zaxxer.hikari.pool.HikariPool    - HikariPool-1 - Added connection conn0: url=jdbc:h2:mem:testdb user=SA
26-06-10 00:04:48.334 [Test worker] INFO  com.zaxxer.hikari.HikariDataSource   - HikariPool-1 - Start completed.
26-06-10 00:04:48.421 [Test worker] INFO  o.h.jpa.internal.util.LogHelper      - HHH000204: Processing PersistenceUnitInfo [name: default]
26-06-10 00:04:48.449 [Test worker] INFO  org.hibernate.Version                - HHH000412: Hibernate ORM core version 6.6.2.Final
26-06-10 00:04:48.465 [Test worker] INFO  o.h.c.i.RegionFactoryInitiator       - HHH000026: Second-level cache disabled
26-06-10 00:04:48.588 [Test worker] INFO  o.s.o.j.p.SpringPersistenceUnitInfo  - No LoadTimeWeaver setup: ignoring JPA class transformer
26-06-10 00:04:48.612 [Test worker] WARN  org.hibernate.orm.deprecation        - HHH90000025: H2Dialect does not need to be specified explicitly using 'hibernate.dialect' (remove the property setting and it will be selected by default)
26-06-10 00:04:48.621 [Test worker] INFO  o.hibernate.orm.connections.pooling  - HHH10001005: Database info:
	Database JDBC URL [Connecting through datasource 'HikariDataSource (HikariPool-1)']
	Database driver: undefined/unknown
	Database version: 2.3.232
	Autocommit mode: undefined/unknown
	Isolation level: undefined/unknown
	Minimum pool size: undefined/unknown
	Maximum pool size: undefined/unknown
26-06-10 00:04:49.112 [Test worker] INFO  o.h.e.t.j.p.i.JtaPlatformInitiator   - HHH000489: No JTA platform available (set 'hibernate.transaction.jta.platform' to enable JTA platform integration)
26-06-10 00:04:49.121 [Test worker] DEBUG org.hibernate.SQL                    - 
    drop table if exists binary_contents cascade 
26-06-10 00:04:49.122 [Test worker] DEBUG org.hibernate.SQL                    - 
    drop table if exists channels cascade 
26-06-10 00:04:49.123 [Test worker] DEBUG org.hibernate.SQL                    - 
    drop table if exists message_attachments cascade 
26-06-10 00:04:49.124 [Test worker] DEBUG org.hibernate.SQL                    - 
    drop table if exists messages cascade 
26-06-10 00:04:49.124 [Test worker] DEBUG org.hibernate.SQL                    - 
    drop table if exists read_statuses cascade 
26-06-10 00:04:49.125 [Test worker] DEBUG org.hibernate.SQL                    - 
    drop table if exists user_statuses cascade 
26-06-10 00:04:49.125 [Test worker] DEBUG org.hibernate.SQL                    - 
    drop table if exists users cascade 
26-06-10 00:04:49.129 [Test worker] DEBUG org.hibernate.SQL                    - 
    create table binary_contents (
        created_at timestamp with time zone not null,
        size bigint not null,
        id uuid not null,
        content_type varchar(100) not null,
        file_name varchar(255) not null,
        primary key (id)
    )
26-06-10 00:04:49.131 [Test worker] DEBUG org.hibernate.SQL                    - 
    create table channels (
        created_at timestamp with time zone not null,
        updated_at timestamp with time zone,
        id uuid not null,
        name varchar(100),
        description varchar(500),
        type enum ('PRIVATE','PUBLIC') not null,
        primary key (id)
    )
26-06-10 00:04:49.133 [Test worker] DEBUG org.hibernate.SQL                    - 
    create table message_attachments (
        attachment_id uuid not null unique,
        message_id uuid not null
    )
26-06-10 00:04:49.136 [Test worker] DEBUG org.hibernate.SQL                    - 
    create table messages (
        created_at timestamp with time zone not null,
        updated_at timestamp with time zone,
        author_id uuid not null,
        channel_id uuid not null,
        id uuid not null,
        content text not null,
        primary key (id)
    )
26-06-10 00:04:49.137 [Test worker] DEBUG org.hibernate.SQL                    - 
    create table read_statuses (
        created_at timestamp with time zone not null,
        last_read_at timestamp with time zone not null,
        updated_at timestamp with time zone,
        channel_id uuid not null,
        id uuid not null,
        user_id uuid not null,
        primary key (id),
        unique (user_id, channel_id)
    )
26-06-10 00:04:49.138 [Test worker] DEBUG org.hibernate.SQL                    - 
    create table user_statuses (
        created_at timestamp with time zone not null,
        last_active_at timestamp with time zone not null,
        updated_at timestamp with time zone,
        id uuid not null,
        user_id uuid not null unique,
        primary key (id)
    )
26-06-10 00:04:49.140 [Test worker] DEBUG org.hibernate.SQL                    - 
    create table users (
        created_at timestamp with time zone not null,
        updated_at timestamp with time zone,
        id uuid not null,
        profile_id uuid unique,
        username varchar(50) not null unique,
        password varchar(60) not null,
        email varchar(100) not null unique,
        primary key (id)
    )
26-06-10 00:04:49.144 [Test worker] DEBUG org.hibernate.SQL                    - 
    alter table if exists message_attachments 
       add constraint FKsd1m8rb8jcpbcnb7rpdue7ctc 
       foreign key (attachment_id) 
       references binary_contents
26-06-10 00:04:49.146 [Test worker] DEBUG org.hibernate.SQL                    - 
    alter table if exists message_attachments 
       add constraint FKj7twd218e2gqw9cmlhwvo1rth 
       foreign key (message_id) 
       references messages
26-06-10 00:04:49.149 [Test worker] DEBUG org.hibernate.SQL                    - 
    alter table if exists messages 
       add constraint FKowtlim26svclkatusptbgi7u1 
       foreign key (author_id) 
       references users
26-06-10 00:04:49.150 [Test worker] DEBUG org.hibernate.SQL                    - 
    alter table if exists messages 
       add constraint FK3u3ckbhwq9se1cmopk2pq05b2 
       foreign key (channel_id) 
       references channels
26-06-10 00:04:49.153 [Test worker] DEBUG org.hibernate.SQL                    - 
    alter table if exists read_statuses 
       add constraint FKa38ri44ml4gfdpklx4ahqr8gd 
       foreign key (channel_id) 
       references channels
26-06-10 00:04:49.155 [Test worker] DEBUG org.hibernate.SQL                    - 
    alter table if exists read_statuses 
       add constraint FKml3k4wr9sj5yxrmj6d0aoib2e 
       foreign key (user_id) 
       references users
26-06-10 00:04:49.158 [Test worker] DEBUG org.hibernate.SQL                    - 
    alter table if exists user_statuses 
       add constraint FK4lfl3ei2ubchgcxrrpo3pw4mm 
       foreign key (user_id) 
       references users
26-06-10 00:04:49.159 [Test worker] DEBUG org.hibernate.SQL                    - 
    alter table if exists users 
       add constraint FKtbudycgrip49xdptogmhfqnso 
       foreign key (profile_id) 
       references binary_contents
26-06-10 00:04:49.165 [Test worker] INFO  o.s.o.j.LocalContainerEntityManagerFactoryBean - Initialized JPA EntityManagerFactory for persistence unit 'default'
26-06-10 00:04:49.352 [Test worker] INFO  o.s.d.j.r.query.QueryEnhancerFactory - Hibernate is in classpath; If applicable, HQL parser will be used.
26-06-10 00:04:49.982 [Test worker] INFO  o.s.b.a.w.s.WelcomePageHandlerMapping - Adding welcome page: class path resource [static/index.html]
26-06-10 00:04:50.520 [Test worker] INFO  o.s.b.a.h.H2ConsoleAutoConfiguration - H2 console available at '/h2-console'. Database available at 'jdbc:h2:mem:testdb'
26-06-10 00:04:50.556 [Test worker] INFO  o.s.b.t.m.w.SpringBootMockServletContext - Initializing Spring TestDispatcherServlet ''
26-06-10 00:04:50.557 [Test worker] INFO  o.s.t.w.s.TestDispatcherServlet      - Initializing Servlet ''
26-06-10 00:04:50.563 [Test worker] INFO  o.s.b.a.e.web.EndpointLinksResolver  - Exposing 4 endpoints beneath base path '/actuator'
26-06-10 00:04:50.577 [Test worker] INFO  o.s.t.w.s.TestDispatcherServlet      - Completed initialization in 20 ms
26-06-10 00:04:50.634 [Test worker] INFO  c.s.m.d.i.MessageIntegrationTest     - Started MessageIntegrationTest in 3.424 seconds (process running for 3.995)
26-06-10 00:04:51.093 [Test worker] DEBUG org.hibernate.SQL                    - 
    select
        u1_0.id 
    from
        users u1_0 
    where
        u1_0.email=? 
    fetch
        first ? rows only
26-06-10 00:04:51.097 [Test worker] TRACE org.hibernate.orm.jdbc.bind          - binding parameter (1:VARCHAR) <- [test@codeit.com]
26-06-10 00:04:51.097 [Test worker] TRACE org.hibernate.orm.jdbc.bind          - binding parameter (2:INTEGER) <- [1]
26-06-10 00:04:51.117 [Test worker] DEBUG org.hibernate.SQL                    - 
    select
        u1_0.id 
    from
        users u1_0 
    where
        u1_0.username=? 
    fetch
        first ? rows only
26-06-10 00:04:51.118 [Test worker] TRACE org.hibernate.orm.jdbc.bind          - binding parameter (1:VARCHAR) <- [testuser]
26-06-10 00:04:51.118 [Test worker] TRACE org.hibernate.orm.jdbc.bind          - binding parameter (2:INTEGER) <- [1]
26-06-10 00:04:51.152 [Test worker] DEBUG org.hibernate.SQL                    - 
    select
        m1_0.created_at 
    from
        messages m1_0 
    where
        m1_0.channel_id=? 
    order by
        m1_0.created_at desc 
    fetch
        first 1 rows only
26-06-10 00:04:51.153 [Test worker] TRACE org.hibernate.orm.jdbc.bind          - binding parameter (1:UUID) <- [87a1310c-8291-4e47-a136-e637a7a05342]
26-06-10 00:04:51.161 [Test worker] DEBUG org.hibernate.SQL                    - 
    select
        c1_0.id,
        c1_0.created_at,
        c1_0.description,
        c1_0.name,
        c1_0.type,
        c1_0.updated_at 
    from
        channels c1_0 
    where
        c1_0.id=?
26-06-10 00:04:51.162 [Test worker] TRACE org.hibernate.orm.jdbc.bind          - binding parameter (1:UUID) <- [2c2ffefd-0a91-4679-8084-5ce6aaac3ad7]
26-06-10 00:04:51.182 [Test worker] DEBUG org.hibernate.SQL                    - 
    select
        u1_0.id 
    from
        users u1_0 
    where
        u1_0.email=? 
    fetch
        first ? rows only
26-06-10 00:04:51.183 [Test worker] TRACE org.hibernate.orm.jdbc.bind          - binding parameter (1:VARCHAR) <- [test@codeit.com]
26-06-10 00:04:51.183 [Test worker] TRACE org.hibernate.orm.jdbc.bind          - binding parameter (2:INTEGER) <- [1]
26-06-10 00:04:51.184 [Test worker] DEBUG org.hibernate.SQL                    - 
    select
        u1_0.id 
    from
        users u1_0 
    where
        u1_0.username=? 
    fetch
        first ? rows only
26-06-10 00:04:51.184 [Test worker] TRACE org.hibernate.orm.jdbc.bind          - binding parameter (1:VARCHAR) <- [testuser]
26-06-10 00:04:51.184 [Test worker] TRACE org.hibernate.orm.jdbc.bind          - binding parameter (2:INTEGER) <- [1]
26-06-10 00:04:51.186 [Test worker] DEBUG org.hibernate.SQL                    - 
    select
        m1_0.created_at 
    from
        messages m1_0 
    where
        m1_0.channel_id=? 
    order by
        m1_0.created_at desc 
    fetch
        first 1 rows only
26-06-10 00:04:51.186 [Test worker] TRACE org.hibernate.orm.jdbc.bind          - binding parameter (1:UUID) <- [352a94bc-9430-472f-88e2-7a0357a49579]
26-06-10 00:04:51.187 [Test worker] DEBUG org.hibernate.SQL                    - 
    select
        c1_0.id,
        c1_0.created_at,
        c1_0.description,
        c1_0.name,
        c1_0.type,
        c1_0.updated_at 
    from
        channels c1_0 
    where
        c1_0.id=?
26-06-10 00:04:51.188 [Test worker] TRACE org.hibernate.orm.jdbc.bind          - binding parameter (1:UUID) <- [34793677-dde3-4c88-af1e-0bb28534feef]
26-06-10 00:04:51.198 [Test worker] DEBUG org.hibernate.SQL                    - 
    select
        u1_0.id 
    from
        users u1_0 
    where
        u1_0.email=? 
    fetch
        first ? rows only
26-06-10 00:04:51.199 [Test worker] TRACE org.hibernate.orm.jdbc.bind          - binding parameter (1:VARCHAR) <- [test@codeit.com]
26-06-10 00:04:51.199 [Test worker] TRACE org.hibernate.orm.jdbc.bind          - binding parameter (2:INTEGER) <- [1]
26-06-10 00:04:51.202 [Test worker] DEBUG org.hibernate.SQL                    - 
    select
        u1_0.id 
    from
        users u1_0 
    where
        u1_0.username=? 
    fetch
        first ? rows only
26-06-10 00:04:51.203 [Test worker] TRACE org.hibernate.orm.jdbc.bind          - binding parameter (1:VARCHAR) <- [testuser]
26-06-10 00:04:51.203 [Test worker] TRACE org.hibernate.orm.jdbc.bind          - binding parameter (2:INTEGER) <- [1]
26-06-10 00:04:51.208 [Test worker] DEBUG org.hibernate.SQL                    - 
    select
        m1_0.created_at 
    from
        messages m1_0 
    where
        m1_0.channel_id=? 
    order by
        m1_0.created_at desc 
    fetch
        first 1 rows only
26-06-10 00:04:51.208 [Test worker] TRACE org.hibernate.orm.jdbc.bind          - binding parameter (1:UUID) <- [1b7ca67f-f44c-468e-9d64-c424f7b877a8]
26-06-10 00:04:51.210 [Test worker] DEBUG org.hibernate.SQL                    - 
    select
        c1_0.id,
        c1_0.created_at,
        c1_0.description,
        c1_0.name,
        c1_0.type,
        c1_0.updated_at 
    from
        channels c1_0 
    where
        c1_0.id=?
26-06-10 00:04:51.212 [Test worker] TRACE org.hibernate.orm.jdbc.bind          - binding parameter (1:UUID) <- [a0782d23-4379-4bc3-9e50-9be847fad11e]
26-06-10 00:04:51.231 [Test worker] DEBUG org.hibernate.SQL                    - 
    select
        u1_0.id 
    from
        users u1_0 
    where
        u1_0.email=? 
    fetch
        first ? rows only
26-06-10 00:04:51.232 [Test worker] TRACE org.hibernate.orm.jdbc.bind          - binding parameter (1:VARCHAR) <- [test@codeit.com]
26-06-10 00:04:51.232 [Test worker] TRACE org.hibernate.orm.jdbc.bind          - binding parameter (2:INTEGER) <- [1]
26-06-10 00:04:51.234 [Test worker] DEBUG org.hibernate.SQL                    - 
    select
        u1_0.id 
    from
        users u1_0 
    where
        u1_0.username=? 
    fetch
        first ? rows only
26-06-10 00:04:51.235 [Test worker] TRACE org.hibernate.orm.jdbc.bind          - binding parameter (1:VARCHAR) <- [testuser]
26-06-10 00:04:51.235 [Test worker] TRACE org.hibernate.orm.jdbc.bind          - binding parameter (2:INTEGER) <- [1]
26-06-10 00:04:51.240 [Test worker] DEBUG org.hibernate.SQL                    - 
    select
        m1_0.created_at 
    from
        messages m1_0 
    where
        m1_0.channel_id=? 
    order by
        m1_0.created_at desc 
    fetch
        first 1 rows only
26-06-10 00:04:51.241 [Test worker] TRACE org.hibernate.orm.jdbc.bind          - binding parameter (1:UUID) <- [1667d82b-9dd6-4db5-a131-912b05dff785]
26-06-10 00:04:51.284 [Test worker] DEBUG org.hibernate.SQL                    - 
    select
        c1_0.id,
        c1_0.created_at,
        c1_0.description,
        c1_0.name,
        c1_0.type,
        c1_0.updated_at 
    from
        channels c1_0 
    where
        c1_0.id=?
26-06-10 00:04:51.285 [Test worker] TRACE org.hibernate.orm.jdbc.bind          - binding parameter (1:UUID) <- [cfad677f-28ca-4b12-aba8-2d5a7df6b5e9]
26-06-10 00:04:51.298 [Test worker] DEBUG org.hibernate.SQL                    - 
    select
        u1_0.id 
    from
        users u1_0 
    where
        u1_0.email=? 
    fetch
        first ? rows only
26-06-10 00:04:51.299 [Test worker] TRACE org.hibernate.orm.jdbc.bind          - binding parameter (1:VARCHAR) <- [test@codeit.com]
26-06-10 00:04:51.299 [Test worker] TRACE org.hibernate.orm.jdbc.bind          - binding parameter (2:INTEGER) <- [1]
26-06-10 00:04:51.300 [Test worker] DEBUG org.hibernate.SQL                    - 
    select
        u1_0.id 
    from
        users u1_0 
    where
        u1_0.username=? 
    fetch
        first ? rows only
26-06-10 00:04:51.301 [Test worker] TRACE org.hibernate.orm.jdbc.bind          - binding parameter (1:VARCHAR) <- [testuser]
26-06-10 00:04:51.301 [Test worker] TRACE org.hibernate.orm.jdbc.bind          - binding parameter (2:INTEGER) <- [1]
26-06-10 00:04:51.305 [Test worker] DEBUG org.hibernate.SQL                    - 
    select
        m1_0.created_at 
    from
        messages m1_0 
    where
        m1_0.channel_id=? 
    order by
        m1_0.created_at desc 
    fetch
        first 1 rows only
26-06-10 00:04:51.305 [Test worker] TRACE org.hibernate.orm.jdbc.bind          - binding parameter (1:UUID) <- [ee21ea6a-6e9a-413b-8874-038daece46c6]
26-06-10 00:04:51.378 [Test worker] DEBUG org.hibernate.SQL                    - 
    select
        count(*) 
    from
        messages m1_0 
    where
        m1_0.id=?
26-06-10 00:04:51.380 [Test worker] TRACE org.hibernate.orm.jdbc.bind          - binding parameter (1:UUID) <- [c0ac9b24-4b6b-46c9-82c9-b836b3491791]
26-06-10 00:04:51.391 [Test worker] DEBUG org.hibernate.SQL                    - 
    select
        u1_0.id 
    from
        users u1_0 
    where
        u1_0.email=? 
    fetch
        first ? rows only
26-06-10 00:04:51.392 [Test worker] TRACE org.hibernate.orm.jdbc.bind          - binding parameter (1:VARCHAR) <- [test@codeit.com]
26-06-10 00:04:51.392 [Test worker] TRACE org.hibernate.orm.jdbc.bind          - binding parameter (2:INTEGER) <- [1]
26-06-10 00:04:51.393 [Test worker] DEBUG org.hibernate.SQL                    - 
    select
        u1_0.id 
    from
        users u1_0 
    where
        u1_0.username=? 
    fetch
        first ? rows only
26-06-10 00:04:51.394 [Test worker] TRACE org.hibernate.orm.jdbc.bind          - binding parameter (1:VARCHAR) <- [testuser]
26-06-10 00:04:51.394 [Test worker] TRACE org.hibernate.orm.jdbc.bind          - binding parameter (2:INTEGER) <- [1]
26-06-10 00:04:51.397 [Test worker] DEBUG org.hibernate.SQL                    - 
    select
        m1_0.created_at 
    from
        messages m1_0 
    where
        m1_0.channel_id=? 
    order by
        m1_0.created_at desc 
    fetch
        first 1 rows only
26-06-10 00:04:51.398 [Test worker] TRACE org.hibernate.orm.jdbc.bind          - binding parameter (1:UUID) <- [fb50a751-b4e9-4d06-971e-6784baa7a384]
26-06-10 00:04:51.400 [Test worker] DEBUG org.hibernate.SQL                    - 
    select
        m1_0.id,
        m1_0.author_id,
        m1_0.channel_id,
        m1_0.content,
        m1_0.created_at,
        m1_0.updated_at 
    from
        messages m1_0 
    where
        m1_0.id=?
26-06-10 00:04:51.400 [Test worker] TRACE org.hibernate.orm.jdbc.bind          - binding parameter (1:UUID) <- [eb9e5f59-74bb-4553-8818-28524034a2ae]
26-06-10 00:04:51.410 [Test worker] DEBUG org.hibernate.SQL                    - 
    select
        u1_0.id 
    from
        users u1_0 
    where
        u1_0.email=? 
    fetch
        first ? rows only
26-06-10 00:04:51.410 [Test worker] TRACE org.hibernate.orm.jdbc.bind          - binding parameter (1:VARCHAR) <- [test@codeit.com]
26-06-10 00:04:51.410 [Test worker] TRACE org.hibernate.orm.jdbc.bind          - binding parameter (2:INTEGER) <- [1]
26-06-10 00:04:51.412 [Test worker] DEBUG org.hibernate.SQL                    - 
    select
        u1_0.id 
    from
        users u1_0 
    where
        u1_0.username=? 
    fetch
        first ? rows only
26-06-10 00:04:51.412 [Test worker] TRACE org.hibernate.orm.jdbc.bind          - binding parameter (1:VARCHAR) <- [testuser]
26-06-10 00:04:51.412 [Test worker] TRACE org.hibernate.orm.jdbc.bind          - binding parameter (2:INTEGER) <- [1]
26-06-10 00:04:51.414 [Test worker] DEBUG org.hibernate.SQL                    - 
    select
        m1_0.created_at 
    from
        messages m1_0 
    where
        m1_0.channel_id=? 
    order by
        m1_0.created_at desc 
    fetch
        first 1 rows only
26-06-10 00:04:51.415 [Test worker] TRACE org.hibernate.orm.jdbc.bind          - binding parameter (1:UUID) <- [35640713-2713-46d8-ac93-06a57a09a99c]
26-06-10 00:04:51.416 [Test worker] DEBUG org.hibernate.SQL                    - 
    select
        c1_0.id,
        c1_0.created_at,
        c1_0.description,
        c1_0.name,
        c1_0.type,
        c1_0.updated_at 
    from
        channels c1_0 
    where
        c1_0.id=?
26-06-10 00:04:51.417 [Test worker] TRACE org.hibernate.orm.jdbc.bind          - binding parameter (1:UUID) <- [fcc18d4e-653d-4489-a384-27ef5dea9592]
26-06-10 00:04:51.433 [Test worker] DEBUG org.hibernate.SQL                    - 
    select
        u1_0.id 
    from
        users u1_0 
    where
        u1_0.email=? 
    fetch
        first ? rows only
26-06-10 00:04:51.435 [Test worker] TRACE org.hibernate.orm.jdbc.bind          - binding parameter (1:VARCHAR) <- [test@codeit.com]
26-06-10 00:04:51.436 [Test worker] TRACE org.hibernate.orm.jdbc.bind          - binding parameter (2:INTEGER) <- [1]
26-06-10 00:04:51.438 [Test worker] DEBUG org.hibernate.SQL                    - 
    select
        u1_0.id 
    from
        users u1_0 
    where
        u1_0.username=? 
    fetch
        first ? rows only
26-06-10 00:04:51.439 [Test worker] TRACE org.hibernate.orm.jdbc.bind          - binding parameter (1:VARCHAR) <- [testuser]
26-06-10 00:04:51.439 [Test worker] TRACE org.hibernate.orm.jdbc.bind          - binding parameter (2:INTEGER) <- [1]
26-06-10 00:04:51.442 [Test worker] DEBUG org.hibernate.SQL                    - 
    select
        m1_0.created_at 
    from
        messages m1_0 
    where
        m1_0.channel_id=? 
    order by
        m1_0.created_at desc 
    fetch
        first 1 rows only
26-06-10 00:04:51.443 [Test worker] TRACE org.hibernate.orm.jdbc.bind          - binding parameter (1:UUID) <- [8b9b3bc7-9bdf-4ce7-99c4-895c919fb87d]
26-06-10 00:04:51.445 [Test worker] DEBUG org.hibernate.SQL                    - 
    select
        m1_0.created_at 
    from
        messages m1_0 
    where
        m1_0.channel_id=? 
    order by
        m1_0.created_at desc 
    fetch
        first 1 rows only
26-06-10 00:04:51.445 [Test worker] TRACE org.hibernate.orm.jdbc.bind          - binding parameter (1:UUID) <- [5c6aded8-1c16-4836-9e58-304dce9cc376]
26-06-10 00:04:51.468 [Test worker] DEBUG org.hibernate.SQL                    - 
    insert 
    into
        users
        (created_at, email, password, profile_id, updated_at, username, id) 
    values
        (?, ?, ?, ?, ?, ?, ?)
26-06-10 00:04:51.470 [Test worker] TRACE org.hibernate.orm.jdbc.bind          - binding parameter (1:TIMESTAMP_UTC) <- [2026-06-09T15:04:51.439877Z]
26-06-10 00:04:51.470 [Test worker] TRACE org.hibernate.orm.jdbc.bind          - binding parameter (2:VARCHAR) <- [test@codeit.com]
26-06-10 00:04:51.470 [Test worker] TRACE org.hibernate.orm.jdbc.bind          - binding parameter (3:VARCHAR) <- [Password1234]
26-06-10 00:04:51.470 [Test worker] TRACE org.hibernate.orm.jdbc.bind          - binding parameter (4:UUID) <- [null]
26-06-10 00:04:51.470 [Test worker] TRACE org.hibernate.orm.jdbc.bind          - binding parameter (5:TIMESTAMP_UTC) <- [2026-06-09T15:04:51.439877Z]
26-06-10 00:04:51.470 [Test worker] TRACE org.hibernate.orm.jdbc.bind          - binding parameter (6:VARCHAR) <- [testuser]
26-06-10 00:04:51.470 [Test worker] TRACE org.hibernate.orm.jdbc.bind          - binding parameter (7:UUID) <- [d14dfc30-7e36-43c0-a0ef-969e768765d8]
26-06-10 00:04:51.472 [Test worker] DEBUG org.hibernate.SQL                    - 
    insert 
    into
        user_statuses
        (created_at, last_active_at, updated_at, user_id, id) 
    values
        (?, ?, ?, ?, ?)
26-06-10 00:04:51.473 [Test worker] TRACE org.hibernate.orm.jdbc.bind          - binding parameter (1:TIMESTAMP_UTC) <- [2026-06-09T15:04:51.440281Z]
26-06-10 00:04:51.473 [Test worker] TRACE org.hibernate.orm.jdbc.bind          - binding parameter (2:TIMESTAMP_UTC) <- [2026-06-09T15:04:51.439616Z]
26-06-10 00:04:51.473 [Test worker] TRACE org.hibernate.orm.jdbc.bind          - binding parameter (3:TIMESTAMP_UTC) <- [2026-06-09T15:04:51.440281Z]
26-06-10 00:04:51.473 [Test worker] TRACE org.hibernate.orm.jdbc.bind          - binding parameter (4:UUID) <- [d14dfc30-7e36-43c0-a0ef-969e768765d8]
26-06-10 00:04:51.473 [Test worker] TRACE org.hibernate.orm.jdbc.bind          - binding parameter (5:UUID) <- [a3049c02-e070-42e5-a287-682dad6febef]
26-06-10 00:04:51.479 [Test worker] DEBUG org.hibernate.SQL                    - 
    insert 
    into
        channels
        (created_at, description, name, type, updated_at, id) 
    values
        (?, ?, ?, ?, ?, ?)
26-06-10 00:04:51.480 [Test worker] TRACE org.hibernate.orm.jdbc.bind          - binding parameter (1:TIMESTAMP_UTC) <- [2026-06-09T15:04:51.441790Z]
26-06-10 00:04:51.480 [Test worker] TRACE org.hibernate.orm.jdbc.bind          - binding parameter (2:VARCHAR) <- [null]
26-06-10 00:04:51.480 [Test worker] TRACE org.hibernate.orm.jdbc.bind          - binding parameter (3:VARCHAR) <- [test-channel]
26-06-10 00:04:51.480 [Test worker] TRACE org.hibernate.orm.jdbc.bind          - binding parameter (4:ENUM) <- [PUBLIC]
26-06-10 00:04:51.480 [Test worker] TRACE org.hibernate.orm.jdbc.bind          - binding parameter (5:TIMESTAMP_UTC) <- [2026-06-09T15:04:51.441790Z]
26-06-10 00:04:51.481 [Test worker] TRACE org.hibernate.orm.jdbc.bind          - binding parameter (6:UUID) <- [8b9b3bc7-9bdf-4ce7-99c4-895c919fb87d]
26-06-10 00:04:51.482 [Test worker] DEBUG org.hibernate.SQL                    - 
    insert 
    into
        channels
        (created_at, description, name, type, updated_at, id) 
    values
        (?, ?, ?, ?, ?, ?)
26-06-10 00:04:51.482 [Test worker] TRACE org.hibernate.orm.jdbc.bind          - binding parameter (1:TIMESTAMP_UTC) <- [2026-06-09T15:04:51.444546Z]
26-06-10 00:04:51.482 [Test worker] TRACE org.hibernate.orm.jdbc.bind          - binding parameter (2:VARCHAR) <- [null]
26-06-10 00:04:51.482 [Test worker] TRACE org.hibernate.orm.jdbc.bind          - binding parameter (3:VARCHAR) <- [empty-channel]
26-06-10 00:04:51.482 [Test worker] TRACE org.hibernate.orm.jdbc.bind          - binding parameter (4:ENUM) <- [PUBLIC]
26-06-10 00:04:51.482 [Test worker] TRACE org.hibernate.orm.jdbc.bind          - binding parameter (5:TIMESTAMP_UTC) <- [2026-06-09T15:04:51.444546Z]
26-06-10 00:04:51.482 [Test worker] TRACE org.hibernate.orm.jdbc.bind          - binding parameter (6:UUID) <- [5c6aded8-1c16-4836-9e58-304dce9cc376]
26-06-10 00:04:51.483 [Test worker] DEBUG org.hibernate.SQL                    - 
    select
        m1_0.id,
        m1_0.author_id,
        a1_0.id,
        a1_0.created_at,
        a1_0.email,
        a1_0.password,
        p1_0.id,
        p1_0.content_type,
        p1_0.created_at,
        p1_0.file_name,
        p1_0.size,
        s1_0.id,
        s1_0.created_at,
        s1_0.last_active_at,
        s1_0.updated_at,
        s1_0.user_id,
        a1_0.updated_at,
        a1_0.username,
        m1_0.channel_id,
        m1_0.content,
        m1_0.created_at,
        m1_0.updated_at 
    from
        messages m1_0 
    left join
        users a1_0 
            on a1_0.id=m1_0.author_id 
    join
        user_statuses s1_0 
            on a1_0.id=s1_0.user_id 
    left join
        binary_contents p1_0 
            on p1_0.id=a1_0.profile_id 
    where
        m1_0.channel_id=? 
        and m1_0.created_at<? 
    order by
        m1_0.created_at desc 
    fetch
        first ? rows only
26-06-10 00:04:51.486 [Test worker] TRACE org.hibernate.orm.jdbc.bind          - binding parameter (1:UUID) <- [5c6aded8-1c16-4836-9e58-304dce9cc376]
26-06-10 00:04:51.486 [Test worker] TRACE org.hibernate.orm.jdbc.bind          - binding parameter (2:TIMESTAMP_UTC) <- [2026-06-09T15:04:51.446618Z]
26-06-10 00:04:51.486 [Test worker] TRACE org.hibernate.orm.jdbc.bind          - binding parameter (3:INTEGER) <- [51]
26-06-10 00:04:51.504 [SpringApplicationShutdownHook] INFO  o.s.o.j.LocalContainerEntityManagerFactoryBean - Closing JPA EntityManagerFactory for persistence unit 'default'
26-06-10 00:04:51.505 [SpringApplicationShutdownHook] DEBUG org.hibernate.SQL                    - 
    drop table if exists binary_contents cascade 
26-06-10 00:04:51.505 [SpringApplicationShutdownHook] DEBUG org.hibernate.SQL                    - 
    drop table if exists channels cascade 
26-06-10 00:04:51.506 [SpringApplicationShutdownHook] DEBUG org.hibernate.SQL                    - 
    drop table if exists message_attachments cascade 
26-06-10 00:04:51.506 [SpringApplicationShutdownHook] DEBUG org.hibernate.SQL                    - 
    drop table if exists messages cascade 
26-06-10 00:04:51.506 [SpringApplicationShutdownHook] DEBUG org.hibernate.SQL                    - 
    drop table if exists read_statuses cascade 
26-06-10 00:04:51.507 [SpringApplicationShutdownHook] DEBUG org.hibernate.SQL                    - 
    drop table if exists user_statuses cascade 
26-06-10 00:04:51.507 [SpringApplicationShutdownHook] DEBUG org.hibernate.SQL                    - 
    drop table if exists users cascade 
26-06-10 00:04:51.509 [SpringApplicationShutdownHook] INFO  com.zaxxer.hikari.HikariDataSource   - HikariPool-1 - Shutdown initiated...
26-06-10 00:04:51.511 [SpringApplicationShutdownHook] INFO  com.zaxxer.hikari.HikariDataSource   - HikariPool-1 - Shutdown completed.
26-06-10 00:14:52.716 [background-preinit] INFO  o.h.validator.internal.util.Version  - HV000001: Hibernate Validator 8.0.1.Final
26-06-10 00:14:52.738 [Test worker] INFO  c.s.m.d.i.MessageIntegrationTest     - Starting MessageIntegrationTest using Java 17.0.18 with PID 65152 (started by nsl in /Users/nsl/work_space_sprint/12-sprint-mission)
26-06-10 00:14:52.739 [Test worker] INFO  c.s.m.d.i.MessageIntegrationTest     - The following 1 profile is active: "test"
26-06-10 00:14:53.306 [Test worker] INFO  o.s.d.r.c.RepositoryConfigurationDelegate - Bootstrapping Spring Data JPA repositories in DEFAULT mode.
26-06-10 00:14:53.346 [Test worker] INFO  o.s.d.r.c.RepositoryConfigurationDelegate - Finished Spring Data repository scanning in 33 ms. Found 6 JPA repository interfaces.
26-06-10 00:14:53.629 [Test worker] INFO  com.zaxxer.hikari.HikariDataSource   - HikariPool-1 - Starting...
26-06-10 00:14:53.716 [Test worker] INFO  com.zaxxer.hikari.pool.HikariPool    - HikariPool-1 - Added connection conn0: url=jdbc:h2:mem:testdb user=SA
26-06-10 00:14:53.717 [Test worker] INFO  com.zaxxer.hikari.HikariDataSource   - HikariPool-1 - Start completed.
26-06-10 00:14:53.797 [Test worker] INFO  o.h.jpa.internal.util.LogHelper      - HHH000204: Processing PersistenceUnitInfo [name: default]
26-06-10 00:14:53.834 [Test worker] INFO  org.hibernate.Version                - HHH000412: Hibernate ORM core version 6.6.2.Final
26-06-10 00:14:53.851 [Test worker] INFO  o.h.c.i.RegionFactoryInitiator       - HHH000026: Second-level cache disabled
26-06-10 00:14:53.989 [Test worker] INFO  o.s.o.j.p.SpringPersistenceUnitInfo  - No LoadTimeWeaver setup: ignoring JPA class transformer
26-06-10 00:14:54.018 [Test worker] WARN  org.hibernate.orm.deprecation        - HHH90000025: H2Dialect does not need to be specified explicitly using 'hibernate.dialect' (remove the property setting and it will be selected by default)
26-06-10 00:14:54.028 [Test worker] INFO  o.hibernate.orm.connections.pooling  - HHH10001005: Database info:
	Database JDBC URL [Connecting through datasource 'HikariDataSource (HikariPool-1)']
	Database driver: undefined/unknown
	Database version: 2.3.232
	Autocommit mode: undefined/unknown
	Isolation level: undefined/unknown
	Minimum pool size: undefined/unknown
	Maximum pool size: undefined/unknown
26-06-10 00:14:54.538 [Test worker] INFO  o.h.e.t.j.p.i.JtaPlatformInitiator   - HHH000489: No JTA platform available (set 'hibernate.transaction.jta.platform' to enable JTA platform integration)
26-06-10 00:14:54.546 [Test worker] DEBUG org.hibernate.SQL                    - 
    drop table if exists binary_contents cascade 
26-06-10 00:14:54.547 [Test worker] DEBUG org.hibernate.SQL                    - 
    drop table if exists channels cascade 
26-06-10 00:14:54.548 [Test worker] DEBUG org.hibernate.SQL                    - 
    drop table if exists message_attachments cascade 
26-06-10 00:14:54.548 [Test worker] DEBUG org.hibernate.SQL                    - 
    drop table if exists messages cascade 
26-06-10 00:14:54.549 [Test worker] DEBUG org.hibernate.SQL                    - 
    drop table if exists read_statuses cascade 
26-06-10 00:14:54.550 [Test worker] DEBUG org.hibernate.SQL                    - 
    drop table if exists user_statuses cascade 
26-06-10 00:14:54.551 [Test worker] DEBUG org.hibernate.SQL                    - 
    drop table if exists users cascade 
26-06-10 00:14:54.554 [Test worker] DEBUG org.hibernate.SQL                    - 
    create table binary_contents (
        created_at timestamp with time zone not null,
        size bigint not null,
        id uuid not null,
        content_type varchar(100) not null,
        file_name varchar(255) not null,
        primary key (id)
    )
26-06-10 00:14:54.556 [Test worker] DEBUG org.hibernate.SQL                    - 
    create table channels (
        created_at timestamp with time zone not null,
        updated_at timestamp with time zone,
        id uuid not null,
        name varchar(100),
        description varchar(500),
        type enum ('PRIVATE','PUBLIC') not null,
        primary key (id)
    )
26-06-10 00:14:54.558 [Test worker] DEBUG org.hibernate.SQL                    - 
    create table message_attachments (
        attachment_id uuid not null unique,
        message_id uuid not null
    )
26-06-10 00:14:54.559 [Test worker] DEBUG org.hibernate.SQL                    - 
    create table messages (
        created_at timestamp with time zone not null,
        updated_at timestamp with time zone,
        author_id uuid not null,
        channel_id uuid not null,
        id uuid not null,
        content text not null,
        primary key (id)
    )
26-06-10 00:14:54.560 [Test worker] DEBUG org.hibernate.SQL                    - 
    create table read_statuses (
        created_at timestamp with time zone not null,
        last_read_at timestamp with time zone not null,
        updated_at timestamp with time zone,
        channel_id uuid not null,
        id uuid not null,
        user_id uuid not null,
        primary key (id),
        unique (user_id, channel_id)
    )
26-06-10 00:14:54.561 [Test worker] DEBUG org.hibernate.SQL                    - 
    create table user_statuses (
        created_at timestamp with time zone not null,
        last_active_at timestamp with time zone not null,
        updated_at timestamp with time zone,
        id uuid not null,
        user_id uuid not null unique,
        primary key (id)
    )
26-06-10 00:14:54.562 [Test worker] DEBUG org.hibernate.SQL                    - 
    create table users (
        created_at timestamp with time zone not null,
        updated_at timestamp with time zone,
        id uuid not null,
        profile_id uuid unique,
        username varchar(50) not null unique,
        password varchar(60) not null,
        email varchar(100) not null unique,
        primary key (id)
    )
26-06-10 00:14:54.565 [Test worker] DEBUG org.hibernate.SQL                    - 
    alter table if exists message_attachments 
       add constraint FKsd1m8rb8jcpbcnb7rpdue7ctc 
       foreign key (attachment_id) 
       references binary_contents
26-06-10 00:14:54.567 [Test worker] DEBUG org.hibernate.SQL                    - 
    alter table if exists message_attachments 
       add constraint FKj7twd218e2gqw9cmlhwvo1rth 
       foreign key (message_id) 
       references messages
26-06-10 00:14:54.568 [Test worker] DEBUG org.hibernate.SQL                    - 
    alter table if exists messages 
       add constraint FKowtlim26svclkatusptbgi7u1 
       foreign key (author_id) 
       references users
26-06-10 00:14:54.570 [Test worker] DEBUG org.hibernate.SQL                    - 
    alter table if exists messages 
       add constraint FK3u3ckbhwq9se1cmopk2pq05b2 
       foreign key (channel_id) 
       references channels
26-06-10 00:14:54.571 [Test worker] DEBUG org.hibernate.SQL                    - 
    alter table if exists read_statuses 
       add constraint FKa38ri44ml4gfdpklx4ahqr8gd 
       foreign key (channel_id) 
       references channels
26-06-10 00:14:54.572 [Test worker] DEBUG org.hibernate.SQL                    - 
    alter table if exists read_statuses 
       add constraint FKml3k4wr9sj5yxrmj6d0aoib2e 
       foreign key (user_id) 
       references users
26-06-10 00:14:54.573 [Test worker] DEBUG org.hibernate.SQL                    - 
    alter table if exists user_statuses 
       add constraint FK4lfl3ei2ubchgcxrrpo3pw4mm 
       foreign key (user_id) 
       references users
26-06-10 00:14:54.574 [Test worker] DEBUG org.hibernate.SQL                    - 
    alter table if exists users 
       add constraint FKtbudycgrip49xdptogmhfqnso 
       foreign key (profile_id) 
       references binary_contents
26-06-10 00:14:54.580 [Test worker] INFO  o.s.o.j.LocalContainerEntityManagerFactoryBean - Initialized JPA EntityManagerFactory for persistence unit 'default'
26-06-10 00:14:54.807 [Test worker] INFO  o.s.d.j.r.query.QueryEnhancerFactory - Hibernate is in classpath; If applicable, HQL parser will be used.
26-06-10 00:14:55.419 [Test worker] INFO  o.s.b.a.w.s.WelcomePageHandlerMapping - Adding welcome page: class path resource [static/index.html]
26-06-10 00:14:55.918 [Test worker] INFO  o.s.b.a.h.H2ConsoleAutoConfiguration - H2 console available at '/h2-console'. Database available at 'jdbc:h2:mem:testdb'
26-06-10 00:14:55.952 [Test worker] INFO  o.s.b.t.m.w.SpringBootMockServletContext - Initializing Spring TestDispatcherServlet ''
26-06-10 00:14:55.953 [Test worker] INFO  o.s.t.w.s.TestDispatcherServlet      - Initializing Servlet ''
26-06-10 00:14:55.958 [Test worker] INFO  o.s.b.a.e.web.EndpointLinksResolver  - Exposing 4 endpoints beneath base path '/actuator'
26-06-10 00:14:55.971 [Test worker] INFO  o.s.t.w.s.TestDispatcherServlet      - Completed initialization in 18 ms
26-06-10 00:14:56.048 [Test worker] INFO  c.s.m.d.i.MessageIntegrationTest     - Started MessageIntegrationTest in 3.5 seconds (process running for 4.092)
26-06-10 00:14:56.453 [Test worker] DEBUG org.hibernate.SQL                    - 
    select
        u1_0.id 
    from
        users u1_0 
    where
        u1_0.email=? 
    fetch
        first ? rows only
26-06-10 00:14:56.457 [Test worker] TRACE org.hibernate.orm.jdbc.bind          - binding parameter (1:VARCHAR) <- [test@codeit.com]
26-06-10 00:14:56.458 [Test worker] TRACE org.hibernate.orm.jdbc.bind          - binding parameter (2:INTEGER) <- [1]
26-06-10 00:14:56.477 [Test worker] DEBUG org.hibernate.SQL                    - 
    select
        u1_0.id 
    from
        users u1_0 
    where
        u1_0.username=? 
    fetch
        first ? rows only
26-06-10 00:14:56.478 [Test worker] TRACE org.hibernate.orm.jdbc.bind          - binding parameter (1:VARCHAR) <- [testuser]
26-06-10 00:14:56.479 [Test worker] TRACE org.hibernate.orm.jdbc.bind          - binding parameter (2:INTEGER) <- [1]
26-06-10 00:14:56.526 [Test worker] DEBUG org.hibernate.SQL                    - 
    select
        m1_0.created_at 
    from
        messages m1_0 
    where
        m1_0.channel_id=? 
    order by
        m1_0.created_at desc 
    fetch
        first 1 rows only
26-06-10 00:14:56.527 [Test worker] TRACE org.hibernate.orm.jdbc.bind          - binding parameter (1:UUID) <- [4a65cd44-e6f9-4122-91db-9d717d21823c]
26-06-10 00:14:56.578 [Test worker] DEBUG org.hibernate.SQL                    - 
    insert 
    into
        users
        (created_at, email, password, profile_id, updated_at, username, id) 
    values
        (?, ?, ?, ?, ?, ?, ?)
26-06-10 00:14:56.580 [Test worker] TRACE org.hibernate.orm.jdbc.bind          - binding parameter (1:TIMESTAMP_UTC) <- [2026-06-09T15:14:56.492960Z]
26-06-10 00:14:56.581 [Test worker] TRACE org.hibernate.orm.jdbc.bind          - binding parameter (2:VARCHAR) <- [test@codeit.com]
26-06-10 00:14:56.581 [Test worker] TRACE org.hibernate.orm.jdbc.bind          - binding parameter (3:VARCHAR) <- [Password1234]
26-06-10 00:14:56.581 [Test worker] TRACE org.hibernate.orm.jdbc.bind          - binding parameter (4:UUID) <- [null]
26-06-10 00:14:56.581 [Test worker] TRACE org.hibernate.orm.jdbc.bind          - binding parameter (5:TIMESTAMP_UTC) <- [2026-06-09T15:14:56.492960Z]
26-06-10 00:14:56.581 [Test worker] TRACE org.hibernate.orm.jdbc.bind          - binding parameter (6:VARCHAR) <- [testuser]
26-06-10 00:14:56.581 [Test worker] TRACE org.hibernate.orm.jdbc.bind          - binding parameter (7:UUID) <- [0c156117-97d2-4052-951b-4065b183d1fa]
26-06-10 00:14:56.583 [Test worker] DEBUG org.hibernate.SQL                    - 
    insert 
    into
        user_statuses
        (created_at, last_active_at, updated_at, user_id, id) 
    values
        (?, ?, ?, ?, ?)
26-06-10 00:14:56.584 [Test worker] TRACE org.hibernate.orm.jdbc.bind          - binding parameter (1:TIMESTAMP_UTC) <- [2026-06-09T15:14:56.506154Z]
26-06-10 00:14:56.584 [Test worker] TRACE org.hibernate.orm.jdbc.bind          - binding parameter (2:TIMESTAMP_UTC) <- [2026-06-09T15:14:56.480502Z]
26-06-10 00:14:56.584 [Test worker] TRACE org.hibernate.orm.jdbc.bind          - binding parameter (3:TIMESTAMP_UTC) <- [2026-06-09T15:14:56.506154Z]
26-06-10 00:14:56.584 [Test worker] TRACE org.hibernate.orm.jdbc.bind          - binding parameter (4:UUID) <- [0c156117-97d2-4052-951b-4065b183d1fa]
26-06-10 00:14:56.584 [Test worker] TRACE org.hibernate.orm.jdbc.bind          - binding parameter (5:UUID) <- [7ba7c7d4-5960-4e1f-90d0-fe4c32d658ae]
26-06-10 00:14:56.585 [Test worker] DEBUG org.hibernate.SQL                    - 
    insert 
    into
        channels
        (created_at, description, name, type, updated_at, id) 
    values
        (?, ?, ?, ?, ?, ?)
26-06-10 00:14:56.585 [Test worker] TRACE org.hibernate.orm.jdbc.bind          - binding parameter (1:TIMESTAMP_UTC) <- [2026-06-09T15:14:56.510555Z]
26-06-10 00:14:56.585 [Test worker] TRACE org.hibernate.orm.jdbc.bind          - binding parameter (2:VARCHAR) <- [null]
26-06-10 00:14:56.585 [Test worker] TRACE org.hibernate.orm.jdbc.bind          - binding parameter (3:VARCHAR) <- [test-channel]
26-06-10 00:14:56.585 [Test worker] TRACE org.hibernate.orm.jdbc.bind          - binding parameter (4:ENUM) <- [PUBLIC]
26-06-10 00:14:56.585 [Test worker] TRACE org.hibernate.orm.jdbc.bind          - binding parameter (5:TIMESTAMP_UTC) <- [2026-06-09T15:14:56.510555Z]
26-06-10 00:14:56.585 [Test worker] TRACE org.hibernate.orm.jdbc.bind          - binding parameter (6:UUID) <- [4a65cd44-e6f9-4122-91db-9d717d21823c]
26-06-10 00:14:56.586 [Test worker] DEBUG org.hibernate.SQL                    - 
    insert 
    into
        messages
        (author_id, channel_id, content, created_at, updated_at, id) 
    values
        (?, ?, ?, ?, ?, ?)
26-06-10 00:14:56.586 [Test worker] TRACE org.hibernate.orm.jdbc.bind          - binding parameter (1:UUID) <- [0c156117-97d2-4052-951b-4065b183d1fa]
26-06-10 00:14:56.587 [Test worker] TRACE org.hibernate.orm.jdbc.bind          - binding parameter (2:UUID) <- [4a65cd44-e6f9-4122-91db-9d717d21823c]
26-06-10 00:14:56.587 [Test worker] TRACE org.hibernate.orm.jdbc.bind          - binding parameter (3:VARCHAR) <- [테스트 메시지입니다.]
26-06-10 00:14:56.587 [Test worker] TRACE org.hibernate.orm.jdbc.bind          - binding parameter (4:TIMESTAMP_UTC) <- [2026-06-09T15:14:56.550393Z]
26-06-10 00:14:56.587 [Test worker] TRACE org.hibernate.orm.jdbc.bind          - binding parameter (5:TIMESTAMP_UTC) <- [2026-06-09T15:14:56.550393Z]
26-06-10 00:14:56.588 [Test worker] TRACE org.hibernate.orm.jdbc.bind          - binding parameter (6:UUID) <- [4f9a70cc-a79f-4ffa-a546-7ee25c3211e9]
26-06-10 00:14:56.589 [Test worker] DEBUG org.hibernate.SQL                    - 
    insert 
    into
        messages
        (author_id, channel_id, content, created_at, updated_at, id) 
    values
        (?, ?, ?, ?, ?, ?)
26-06-10 00:14:56.589 [Test worker] TRACE org.hibernate.orm.jdbc.bind          - binding parameter (1:UUID) <- [0c156117-97d2-4052-951b-4065b183d1fa]
26-06-10 00:14:56.589 [Test worker] TRACE org.hibernate.orm.jdbc.bind          - binding parameter (2:UUID) <- [4a65cd44-e6f9-4122-91db-9d717d21823c]
26-06-10 00:14:56.590 [Test worker] TRACE org.hibernate.orm.jdbc.bind          - binding parameter (3:VARCHAR) <- [테스트 메시지입니다.]
26-06-10 00:14:56.590 [Test worker] TRACE org.hibernate.orm.jdbc.bind          - binding parameter (4:TIMESTAMP_UTC) <- [2026-06-09T15:14:56.556967Z]
26-06-10 00:14:56.590 [Test worker] TRACE org.hibernate.orm.jdbc.bind          - binding parameter (5:TIMESTAMP_UTC) <- [2026-06-09T15:14:56.556967Z]
26-06-10 00:14:56.590 [Test worker] TRACE org.hibernate.orm.jdbc.bind          - binding parameter (6:UUID) <- [a5e4bddd-9feb-46df-aa10-293a441709fe]
26-06-10 00:14:56.593 [Test worker] DEBUG org.hibernate.SQL                    - 
    select
        m1_0.id,
        m1_0.author_id,
        a1_0.id,
        a1_0.created_at,
        a1_0.email,
        a1_0.password,
        p1_0.id,
        p1_0.content_type,
        p1_0.created_at,
        p1_0.file_name,
        p1_0.size,
        s1_0.id,
        s1_0.created_at,
        s1_0.last_active_at,
        s1_0.updated_at,
        s1_0.user_id,
        a1_0.updated_at,
        a1_0.username,
        m1_0.channel_id,
        m1_0.content,
        m1_0.created_at,
        m1_0.updated_at 
    from
        messages m1_0 
    left join
        users a1_0 
            on a1_0.id=m1_0.author_id 
    join
        user_statuses s1_0 
            on a1_0.id=s1_0.user_id 
    left join
        binary_contents p1_0 
            on p1_0.id=a1_0.profile_id 
    where
        m1_0.channel_id=? 
        and m1_0.created_at<? 
    order by
        m1_0.created_at desc 
    fetch
        first ? rows only
26-06-10 00:14:56.595 [Test worker] TRACE org.hibernate.orm.jdbc.bind          - binding parameter (1:UUID) <- [4a65cd44-e6f9-4122-91db-9d717d21823c]
26-06-10 00:14:56.595 [Test worker] TRACE org.hibernate.orm.jdbc.bind          - binding parameter (2:TIMESTAMP_UTC) <- [2026-06-09T15:14:56.557901Z]
26-06-10 00:14:56.595 [Test worker] TRACE org.hibernate.orm.jdbc.bind          - binding parameter (3:INTEGER) <- [51]
26-06-10 00:14:56.649 [Test worker] DEBUG org.hibernate.SQL                    - 
    select
        u1_0.id 
    from
        users u1_0 
    where
        u1_0.email=? 
    fetch
        first ? rows only
26-06-10 00:14:56.650 [Test worker] TRACE org.hibernate.orm.jdbc.bind          - binding parameter (1:VARCHAR) <- [test@codeit.com]
26-06-10 00:14:56.650 [Test worker] TRACE org.hibernate.orm.jdbc.bind          - binding parameter (2:INTEGER) <- [1]
26-06-10 00:14:56.652 [Test worker] DEBUG org.hibernate.SQL                    - 
    select
        u1_0.id 
    from
        users u1_0 
    where
        u1_0.username=? 
    fetch
        first ? rows only
26-06-10 00:14:56.652 [Test worker] TRACE org.hibernate.orm.jdbc.bind          - binding parameter (1:VARCHAR) <- [testuser]
26-06-10 00:14:56.652 [Test worker] TRACE org.hibernate.orm.jdbc.bind          - binding parameter (2:INTEGER) <- [1]
26-06-10 00:14:56.656 [Test worker] DEBUG org.hibernate.SQL                    - 
    select
        m1_0.created_at 
    from
        messages m1_0 
    where
        m1_0.channel_id=? 
    order by
        m1_0.created_at desc 
    fetch
        first 1 rows only
26-06-10 00:14:56.657 [Test worker] TRACE org.hibernate.orm.jdbc.bind          - binding parameter (1:UUID) <- [a7fb6016-fdf7-424b-9d13-25db27e6c275]
26-06-10 00:14:56.705 [Test worker] DEBUG org.hibernate.SQL                    - 
    insert 
    into
        users
        (created_at, email, password, profile_id, updated_at, username, id) 
    values
        (?, ?, ?, ?, ?, ?, ?)
26-06-10 00:14:56.705 [Test worker] TRACE org.hibernate.orm.jdbc.bind          - binding parameter (1:TIMESTAMP_UTC) <- [2026-06-09T15:14:56.653417Z]
26-06-10 00:14:56.705 [Test worker] TRACE org.hibernate.orm.jdbc.bind          - binding parameter (2:VARCHAR) <- [test@codeit.com]
26-06-10 00:14:56.705 [Test worker] TRACE org.hibernate.orm.jdbc.bind          - binding parameter (3:VARCHAR) <- [Password1234]
26-06-10 00:14:56.705 [Test worker] TRACE org.hibernate.orm.jdbc.bind          - binding parameter (4:UUID) <- [null]
26-06-10 00:14:56.705 [Test worker] TRACE org.hibernate.orm.jdbc.bind          - binding parameter (5:TIMESTAMP_UTC) <- [2026-06-09T15:14:56.653417Z]
26-06-10 00:14:56.705 [Test worker] TRACE org.hibernate.orm.jdbc.bind          - binding parameter (6:VARCHAR) <- [testuser]
26-06-10 00:14:56.705 [Test worker] TRACE org.hibernate.orm.jdbc.bind          - binding parameter (7:UUID) <- [a57845ce-09bb-4bfc-bc7b-fc36690e77ec]
26-06-10 00:14:56.706 [Test worker] DEBUG org.hibernate.SQL                    - 
    insert 
    into
        user_statuses
        (created_at, last_active_at, updated_at, user_id, id) 
    values
        (?, ?, ?, ?, ?)
26-06-10 00:14:56.706 [Test worker] TRACE org.hibernate.orm.jdbc.bind          - binding parameter (1:TIMESTAMP_UTC) <- [2026-06-09T15:14:56.654077Z]
26-06-10 00:14:56.706 [Test worker] TRACE org.hibernate.orm.jdbc.bind          - binding parameter (2:TIMESTAMP_UTC) <- [2026-06-09T15:14:56.652909Z]
26-06-10 00:14:56.706 [Test worker] TRACE org.hibernate.orm.jdbc.bind          - binding parameter (3:TIMESTAMP_UTC) <- [2026-06-09T15:14:56.654077Z]
26-06-10 00:14:56.706 [Test worker] TRACE org.hibernate.orm.jdbc.bind          - binding parameter (4:UUID) <- [a57845ce-09bb-4bfc-bc7b-fc36690e77ec]
26-06-10 00:14:56.706 [Test worker] TRACE org.hibernate.orm.jdbc.bind          - binding parameter (5:UUID) <- [f4e8eea6-7312-47a3-8e9e-3072e1fe07dd]
26-06-10 00:14:56.707 [Test worker] DEBUG org.hibernate.SQL                    - 
    insert 
    into
        channels
        (created_at, description, name, type, updated_at, id) 
    values
        (?, ?, ?, ?, ?, ?)
26-06-10 00:14:56.707 [Test worker] TRACE org.hibernate.orm.jdbc.bind          - binding parameter (1:TIMESTAMP_UTC) <- [2026-06-09T15:14:56.654992Z]
26-06-10 00:14:56.708 [Test worker] TRACE org.hibernate.orm.jdbc.bind          - binding parameter (2:VARCHAR) <- [null]
26-06-10 00:14:56.708 [Test worker] TRACE org.hibernate.orm.jdbc.bind          - binding parameter (3:VARCHAR) <- [test-channel]
26-06-10 00:14:56.708 [Test worker] TRACE org.hibernate.orm.jdbc.bind          - binding parameter (4:ENUM) <- [PUBLIC]
26-06-10 00:14:56.708 [Test worker] TRACE org.hibernate.orm.jdbc.bind          - binding parameter (5:TIMESTAMP_UTC) <- [2026-06-09T15:14:56.654992Z]
26-06-10 00:14:56.708 [Test worker] TRACE org.hibernate.orm.jdbc.bind          - binding parameter (6:UUID) <- [a7fb6016-fdf7-424b-9d13-25db27e6c275]
26-06-10 00:14:56.709 [Test worker] DEBUG org.hibernate.SQL                    - 
    insert 
    into
        messages
        (author_id, channel_id, content, created_at, updated_at, id) 
    values
        (?, ?, ?, ?, ?, ?)
26-06-10 00:14:56.709 [Test worker] TRACE org.hibernate.orm.jdbc.bind          - binding parameter (1:UUID) <- [a57845ce-09bb-4bfc-bc7b-fc36690e77ec]
26-06-10 00:14:56.710 [Test worker] TRACE org.hibernate.orm.jdbc.bind          - binding parameter (2:UUID) <- [a7fb6016-fdf7-424b-9d13-25db27e6c275]
26-06-10 00:14:56.710 [Test worker] TRACE org.hibernate.orm.jdbc.bind          - binding parameter (3:VARCHAR) <- [테스트 메시지입니다.]
26-06-10 00:14:56.710 [Test worker] TRACE org.hibernate.orm.jdbc.bind          - binding parameter (4:TIMESTAMP_UTC) <- [2026-06-09T15:14:56.660904Z]
26-06-10 00:14:56.710 [Test worker] TRACE org.hibernate.orm.jdbc.bind          - binding parameter (5:TIMESTAMP_UTC) <- [2026-06-09T15:14:56.660904Z]
26-06-10 00:14:56.710 [Test worker] TRACE org.hibernate.orm.jdbc.bind          - binding parameter (6:UUID) <- [3732b520-a46e-4a0a-bc84-fc3c2838b89d]
26-06-10 00:14:56.710 [Test worker] DEBUG org.hibernate.SQL                    - 
    select
        count(*) 
    from
        messages m1_0 
    where
        m1_0.id=?
26-06-10 00:14:56.711 [Test worker] TRACE org.hibernate.orm.jdbc.bind          - binding parameter (1:UUID) <- [3732b520-a46e-4a0a-bc84-fc3c2838b89d]
26-06-10 00:14:56.718 [Test worker] DEBUG org.hibernate.SQL                    - 
    delete 
    from
        messages 
    where
        id=?
26-06-10 00:14:56.719 [Test worker] TRACE org.hibernate.orm.jdbc.bind          - binding parameter (1:UUID) <- [3732b520-a46e-4a0a-bc84-fc3c2838b89d]
26-06-10 00:14:56.720 [Test worker] DEBUG org.hibernate.SQL                    - 
    select
        count(*) 
    from
        messages m1_0 
    where
        m1_0.id=?
26-06-10 00:14:56.721 [Test worker] TRACE org.hibernate.orm.jdbc.bind          - binding parameter (1:UUID) <- [3732b520-a46e-4a0a-bc84-fc3c2838b89d]
26-06-10 00:14:56.729 [Test worker] DEBUG org.hibernate.SQL                    - 
    select
        u1_0.id 
    from
        users u1_0 
    where
        u1_0.email=? 
    fetch
        first ? rows only
26-06-10 00:14:56.730 [Test worker] TRACE org.hibernate.orm.jdbc.bind          - binding parameter (1:VARCHAR) <- [test@codeit.com]
26-06-10 00:14:56.730 [Test worker] TRACE org.hibernate.orm.jdbc.bind          - binding parameter (2:INTEGER) <- [1]
26-06-10 00:14:56.731 [Test worker] DEBUG org.hibernate.SQL                    - 
    select
        u1_0.id 
    from
        users u1_0 
    where
        u1_0.username=? 
    fetch
        first ? rows only
26-06-10 00:14:56.732 [Test worker] TRACE org.hibernate.orm.jdbc.bind          - binding parameter (1:VARCHAR) <- [testuser]
26-06-10 00:14:56.732 [Test worker] TRACE org.hibernate.orm.jdbc.bind          - binding parameter (2:INTEGER) <- [1]
26-06-10 00:14:56.733 [Test worker] DEBUG org.hibernate.SQL                    - 
    select
        m1_0.created_at 
    from
        messages m1_0 
    where
        m1_0.channel_id=? 
    order by
        m1_0.created_at desc 
    fetch
        first 1 rows only
26-06-10 00:14:56.734 [Test worker] TRACE org.hibernate.orm.jdbc.bind          - binding parameter (1:UUID) <- [60d78cb6-bd7f-4164-85c0-2a03c516d56e]
26-06-10 00:14:56.741 [Test worker] DEBUG org.hibernate.SQL                    - 
    select
        u1_0.id 
    from
        users u1_0 
    where
        u1_0.email=? 
    fetch
        first ? rows only
26-06-10 00:14:56.742 [Test worker] TRACE org.hibernate.orm.jdbc.bind          - binding parameter (1:VARCHAR) <- [test@codeit.com]
26-06-10 00:14:56.743 [Test worker] TRACE org.hibernate.orm.jdbc.bind          - binding parameter (2:INTEGER) <- [1]
26-06-10 00:14:56.744 [Test worker] DEBUG org.hibernate.SQL                    - 
    select
        u1_0.id 
    from
        users u1_0 
    where
        u1_0.username=? 
    fetch
        first ? rows only
26-06-10 00:14:56.744 [Test worker] TRACE org.hibernate.orm.jdbc.bind          - binding parameter (1:VARCHAR) <- [testuser]
26-06-10 00:14:56.744 [Test worker] TRACE org.hibernate.orm.jdbc.bind          - binding parameter (2:INTEGER) <- [1]
26-06-10 00:14:56.747 [Test worker] DEBUG org.hibernate.SQL                    - 
    select
        m1_0.created_at 
    from
        messages m1_0 
    where
        m1_0.channel_id=? 
    order by
        m1_0.created_at desc 
    fetch
        first 1 rows only
26-06-10 00:14:56.748 [Test worker] TRACE org.hibernate.orm.jdbc.bind          - binding parameter (1:UUID) <- [84b14eaf-993e-476e-a9de-665917ae6fff]
26-06-10 00:14:56.750 [Test worker] DEBUG org.hibernate.SQL                    - 
    select
        c1_0.id,
        c1_0.created_at,
        c1_0.description,
        c1_0.name,
        c1_0.type,
        c1_0.updated_at 
    from
        channels c1_0 
    where
        c1_0.id=?
26-06-10 00:14:56.750 [Test worker] TRACE org.hibernate.orm.jdbc.bind          - binding parameter (1:UUID) <- [0337a934-5e41-4456-a7e4-bcdd8dc3806b]
26-06-10 00:14:56.758 [Test worker] DEBUG org.hibernate.SQL                    - 
    select
        u1_0.id 
    from
        users u1_0 
    where
        u1_0.email=? 
    fetch
        first ? rows only
26-06-10 00:14:56.761 [Test worker] TRACE org.hibernate.orm.jdbc.bind          - binding parameter (1:VARCHAR) <- [test@codeit.com]
26-06-10 00:14:56.761 [Test worker] TRACE org.hibernate.orm.jdbc.bind          - binding parameter (2:INTEGER) <- [1]
26-06-10 00:14:56.763 [Test worker] DEBUG org.hibernate.SQL                    - 
    select
        u1_0.id 
    from
        users u1_0 
    where
        u1_0.username=? 
    fetch
        first ? rows only
26-06-10 00:14:56.764 [Test worker] TRACE org.hibernate.orm.jdbc.bind          - binding parameter (1:VARCHAR) <- [testuser]
26-06-10 00:14:56.764 [Test worker] TRACE org.hibernate.orm.jdbc.bind          - binding parameter (2:INTEGER) <- [1]
26-06-10 00:14:56.767 [Test worker] DEBUG org.hibernate.SQL                    - 
    select
        m1_0.created_at 
    from
        messages m1_0 
    where
        m1_0.channel_id=? 
    order by
        m1_0.created_at desc 
    fetch
        first 1 rows only
26-06-10 00:14:56.768 [Test worker] TRACE org.hibernate.orm.jdbc.bind          - binding parameter (1:UUID) <- [3bf46b80-5568-4c41-bb07-4ea35d8b6faa]
26-06-10 00:14:56.771 [Test worker] DEBUG org.hibernate.SQL                    - 
    select
        count(*) 
    from
        messages m1_0 
    where
        m1_0.id=?
26-06-10 00:14:56.772 [Test worker] TRACE org.hibernate.orm.jdbc.bind          - binding parameter (1:UUID) <- [93a1bb4e-aa3e-4800-aa69-e394124620e6]
26-06-10 00:14:56.784 [Test worker] DEBUG org.hibernate.SQL                    - 
    select
        u1_0.id 
    from
        users u1_0 
    where
        u1_0.email=? 
    fetch
        first ? rows only
26-06-10 00:14:56.785 [Test worker] TRACE org.hibernate.orm.jdbc.bind          - binding parameter (1:VARCHAR) <- [test@codeit.com]
26-06-10 00:14:56.785 [Test worker] TRACE org.hibernate.orm.jdbc.bind          - binding parameter (2:INTEGER) <- [1]
26-06-10 00:14:56.787 [Test worker] DEBUG org.hibernate.SQL                    - 
    select
        u1_0.id 
    from
        users u1_0 
    where
        u1_0.username=? 
    fetch
        first ? rows only
26-06-10 00:14:56.789 [Test worker] TRACE org.hibernate.orm.jdbc.bind          - binding parameter (1:VARCHAR) <- [testuser]
26-06-10 00:14:56.789 [Test worker] TRACE org.hibernate.orm.jdbc.bind          - binding parameter (2:INTEGER) <- [1]
26-06-10 00:14:56.791 [Test worker] DEBUG org.hibernate.SQL                    - 
    select
        m1_0.created_at 
    from
        messages m1_0 
    where
        m1_0.channel_id=? 
    order by
        m1_0.created_at desc 
    fetch
        first 1 rows only
26-06-10 00:14:56.792 [Test worker] TRACE org.hibernate.orm.jdbc.bind          - binding parameter (1:UUID) <- [2e7657e9-c558-4b3d-9259-bb59caa149bd]
26-06-10 00:14:56.794 [Test worker] DEBUG org.hibernate.SQL                    - 
    select
        m1_0.id,
        m1_0.author_id,
        m1_0.channel_id,
        m1_0.content,
        m1_0.created_at,
        m1_0.updated_at 
    from
        messages m1_0 
    where
        m1_0.id=?
26-06-10 00:14:56.794 [Test worker] TRACE org.hibernate.orm.jdbc.bind          - binding parameter (1:UUID) <- [61f35143-9aeb-46c6-bbc7-40c24616c216]
26-06-10 00:14:56.802 [Test worker] DEBUG org.hibernate.SQL                    - 
    select
        u1_0.id 
    from
        users u1_0 
    where
        u1_0.email=? 
    fetch
        first ? rows only
26-06-10 00:14:56.802 [Test worker] TRACE org.hibernate.orm.jdbc.bind          - binding parameter (1:VARCHAR) <- [test@codeit.com]
26-06-10 00:14:56.802 [Test worker] TRACE org.hibernate.orm.jdbc.bind          - binding parameter (2:INTEGER) <- [1]
26-06-10 00:14:56.804 [Test worker] DEBUG org.hibernate.SQL                    - 
    select
        u1_0.id 
    from
        users u1_0 
    where
        u1_0.username=? 
    fetch
        first ? rows only
26-06-10 00:14:56.805 [Test worker] TRACE org.hibernate.orm.jdbc.bind          - binding parameter (1:VARCHAR) <- [testuser]
26-06-10 00:14:56.806 [Test worker] TRACE org.hibernate.orm.jdbc.bind          - binding parameter (2:INTEGER) <- [1]
26-06-10 00:14:56.808 [Test worker] DEBUG org.hibernate.SQL                    - 
    select
        m1_0.created_at 
    from
        messages m1_0 
    where
        m1_0.channel_id=? 
    order by
        m1_0.created_at desc 
    fetch
        first 1 rows only
26-06-10 00:14:56.808 [Test worker] TRACE org.hibernate.orm.jdbc.bind          - binding parameter (1:UUID) <- [45bd2f08-608f-41a6-8fa7-e1d4f8f6ee17]
26-06-10 00:14:56.818 [Test worker] DEBUG org.hibernate.SQL                    - 
    select
        u1_0.id 
    from
        users u1_0 
    where
        u1_0.email=? 
    fetch
        first ? rows only
26-06-10 00:14:56.818 [Test worker] TRACE org.hibernate.orm.jdbc.bind          - binding parameter (1:VARCHAR) <- [test@codeit.com]
26-06-10 00:14:56.818 [Test worker] TRACE org.hibernate.orm.jdbc.bind          - binding parameter (2:INTEGER) <- [1]
26-06-10 00:14:56.819 [Test worker] DEBUG org.hibernate.SQL                    - 
    select
        u1_0.id 
    from
        users u1_0 
    where
        u1_0.username=? 
    fetch
        first ? rows only
26-06-10 00:14:56.820 [Test worker] TRACE org.hibernate.orm.jdbc.bind          - binding parameter (1:VARCHAR) <- [testuser]
26-06-10 00:14:56.820 [Test worker] TRACE org.hibernate.orm.jdbc.bind          - binding parameter (2:INTEGER) <- [1]
26-06-10 00:14:56.828 [Test worker] DEBUG org.hibernate.SQL                    - 
    select
        m1_0.created_at 
    from
        messages m1_0 
    where
        m1_0.channel_id=? 
    order by
        m1_0.created_at desc 
    fetch
        first 1 rows only
26-06-10 00:14:56.829 [Test worker] TRACE org.hibernate.orm.jdbc.bind          - binding parameter (1:UUID) <- [4bf9efe0-f9f4-4f04-8dad-5764d9a76808]
26-06-10 00:14:56.831 [Test worker] DEBUG org.hibernate.SQL                    - 
    select
        m1_0.created_at 
    from
        messages m1_0 
    where
        m1_0.channel_id=? 
    order by
        m1_0.created_at desc 
    fetch
        first 1 rows only
26-06-10 00:14:56.831 [Test worker] TRACE org.hibernate.orm.jdbc.bind          - binding parameter (1:UUID) <- [1967c879-9438-447e-aa9b-1efa12ce57c2]
26-06-10 00:14:56.833 [Test worker] DEBUG org.hibernate.SQL                    - 
    insert 
    into
        users
        (created_at, email, password, profile_id, updated_at, username, id) 
    values
        (?, ?, ?, ?, ?, ?, ?)
26-06-10 00:14:56.833 [Test worker] TRACE org.hibernate.orm.jdbc.bind          - binding parameter (1:TIMESTAMP_UTC) <- [2026-06-09T15:14:56.823237Z]
26-06-10 00:14:56.833 [Test worker] TRACE org.hibernate.orm.jdbc.bind          - binding parameter (2:VARCHAR) <- [test@codeit.com]
26-06-10 00:14:56.833 [Test worker] TRACE org.hibernate.orm.jdbc.bind          - binding parameter (3:VARCHAR) <- [Password1234]
26-06-10 00:14:56.833 [Test worker] TRACE org.hibernate.orm.jdbc.bind          - binding parameter (4:UUID) <- [null]
26-06-10 00:14:56.833 [Test worker] TRACE org.hibernate.orm.jdbc.bind          - binding parameter (5:TIMESTAMP_UTC) <- [2026-06-09T15:14:56.823237Z]
26-06-10 00:14:56.833 [Test worker] TRACE org.hibernate.orm.jdbc.bind          - binding parameter (6:VARCHAR) <- [testuser]
26-06-10 00:14:56.834 [Test worker] TRACE org.hibernate.orm.jdbc.bind          - binding parameter (7:UUID) <- [4c6e6ddf-2f64-4811-b274-eb3fd3890ab5]
26-06-10 00:14:56.834 [Test worker] DEBUG org.hibernate.SQL                    - 
    insert 
    into
        user_statuses
        (created_at, last_active_at, updated_at, user_id, id) 
    values
        (?, ?, ?, ?, ?)
26-06-10 00:14:56.835 [Test worker] TRACE org.hibernate.orm.jdbc.bind          - binding parameter (1:TIMESTAMP_UTC) <- [2026-06-09T15:14:56.825616Z]
26-06-10 00:14:56.835 [Test worker] TRACE org.hibernate.orm.jdbc.bind          - binding parameter (2:TIMESTAMP_UTC) <- [2026-06-09T15:14:56.821346Z]
26-06-10 00:14:56.835 [Test worker] TRACE org.hibernate.orm.jdbc.bind          - binding parameter (3:TIMESTAMP_UTC) <- [2026-06-09T15:14:56.825616Z]
26-06-10 00:14:56.835 [Test worker] TRACE org.hibernate.orm.jdbc.bind          - binding parameter (4:UUID) <- [4c6e6ddf-2f64-4811-b274-eb3fd3890ab5]
26-06-10 00:14:56.835 [Test worker] TRACE org.hibernate.orm.jdbc.bind          - binding parameter (5:UUID) <- [b3f1b0df-25a5-4940-92ef-224f732de850]
26-06-10 00:14:56.836 [Test worker] DEBUG org.hibernate.SQL                    - 
    insert 
    into
        channels
        (created_at, description, name, type, updated_at, id) 
    values
        (?, ?, ?, ?, ?, ?)
26-06-10 00:14:56.836 [Test worker] TRACE org.hibernate.orm.jdbc.bind          - binding parameter (1:TIMESTAMP_UTC) <- [2026-06-09T15:14:56.827282Z]
26-06-10 00:14:56.836 [Test worker] TRACE org.hibernate.orm.jdbc.bind          - binding parameter (2:VARCHAR) <- [null]
26-06-10 00:14:56.836 [Test worker] TRACE org.hibernate.orm.jdbc.bind          - binding parameter (3:VARCHAR) <- [test-channel]
26-06-10 00:14:56.836 [Test worker] TRACE org.hibernate.orm.jdbc.bind          - binding parameter (4:ENUM) <- [PUBLIC]
26-06-10 00:14:56.836 [Test worker] TRACE org.hibernate.orm.jdbc.bind          - binding parameter (5:TIMESTAMP_UTC) <- [2026-06-09T15:14:56.827282Z]
26-06-10 00:14:56.836 [Test worker] TRACE org.hibernate.orm.jdbc.bind          - binding parameter (6:UUID) <- [4bf9efe0-f9f4-4f04-8dad-5764d9a76808]
26-06-10 00:14:56.837 [Test worker] DEBUG org.hibernate.SQL                    - 
    insert 
    into
        channels
        (created_at, description, name, type, updated_at, id) 
    values
        (?, ?, ?, ?, ?, ?)
26-06-10 00:14:56.837 [Test worker] TRACE org.hibernate.orm.jdbc.bind          - binding parameter (1:TIMESTAMP_UTC) <- [2026-06-09T15:14:56.830648Z]
26-06-10 00:14:56.837 [Test worker] TRACE org.hibernate.orm.jdbc.bind          - binding parameter (2:VARCHAR) <- [null]
26-06-10 00:14:56.837 [Test worker] TRACE org.hibernate.orm.jdbc.bind          - binding parameter (3:VARCHAR) <- [empty-channel]
26-06-10 00:14:56.838 [Test worker] TRACE org.hibernate.orm.jdbc.bind          - binding parameter (4:ENUM) <- [PUBLIC]
26-06-10 00:14:56.838 [Test worker] TRACE org.hibernate.orm.jdbc.bind          - binding parameter (5:TIMESTAMP_UTC) <- [2026-06-09T15:14:56.830648Z]
26-06-10 00:14:56.838 [Test worker] TRACE org.hibernate.orm.jdbc.bind          - binding parameter (6:UUID) <- [1967c879-9438-447e-aa9b-1efa12ce57c2]
26-06-10 00:14:56.839 [Test worker] DEBUG org.hibernate.SQL                    - 
    select
        m1_0.id,
        m1_0.author_id,
        a1_0.id,
        a1_0.created_at,
        a1_0.email,
        a1_0.password,
        p1_0.id,
        p1_0.content_type,
        p1_0.created_at,
        p1_0.file_name,
        p1_0.size,
        s1_0.id,
        s1_0.created_at,
        s1_0.last_active_at,
        s1_0.updated_at,
        s1_0.user_id,
        a1_0.updated_at,
        a1_0.username,
        m1_0.channel_id,
        m1_0.content,
        m1_0.created_at,
        m1_0.updated_at 
    from
        messages m1_0 
    left join
        users a1_0 
            on a1_0.id=m1_0.author_id 
    join
        user_statuses s1_0 
            on a1_0.id=s1_0.user_id 
    left join
        binary_contents p1_0 
            on p1_0.id=a1_0.profile_id 
    where
        m1_0.channel_id=? 
        and m1_0.created_at<? 
    order by
        m1_0.created_at desc 
    fetch
        first ? rows only
26-06-10 00:14:56.840 [Test worker] TRACE org.hibernate.orm.jdbc.bind          - binding parameter (1:UUID) <- [1967c879-9438-447e-aa9b-1efa12ce57c2]
26-06-10 00:14:56.840 [Test worker] TRACE org.hibernate.orm.jdbc.bind          - binding parameter (2:TIMESTAMP_UTC) <- [2026-06-09T15:14:56.832120Z]
26-06-10 00:14:56.840 [Test worker] TRACE org.hibernate.orm.jdbc.bind          - binding parameter (3:INTEGER) <- [51]
26-06-10 00:14:56.854 [SpringApplicationShutdownHook] INFO  o.s.o.j.LocalContainerEntityManagerFactoryBean - Closing JPA EntityManagerFactory for persistence unit 'default'
26-06-10 00:14:56.855 [SpringApplicationShutdownHook] DEBUG org.hibernate.SQL                    - 
    drop table if exists binary_contents cascade 
26-06-10 00:14:56.856 [SpringApplicationShutdownHook] DEBUG org.hibernate.SQL                    - 
    drop table if exists channels cascade 
26-06-10 00:14:56.856 [SpringApplicationShutdownHook] DEBUG org.hibernate.SQL                    - 
    drop table if exists message_attachments cascade 
26-06-10 00:14:56.856 [SpringApplicationShutdownHook] DEBUG org.hibernate.SQL                    - 
    drop table if exists messages cascade 
26-06-10 00:14:56.856 [SpringApplicationShutdownHook] DEBUG org.hibernate.SQL                    - 
    drop table if exists read_statuses cascade 
26-06-10 00:14:56.857 [SpringApplicationShutdownHook] DEBUG org.hibernate.SQL                    - 
    drop table if exists user_statuses cascade 
26-06-10 00:14:56.857 [SpringApplicationShutdownHook] DEBUG org.hibernate.SQL                    - 
    drop table if exists users cascade 
26-06-10 00:14:56.859 [SpringApplicationShutdownHook] INFO  com.zaxxer.hikari.HikariDataSource   - HikariPool-1 - Shutdown initiated...
26-06-10 00:14:56.860 [SpringApplicationShutdownHook] INFO  com.zaxxer.hikari.HikariDataSource   - HikariPool-1 - Shutdown completed.
26-06-10 00:15:08.452 [background-preinit] INFO  o.h.validator.internal.util.Version  - HV000001: Hibernate Validator 8.0.1.Final
26-06-10 00:15:08.476 [Test worker] INFO  c.s.m.d.i.UserIntegrationTest        - Starting UserIntegrationTest using Java 17.0.18 with PID 65208 (started by nsl in /Users/nsl/work_space_sprint/12-sprint-mission)
26-06-10 00:15:08.477 [Test worker] INFO  c.s.m.d.i.UserIntegrationTest        - The following 1 profile is active: "test"
26-06-10 00:15:09.042 [Test worker] INFO  o.s.d.r.c.RepositoryConfigurationDelegate - Bootstrapping Spring Data JPA repositories in DEFAULT mode.
26-06-10 00:15:09.084 [Test worker] INFO  o.s.d.r.c.RepositoryConfigurationDelegate - Finished Spring Data repository scanning in 37 ms. Found 6 JPA repository interfaces.
26-06-10 00:15:09.382 [Test worker] INFO  com.zaxxer.hikari.HikariDataSource   - HikariPool-1 - Starting...
26-06-10 00:15:09.477 [Test worker] INFO  com.zaxxer.hikari.pool.HikariPool    - HikariPool-1 - Added connection conn0: url=jdbc:h2:mem:testdb user=SA
26-06-10 00:15:09.478 [Test worker] INFO  com.zaxxer.hikari.HikariDataSource   - HikariPool-1 - Start completed.
26-06-10 00:15:09.566 [Test worker] INFO  o.h.jpa.internal.util.LogHelper      - HHH000204: Processing PersistenceUnitInfo [name: default]
26-06-10 00:15:09.601 [Test worker] INFO  org.hibernate.Version                - HHH000412: Hibernate ORM core version 6.6.2.Final
26-06-10 00:15:09.619 [Test worker] INFO  o.h.c.i.RegionFactoryInitiator       - HHH000026: Second-level cache disabled
26-06-10 00:15:09.780 [Test worker] INFO  o.s.o.j.p.SpringPersistenceUnitInfo  - No LoadTimeWeaver setup: ignoring JPA class transformer
26-06-10 00:15:09.806 [Test worker] WARN  org.hibernate.orm.deprecation        - HHH90000025: H2Dialect does not need to be specified explicitly using 'hibernate.dialect' (remove the property setting and it will be selected by default)
26-06-10 00:15:09.816 [Test worker] INFO  o.hibernate.orm.connections.pooling  - HHH10001005: Database info:
	Database JDBC URL [Connecting through datasource 'HikariDataSource (HikariPool-1)']
	Database driver: undefined/unknown
	Database version: 2.3.232
	Autocommit mode: undefined/unknown
	Isolation level: undefined/unknown
	Minimum pool size: undefined/unknown
	Maximum pool size: undefined/unknown
26-06-10 00:15:10.432 [Test worker] INFO  o.h.e.t.j.p.i.JtaPlatformInitiator   - HHH000489: No JTA platform available (set 'hibernate.transaction.jta.platform' to enable JTA platform integration)
26-06-10 00:15:10.440 [Test worker] DEBUG org.hibernate.SQL                    - 
    drop table if exists binary_contents cascade 
26-06-10 00:15:10.442 [Test worker] DEBUG org.hibernate.SQL                    - 
    drop table if exists channels cascade 
26-06-10 00:15:10.443 [Test worker] DEBUG org.hibernate.SQL                    - 
    drop table if exists message_attachments cascade 
26-06-10 00:15:10.443 [Test worker] DEBUG org.hibernate.SQL                    - 
    drop table if exists messages cascade 
26-06-10 00:15:10.444 [Test worker] DEBUG org.hibernate.SQL                    - 
    drop table if exists read_statuses cascade 
26-06-10 00:15:10.445 [Test worker] DEBUG org.hibernate.SQL                    - 
    drop table if exists user_statuses cascade 
26-06-10 00:15:10.446 [Test worker] DEBUG org.hibernate.SQL                    - 
    drop table if exists users cascade 
26-06-10 00:15:10.450 [Test worker] DEBUG org.hibernate.SQL                    - 
    create table binary_contents (
        created_at timestamp with time zone not null,
        size bigint not null,
        id uuid not null,
        content_type varchar(100) not null,
        file_name varchar(255) not null,
        primary key (id)
    )
26-06-10 00:15:10.452 [Test worker] DEBUG org.hibernate.SQL                    - 
    create table channels (
        created_at timestamp with time zone not null,
        updated_at timestamp with time zone,
        id uuid not null,
        name varchar(100),
        description varchar(500),
        type enum ('PRIVATE','PUBLIC') not null,
        primary key (id)
    )
26-06-10 00:15:10.455 [Test worker] DEBUG org.hibernate.SQL                    - 
    create table message_attachments (
        attachment_id uuid not null unique,
        message_id uuid not null
    )
26-06-10 00:15:10.456 [Test worker] DEBUG org.hibernate.SQL                    - 
    create table messages (
        created_at timestamp with time zone not null,
        updated_at timestamp with time zone,
        author_id uuid not null,
        channel_id uuid not null,
        id uuid not null,
        content text not null,
        primary key (id)
    )
26-06-10 00:15:10.457 [Test worker] DEBUG org.hibernate.SQL                    - 
    create table read_statuses (
        created_at timestamp with time zone not null,
        last_read_at timestamp with time zone not null,
        updated_at timestamp with time zone,
        channel_id uuid not null,
        id uuid not null,
        user_id uuid not null,
        primary key (id),
        unique (user_id, channel_id)
    )
26-06-10 00:15:10.461 [Test worker] DEBUG org.hibernate.SQL                    - 
    create table user_statuses (
        created_at timestamp with time zone not null,
        last_active_at timestamp with time zone not null,
        updated_at timestamp with time zone,
        id uuid not null,
        user_id uuid not null unique,
        primary key (id)
    )
26-06-10 00:15:10.463 [Test worker] DEBUG org.hibernate.SQL                    - 
    create table users (
        created_at timestamp with time zone not null,
        updated_at timestamp with time zone,
        id uuid not null,
        profile_id uuid unique,
        username varchar(50) not null unique,
        password varchar(60) not null,
        email varchar(100) not null unique,
        primary key (id)
    )
26-06-10 00:15:10.465 [Test worker] DEBUG org.hibernate.SQL                    - 
    alter table if exists message_attachments 
       add constraint FKsd1m8rb8jcpbcnb7rpdue7ctc 
       foreign key (attachment_id) 
       references binary_contents
26-06-10 00:15:10.466 [Test worker] DEBUG org.hibernate.SQL                    - 
    alter table if exists message_attachments 
       add constraint FKj7twd218e2gqw9cmlhwvo1rth 
       foreign key (message_id) 
       references messages
26-06-10 00:15:10.467 [Test worker] DEBUG org.hibernate.SQL                    - 
    alter table if exists messages 
       add constraint FKowtlim26svclkatusptbgi7u1 
       foreign key (author_id) 
       references users
26-06-10 00:15:10.468 [Test worker] DEBUG org.hibernate.SQL                    - 
    alter table if exists messages 
       add constraint FK3u3ckbhwq9se1cmopk2pq05b2 
       foreign key (channel_id) 
       references channels
26-06-10 00:15:10.469 [Test worker] DEBUG org.hibernate.SQL                    - 
    alter table if exists read_statuses 
       add constraint FKa38ri44ml4gfdpklx4ahqr8gd 
       foreign key (channel_id) 
       references channels
26-06-10 00:15:10.471 [Test worker] DEBUG org.hibernate.SQL                    - 
    alter table if exists read_statuses 
       add constraint FKml3k4wr9sj5yxrmj6d0aoib2e 
       foreign key (user_id) 
       references users
26-06-10 00:15:10.473 [Test worker] DEBUG org.hibernate.SQL                    - 
    alter table if exists user_statuses 
       add constraint FK4lfl3ei2ubchgcxrrpo3pw4mm 
       foreign key (user_id) 
       references users
26-06-10 00:15:10.474 [Test worker] DEBUG org.hibernate.SQL                    - 
    alter table if exists users 
       add constraint FKtbudycgrip49xdptogmhfqnso 
       foreign key (profile_id) 
       references binary_contents
26-06-10 00:15:10.478 [Test worker] INFO  o.s.o.j.LocalContainerEntityManagerFactoryBean - Initialized JPA EntityManagerFactory for persistence unit 'default'
26-06-10 00:15:10.658 [Test worker] INFO  o.s.d.j.r.query.QueryEnhancerFactory - Hibernate is in classpath; If applicable, HQL parser will be used.
26-06-10 00:15:11.265 [Test worker] INFO  o.s.b.a.w.s.WelcomePageHandlerMapping - Adding welcome page: class path resource [static/index.html]
26-06-10 00:15:11.734 [Test worker] INFO  o.s.b.a.h.H2ConsoleAutoConfiguration - H2 console available at '/h2-console'. Database available at 'jdbc:h2:mem:testdb'
26-06-10 00:15:11.761 [Test worker] INFO  o.s.b.t.m.w.SpringBootMockServletContext - Initializing Spring TestDispatcherServlet ''
26-06-10 00:15:11.762 [Test worker] INFO  o.s.t.w.s.TestDispatcherServlet      - Initializing Servlet ''
26-06-10 00:15:11.766 [Test worker] INFO  o.s.b.a.e.web.EndpointLinksResolver  - Exposing 4 endpoints beneath base path '/actuator'
26-06-10 00:15:11.778 [Test worker] INFO  o.s.t.w.s.TestDispatcherServlet      - Completed initialization in 16 ms
26-06-10 00:15:11.832 [Test worker] INFO  c.s.m.d.i.UserIntegrationTest        - Started UserIntegrationTest in 3.559 seconds (process running for 4.194)
26-06-10 00:15:12.256 [Test worker] DEBUG org.hibernate.SQL                    - 
    select
        count(*) 
    from
        users u1_0 
    where
        u1_0.id=?
26-06-10 00:15:12.259 [Test worker] TRACE org.hibernate.orm.jdbc.bind          - binding parameter (1:UUID) <- [e36b48cd-1839-46dc-9ab3-78066f101caa]
26-06-10 00:15:12.304 [Test worker] DEBUG org.hibernate.SQL                    - 
    select
        u1_0.id 
    from
        users u1_0 
    where
        u1_0.email=? 
    fetch
        first ? rows only
26-06-10 00:15:12.304 [Test worker] TRACE org.hibernate.orm.jdbc.bind          - binding parameter (1:VARCHAR) <- [duplicate@codeit.com]
26-06-10 00:15:12.305 [Test worker] TRACE org.hibernate.orm.jdbc.bind          - binding parameter (2:INTEGER) <- [1]
26-06-10 00:15:12.307 [Test worker] DEBUG org.hibernate.SQL                    - 
    select
        u1_0.id 
    from
        users u1_0 
    where
        u1_0.username=? 
    fetch
        first ? rows only
26-06-10 00:15:12.307 [Test worker] TRACE org.hibernate.orm.jdbc.bind          - binding parameter (1:VARCHAR) <- [testuser]
26-06-10 00:15:12.307 [Test worker] TRACE org.hibernate.orm.jdbc.bind          - binding parameter (2:INTEGER) <- [1]
26-06-10 00:15:12.341 [Test worker] DEBUG org.hibernate.SQL                    - 
    insert 
    into
        users
        (created_at, email, password, profile_id, updated_at, username, id) 
    values
        (?, ?, ?, ?, ?, ?, ?)
26-06-10 00:15:12.343 [Test worker] TRACE org.hibernate.orm.jdbc.bind          - binding parameter (1:TIMESTAMP_UTC) <- [2026-06-09T15:15:12.316627Z]
26-06-10 00:15:12.343 [Test worker] TRACE org.hibernate.orm.jdbc.bind          - binding parameter (2:VARCHAR) <- [duplicate@codeit.com]
26-06-10 00:15:12.344 [Test worker] TRACE org.hibernate.orm.jdbc.bind          - binding parameter (3:VARCHAR) <- [Password1234]
26-06-10 00:15:12.344 [Test worker] TRACE org.hibernate.orm.jdbc.bind          - binding parameter (4:UUID) <- [null]
26-06-10 00:15:12.344 [Test worker] TRACE org.hibernate.orm.jdbc.bind          - binding parameter (5:TIMESTAMP_UTC) <- [2026-06-09T15:15:12.316627Z]
26-06-10 00:15:12.344 [Test worker] TRACE org.hibernate.orm.jdbc.bind          - binding parameter (6:VARCHAR) <- [testuser]
26-06-10 00:15:12.344 [Test worker] TRACE org.hibernate.orm.jdbc.bind          - binding parameter (7:UUID) <- [1ee36d1e-0390-4086-a016-6541f6f74971]
26-06-10 00:15:12.346 [Test worker] DEBUG org.hibernate.SQL                    - 
    insert 
    into
        user_statuses
        (created_at, last_active_at, updated_at, user_id, id) 
    values
        (?, ?, ?, ?, ?)
26-06-10 00:15:12.346 [Test worker] TRACE org.hibernate.orm.jdbc.bind          - binding parameter (1:TIMESTAMP_UTC) <- [2026-06-09T15:15:12.326328Z]
26-06-10 00:15:12.346 [Test worker] TRACE org.hibernate.orm.jdbc.bind          - binding parameter (2:TIMESTAMP_UTC) <- [2026-06-09T15:15:12.309115Z]
26-06-10 00:15:12.346 [Test worker] TRACE org.hibernate.orm.jdbc.bind          - binding parameter (3:TIMESTAMP_UTC) <- [2026-06-09T15:15:12.326328Z]
26-06-10 00:15:12.346 [Test worker] TRACE org.hibernate.orm.jdbc.bind          - binding parameter (4:UUID) <- [1ee36d1e-0390-4086-a016-6541f6f74971]
26-06-10 00:15:12.346 [Test worker] TRACE org.hibernate.orm.jdbc.bind          - binding parameter (5:UUID) <- [dca3ec07-f37a-4f31-907e-58cb3b3cd6ab]
26-06-10 00:15:12.347 [Test worker] DEBUG org.hibernate.SQL                    - 
    select
        u1_0.id 
    from
        users u1_0 
    where
        u1_0.email=? 
    fetch
        first ? rows only
26-06-10 00:15:12.348 [Test worker] TRACE org.hibernate.orm.jdbc.bind          - binding parameter (1:VARCHAR) <- [duplicate@codeit.com]
26-06-10 00:15:12.348 [Test worker] TRACE org.hibernate.orm.jdbc.bind          - binding parameter (2:INTEGER) <- [1]
26-06-10 00:15:12.359 [Test worker] DEBUG org.hibernate.SQL                    - 
    select
        u1_0.id 
    from
        users u1_0 
    where
        u1_0.email=? 
    fetch
        first ? rows only
26-06-10 00:15:12.361 [Test worker] TRACE org.hibernate.orm.jdbc.bind          - binding parameter (1:VARCHAR) <- [original@codeit.com]
26-06-10 00:15:12.361 [Test worker] TRACE org.hibernate.orm.jdbc.bind          - binding parameter (2:INTEGER) <- [1]
26-06-10 00:15:12.363 [Test worker] DEBUG org.hibernate.SQL                    - 
    select
        u1_0.id 
    from
        users u1_0 
    where
        u1_0.username=? 
    fetch
        first ? rows only
26-06-10 00:15:12.363 [Test worker] TRACE org.hibernate.orm.jdbc.bind          - binding parameter (1:VARCHAR) <- [originaluser]
26-06-10 00:15:12.363 [Test worker] TRACE org.hibernate.orm.jdbc.bind          - binding parameter (2:INTEGER) <- [1]
26-06-10 00:15:12.371 [Test worker] DEBUG org.hibernate.SQL                    - 
    insert 
    into
        users
        (created_at, email, password, profile_id, updated_at, username, id) 
    values
        (?, ?, ?, ?, ?, ?, ?)
26-06-10 00:15:12.372 [Test worker] TRACE org.hibernate.orm.jdbc.bind          - binding parameter (1:TIMESTAMP_UTC) <- [2026-06-09T15:15:12.365035Z]
26-06-10 00:15:12.372 [Test worker] TRACE org.hibernate.orm.jdbc.bind          - binding parameter (2:VARCHAR) <- [original@codeit.com]
26-06-10 00:15:12.372 [Test worker] TRACE org.hibernate.orm.jdbc.bind          - binding parameter (3:VARCHAR) <- [Password1234]
26-06-10 00:15:12.372 [Test worker] TRACE org.hibernate.orm.jdbc.bind          - binding parameter (4:UUID) <- [null]
26-06-10 00:15:12.372 [Test worker] TRACE org.hibernate.orm.jdbc.bind          - binding parameter (5:TIMESTAMP_UTC) <- [2026-06-09T15:15:12.365035Z]
26-06-10 00:15:12.372 [Test worker] TRACE org.hibernate.orm.jdbc.bind          - binding parameter (6:VARCHAR) <- [originaluser]
26-06-10 00:15:12.372 [Test worker] TRACE org.hibernate.orm.jdbc.bind          - binding parameter (7:UUID) <- [b22e8d69-c5c9-4d3f-9045-cd2eb0de620c]
26-06-10 00:15:12.373 [Test worker] DEBUG org.hibernate.SQL                    - 
    insert 
    into
        user_statuses
        (created_at, last_active_at, updated_at, user_id, id) 
    values
        (?, ?, ?, ?, ?)
26-06-10 00:15:12.374 [Test worker] TRACE org.hibernate.orm.jdbc.bind          - binding parameter (1:TIMESTAMP_UTC) <- [2026-06-09T15:15:12.365728Z]
26-06-10 00:15:12.374 [Test worker] TRACE org.hibernate.orm.jdbc.bind          - binding parameter (2:TIMESTAMP_UTC) <- [2026-06-09T15:15:12.364596Z]
26-06-10 00:15:12.374 [Test worker] TRACE org.hibernate.orm.jdbc.bind          - binding parameter (3:TIMESTAMP_UTC) <- [2026-06-09T15:15:12.365728Z]
26-06-10 00:15:12.374 [Test worker] TRACE org.hibernate.orm.jdbc.bind          - binding parameter (4:UUID) <- [b22e8d69-c5c9-4d3f-9045-cd2eb0de620c]
26-06-10 00:15:12.374 [Test worker] TRACE org.hibernate.orm.jdbc.bind          - binding parameter (5:UUID) <- [5a58e34b-7ace-472d-a2c2-090f7e0a788a]
26-06-10 00:15:12.374 [Test worker] DEBUG org.hibernate.SQL                    - 
    select
        u1_0.id 
    from
        users u1_0 
    where
        u1_0.email=? 
    fetch
        first ? rows only
26-06-10 00:15:12.375 [Test worker] TRACE org.hibernate.orm.jdbc.bind          - binding parameter (1:VARCHAR) <- [updated@codeit.com]
26-06-10 00:15:12.375 [Test worker] TRACE org.hibernate.orm.jdbc.bind          - binding parameter (2:INTEGER) <- [1]
26-06-10 00:15:12.376 [Test worker] DEBUG org.hibernate.SQL                    - 
    select
        u1_0.id 
    from
        users u1_0 
    where
        u1_0.username=? 
    fetch
        first ? rows only
26-06-10 00:15:12.377 [Test worker] TRACE org.hibernate.orm.jdbc.bind          - binding parameter (1:VARCHAR) <- [updateduser]
26-06-10 00:15:12.377 [Test worker] TRACE org.hibernate.orm.jdbc.bind          - binding parameter (2:INTEGER) <- [1]
26-06-10 00:15:12.386 [Test worker] DEBUG org.hibernate.SQL                    - 
    select
        u1_0.id 
    from
        users u1_0 
    where
        u1_0.email=? 
    fetch
        first ? rows only
26-06-10 00:15:12.386 [Test worker] TRACE org.hibernate.orm.jdbc.bind          - binding parameter (1:VARCHAR) <- [test@codeit.com]
26-06-10 00:15:12.386 [Test worker] TRACE org.hibernate.orm.jdbc.bind          - binding parameter (2:INTEGER) <- [1]
26-06-10 00:15:12.387 [Test worker] DEBUG org.hibernate.SQL                    - 
    select
        u1_0.id 
    from
        users u1_0 
    where
        u1_0.username=? 
    fetch
        first ? rows only
26-06-10 00:15:12.388 [Test worker] TRACE org.hibernate.orm.jdbc.bind          - binding parameter (1:VARCHAR) <- [testuser]
26-06-10 00:15:12.389 [Test worker] TRACE org.hibernate.orm.jdbc.bind          - binding parameter (2:INTEGER) <- [1]
26-06-10 00:15:12.402 [Test worker] DEBUG org.hibernate.SQL                    - 
    select
        u1_0.id 
    from
        users u1_0 
    where
        u1_0.email=? 
    fetch
        first ? rows only
26-06-10 00:15:12.402 [Test worker] TRACE org.hibernate.orm.jdbc.bind          - binding parameter (1:VARCHAR) <- [user1@codeit.com]
26-06-10 00:15:12.402 [Test worker] TRACE org.hibernate.orm.jdbc.bind          - binding parameter (2:INTEGER) <- [1]
26-06-10 00:15:12.403 [Test worker] DEBUG org.hibernate.SQL                    - 
    select
        u1_0.id 
    from
        users u1_0 
    where
        u1_0.username=? 
    fetch
        first ? rows only
26-06-10 00:15:12.403 [Test worker] TRACE org.hibernate.orm.jdbc.bind          - binding parameter (1:VARCHAR) <- [user1]
26-06-10 00:15:12.403 [Test worker] TRACE org.hibernate.orm.jdbc.bind          - binding parameter (2:INTEGER) <- [1]
26-06-10 00:15:12.405 [Test worker] DEBUG org.hibernate.SQL                    - 
    insert 
    into
        users
        (created_at, email, password, profile_id, updated_at, username, id) 
    values
        (?, ?, ?, ?, ?, ?, ?)
26-06-10 00:15:12.405 [Test worker] TRACE org.hibernate.orm.jdbc.bind          - binding parameter (1:TIMESTAMP_UTC) <- [2026-06-09T15:15:12.404154Z]
26-06-10 00:15:12.405 [Test worker] TRACE org.hibernate.orm.jdbc.bind          - binding parameter (2:VARCHAR) <- [user1@codeit.com]
26-06-10 00:15:12.405 [Test worker] TRACE org.hibernate.orm.jdbc.bind          - binding parameter (3:VARCHAR) <- [Password1234]
26-06-10 00:15:12.406 [Test worker] TRACE org.hibernate.orm.jdbc.bind          - binding parameter (4:UUID) <- [null]
26-06-10 00:15:12.406 [Test worker] TRACE org.hibernate.orm.jdbc.bind          - binding parameter (5:TIMESTAMP_UTC) <- [2026-06-09T15:15:12.404154Z]
26-06-10 00:15:12.406 [Test worker] TRACE org.hibernate.orm.jdbc.bind          - binding parameter (6:VARCHAR) <- [user1]
26-06-10 00:15:12.406 [Test worker] TRACE org.hibernate.orm.jdbc.bind          - binding parameter (7:UUID) <- [888502a8-5f4d-463e-a111-25dd4ea9d184]
26-06-10 00:15:12.407 [Test worker] DEBUG org.hibernate.SQL                    - 
    insert 
    into
        user_statuses
        (created_at, last_active_at, updated_at, user_id, id) 
    values
        (?, ?, ?, ?, ?)
26-06-10 00:15:12.408 [Test worker] TRACE org.hibernate.orm.jdbc.bind          - binding parameter (1:TIMESTAMP_UTC) <- [2026-06-09T15:15:12.404386Z]
26-06-10 00:15:12.408 [Test worker] TRACE org.hibernate.orm.jdbc.bind          - binding parameter (2:TIMESTAMP_UTC) <- [2026-06-09T15:15:12.403927Z]
26-06-10 00:15:12.408 [Test worker] TRACE org.hibernate.orm.jdbc.bind          - binding parameter (3:TIMESTAMP_UTC) <- [2026-06-09T15:15:12.404386Z]
26-06-10 00:15:12.408 [Test worker] TRACE org.hibernate.orm.jdbc.bind          - binding parameter (4:UUID) <- [888502a8-5f4d-463e-a111-25dd4ea9d184]
26-06-10 00:15:12.408 [Test worker] TRACE org.hibernate.orm.jdbc.bind          - binding parameter (5:UUID) <- [4d368e27-4638-4498-bf67-e2fdf3329900]
26-06-10 00:15:12.409 [Test worker] DEBUG org.hibernate.SQL                    - 
    select
        u1_0.id 
    from
        users u1_0 
    where
        u1_0.email=? 
    fetch
        first ? rows only
26-06-10 00:15:12.409 [Test worker] TRACE org.hibernate.orm.jdbc.bind          - binding parameter (1:VARCHAR) <- [user2@codeit.com]
26-06-10 00:15:12.409 [Test worker] TRACE org.hibernate.orm.jdbc.bind          - binding parameter (2:INTEGER) <- [1]
26-06-10 00:15:12.410 [Test worker] DEBUG org.hibernate.SQL                    - 
    select
        u1_0.id 
    from
        users u1_0 
    where
        u1_0.username=? 
    fetch
        first ? rows only
26-06-10 00:15:12.411 [Test worker] TRACE org.hibernate.orm.jdbc.bind          - binding parameter (1:VARCHAR) <- [user2]
26-06-10 00:15:12.411 [Test worker] TRACE org.hibernate.orm.jdbc.bind          - binding parameter (2:INTEGER) <- [1]
26-06-10 00:15:12.418 [Test worker] DEBUG org.hibernate.SQL                    - 
    insert 
    into
        users
        (created_at, email, password, profile_id, updated_at, username, id) 
    values
        (?, ?, ?, ?, ?, ?, ?)
26-06-10 00:15:12.419 [Test worker] TRACE org.hibernate.orm.jdbc.bind          - binding parameter (1:TIMESTAMP_UTC) <- [2026-06-09T15:15:12.412181Z]
26-06-10 00:15:12.419 [Test worker] TRACE org.hibernate.orm.jdbc.bind          - binding parameter (2:VARCHAR) <- [user2@codeit.com]
26-06-10 00:15:12.419 [Test worker] TRACE org.hibernate.orm.jdbc.bind          - binding parameter (3:VARCHAR) <- [Password1234]
26-06-10 00:15:12.419 [Test worker] TRACE org.hibernate.orm.jdbc.bind          - binding parameter (4:UUID) <- [null]
26-06-10 00:15:12.419 [Test worker] TRACE org.hibernate.orm.jdbc.bind          - binding parameter (5:TIMESTAMP_UTC) <- [2026-06-09T15:15:12.412181Z]
26-06-10 00:15:12.419 [Test worker] TRACE org.hibernate.orm.jdbc.bind          - binding parameter (6:VARCHAR) <- [user2]
26-06-10 00:15:12.419 [Test worker] TRACE org.hibernate.orm.jdbc.bind          - binding parameter (7:UUID) <- [df468d06-e7ae-4064-bd9d-084cd016f860]
26-06-10 00:15:12.420 [Test worker] DEBUG org.hibernate.SQL                    - 
    insert 
    into
        user_statuses
        (created_at, last_active_at, updated_at, user_id, id) 
    values
        (?, ?, ?, ?, ?)
26-06-10 00:15:12.421 [Test worker] TRACE org.hibernate.orm.jdbc.bind          - binding parameter (1:TIMESTAMP_UTC) <- [2026-06-09T15:15:12.412388Z]
26-06-10 00:15:12.421 [Test worker] TRACE org.hibernate.orm.jdbc.bind          - binding parameter (2:TIMESTAMP_UTC) <- [2026-06-09T15:15:12.411866Z]
26-06-10 00:15:12.421 [Test worker] TRACE org.hibernate.orm.jdbc.bind          - binding parameter (3:TIMESTAMP_UTC) <- [2026-06-09T15:15:12.412388Z]
26-06-10 00:15:12.421 [Test worker] TRACE org.hibernate.orm.jdbc.bind          - binding parameter (4:UUID) <- [df468d06-e7ae-4064-bd9d-084cd016f860]
26-06-10 00:15:12.421 [Test worker] TRACE org.hibernate.orm.jdbc.bind          - binding parameter (5:UUID) <- [30710d19-5532-4d23-96d3-b98b6eb61b27]
26-06-10 00:15:12.422 [Test worker] DEBUG org.hibernate.SQL                    - 
    select
        u1_0.id,
        u1_0.created_at,
        u1_0.email,
        u1_0.password,
        p1_0.id,
        p1_0.content_type,
        p1_0.created_at,
        p1_0.file_name,
        p1_0.size,
        s1_0.id,
        s1_0.created_at,
        s1_0.last_active_at,
        s1_0.updated_at,
        s1_0.user_id,
        u1_0.updated_at,
        u1_0.username 
    from
        users u1_0 
    left join
        binary_contents p1_0 
            on p1_0.id=u1_0.profile_id 
    left join
        user_statuses s1_0 
            on u1_0.id=s1_0.user_id
26-06-10 00:15:12.454 [Test worker] DEBUG org.hibernate.SQL                    - 
    select
        u1_0.id 
    from
        users u1_0 
    where
        u1_0.email=? 
    fetch
        first ? rows only
26-06-10 00:15:12.455 [Test worker] TRACE org.hibernate.orm.jdbc.bind          - binding parameter (1:VARCHAR) <- [delete@codeit.com]
26-06-10 00:15:12.455 [Test worker] TRACE org.hibernate.orm.jdbc.bind          - binding parameter (2:INTEGER) <- [1]
26-06-10 00:15:12.457 [Test worker] DEBUG org.hibernate.SQL                    - 
    select
        u1_0.id 
    from
        users u1_0 
    where
        u1_0.username=? 
    fetch
        first ? rows only
26-06-10 00:15:12.458 [Test worker] TRACE org.hibernate.orm.jdbc.bind          - binding parameter (1:VARCHAR) <- [deleteuser]
26-06-10 00:15:12.459 [Test worker] TRACE org.hibernate.orm.jdbc.bind          - binding parameter (2:INTEGER) <- [1]
26-06-10 00:15:12.461 [Test worker] DEBUG org.hibernate.SQL                    - 
    insert 
    into
        users
        (created_at, email, password, profile_id, updated_at, username, id) 
    values
        (?, ?, ?, ?, ?, ?, ?)
26-06-10 00:15:12.462 [Test worker] TRACE org.hibernate.orm.jdbc.bind          - binding parameter (1:TIMESTAMP_UTC) <- [2026-06-09T15:15:12.459636Z]
26-06-10 00:15:12.462 [Test worker] TRACE org.hibernate.orm.jdbc.bind          - binding parameter (2:VARCHAR) <- [delete@codeit.com]
26-06-10 00:15:12.462 [Test worker] TRACE org.hibernate.orm.jdbc.bind          - binding parameter (3:VARCHAR) <- [Password1234]
26-06-10 00:15:12.462 [Test worker] TRACE org.hibernate.orm.jdbc.bind          - binding parameter (4:UUID) <- [null]
26-06-10 00:15:12.462 [Test worker] TRACE org.hibernate.orm.jdbc.bind          - binding parameter (5:TIMESTAMP_UTC) <- [2026-06-09T15:15:12.459636Z]
26-06-10 00:15:12.462 [Test worker] TRACE org.hibernate.orm.jdbc.bind          - binding parameter (6:VARCHAR) <- [deleteuser]
26-06-10 00:15:12.462 [Test worker] TRACE org.hibernate.orm.jdbc.bind          - binding parameter (7:UUID) <- [2c60380f-06b6-46f5-8103-a71ba3c2b1ba]
26-06-10 00:15:12.462 [Test worker] DEBUG org.hibernate.SQL                    - 
    insert 
    into
        user_statuses
        (created_at, last_active_at, updated_at, user_id, id) 
    values
        (?, ?, ?, ?, ?)
26-06-10 00:15:12.463 [Test worker] TRACE org.hibernate.orm.jdbc.bind          - binding parameter (1:TIMESTAMP_UTC) <- [2026-06-09T15:15:12.459858Z]
26-06-10 00:15:12.463 [Test worker] TRACE org.hibernate.orm.jdbc.bind          - binding parameter (2:TIMESTAMP_UTC) <- [2026-06-09T15:15:12.459387Z]
26-06-10 00:15:12.463 [Test worker] TRACE org.hibernate.orm.jdbc.bind          - binding parameter (3:TIMESTAMP_UTC) <- [2026-06-09T15:15:12.459858Z]
26-06-10 00:15:12.464 [Test worker] TRACE org.hibernate.orm.jdbc.bind          - binding parameter (4:UUID) <- [2c60380f-06b6-46f5-8103-a71ba3c2b1ba]
26-06-10 00:15:12.464 [Test worker] TRACE org.hibernate.orm.jdbc.bind          - binding parameter (5:UUID) <- [c58fbfa1-b097-40dd-aaa9-adaf5e0700e5]
26-06-10 00:15:12.465 [Test worker] DEBUG org.hibernate.SQL                    - 
    select
        count(*) 
    from
        users u1_0 
    where
        u1_0.id=?
26-06-10 00:15:12.465 [Test worker] TRACE org.hibernate.orm.jdbc.bind          - binding parameter (1:UUID) <- [2c60380f-06b6-46f5-8103-a71ba3c2b1ba]
26-06-10 00:15:12.470 [Test worker] DEBUG org.hibernate.SQL                    - 
    delete 
    from
        user_statuses 
    where
        id=?
26-06-10 00:15:12.472 [Test worker] TRACE org.hibernate.orm.jdbc.bind          - binding parameter (1:UUID) <- [c58fbfa1-b097-40dd-aaa9-adaf5e0700e5]
26-06-10 00:15:12.475 [Test worker] DEBUG org.hibernate.SQL                    - 
    delete 
    from
        users 
    where
        id=?
26-06-10 00:15:12.475 [Test worker] TRACE org.hibernate.orm.jdbc.bind          - binding parameter (1:UUID) <- [2c60380f-06b6-46f5-8103-a71ba3c2b1ba]
26-06-10 00:15:12.476 [Test worker] DEBUG org.hibernate.SQL                    - 
    select
        count(*) 
    from
        users u1_0 
    where
        u1_0.id=?
26-06-10 00:15:12.477 [Test worker] TRACE org.hibernate.orm.jdbc.bind          - binding parameter (1:UUID) <- [2c60380f-06b6-46f5-8103-a71ba3c2b1ba]
26-06-10 00:15:12.486 [Test worker] DEBUG org.hibernate.SQL                    - 
    select
        u1_0.id,
        u1_0.created_at,
        u1_0.email,
        u1_0.password,
        p1_0.id,
        p1_0.content_type,
        p1_0.created_at,
        p1_0.file_name,
        p1_0.size,
        s1_0.id,
        s1_0.created_at,
        s1_0.last_active_at,
        s1_0.updated_at,
        s1_0.user_id,
        u1_0.updated_at,
        u1_0.username 
    from
        users u1_0 
    left join
        binary_contents p1_0 
            on p1_0.id=u1_0.profile_id 
    left join
        user_statuses s1_0 
            on u1_0.id=s1_0.user_id
26-06-10 00:15:12.499 [Test worker] DEBUG org.hibernate.SQL                    - 
    select
        u1_0.id,
        u1_0.created_at,
        u1_0.email,
        u1_0.password,
        u1_0.profile_id,
        s1_0.id,
        s1_0.created_at,
        s1_0.last_active_at,
        s1_0.updated_at,
        s1_0.user_id,
        u1_0.updated_at,
        u1_0.username 
    from
        users u1_0 
    left join
        user_statuses s1_0 
            on u1_0.id=s1_0.user_id 
    where
        u1_0.id=?
26-06-10 00:15:12.499 [Test worker] TRACE org.hibernate.orm.jdbc.bind          - binding parameter (1:UUID) <- [337e277f-6f34-4eaa-8e77-3a6ec568eabe]
26-06-10 00:15:12.516 [SpringApplicationShutdownHook] INFO  o.s.o.j.LocalContainerEntityManagerFactoryBean - Closing JPA EntityManagerFactory for persistence unit 'default'
26-06-10 00:15:12.516 [SpringApplicationShutdownHook] DEBUG org.hibernate.SQL                    - 
    drop table if exists binary_contents cascade 
26-06-10 00:15:12.517 [SpringApplicationShutdownHook] DEBUG org.hibernate.SQL                    - 
    drop table if exists channels cascade 
26-06-10 00:15:12.517 [SpringApplicationShutdownHook] DEBUG org.hibernate.SQL                    - 
    drop table if exists message_attachments cascade 
26-06-10 00:15:12.517 [SpringApplicationShutdownHook] DEBUG org.hibernate.SQL                    - 
    drop table if exists messages cascade 
26-06-10 00:15:12.517 [SpringApplicationShutdownHook] DEBUG org.hibernate.SQL                    - 
    drop table if exists read_statuses cascade 
26-06-10 00:15:12.517 [SpringApplicationShutdownHook] DEBUG org.hibernate.SQL                    - 
    drop table if exists user_statuses cascade 
26-06-10 00:15:12.518 [SpringApplicationShutdownHook] DEBUG org.hibernate.SQL                    - 
    drop table if exists users cascade 
26-06-10 00:15:12.519 [SpringApplicationShutdownHook] INFO  com.zaxxer.hikari.HikariDataSource   - HikariPool-1 - Shutdown initiated...
26-06-10 00:15:12.521 [SpringApplicationShutdownHook] INFO  com.zaxxer.hikari.HikariDataSource   - HikariPool-1 - Shutdown completed.
26-06-10 00:21:44.401 [background-preinit] INFO  o.h.validator.internal.util.Version  - HV000001: Hibernate Validator 8.0.1.Final
26-06-10 00:21:44.423 [Test worker] INFO  c.s.m.d.i.UserIntegrationTest        - Starting UserIntegrationTest using Java 17.0.18 with PID 65942 (started by nsl in /Users/nsl/work_space_sprint/12-sprint-mission)
26-06-10 00:21:44.424 [Test worker] INFO  c.s.m.d.i.UserIntegrationTest        - The following 1 profile is active: "test"
26-06-10 00:21:45.077 [Test worker] INFO  o.s.d.r.c.RepositoryConfigurationDelegate - Bootstrapping Spring Data JPA repositories in DEFAULT mode.
26-06-10 00:21:45.123 [Test worker] INFO  o.s.d.r.c.RepositoryConfigurationDelegate - Finished Spring Data repository scanning in 39 ms. Found 6 JPA repository interfaces.
26-06-10 00:21:45.447 [Test worker] INFO  com.zaxxer.hikari.HikariDataSource   - HikariPool-1 - Starting...
26-06-10 00:21:45.551 [Test worker] INFO  com.zaxxer.hikari.pool.HikariPool    - HikariPool-1 - Added connection conn0: url=jdbc:h2:mem:testdb user=SA
26-06-10 00:21:45.552 [Test worker] INFO  com.zaxxer.hikari.HikariDataSource   - HikariPool-1 - Start completed.
26-06-10 00:21:45.646 [Test worker] INFO  o.h.jpa.internal.util.LogHelper      - HHH000204: Processing PersistenceUnitInfo [name: default]
26-06-10 00:21:45.681 [Test worker] INFO  org.hibernate.Version                - HHH000412: Hibernate ORM core version 6.6.2.Final
26-06-10 00:21:45.700 [Test worker] INFO  o.h.c.i.RegionFactoryInitiator       - HHH000026: Second-level cache disabled
26-06-10 00:21:45.843 [Test worker] INFO  o.s.o.j.p.SpringPersistenceUnitInfo  - No LoadTimeWeaver setup: ignoring JPA class transformer
26-06-10 00:21:45.869 [Test worker] WARN  org.hibernate.orm.deprecation        - HHH90000025: H2Dialect does not need to be specified explicitly using 'hibernate.dialect' (remove the property setting and it will be selected by default)
26-06-10 00:21:45.879 [Test worker] INFO  o.hibernate.orm.connections.pooling  - HHH10001005: Database info:
	Database JDBC URL [Connecting through datasource 'HikariDataSource (HikariPool-1)']
	Database driver: undefined/unknown
	Database version: 2.3.232
	Autocommit mode: undefined/unknown
	Isolation level: undefined/unknown
	Minimum pool size: undefined/unknown
	Maximum pool size: undefined/unknown
26-06-10 00:21:46.426 [Test worker] INFO  o.h.e.t.j.p.i.JtaPlatformInitiator   - HHH000489: No JTA platform available (set 'hibernate.transaction.jta.platform' to enable JTA platform integration)
26-06-10 00:21:46.434 [Test worker] DEBUG org.hibernate.SQL                    - 
    drop table if exists binary_contents cascade 
26-06-10 00:21:46.435 [Test worker] DEBUG org.hibernate.SQL                    - 
    drop table if exists channels cascade 
26-06-10 00:21:46.435 [Test worker] DEBUG org.hibernate.SQL                    - 
    drop table if exists message_attachments cascade 
26-06-10 00:21:46.436 [Test worker] DEBUG org.hibernate.SQL                    - 
    drop table if exists messages cascade 
26-06-10 00:21:46.437 [Test worker] DEBUG org.hibernate.SQL                    - 
    drop table if exists read_statuses cascade 
26-06-10 00:21:46.438 [Test worker] DEBUG org.hibernate.SQL                    - 
    drop table if exists user_statuses cascade 
26-06-10 00:21:46.439 [Test worker] DEBUG org.hibernate.SQL                    - 
    drop table if exists users cascade 
26-06-10 00:21:46.442 [Test worker] DEBUG org.hibernate.SQL                    - 
    create table binary_contents (
        created_at timestamp with time zone not null,
        size bigint not null,
        id uuid not null,
        content_type varchar(100) not null,
        file_name varchar(255) not null,
        primary key (id)
    )
26-06-10 00:21:46.444 [Test worker] DEBUG org.hibernate.SQL                    - 
    create table channels (
        created_at timestamp with time zone not null,
        updated_at timestamp with time zone,
        id uuid not null,
        name varchar(100),
        description varchar(500),
        type enum ('PRIVATE','PUBLIC') not null,
        primary key (id)
    )
26-06-10 00:21:46.446 [Test worker] DEBUG org.hibernate.SQL                    - 
    create table message_attachments (
        attachment_id uuid not null unique,
        message_id uuid not null
    )
26-06-10 00:21:46.448 [Test worker] DEBUG org.hibernate.SQL                    - 
    create table messages (
        created_at timestamp with time zone not null,
        updated_at timestamp with time zone,
        author_id uuid not null,
        channel_id uuid not null,
        id uuid not null,
        content text not null,
        primary key (id)
    )
26-06-10 00:21:46.450 [Test worker] DEBUG org.hibernate.SQL                    - 
    create table read_statuses (
        created_at timestamp with time zone not null,
        last_read_at timestamp with time zone not null,
        updated_at timestamp with time zone,
        channel_id uuid not null,
        id uuid not null,
        user_id uuid not null,
        primary key (id),
        unique (user_id, channel_id)
    )
26-06-10 00:21:46.451 [Test worker] DEBUG org.hibernate.SQL                    - 
    create table user_statuses (
        created_at timestamp with time zone not null,
        last_active_at timestamp with time zone not null,
        updated_at timestamp with time zone,
        id uuid not null,
        user_id uuid not null unique,
        primary key (id)
    )
26-06-10 00:21:46.452 [Test worker] DEBUG org.hibernate.SQL                    - 
    create table users (
        created_at timestamp with time zone not null,
        updated_at timestamp with time zone,
        id uuid not null,
        profile_id uuid unique,
        username varchar(50) not null unique,
        password varchar(60) not null,
        email varchar(100) not null unique,
        primary key (id)
    )
26-06-10 00:21:46.455 [Test worker] DEBUG org.hibernate.SQL                    - 
    alter table if exists message_attachments 
       add constraint FKsd1m8rb8jcpbcnb7rpdue7ctc 
       foreign key (attachment_id) 
       references binary_contents
26-06-10 00:21:46.457 [Test worker] DEBUG org.hibernate.SQL                    - 
    alter table if exists message_attachments 
       add constraint FKj7twd218e2gqw9cmlhwvo1rth 
       foreign key (message_id) 
       references messages
26-06-10 00:21:46.458 [Test worker] DEBUG org.hibernate.SQL                    - 
    alter table if exists messages 
       add constraint FKowtlim26svclkatusptbgi7u1 
       foreign key (author_id) 
       references users
26-06-10 00:21:46.460 [Test worker] DEBUG org.hibernate.SQL                    - 
    alter table if exists messages 
       add constraint FK3u3ckbhwq9se1cmopk2pq05b2 
       foreign key (channel_id) 
       references channels
26-06-10 00:21:46.461 [Test worker] DEBUG org.hibernate.SQL                    - 
    alter table if exists read_statuses 
       add constraint FKa38ri44ml4gfdpklx4ahqr8gd 
       foreign key (channel_id) 
       references channels
26-06-10 00:21:46.463 [Test worker] DEBUG org.hibernate.SQL                    - 
    alter table if exists read_statuses 
       add constraint FKml3k4wr9sj5yxrmj6d0aoib2e 
       foreign key (user_id) 
       references users
26-06-10 00:21:46.465 [Test worker] DEBUG org.hibernate.SQL                    - 
    alter table if exists user_statuses 
       add constraint FK4lfl3ei2ubchgcxrrpo3pw4mm 
       foreign key (user_id) 
       references users
26-06-10 00:21:46.466 [Test worker] DEBUG org.hibernate.SQL                    - 
    alter table if exists users 
       add constraint FKtbudycgrip49xdptogmhfqnso 
       foreign key (profile_id) 
       references binary_contents
26-06-10 00:21:46.470 [Test worker] INFO  o.s.o.j.LocalContainerEntityManagerFactoryBean - Initialized JPA EntityManagerFactory for persistence unit 'default'
26-06-10 00:21:46.678 [Test worker] INFO  o.s.d.j.r.query.QueryEnhancerFactory - Hibernate is in classpath; If applicable, HQL parser will be used.
26-06-10 00:21:47.248 [Test worker] INFO  o.s.b.a.w.s.WelcomePageHandlerMapping - Adding welcome page: class path resource [static/index.html]
26-06-10 00:21:47.713 [Test worker] INFO  o.s.b.a.h.H2ConsoleAutoConfiguration - H2 console available at '/h2-console'. Database available at 'jdbc:h2:mem:testdb'
26-06-10 00:21:47.741 [Test worker] INFO  o.s.b.t.m.w.SpringBootMockServletContext - Initializing Spring TestDispatcherServlet ''
26-06-10 00:21:47.741 [Test worker] INFO  o.s.t.w.s.TestDispatcherServlet      - Initializing Servlet ''
26-06-10 00:21:47.745 [Test worker] INFO  o.s.b.a.e.web.EndpointLinksResolver  - Exposing 4 endpoints beneath base path '/actuator'
26-06-10 00:21:47.756 [Test worker] INFO  o.s.t.w.s.TestDispatcherServlet      - Completed initialization in 15 ms
26-06-10 00:21:47.802 [Test worker] INFO  c.s.m.d.i.UserIntegrationTest        - Started UserIntegrationTest in 3.588 seconds (process running for 4.133)
26-06-10 00:21:48.214 [Test worker] DEBUG org.hibernate.SQL                    - 
    select
        count(*) 
    from
        users u1_0 
    where
        u1_0.id=?
26-06-10 00:21:48.219 [Test worker] TRACE org.hibernate.orm.jdbc.bind          - binding parameter (1:UUID) <- [b9d93003-a42d-41b4-818d-79a756705dab]
26-06-10 00:21:48.306 [Test worker] DEBUG org.hibernate.SQL                    - 
    select
        u1_0.id 
    from
        users u1_0 
    where
        u1_0.email=? 
    fetch
        first ? rows only
26-06-10 00:21:48.307 [Test worker] TRACE org.hibernate.orm.jdbc.bind          - binding parameter (1:VARCHAR) <- [duplicate@codeit.com]
26-06-10 00:21:48.307 [Test worker] TRACE org.hibernate.orm.jdbc.bind          - binding parameter (2:INTEGER) <- [1]
26-06-10 00:21:48.310 [Test worker] DEBUG org.hibernate.SQL                    - 
    select
        u1_0.id 
    from
        users u1_0 
    where
        u1_0.username=? 
    fetch
        first ? rows only
26-06-10 00:21:48.310 [Test worker] TRACE org.hibernate.orm.jdbc.bind          - binding parameter (1:VARCHAR) <- [testuser]
26-06-10 00:21:48.310 [Test worker] TRACE org.hibernate.orm.jdbc.bind          - binding parameter (2:INTEGER) <- [1]
26-06-10 00:21:48.345 [Test worker] DEBUG org.hibernate.SQL                    - 
    insert 
    into
        users
        (created_at, email, password, profile_id, updated_at, username, id) 
    values
        (?, ?, ?, ?, ?, ?, ?)
26-06-10 00:21:48.346 [Test worker] TRACE org.hibernate.orm.jdbc.bind          - binding parameter (1:TIMESTAMP_UTC) <- [2026-06-09T15:21:48.318994Z]
26-06-10 00:21:48.347 [Test worker] TRACE org.hibernate.orm.jdbc.bind          - binding parameter (2:VARCHAR) <- [duplicate@codeit.com]
26-06-10 00:21:48.347 [Test worker] TRACE org.hibernate.orm.jdbc.bind          - binding parameter (3:VARCHAR) <- [Password1234]
26-06-10 00:21:48.347 [Test worker] TRACE org.hibernate.orm.jdbc.bind          - binding parameter (4:UUID) <- [null]
26-06-10 00:21:48.347 [Test worker] TRACE org.hibernate.orm.jdbc.bind          - binding parameter (5:TIMESTAMP_UTC) <- [2026-06-09T15:21:48.318994Z]
26-06-10 00:21:48.347 [Test worker] TRACE org.hibernate.orm.jdbc.bind          - binding parameter (6:VARCHAR) <- [testuser]
26-06-10 00:21:48.347 [Test worker] TRACE org.hibernate.orm.jdbc.bind          - binding parameter (7:UUID) <- [34b4ac12-c7bb-4ffb-9c87-97a49d740a64]
26-06-10 00:21:48.350 [Test worker] DEBUG org.hibernate.SQL                    - 
    insert 
    into
        user_statuses
        (created_at, last_active_at, updated_at, user_id, id) 
    values
        (?, ?, ?, ?, ?)
26-06-10 00:21:48.350 [Test worker] TRACE org.hibernate.orm.jdbc.bind          - binding parameter (1:TIMESTAMP_UTC) <- [2026-06-09T15:21:48.336040Z]
26-06-10 00:21:48.350 [Test worker] TRACE org.hibernate.orm.jdbc.bind          - binding parameter (2:TIMESTAMP_UTC) <- [2026-06-09T15:21:48.311245Z]
26-06-10 00:21:48.350 [Test worker] TRACE org.hibernate.orm.jdbc.bind          - binding parameter (3:TIMESTAMP_UTC) <- [2026-06-09T15:21:48.336040Z]
26-06-10 00:21:48.350 [Test worker] TRACE org.hibernate.orm.jdbc.bind          - binding parameter (4:UUID) <- [34b4ac12-c7bb-4ffb-9c87-97a49d740a64]
26-06-10 00:21:48.350 [Test worker] TRACE org.hibernate.orm.jdbc.bind          - binding parameter (5:UUID) <- [d66949e8-5cd6-4af8-b8b6-0f7cef579ad2]
26-06-10 00:21:48.351 [Test worker] DEBUG org.hibernate.SQL                    - 
    select
        u1_0.id 
    from
        users u1_0 
    where
        u1_0.email=? 
    fetch
        first ? rows only
26-06-10 00:21:48.352 [Test worker] TRACE org.hibernate.orm.jdbc.bind          - binding parameter (1:VARCHAR) <- [duplicate@codeit.com]
26-06-10 00:21:48.352 [Test worker] TRACE org.hibernate.orm.jdbc.bind          - binding parameter (2:INTEGER) <- [1]
26-06-10 00:21:48.360 [Test worker] DEBUG org.hibernate.SQL                    - 
    select
        u1_0.id 
    from
        users u1_0 
    where
        u1_0.email=? 
    fetch
        first ? rows only
26-06-10 00:21:48.360 [Test worker] TRACE org.hibernate.orm.jdbc.bind          - binding parameter (1:VARCHAR) <- [original@codeit.com]
26-06-10 00:21:48.361 [Test worker] TRACE org.hibernate.orm.jdbc.bind          - binding parameter (2:INTEGER) <- [1]
26-06-10 00:21:48.362 [Test worker] DEBUG org.hibernate.SQL                    - 
    select
        u1_0.id 
    from
        users u1_0 
    where
        u1_0.username=? 
    fetch
        first ? rows only
26-06-10 00:21:48.362 [Test worker] TRACE org.hibernate.orm.jdbc.bind          - binding parameter (1:VARCHAR) <- [originaluser]
26-06-10 00:21:48.362 [Test worker] TRACE org.hibernate.orm.jdbc.bind          - binding parameter (2:INTEGER) <- [1]
26-06-10 00:21:48.368 [Test worker] DEBUG org.hibernate.SQL                    - 
    insert 
    into
        users
        (created_at, email, password, profile_id, updated_at, username, id) 
    values
        (?, ?, ?, ?, ?, ?, ?)
26-06-10 00:21:48.368 [Test worker] TRACE org.hibernate.orm.jdbc.bind          - binding parameter (1:TIMESTAMP_UTC) <- [2026-06-09T15:21:48.363281Z]
26-06-10 00:21:48.368 [Test worker] TRACE org.hibernate.orm.jdbc.bind          - binding parameter (2:VARCHAR) <- [original@codeit.com]
26-06-10 00:21:48.368 [Test worker] TRACE org.hibernate.orm.jdbc.bind          - binding parameter (3:VARCHAR) <- [Password1234]
26-06-10 00:21:48.368 [Test worker] TRACE org.hibernate.orm.jdbc.bind          - binding parameter (4:UUID) <- [null]
26-06-10 00:21:48.368 [Test worker] TRACE org.hibernate.orm.jdbc.bind          - binding parameter (5:TIMESTAMP_UTC) <- [2026-06-09T15:21:48.363281Z]
26-06-10 00:21:48.368 [Test worker] TRACE org.hibernate.orm.jdbc.bind          - binding parameter (6:VARCHAR) <- [originaluser]
26-06-10 00:21:48.369 [Test worker] TRACE org.hibernate.orm.jdbc.bind          - binding parameter (7:UUID) <- [3953699a-4ded-4132-8d57-3d1add7a2f0f]
26-06-10 00:21:48.369 [Test worker] DEBUG org.hibernate.SQL                    - 
    insert 
    into
        user_statuses
        (created_at, last_active_at, updated_at, user_id, id) 
    values
        (?, ?, ?, ?, ?)
26-06-10 00:21:48.370 [Test worker] TRACE org.hibernate.orm.jdbc.bind          - binding parameter (1:TIMESTAMP_UTC) <- [2026-06-09T15:21:48.363497Z]
26-06-10 00:21:48.370 [Test worker] TRACE org.hibernate.orm.jdbc.bind          - binding parameter (2:TIMESTAMP_UTC) <- [2026-06-09T15:21:48.363062Z]
26-06-10 00:21:48.370 [Test worker] TRACE org.hibernate.orm.jdbc.bind          - binding parameter (3:TIMESTAMP_UTC) <- [2026-06-09T15:21:48.363497Z]
26-06-10 00:21:48.371 [Test worker] TRACE org.hibernate.orm.jdbc.bind          - binding parameter (4:UUID) <- [3953699a-4ded-4132-8d57-3d1add7a2f0f]
26-06-10 00:21:48.371 [Test worker] TRACE org.hibernate.orm.jdbc.bind          - binding parameter (5:UUID) <- [6a7b50c1-fd2b-4476-b13f-8b99cc805ec6]
26-06-10 00:21:48.371 [Test worker] DEBUG org.hibernate.SQL                    - 
    select
        u1_0.id 
    from
        users u1_0 
    where
        u1_0.email=? 
    fetch
        first ? rows only
26-06-10 00:21:48.371 [Test worker] TRACE org.hibernate.orm.jdbc.bind          - binding parameter (1:VARCHAR) <- [updated@codeit.com]
26-06-10 00:21:48.371 [Test worker] TRACE org.hibernate.orm.jdbc.bind          - binding parameter (2:INTEGER) <- [1]
26-06-10 00:21:48.373 [Test worker] DEBUG org.hibernate.SQL                    - 
    select
        u1_0.id 
    from
        users u1_0 
    where
        u1_0.username=? 
    fetch
        first ? rows only
26-06-10 00:21:48.373 [Test worker] TRACE org.hibernate.orm.jdbc.bind          - binding parameter (1:VARCHAR) <- [updateduser]
26-06-10 00:21:48.373 [Test worker] TRACE org.hibernate.orm.jdbc.bind          - binding parameter (2:INTEGER) <- [1]
26-06-10 00:21:48.384 [Test worker] DEBUG org.hibernate.SQL                    - 
    select
        u1_0.id 
    from
        users u1_0 
    where
        u1_0.email=? 
    fetch
        first ? rows only
26-06-10 00:21:48.385 [Test worker] TRACE org.hibernate.orm.jdbc.bind          - binding parameter (1:VARCHAR) <- [test@codeit.com]
26-06-10 00:21:48.386 [Test worker] TRACE org.hibernate.orm.jdbc.bind          - binding parameter (2:INTEGER) <- [1]
26-06-10 00:21:48.388 [Test worker] DEBUG org.hibernate.SQL                    - 
    select
        u1_0.id 
    from
        users u1_0 
    where
        u1_0.username=? 
    fetch
        first ? rows only
26-06-10 00:21:48.388 [Test worker] TRACE org.hibernate.orm.jdbc.bind          - binding parameter (1:VARCHAR) <- [testuser]
26-06-10 00:21:48.388 [Test worker] TRACE org.hibernate.orm.jdbc.bind          - binding parameter (2:INTEGER) <- [1]
26-06-10 00:21:48.402 [Test worker] DEBUG org.hibernate.SQL                    - 
    select
        u1_0.id 
    from
        users u1_0 
    where
        u1_0.email=? 
    fetch
        first ? rows only
26-06-10 00:21:48.402 [Test worker] TRACE org.hibernate.orm.jdbc.bind          - binding parameter (1:VARCHAR) <- [user1@codeit.com]
26-06-10 00:21:48.403 [Test worker] TRACE org.hibernate.orm.jdbc.bind          - binding parameter (2:INTEGER) <- [1]
26-06-10 00:21:48.405 [Test worker] DEBUG org.hibernate.SQL                    - 
    select
        u1_0.id 
    from
        users u1_0 
    where
        u1_0.username=? 
    fetch
        first ? rows only
26-06-10 00:21:48.406 [Test worker] TRACE org.hibernate.orm.jdbc.bind          - binding parameter (1:VARCHAR) <- [user1]
26-06-10 00:21:48.406 [Test worker] TRACE org.hibernate.orm.jdbc.bind          - binding parameter (2:INTEGER) <- [1]
26-06-10 00:21:48.411 [Test worker] DEBUG org.hibernate.SQL                    - 
    insert 
    into
        users
        (created_at, email, password, profile_id, updated_at, username, id) 
    values
        (?, ?, ?, ?, ?, ?, ?)
26-06-10 00:21:48.411 [Test worker] TRACE org.hibernate.orm.jdbc.bind          - binding parameter (1:TIMESTAMP_UTC) <- [2026-06-09T15:21:48.407546Z]
26-06-10 00:21:48.412 [Test worker] TRACE org.hibernate.orm.jdbc.bind          - binding parameter (2:VARCHAR) <- [user1@codeit.com]
26-06-10 00:21:48.412 [Test worker] TRACE org.hibernate.orm.jdbc.bind          - binding parameter (3:VARCHAR) <- [Password1234]
26-06-10 00:21:48.412 [Test worker] TRACE org.hibernate.orm.jdbc.bind          - binding parameter (4:UUID) <- [null]
26-06-10 00:21:48.412 [Test worker] TRACE org.hibernate.orm.jdbc.bind          - binding parameter (5:TIMESTAMP_UTC) <- [2026-06-09T15:21:48.407546Z]
26-06-10 00:21:48.412 [Test worker] TRACE org.hibernate.orm.jdbc.bind          - binding parameter (6:VARCHAR) <- [user1]
26-06-10 00:21:48.412 [Test worker] TRACE org.hibernate.orm.jdbc.bind          - binding parameter (7:UUID) <- [267e0ce4-a8ba-4154-a305-49d49107ac9b]
26-06-10 00:21:48.413 [Test worker] DEBUG org.hibernate.SQL                    - 
    insert 
    into
        user_statuses
        (created_at, last_active_at, updated_at, user_id, id) 
    values
        (?, ?, ?, ?, ?)
26-06-10 00:21:48.413 [Test worker] TRACE org.hibernate.orm.jdbc.bind          - binding parameter (1:TIMESTAMP_UTC) <- [2026-06-09T15:21:48.408173Z]
26-06-10 00:21:48.413 [Test worker] TRACE org.hibernate.orm.jdbc.bind          - binding parameter (2:TIMESTAMP_UTC) <- [2026-06-09T15:21:48.407092Z]
26-06-10 00:21:48.413 [Test worker] TRACE org.hibernate.orm.jdbc.bind          - binding parameter (3:TIMESTAMP_UTC) <- [2026-06-09T15:21:48.408173Z]
26-06-10 00:21:48.413 [Test worker] TRACE org.hibernate.orm.jdbc.bind          - binding parameter (4:UUID) <- [267e0ce4-a8ba-4154-a305-49d49107ac9b]
26-06-10 00:21:48.413 [Test worker] TRACE org.hibernate.orm.jdbc.bind          - binding parameter (5:UUID) <- [b3eee61b-56f7-4d84-b255-0e5f2ccfdc41]
26-06-10 00:21:48.414 [Test worker] DEBUG org.hibernate.SQL                    - 
    select
        u1_0.id 
    from
        users u1_0 
    where
        u1_0.email=? 
    fetch
        first ? rows only
26-06-10 00:21:48.414 [Test worker] TRACE org.hibernate.orm.jdbc.bind          - binding parameter (1:VARCHAR) <- [user2@codeit.com]
26-06-10 00:21:48.414 [Test worker] TRACE org.hibernate.orm.jdbc.bind          - binding parameter (2:INTEGER) <- [1]
26-06-10 00:21:48.415 [Test worker] DEBUG org.hibernate.SQL                    - 
    select
        u1_0.id 
    from
        users u1_0 
    where
        u1_0.username=? 
    fetch
        first ? rows only
26-06-10 00:21:48.416 [Test worker] TRACE org.hibernate.orm.jdbc.bind          - binding parameter (1:VARCHAR) <- [user2]
26-06-10 00:21:48.416 [Test worker] TRACE org.hibernate.orm.jdbc.bind          - binding parameter (2:INTEGER) <- [1]
26-06-10 00:21:48.433 [Test worker] DEBUG org.hibernate.SQL                    - 
    insert 
    into
        users
        (created_at, email, password, profile_id, updated_at, username, id) 
    values
        (?, ?, ?, ?, ?, ?, ?)
26-06-10 00:21:48.434 [Test worker] TRACE org.hibernate.orm.jdbc.bind          - binding parameter (1:TIMESTAMP_UTC) <- [2026-06-09T15:21:48.424066Z]
26-06-10 00:21:48.434 [Test worker] TRACE org.hibernate.orm.jdbc.bind          - binding parameter (2:VARCHAR) <- [user2@codeit.com]
26-06-10 00:21:48.434 [Test worker] TRACE org.hibernate.orm.jdbc.bind          - binding parameter (3:VARCHAR) <- [Password1234]
26-06-10 00:21:48.434 [Test worker] TRACE org.hibernate.orm.jdbc.bind          - binding parameter (4:UUID) <- [null]
26-06-10 00:21:48.434 [Test worker] TRACE org.hibernate.orm.jdbc.bind          - binding parameter (5:TIMESTAMP_UTC) <- [2026-06-09T15:21:48.424066Z]
26-06-10 00:21:48.434 [Test worker] TRACE org.hibernate.orm.jdbc.bind          - binding parameter (6:VARCHAR) <- [user2]
26-06-10 00:21:48.434 [Test worker] TRACE org.hibernate.orm.jdbc.bind          - binding parameter (7:UUID) <- [c2d36ea6-a64a-4aa1-b559-87bdacf48f4b]
26-06-10 00:21:48.435 [Test worker] DEBUG org.hibernate.SQL                    - 
    insert 
    into
        user_statuses
        (created_at, last_active_at, updated_at, user_id, id) 
    values
        (?, ?, ?, ?, ?)
26-06-10 00:21:48.436 [Test worker] TRACE org.hibernate.orm.jdbc.bind          - binding parameter (1:TIMESTAMP_UTC) <- [2026-06-09T15:21:48.424560Z]
26-06-10 00:21:48.436 [Test worker] TRACE org.hibernate.orm.jdbc.bind          - binding parameter (2:TIMESTAMP_UTC) <- [2026-06-09T15:21:48.423436Z]
26-06-10 00:21:48.436 [Test worker] TRACE org.hibernate.orm.jdbc.bind          - binding parameter (3:TIMESTAMP_UTC) <- [2026-06-09T15:21:48.424560Z]
26-06-10 00:21:48.436 [Test worker] TRACE org.hibernate.orm.jdbc.bind          - binding parameter (4:UUID) <- [c2d36ea6-a64a-4aa1-b559-87bdacf48f4b]
26-06-10 00:21:48.436 [Test worker] TRACE org.hibernate.orm.jdbc.bind          - binding parameter (5:UUID) <- [0b39e756-f312-4693-a1d6-de7289febe5f]
26-06-10 00:21:48.436 [Test worker] DEBUG org.hibernate.SQL                    - 
    select
        u1_0.id,
        u1_0.created_at,
        u1_0.email,
        u1_0.password,
        p1_0.id,
        p1_0.content_type,
        p1_0.created_at,
        p1_0.file_name,
        p1_0.size,
        s1_0.id,
        s1_0.created_at,
        s1_0.last_active_at,
        s1_0.updated_at,
        s1_0.user_id,
        u1_0.updated_at,
        u1_0.username 
    from
        users u1_0 
    left join
        binary_contents p1_0 
            on p1_0.id=u1_0.profile_id 
    left join
        user_statuses s1_0 
            on u1_0.id=s1_0.user_id
26-06-10 00:21:48.491 [Test worker] DEBUG org.hibernate.SQL                    - 
    select
        u1_0.id 
    from
        users u1_0 
    where
        u1_0.email=? 
    fetch
        first ? rows only
26-06-10 00:21:48.492 [Test worker] TRACE org.hibernate.orm.jdbc.bind          - binding parameter (1:VARCHAR) <- [delete@codeit.com]
26-06-10 00:21:48.492 [Test worker] TRACE org.hibernate.orm.jdbc.bind          - binding parameter (2:INTEGER) <- [1]
26-06-10 00:21:48.493 [Test worker] DEBUG org.hibernate.SQL                    - 
    select
        u1_0.id 
    from
        users u1_0 
    where
        u1_0.username=? 
    fetch
        first ? rows only
26-06-10 00:21:48.494 [Test worker] TRACE org.hibernate.orm.jdbc.bind          - binding parameter (1:VARCHAR) <- [deleteuser]
26-06-10 00:21:48.495 [Test worker] TRACE org.hibernate.orm.jdbc.bind          - binding parameter (2:INTEGER) <- [1]
26-06-10 00:21:48.497 [Test worker] DEBUG org.hibernate.SQL                    - 
    insert 
    into
        users
        (created_at, email, password, profile_id, updated_at, username, id) 
    values
        (?, ?, ?, ?, ?, ?, ?)
26-06-10 00:21:48.500 [Test worker] TRACE org.hibernate.orm.jdbc.bind          - binding parameter (1:TIMESTAMP_UTC) <- [2026-06-09T15:21:48.496009Z]
26-06-10 00:21:48.500 [Test worker] TRACE org.hibernate.orm.jdbc.bind          - binding parameter (2:VARCHAR) <- [delete@codeit.com]
26-06-10 00:21:48.500 [Test worker] TRACE org.hibernate.orm.jdbc.bind          - binding parameter (3:VARCHAR) <- [Password1234]
26-06-10 00:21:48.500 [Test worker] TRACE org.hibernate.orm.jdbc.bind          - binding parameter (4:UUID) <- [null]
26-06-10 00:21:48.500 [Test worker] TRACE org.hibernate.orm.jdbc.bind          - binding parameter (5:TIMESTAMP_UTC) <- [2026-06-09T15:21:48.496009Z]
26-06-10 00:21:48.500 [Test worker] TRACE org.hibernate.orm.jdbc.bind          - binding parameter (6:VARCHAR) <- [deleteuser]
26-06-10 00:21:48.501 [Test worker] TRACE org.hibernate.orm.jdbc.bind          - binding parameter (7:UUID) <- [627b6009-c3c7-4a84-88ff-f448306195ed]
26-06-10 00:21:48.505 [Test worker] DEBUG org.hibernate.SQL                    - 
    insert 
    into
        user_statuses
        (created_at, last_active_at, updated_at, user_id, id) 
    values
        (?, ?, ?, ?, ?)
26-06-10 00:21:48.505 [Test worker] TRACE org.hibernate.orm.jdbc.bind          - binding parameter (1:TIMESTAMP_UTC) <- [2026-06-09T15:21:48.496227Z]
26-06-10 00:21:48.505 [Test worker] TRACE org.hibernate.orm.jdbc.bind          - binding parameter (2:TIMESTAMP_UTC) <- [2026-06-09T15:21:48.495753Z]
26-06-10 00:21:48.505 [Test worker] TRACE org.hibernate.orm.jdbc.bind          - binding parameter (3:TIMESTAMP_UTC) <- [2026-06-09T15:21:48.496227Z]
26-06-10 00:21:48.505 [Test worker] TRACE org.hibernate.orm.jdbc.bind          - binding parameter (4:UUID) <- [627b6009-c3c7-4a84-88ff-f448306195ed]
26-06-10 00:21:48.505 [Test worker] TRACE org.hibernate.orm.jdbc.bind          - binding parameter (5:UUID) <- [e40b0aec-23e3-4a3f-9136-f580d2fa8e28]
26-06-10 00:21:48.505 [Test worker] DEBUG org.hibernate.SQL                    - 
    select
        count(*) 
    from
        users u1_0 
    where
        u1_0.id=?
26-06-10 00:21:48.506 [Test worker] TRACE org.hibernate.orm.jdbc.bind          - binding parameter (1:UUID) <- [627b6009-c3c7-4a84-88ff-f448306195ed]
26-06-10 00:21:48.514 [Test worker] DEBUG org.hibernate.SQL                    - 
    delete 
    from
        user_statuses 
    where
        id=?
26-06-10 00:21:48.515 [Test worker] TRACE org.hibernate.orm.jdbc.bind          - binding parameter (1:UUID) <- [e40b0aec-23e3-4a3f-9136-f580d2fa8e28]
26-06-10 00:21:48.516 [Test worker] DEBUG org.hibernate.SQL                    - 
    delete 
    from
        users 
    where
        id=?
26-06-10 00:21:48.517 [Test worker] TRACE org.hibernate.orm.jdbc.bind          - binding parameter (1:UUID) <- [627b6009-c3c7-4a84-88ff-f448306195ed]
26-06-10 00:21:48.517 [Test worker] DEBUG org.hibernate.SQL                    - 
    select
        count(*) 
    from
        users u1_0 
    where
        u1_0.id=?
26-06-10 00:21:48.517 [Test worker] TRACE org.hibernate.orm.jdbc.bind          - binding parameter (1:UUID) <- [627b6009-c3c7-4a84-88ff-f448306195ed]
26-06-10 00:21:48.526 [Test worker] DEBUG org.hibernate.SQL                    - 
    select
        u1_0.id,
        u1_0.created_at,
        u1_0.email,
        u1_0.password,
        p1_0.id,
        p1_0.content_type,
        p1_0.created_at,
        p1_0.file_name,
        p1_0.size,
        s1_0.id,
        s1_0.created_at,
        s1_0.last_active_at,
        s1_0.updated_at,
        s1_0.user_id,
        u1_0.updated_at,
        u1_0.username 
    from
        users u1_0 
    left join
        binary_contents p1_0 
            on p1_0.id=u1_0.profile_id 
    left join
        user_statuses s1_0 
            on u1_0.id=s1_0.user_id
26-06-10 00:21:48.534 [Test worker] DEBUG org.hibernate.SQL                    - 
    select
        u1_0.id,
        u1_0.created_at,
        u1_0.email,
        u1_0.password,
        u1_0.profile_id,
        s1_0.id,
        s1_0.created_at,
        s1_0.last_active_at,
        s1_0.updated_at,
        s1_0.user_id,
        u1_0.updated_at,
        u1_0.username 
    from
        users u1_0 
    left join
        user_statuses s1_0 
            on u1_0.id=s1_0.user_id 
    where
        u1_0.id=?
26-06-10 00:21:48.535 [Test worker] TRACE org.hibernate.orm.jdbc.bind          - binding parameter (1:UUID) <- [29e7c717-fd91-4350-8235-f84dc62be091]
26-06-10 00:21:48.549 [SpringApplicationShutdownHook] INFO  o.s.o.j.LocalContainerEntityManagerFactoryBean - Closing JPA EntityManagerFactory for persistence unit 'default'
26-06-10 00:21:48.550 [SpringApplicationShutdownHook] DEBUG org.hibernate.SQL                    - 
    drop table if exists binary_contents cascade 
26-06-10 00:21:48.550 [SpringApplicationShutdownHook] DEBUG org.hibernate.SQL                    - 
    drop table if exists channels cascade 
26-06-10 00:21:48.551 [SpringApplicationShutdownHook] DEBUG org.hibernate.SQL                    - 
    drop table if exists message_attachments cascade 
26-06-10 00:21:48.551 [SpringApplicationShutdownHook] DEBUG org.hibernate.SQL                    - 
    drop table if exists messages cascade 
26-06-10 00:21:48.552 [SpringApplicationShutdownHook] DEBUG org.hibernate.SQL                    - 
    drop table if exists read_statuses cascade 
26-06-10 00:21:48.552 [SpringApplicationShutdownHook] DEBUG org.hibernate.SQL                    - 
    drop table if exists user_statuses cascade 
26-06-10 00:21:48.553 [SpringApplicationShutdownHook] DEBUG org.hibernate.SQL                    - 
    drop table if exists users cascade 
26-06-10 00:21:48.555 [SpringApplicationShutdownHook] INFO  com.zaxxer.hikari.HikariDataSource   - HikariPool-1 - Shutdown initiated...
26-06-10 00:21:48.556 [SpringApplicationShutdownHook] INFO  com.zaxxer.hikari.HikariDataSource   - HikariPool-1 - Shutdown completed.
26-06-10 00:28:10.428 [background-preinit] INFO  o.h.validator.internal.util.Version  - HV000001: Hibernate Validator 8.0.1.Final
26-06-10 00:28:10.456 [Test worker] INFO  c.s.m.d.i.UserIntegrationTest        - Starting UserIntegrationTest using Java 17.0.18 with PID 66591 (started by nsl in /Users/nsl/work_space_sprint/12-sprint-mission)
26-06-10 00:28:10.457 [Test worker] INFO  c.s.m.d.i.UserIntegrationTest        - The following 1 profile is active: "test"
26-06-10 00:28:11.300 [Test worker] INFO  o.s.d.r.c.RepositoryConfigurationDelegate - Bootstrapping Spring Data JPA repositories in DEFAULT mode.
26-06-10 00:28:11.343 [Test worker] INFO  o.s.d.r.c.RepositoryConfigurationDelegate - Finished Spring Data repository scanning in 36 ms. Found 6 JPA repository interfaces.
26-06-10 00:28:11.640 [Test worker] INFO  com.zaxxer.hikari.HikariDataSource   - HikariPool-1 - Starting...
26-06-10 00:28:11.724 [Test worker] INFO  com.zaxxer.hikari.pool.HikariPool    - HikariPool-1 - Added connection conn0: url=jdbc:h2:mem:testdb user=SA
26-06-10 00:28:11.725 [Test worker] INFO  com.zaxxer.hikari.HikariDataSource   - HikariPool-1 - Start completed.
26-06-10 00:28:11.800 [Test worker] INFO  o.h.jpa.internal.util.LogHelper      - HHH000204: Processing PersistenceUnitInfo [name: default]
26-06-10 00:28:11.830 [Test worker] INFO  org.hibernate.Version                - HHH000412: Hibernate ORM core version 6.6.2.Final
26-06-10 00:28:11.846 [Test worker] INFO  o.h.c.i.RegionFactoryInitiator       - HHH000026: Second-level cache disabled
26-06-10 00:28:12.257 [Test worker] INFO  o.s.o.j.p.SpringPersistenceUnitInfo  - No LoadTimeWeaver setup: ignoring JPA class transformer
26-06-10 00:28:12.287 [Test worker] WARN  org.hibernate.orm.deprecation        - HHH90000025: H2Dialect does not need to be specified explicitly using 'hibernate.dialect' (remove the property setting and it will be selected by default)
26-06-10 00:28:12.297 [Test worker] INFO  o.hibernate.orm.connections.pooling  - HHH10001005: Database info:
	Database JDBC URL [Connecting through datasource 'HikariDataSource (HikariPool-1)']
	Database driver: undefined/unknown
	Database version: 2.3.232
	Autocommit mode: undefined/unknown
	Isolation level: undefined/unknown
	Minimum pool size: undefined/unknown
	Maximum pool size: undefined/unknown
26-06-10 00:28:12.873 [Test worker] INFO  o.h.e.t.j.p.i.JtaPlatformInitiator   - HHH000489: No JTA platform available (set 'hibernate.transaction.jta.platform' to enable JTA platform integration)
26-06-10 00:28:12.885 [Test worker] DEBUG org.hibernate.SQL                    - 
    drop table if exists binary_contents cascade 
26-06-10 00:28:12.887 [Test worker] DEBUG org.hibernate.SQL                    - 
    drop table if exists channels cascade 
26-06-10 00:28:12.888 [Test worker] DEBUG org.hibernate.SQL                    - 
    drop table if exists message_attachments cascade 
26-06-10 00:28:12.888 [Test worker] DEBUG org.hibernate.SQL                    - 
    drop table if exists messages cascade 
26-06-10 00:28:12.889 [Test worker] DEBUG org.hibernate.SQL                    - 
    drop table if exists read_statuses cascade 
26-06-10 00:28:12.891 [Test worker] DEBUG org.hibernate.SQL                    - 
    drop table if exists user_statuses cascade 
26-06-10 00:28:12.893 [Test worker] DEBUG org.hibernate.SQL                    - 
    drop table if exists users cascade 
26-06-10 00:28:12.896 [Test worker] DEBUG org.hibernate.SQL                    - 
    create table binary_contents (
        created_at timestamp with time zone not null,
        size bigint not null,
        id uuid not null,
        content_type varchar(100) not null,
        file_name varchar(255) not null,
        primary key (id)
    )
26-06-10 00:28:12.899 [Test worker] DEBUG org.hibernate.SQL                    - 
    create table channels (
        created_at timestamp with time zone not null,
        updated_at timestamp with time zone,
        id uuid not null,
        name varchar(100),
        description varchar(500),
        type enum ('PRIVATE','PUBLIC') not null,
        primary key (id)
    )
26-06-10 00:28:12.903 [Test worker] DEBUG org.hibernate.SQL                    - 
    create table message_attachments (
        attachment_id uuid not null unique,
        message_id uuid not null
    )
26-06-10 00:28:12.904 [Test worker] DEBUG org.hibernate.SQL                    - 
    create table messages (
        created_at timestamp with time zone not null,
        updated_at timestamp with time zone,
        author_id uuid not null,
        channel_id uuid not null,
        id uuid not null,
        content text not null,
        primary key (id)
    )
26-06-10 00:28:12.906 [Test worker] DEBUG org.hibernate.SQL                    - 
    create table read_statuses (
        created_at timestamp with time zone not null,
        last_read_at timestamp with time zone not null,
        updated_at timestamp with time zone,
        channel_id uuid not null,
        id uuid not null,
        user_id uuid not null,
        primary key (id),
        unique (user_id, channel_id)
    )
26-06-10 00:28:12.909 [Test worker] DEBUG org.hibernate.SQL                    - 
    create table user_statuses (
        created_at timestamp with time zone not null,
        last_active_at timestamp with time zone not null,
        updated_at timestamp with time zone,
        id uuid not null,
        user_id uuid not null unique,
        primary key (id)
    )
26-06-10 00:28:12.912 [Test worker] DEBUG org.hibernate.SQL                    - 
    create table users (
        created_at timestamp with time zone not null,
        updated_at timestamp with time zone,
        id uuid not null,
        profile_id uuid unique,
        username varchar(50) not null unique,
        password varchar(60) not null,
        email varchar(100) not null unique,
        primary key (id)
    )
26-06-10 00:28:12.914 [Test worker] DEBUG org.hibernate.SQL                    - 
    alter table if exists message_attachments 
       add constraint FKsd1m8rb8jcpbcnb7rpdue7ctc 
       foreign key (attachment_id) 
       references binary_contents
26-06-10 00:28:12.916 [Test worker] DEBUG org.hibernate.SQL                    - 
    alter table if exists message_attachments 
       add constraint FKj7twd218e2gqw9cmlhwvo1rth 
       foreign key (message_id) 
       references messages
26-06-10 00:28:12.919 [Test worker] DEBUG org.hibernate.SQL                    - 
    alter table if exists messages 
       add constraint FKowtlim26svclkatusptbgi7u1 
       foreign key (author_id) 
       references users
26-06-10 00:28:12.921 [Test worker] DEBUG org.hibernate.SQL                    - 
    alter table if exists messages 
       add constraint FK3u3ckbhwq9se1cmopk2pq05b2 
       foreign key (channel_id) 
       references channels
26-06-10 00:28:12.923 [Test worker] DEBUG org.hibernate.SQL                    - 
    alter table if exists read_statuses 
       add constraint FKa38ri44ml4gfdpklx4ahqr8gd 
       foreign key (channel_id) 
       references channels
26-06-10 00:28:12.927 [Test worker] DEBUG org.hibernate.SQL                    - 
    alter table if exists read_statuses 
       add constraint FKml3k4wr9sj5yxrmj6d0aoib2e 
       foreign key (user_id) 
       references users
26-06-10 00:28:12.930 [Test worker] DEBUG org.hibernate.SQL                    - 
    alter table if exists user_statuses 
       add constraint FK4lfl3ei2ubchgcxrrpo3pw4mm 
       foreign key (user_id) 
       references users
26-06-10 00:28:12.933 [Test worker] DEBUG org.hibernate.SQL                    - 
    alter table if exists users 
       add constraint FKtbudycgrip49xdptogmhfqnso 
       foreign key (profile_id) 
       references binary_contents
26-06-10 00:28:12.940 [Test worker] INFO  o.s.o.j.LocalContainerEntityManagerFactoryBean - Initialized JPA EntityManagerFactory for persistence unit 'default'
26-06-10 00:28:13.129 [Test worker] INFO  o.s.d.j.r.query.QueryEnhancerFactory - Hibernate is in classpath; If applicable, HQL parser will be used.
26-06-10 00:28:13.712 [Test worker] INFO  o.s.b.a.w.s.WelcomePageHandlerMapping - Adding welcome page: class path resource [static/index.html]
26-06-10 00:28:14.220 [Test worker] INFO  o.s.b.a.h.H2ConsoleAutoConfiguration - H2 console available at '/h2-console'. Database available at 'jdbc:h2:mem:testdb'
26-06-10 00:28:14.252 [Test worker] INFO  o.s.b.t.m.w.SpringBootMockServletContext - Initializing Spring TestDispatcherServlet ''
26-06-10 00:28:14.252 [Test worker] INFO  o.s.t.w.s.TestDispatcherServlet      - Initializing Servlet ''
26-06-10 00:28:14.258 [Test worker] INFO  o.s.b.a.e.web.EndpointLinksResolver  - Exposing 4 endpoints beneath base path '/actuator'
26-06-10 00:28:14.273 [Test worker] INFO  o.s.t.w.s.TestDispatcherServlet      - Completed initialization in 20 ms
26-06-10 00:28:14.330 [Test worker] INFO  c.s.m.d.i.UserIntegrationTest        - Started UserIntegrationTest in 4.108 seconds (process running for 4.751)
26-06-10 00:28:14.928 [Test worker] DEBUG org.hibernate.SQL                    - 
    select
        count(*) 
    from
        users u1_0 
    where
        u1_0.id=?
26-06-10 00:28:14.933 [Test worker] TRACE org.hibernate.orm.jdbc.bind          - binding parameter (1:UUID) <- [84ce0efe-dc78-4c17-a498-880183766f76]
26-06-10 00:28:14.992 [Test worker] DEBUG org.hibernate.SQL                    - 
    select
        u1_0.id 
    from
        users u1_0 
    where
        u1_0.email=? 
    fetch
        first ? rows only
26-06-10 00:28:14.993 [Test worker] TRACE org.hibernate.orm.jdbc.bind          - binding parameter (1:VARCHAR) <- [duplicate@Codeit.com]
26-06-10 00:28:14.993 [Test worker] TRACE org.hibernate.orm.jdbc.bind          - binding parameter (2:INTEGER) <- [1]
26-06-10 00:28:14.995 [Test worker] DEBUG org.hibernate.SQL                    - 
    select
        u1_0.id 
    from
        users u1_0 
    where
        u1_0.username=? 
    fetch
        first ? rows only
26-06-10 00:28:14.995 [Test worker] TRACE org.hibernate.orm.jdbc.bind          - binding parameter (1:VARCHAR) <- [testuser]
26-06-10 00:28:14.995 [Test worker] TRACE org.hibernate.orm.jdbc.bind          - binding parameter (2:INTEGER) <- [1]
26-06-10 00:28:15.036 [Test worker] DEBUG org.hibernate.SQL                    - 
    insert 
    into
        users
        (created_at, email, password, profile_id, updated_at, username, id) 
    values
        (?, ?, ?, ?, ?, ?, ?)
26-06-10 00:28:15.038 [Test worker] TRACE org.hibernate.orm.jdbc.bind          - binding parameter (1:TIMESTAMP_UTC) <- [2026-06-09T15:28:15.011403Z]
26-06-10 00:28:15.039 [Test worker] TRACE org.hibernate.orm.jdbc.bind          - binding parameter (2:VARCHAR) <- [duplicate@Codeit.com]
26-06-10 00:28:15.039 [Test worker] TRACE org.hibernate.orm.jdbc.bind          - binding parameter (3:VARCHAR) <- [Password1234]
26-06-10 00:28:15.040 [Test worker] TRACE org.hibernate.orm.jdbc.bind          - binding parameter (4:UUID) <- [null]
26-06-10 00:28:15.040 [Test worker] TRACE org.hibernate.orm.jdbc.bind          - binding parameter (5:TIMESTAMP_UTC) <- [2026-06-09T15:28:15.011403Z]
26-06-10 00:28:15.040 [Test worker] TRACE org.hibernate.orm.jdbc.bind          - binding parameter (6:VARCHAR) <- [testuser]
26-06-10 00:28:15.040 [Test worker] TRACE org.hibernate.orm.jdbc.bind          - binding parameter (7:UUID) <- [f10f2b4d-0cbc-4818-bf9c-e8dc318b0729]
26-06-10 00:28:15.043 [Test worker] DEBUG org.hibernate.SQL                    - 
    insert 
    into
        user_statuses
        (created_at, last_active_at, updated_at, user_id, id) 
    values
        (?, ?, ?, ?, ?)
26-06-10 00:28:15.044 [Test worker] TRACE org.hibernate.orm.jdbc.bind          - binding parameter (1:TIMESTAMP_UTC) <- [2026-06-09T15:28:15.025247Z]
26-06-10 00:28:15.044 [Test worker] TRACE org.hibernate.orm.jdbc.bind          - binding parameter (2:TIMESTAMP_UTC) <- [2026-06-09T15:28:14.996868Z]
26-06-10 00:28:15.044 [Test worker] TRACE org.hibernate.orm.jdbc.bind          - binding parameter (3:TIMESTAMP_UTC) <- [2026-06-09T15:28:15.025247Z]
26-06-10 00:28:15.044 [Test worker] TRACE org.hibernate.orm.jdbc.bind          - binding parameter (4:UUID) <- [f10f2b4d-0cbc-4818-bf9c-e8dc318b0729]
26-06-10 00:28:15.044 [Test worker] TRACE org.hibernate.orm.jdbc.bind          - binding parameter (5:UUID) <- [97414739-6441-4e2f-8746-e3973ef22f00]
26-06-10 00:28:15.045 [Test worker] DEBUG org.hibernate.SQL                    - 
    select
        u1_0.id 
    from
        users u1_0 
    where
        u1_0.email=? 
    fetch
        first ? rows only
26-06-10 00:28:15.045 [Test worker] TRACE org.hibernate.orm.jdbc.bind          - binding parameter (1:VARCHAR) <- [duplicate@Codeit.com]
26-06-10 00:28:15.046 [Test worker] TRACE org.hibernate.orm.jdbc.bind          - binding parameter (2:INTEGER) <- [1]
26-06-10 00:28:15.056 [Test worker] DEBUG org.hibernate.SQL                    - 
    select
        u1_0.id 
    from
        users u1_0 
    where
        u1_0.email=? 
    fetch
        first ? rows only
26-06-10 00:28:15.056 [Test worker] TRACE org.hibernate.orm.jdbc.bind          - binding parameter (1:VARCHAR) <- [original@Codeit.com]
26-06-10 00:28:15.056 [Test worker] TRACE org.hibernate.orm.jdbc.bind          - binding parameter (2:INTEGER) <- [1]
26-06-10 00:28:15.059 [Test worker] DEBUG org.hibernate.SQL                    - 
    select
        u1_0.id 
    from
        users u1_0 
    where
        u1_0.username=? 
    fetch
        first ? rows only
26-06-10 00:28:15.059 [Test worker] TRACE org.hibernate.orm.jdbc.bind          - binding parameter (1:VARCHAR) <- [originaluser]
26-06-10 00:28:15.059 [Test worker] TRACE org.hibernate.orm.jdbc.bind          - binding parameter (2:INTEGER) <- [1]
26-06-10 00:28:15.065 [Test worker] DEBUG org.hibernate.SQL                    - 
    insert 
    into
        users
        (created_at, email, password, profile_id, updated_at, username, id) 
    values
        (?, ?, ?, ?, ?, ?, ?)
26-06-10 00:28:15.066 [Test worker] TRACE org.hibernate.orm.jdbc.bind          - binding parameter (1:TIMESTAMP_UTC) <- [2026-06-09T15:28:15.060865Z]
26-06-10 00:28:15.066 [Test worker] TRACE org.hibernate.orm.jdbc.bind          - binding parameter (2:VARCHAR) <- [original@Codeit.com]
26-06-10 00:28:15.066 [Test worker] TRACE org.hibernate.orm.jdbc.bind          - binding parameter (3:VARCHAR) <- [Password1234]
26-06-10 00:28:15.066 [Test worker] TRACE org.hibernate.orm.jdbc.bind          - binding parameter (4:UUID) <- [null]
26-06-10 00:28:15.066 [Test worker] TRACE org.hibernate.orm.jdbc.bind          - binding parameter (5:TIMESTAMP_UTC) <- [2026-06-09T15:28:15.060865Z]
26-06-10 00:28:15.067 [Test worker] TRACE org.hibernate.orm.jdbc.bind          - binding parameter (6:VARCHAR) <- [originaluser]
26-06-10 00:28:15.067 [Test worker] TRACE org.hibernate.orm.jdbc.bind          - binding parameter (7:UUID) <- [3c9b9890-8627-45b3-b03b-f499089b2994]
26-06-10 00:28:15.068 [Test worker] DEBUG org.hibernate.SQL                    - 
    insert 
    into
        user_statuses
        (created_at, last_active_at, updated_at, user_id, id) 
    values
        (?, ?, ?, ?, ?)
26-06-10 00:28:15.069 [Test worker] TRACE org.hibernate.orm.jdbc.bind          - binding parameter (1:TIMESTAMP_UTC) <- [2026-06-09T15:28:15.061098Z]
26-06-10 00:28:15.069 [Test worker] TRACE org.hibernate.orm.jdbc.bind          - binding parameter (2:TIMESTAMP_UTC) <- [2026-06-09T15:28:15.060538Z]
26-06-10 00:28:15.069 [Test worker] TRACE org.hibernate.orm.jdbc.bind          - binding parameter (3:TIMESTAMP_UTC) <- [2026-06-09T15:28:15.061098Z]
26-06-10 00:28:15.069 [Test worker] TRACE org.hibernate.orm.jdbc.bind          - binding parameter (4:UUID) <- [3c9b9890-8627-45b3-b03b-f499089b2994]
26-06-10 00:28:15.069 [Test worker] TRACE org.hibernate.orm.jdbc.bind          - binding parameter (5:UUID) <- [a6f4eb6c-ff3b-4d99-82fc-d2bc77fd01fd]
26-06-10 00:28:15.070 [Test worker] DEBUG org.hibernate.SQL                    - 
    select
        u1_0.id 
    from
        users u1_0 
    where
        u1_0.email=? 
    fetch
        first ? rows only
26-06-10 00:28:15.070 [Test worker] TRACE org.hibernate.orm.jdbc.bind          - binding parameter (1:VARCHAR) <- [updated@Codeit.com]
26-06-10 00:28:15.070 [Test worker] TRACE org.hibernate.orm.jdbc.bind          - binding parameter (2:INTEGER) <- [1]
26-06-10 00:28:15.072 [Test worker] DEBUG org.hibernate.SQL                    - 
    select
        u1_0.id 
    from
        users u1_0 
    where
        u1_0.username=? 
    fetch
        first ? rows only
26-06-10 00:28:15.072 [Test worker] TRACE org.hibernate.orm.jdbc.bind          - binding parameter (1:VARCHAR) <- [updateduser]
26-06-10 00:28:15.072 [Test worker] TRACE org.hibernate.orm.jdbc.bind          - binding parameter (2:INTEGER) <- [1]
26-06-10 00:28:15.082 [Test worker] DEBUG org.hibernate.SQL                    - 
    select
        u1_0.id 
    from
        users u1_0 
    where
        u1_0.email=? 
    fetch
        first ? rows only
26-06-10 00:28:15.083 [Test worker] TRACE org.hibernate.orm.jdbc.bind          - binding parameter (1:VARCHAR) <- [test@Codeit.com]
26-06-10 00:28:15.083 [Test worker] TRACE org.hibernate.orm.jdbc.bind          - binding parameter (2:INTEGER) <- [1]
26-06-10 00:28:15.085 [Test worker] DEBUG org.hibernate.SQL                    - 
    select
        u1_0.id 
    from
        users u1_0 
    where
        u1_0.username=? 
    fetch
        first ? rows only
26-06-10 00:28:15.086 [Test worker] TRACE org.hibernate.orm.jdbc.bind          - binding parameter (1:VARCHAR) <- [testuser]
26-06-10 00:28:15.086 [Test worker] TRACE org.hibernate.orm.jdbc.bind          - binding parameter (2:INTEGER) <- [1]
26-06-10 00:28:15.094 [Test worker] DEBUG org.hibernate.SQL                    - 
    select
        u1_0.id 
    from
        users u1_0 
    where
        u1_0.email=? 
    fetch
        first ? rows only
26-06-10 00:28:15.095 [Test worker] TRACE org.hibernate.orm.jdbc.bind          - binding parameter (1:VARCHAR) <- [user1@Codeit.com]
26-06-10 00:28:15.095 [Test worker] TRACE org.hibernate.orm.jdbc.bind          - binding parameter (2:INTEGER) <- [1]
26-06-10 00:28:15.096 [Test worker] DEBUG org.hibernate.SQL                    - 
    select
        u1_0.id 
    from
        users u1_0 
    where
        u1_0.username=? 
    fetch
        first ? rows only
26-06-10 00:28:15.097 [Test worker] TRACE org.hibernate.orm.jdbc.bind          - binding parameter (1:VARCHAR) <- [user1]
26-06-10 00:28:15.097 [Test worker] TRACE org.hibernate.orm.jdbc.bind          - binding parameter (2:INTEGER) <- [1]
26-06-10 00:28:15.100 [Test worker] DEBUG org.hibernate.SQL                    - 
    insert 
    into
        users
        (created_at, email, password, profile_id, updated_at, username, id) 
    values
        (?, ?, ?, ?, ?, ?, ?)
26-06-10 00:28:15.101 [Test worker] TRACE org.hibernate.orm.jdbc.bind          - binding parameter (1:TIMESTAMP_UTC) <- [2026-06-09T15:28:15.099039Z]
26-06-10 00:28:15.101 [Test worker] TRACE org.hibernate.orm.jdbc.bind          - binding parameter (2:VARCHAR) <- [user1@Codeit.com]
26-06-10 00:28:15.101 [Test worker] TRACE org.hibernate.orm.jdbc.bind          - binding parameter (3:VARCHAR) <- [Password1234]
26-06-10 00:28:15.101 [Test worker] TRACE org.hibernate.orm.jdbc.bind          - binding parameter (4:UUID) <- [null]
26-06-10 00:28:15.101 [Test worker] TRACE org.hibernate.orm.jdbc.bind          - binding parameter (5:TIMESTAMP_UTC) <- [2026-06-09T15:28:15.099039Z]
26-06-10 00:28:15.101 [Test worker] TRACE org.hibernate.orm.jdbc.bind          - binding parameter (6:VARCHAR) <- [user1]
26-06-10 00:28:15.101 [Test worker] TRACE org.hibernate.orm.jdbc.bind          - binding parameter (7:UUID) <- [04226b43-f5d4-4602-a239-e8fc9acd1196]
26-06-10 00:28:15.102 [Test worker] DEBUG org.hibernate.SQL                    - 
    insert 
    into
        user_statuses
        (created_at, last_active_at, updated_at, user_id, id) 
    values
        (?, ?, ?, ?, ?)
26-06-10 00:28:15.102 [Test worker] TRACE org.hibernate.orm.jdbc.bind          - binding parameter (1:TIMESTAMP_UTC) <- [2026-06-09T15:28:15.099296Z]
26-06-10 00:28:15.103 [Test worker] TRACE org.hibernate.orm.jdbc.bind          - binding parameter (2:TIMESTAMP_UTC) <- [2026-06-09T15:28:15.098661Z]
26-06-10 00:28:15.103 [Test worker] TRACE org.hibernate.orm.jdbc.bind          - binding parameter (3:TIMESTAMP_UTC) <- [2026-06-09T15:28:15.099296Z]
26-06-10 00:28:15.103 [Test worker] TRACE org.hibernate.orm.jdbc.bind          - binding parameter (4:UUID) <- [04226b43-f5d4-4602-a239-e8fc9acd1196]
26-06-10 00:28:15.103 [Test worker] TRACE org.hibernate.orm.jdbc.bind          - binding parameter (5:UUID) <- [8553d947-ccf9-47a9-a013-d88234ad4d1b]
26-06-10 00:28:15.104 [Test worker] DEBUG org.hibernate.SQL                    - 
    select
        u1_0.id 
    from
        users u1_0 
    where
        u1_0.email=? 
    fetch
        first ? rows only
26-06-10 00:28:15.104 [Test worker] TRACE org.hibernate.orm.jdbc.bind          - binding parameter (1:VARCHAR) <- [user2@Codeit.com]
26-06-10 00:28:15.104 [Test worker] TRACE org.hibernate.orm.jdbc.bind          - binding parameter (2:INTEGER) <- [1]
26-06-10 00:28:15.106 [Test worker] DEBUG org.hibernate.SQL                    - 
    select
        u1_0.id 
    from
        users u1_0 
    where
        u1_0.username=? 
    fetch
        first ? rows only
26-06-10 00:28:15.106 [Test worker] TRACE org.hibernate.orm.jdbc.bind          - binding parameter (1:VARCHAR) <- [user2]
26-06-10 00:28:15.106 [Test worker] TRACE org.hibernate.orm.jdbc.bind          - binding parameter (2:INTEGER) <- [1]
26-06-10 00:28:15.112 [Test worker] DEBUG org.hibernate.SQL                    - 
    insert 
    into
        users
        (created_at, email, password, profile_id, updated_at, username, id) 
    values
        (?, ?, ?, ?, ?, ?, ?)
26-06-10 00:28:15.113 [Test worker] TRACE org.hibernate.orm.jdbc.bind          - binding parameter (1:TIMESTAMP_UTC) <- [2026-06-09T15:28:15.108509Z]
26-06-10 00:28:15.113 [Test worker] TRACE org.hibernate.orm.jdbc.bind          - binding parameter (2:VARCHAR) <- [user2@Codeit.com]
26-06-10 00:28:15.113 [Test worker] TRACE org.hibernate.orm.jdbc.bind          - binding parameter (3:VARCHAR) <- [Password1234]
26-06-10 00:28:15.113 [Test worker] TRACE org.hibernate.orm.jdbc.bind          - binding parameter (4:UUID) <- [null]
26-06-10 00:28:15.113 [Test worker] TRACE org.hibernate.orm.jdbc.bind          - binding parameter (5:TIMESTAMP_UTC) <- [2026-06-09T15:28:15.108509Z]
26-06-10 00:28:15.113 [Test worker] TRACE org.hibernate.orm.jdbc.bind          - binding parameter (6:VARCHAR) <- [user2]
26-06-10 00:28:15.113 [Test worker] TRACE org.hibernate.orm.jdbc.bind          - binding parameter (7:UUID) <- [a860ea1a-4156-47b3-b362-66eda2297d7b]
26-06-10 00:28:15.113 [Test worker] DEBUG org.hibernate.SQL                    - 
    insert 
    into
        user_statuses
        (created_at, last_active_at, updated_at, user_id, id) 
    values
        (?, ?, ?, ?, ?)
26-06-10 00:28:15.114 [Test worker] TRACE org.hibernate.orm.jdbc.bind          - binding parameter (1:TIMESTAMP_UTC) <- [2026-06-09T15:28:15.108994Z]
26-06-10 00:28:15.114 [Test worker] TRACE org.hibernate.orm.jdbc.bind          - binding parameter (2:TIMESTAMP_UTC) <- [2026-06-09T15:28:15.108146Z]
26-06-10 00:28:15.114 [Test worker] TRACE org.hibernate.orm.jdbc.bind          - binding parameter (3:TIMESTAMP_UTC) <- [2026-06-09T15:28:15.108994Z]
26-06-10 00:28:15.114 [Test worker] TRACE org.hibernate.orm.jdbc.bind          - binding parameter (4:UUID) <- [a860ea1a-4156-47b3-b362-66eda2297d7b]
26-06-10 00:28:15.114 [Test worker] TRACE org.hibernate.orm.jdbc.bind          - binding parameter (5:UUID) <- [170e6042-0872-48c6-928f-ef96084d4c60]
26-06-10 00:28:15.114 [Test worker] DEBUG org.hibernate.SQL                    - 
    select
        u1_0.id,
        u1_0.created_at,
        u1_0.email,
        u1_0.password,
        p1_0.id,
        p1_0.content_type,
        p1_0.created_at,
        p1_0.file_name,
        p1_0.size,
        s1_0.id,
        s1_0.created_at,
        s1_0.last_active_at,
        s1_0.updated_at,
        s1_0.user_id,
        u1_0.updated_at,
        u1_0.username 
    from
        users u1_0 
    left join
        binary_contents p1_0 
            on p1_0.id=u1_0.profile_id 
    left join
        user_statuses s1_0 
            on u1_0.id=s1_0.user_id
26-06-10 00:28:15.135 [Test worker] DEBUG org.hibernate.SQL                    - 
    select
        u1_0.id 
    from
        users u1_0 
    where
        u1_0.email=? 
    fetch
        first ? rows only
26-06-10 00:28:15.136 [Test worker] TRACE org.hibernate.orm.jdbc.bind          - binding parameter (1:VARCHAR) <- [delete@Codeit.com]
26-06-10 00:28:15.136 [Test worker] TRACE org.hibernate.orm.jdbc.bind          - binding parameter (2:INTEGER) <- [1]
26-06-10 00:28:15.137 [Test worker] DEBUG org.hibernate.SQL                    - 
    select
        u1_0.id 
    from
        users u1_0 
    where
        u1_0.username=? 
    fetch
        first ? rows only
26-06-10 00:28:15.138 [Test worker] TRACE org.hibernate.orm.jdbc.bind          - binding parameter (1:VARCHAR) <- [deleteuser]
26-06-10 00:28:15.138 [Test worker] TRACE org.hibernate.orm.jdbc.bind          - binding parameter (2:INTEGER) <- [1]
26-06-10 00:28:15.141 [Test worker] DEBUG org.hibernate.SQL                    - 
    insert 
    into
        users
        (created_at, email, password, profile_id, updated_at, username, id) 
    values
        (?, ?, ?, ?, ?, ?, ?)
26-06-10 00:28:15.141 [Test worker] TRACE org.hibernate.orm.jdbc.bind          - binding parameter (1:TIMESTAMP_UTC) <- [2026-06-09T15:28:15.139165Z]
26-06-10 00:28:15.141 [Test worker] TRACE org.hibernate.orm.jdbc.bind          - binding parameter (2:VARCHAR) <- [delete@Codeit.com]
26-06-10 00:28:15.141 [Test worker] TRACE org.hibernate.orm.jdbc.bind          - binding parameter (3:VARCHAR) <- [Password1234]
26-06-10 00:28:15.141 [Test worker] TRACE org.hibernate.orm.jdbc.bind          - binding parameter (4:UUID) <- [null]
26-06-10 00:28:15.141 [Test worker] TRACE org.hibernate.orm.jdbc.bind          - binding parameter (5:TIMESTAMP_UTC) <- [2026-06-09T15:28:15.139165Z]
26-06-10 00:28:15.141 [Test worker] TRACE org.hibernate.orm.jdbc.bind          - binding parameter (6:VARCHAR) <- [deleteuser]
26-06-10 00:28:15.141 [Test worker] TRACE org.hibernate.orm.jdbc.bind          - binding parameter (7:UUID) <- [7678b785-77e3-4f7b-92b6-93851d4bfabd]
26-06-10 00:28:15.142 [Test worker] DEBUG org.hibernate.SQL                    - 
    insert 
    into
        user_statuses
        (created_at, last_active_at, updated_at, user_id, id) 
    values
        (?, ?, ?, ?, ?)
26-06-10 00:28:15.142 [Test worker] TRACE org.hibernate.orm.jdbc.bind          - binding parameter (1:TIMESTAMP_UTC) <- [2026-06-09T15:28:15.139514Z]
26-06-10 00:28:15.142 [Test worker] TRACE org.hibernate.orm.jdbc.bind          - binding parameter (2:TIMESTAMP_UTC) <- [2026-06-09T15:28:15.138657Z]
26-06-10 00:28:15.142 [Test worker] TRACE org.hibernate.orm.jdbc.bind          - binding parameter (3:TIMESTAMP_UTC) <- [2026-06-09T15:28:15.139514Z]
26-06-10 00:28:15.143 [Test worker] TRACE org.hibernate.orm.jdbc.bind          - binding parameter (4:UUID) <- [7678b785-77e3-4f7b-92b6-93851d4bfabd]
26-06-10 00:28:15.143 [Test worker] TRACE org.hibernate.orm.jdbc.bind          - binding parameter (5:UUID) <- [284c8a15-bd05-455a-8884-e101ae0241b3]
26-06-10 00:28:15.143 [Test worker] DEBUG org.hibernate.SQL                    - 
    select
        count(*) 
    from
        users u1_0 
    where
        u1_0.id=?
26-06-10 00:28:15.143 [Test worker] TRACE org.hibernate.orm.jdbc.bind          - binding parameter (1:UUID) <- [7678b785-77e3-4f7b-92b6-93851d4bfabd]
26-06-10 00:28:15.147 [Test worker] DEBUG org.hibernate.SQL                    - 
    delete 
    from
        user_statuses 
    where
        id=?
26-06-10 00:28:15.147 [Test worker] TRACE org.hibernate.orm.jdbc.bind          - binding parameter (1:UUID) <- [284c8a15-bd05-455a-8884-e101ae0241b3]
26-06-10 00:28:15.148 [Test worker] DEBUG org.hibernate.SQL                    - 
    delete 
    from
        users 
    where
        id=?
26-06-10 00:28:15.149 [Test worker] TRACE org.hibernate.orm.jdbc.bind          - binding parameter (1:UUID) <- [7678b785-77e3-4f7b-92b6-93851d4bfabd]
26-06-10 00:28:15.149 [Test worker] DEBUG org.hibernate.SQL                    - 
    select
        count(*) 
    from
        users u1_0 
    where
        u1_0.id=?
26-06-10 00:28:15.149 [Test worker] TRACE org.hibernate.orm.jdbc.bind          - binding parameter (1:UUID) <- [7678b785-77e3-4f7b-92b6-93851d4bfabd]
26-06-10 00:28:15.157 [Test worker] DEBUG org.hibernate.SQL                    - 
    select
        u1_0.id,
        u1_0.created_at,
        u1_0.email,
        u1_0.password,
        p1_0.id,
        p1_0.content_type,
        p1_0.created_at,
        p1_0.file_name,
        p1_0.size,
        s1_0.id,
        s1_0.created_at,
        s1_0.last_active_at,
        s1_0.updated_at,
        s1_0.user_id,
        u1_0.updated_at,
        u1_0.username 
    from
        users u1_0 
    left join
        binary_contents p1_0 
            on p1_0.id=u1_0.profile_id 
    left join
        user_statuses s1_0 
            on u1_0.id=s1_0.user_id
26-06-10 00:28:15.167 [Test worker] DEBUG org.hibernate.SQL                    - 
    select
        u1_0.id,
        u1_0.created_at,
        u1_0.email,
        u1_0.password,
        u1_0.profile_id,
        s1_0.id,
        s1_0.created_at,
        s1_0.last_active_at,
        s1_0.updated_at,
        s1_0.user_id,
        u1_0.updated_at,
        u1_0.username 
    from
        users u1_0 
    left join
        user_statuses s1_0 
            on u1_0.id=s1_0.user_id 
    where
        u1_0.id=?
26-06-10 00:28:15.168 [Test worker] TRACE org.hibernate.orm.jdbc.bind          - binding parameter (1:UUID) <- [8e27aa8b-4a19-45a9-a19d-045054a8f9b8]
26-06-10 00:28:15.196 [SpringApplicationShutdownHook] INFO  o.s.o.j.LocalContainerEntityManagerFactoryBean - Closing JPA EntityManagerFactory for persistence unit 'default'
26-06-10 00:28:15.196 [SpringApplicationShutdownHook] DEBUG org.hibernate.SQL                    - 
    drop table if exists binary_contents cascade 
26-06-10 00:28:15.197 [SpringApplicationShutdownHook] DEBUG org.hibernate.SQL                    - 
    drop table if exists channels cascade 
26-06-10 00:28:15.197 [SpringApplicationShutdownHook] DEBUG org.hibernate.SQL                    - 
    drop table if exists message_attachments cascade 
26-06-10 00:28:15.198 [SpringApplicationShutdownHook] DEBUG org.hibernate.SQL                    - 
    drop table if exists messages cascade 
26-06-10 00:28:15.199 [SpringApplicationShutdownHook] DEBUG org.hibernate.SQL                    - 
    drop table if exists read_statuses cascade 
26-06-10 00:28:15.200 [SpringApplicationShutdownHook] DEBUG org.hibernate.SQL                    - 
    drop table if exists user_statuses cascade 
26-06-10 00:28:15.202 [SpringApplicationShutdownHook] DEBUG org.hibernate.SQL                    - 
    drop table if exists users cascade 
26-06-10 00:28:15.204 [SpringApplicationShutdownHook] INFO  com.zaxxer.hikari.HikariDataSource   - HikariPool-1 - Shutdown initiated...
26-06-10 00:28:15.206 [SpringApplicationShutdownHook] INFO  com.zaxxer.hikari.HikariDataSource   - HikariPool-1 - Shutdown completed.
