26-08-01 19:17:55.505 [background-preinit] [32mINFO [0;39m o.h.validator.internal.util.Version  [ |  | ] - HV000001: Hibernate Validator 8.0.1.Final
26-08-01 19:17:55.543 [main] [32mINFO [0;39m c.s.m.discodeit.DiscodeitApplication [ |  | ] - Starting DiscodeitApplication using Java 17.0.18 with PID 7464 (/Users/minjijeon/work_space_sprint/12-sprint-mission/build/classes/java/main started by minjijeon in /Users/minjijeon/work_space_sprint/12-sprint-mission)
26-08-01 19:17:55.543 [main] [32mDEBUG[0;39m c.s.m.discodeit.DiscodeitApplication [ |  | ] - Running with Spring Boot v3.4.0, Spring v6.2.0
26-08-01 19:17:55.544 [main] [32mINFO [0;39m c.s.m.discodeit.DiscodeitApplication [ |  | ] - The following 1 profile is active: "dev"
26-08-01 19:17:56.326 [main] [32mINFO [0;39m o.s.d.r.c.RepositoryConfigurationDelegate [ |  | ] - Bootstrapping Spring Data JPA repositories in DEFAULT mode.
26-08-01 19:17:56.379 [main] [32mINFO [0;39m o.s.d.r.c.RepositoryConfigurationDelegate [ |  | ] - Finished Spring Data repository scanning in 37 ms. Found 6 JPA repository interfaces.
26-08-01 19:17:56.843 [main] [32mINFO [0;39m o.s.b.w.e.tomcat.TomcatWebServer     [ |  | ] - Tomcat initialized with port 8080 (http)
26-08-01 19:17:56.855 [main] [32mINFO [0;39m o.a.coyote.http11.Http11NioProtocol  [ |  | ] - Initializing ProtocolHandler ["http-nio-8080"]
26-08-01 19:17:56.857 [main] [32mINFO [0;39m o.a.catalina.core.StandardService    [ |  | ] - Starting service [Tomcat]
26-08-01 19:17:56.857 [main] [32mINFO [0;39m o.a.catalina.core.StandardEngine     [ |  | ] - Starting Servlet engine: [Apache Tomcat/10.1.33]
26-08-01 19:17:56.891 [main] [32mINFO [0;39m o.a.c.c.C.[Tomcat].[localhost].[/]   [ |  | ] - Initializing Spring embedded WebApplicationContext
26-08-01 19:17:56.892 [main] [32mINFO [0;39m o.s.b.w.s.c.ServletWebServerApplicationContext [ |  | ] - Root WebApplicationContext: initialization completed in 1324 ms
26-08-01 19:17:57.025 [main] [32mINFO [0;39m com.zaxxer.hikari.HikariDataSource   [ |  | ] - HikariPool-1 - Starting...
26-08-01 19:17:57.400 [main] [32mINFO [0;39m com.zaxxer.hikari.pool.HikariPool    [ |  | ] - HikariPool-1 - Added connection org.postgresql.jdbc.PgConnection@79617c3d
26-08-01 19:17:57.402 [main] [32mINFO [0;39m com.zaxxer.hikari.HikariDataSource   [ |  | ] - HikariPool-1 - Start completed.
26-08-01 19:17:57.509 [main] [32mINFO [0;39m o.h.jpa.internal.util.LogHelper      [ |  | ] - HHH000204: Processing PersistenceUnitInfo [name: default]
26-08-01 19:17:57.574 [main] [32mINFO [0;39m org.hibernate.Version                [ |  | ] - HHH000412: Hibernate ORM core version 6.6.2.Final
26-08-01 19:17:57.610 [main] [32mINFO [0;39m o.h.c.i.RegionFactoryInitiator       [ |  | ] - HHH000026: Second-level cache disabled
26-08-01 19:17:57.893 [main] [32mINFO [0;39m o.s.o.j.p.SpringPersistenceUnitInfo  [ |  | ] - No LoadTimeWeaver setup: ignoring JPA class transformer
26-08-01 19:17:57.966 [main] [32mINFO [0;39m o.hibernate.orm.connections.pooling  [ |  | ] - HHH10001005: Database info:
	Database JDBC URL [Connecting through datasource 'HikariDataSource (HikariPool-1)']
	Database driver: undefined/unknown
	Database version: 18.3
	Autocommit mode: undefined/unknown
	Isolation level: undefined/unknown
	Minimum pool size: undefined/unknown
	Maximum pool size: undefined/unknown
26-08-01 19:17:58.613 [main] [32mINFO [0;39m o.h.e.t.j.p.i.JtaPlatformInitiator   [ |  | ] - HHH000489: No JTA platform available (set 'hibernate.transaction.jta.platform' to enable JTA platform integration)
26-08-01 19:17:58.865 [main] [32mINFO [0;39m o.s.o.j.LocalContainerEntityManagerFactoryBean [ |  | ] - Initialized JPA EntityManagerFactory for persistence unit 'default'
26-08-01 19:17:59.091 [main] [32mINFO [0;39m o.s.d.j.r.query.QueryEnhancerFactory [ |  | ] - Hibernate is in classpath; If applicable, HQL parser will be used.
26-08-01 19:18:00.357 [main] [32mTRACE[0;39m o.s.s.c.a.a.c.AuthenticationConfiguration$EnableGlobalAuthenticationAutowiredConfigurer [ |  | ] - Eagerly initializing {org.springframework.boot.autoconfigure.security.servlet.SpringBootWebSecurityConfiguration$WebSecurityEnablerConfiguration=org.springframework.boot.autoconfigure.security.servlet.SpringBootWebSecurityConfiguration$WebSecurityEnablerConfiguration@a93641e}
26-08-01 19:18:00.367 [main] [33mWARN [0;39m o.s.b.a.s.s.UserDetailsServiceAutoConfiguration [ |  | ] - 

Using generated security password: 1c3bcf23-6a3f-4f5f-a5ac-50d3e5160607

This generated password is for development use only. Your security configuration must be updated before running your application in production.

26-08-01 19:18:00.379 [main] [32mINFO [0;39m o.s.s.c.a.a.c.InitializeUserDetailsBeanManagerConfigurer$InitializeUserDetailsManagerConfigurer [ |  | ] - Global AuthenticationManager configured with UserDetailsService bean with name inMemoryUserDetailsManager
26-08-01 19:18:00.449 [main] [32mDEBUG[0;39m o.s.s.web.DefaultSecurityFilterChain [ |  | ] - Will secure any request with filters: DisableEncodeUrlFilter, WebAsyncManagerIntegrationFilter, SecurityContextHolderFilter, HeaderWriterFilter, CsrfFilter, LogoutFilter, RequestCacheAwareFilter, SecurityContextHolderAwareRequestFilter, AnonymousAuthenticationFilter, ExceptionTranslationFilter
26-08-01 19:18:00.502 [main] [32mINFO [0;39m o.s.b.a.w.s.WelcomePageHandlerMapping [ |  | ] - Adding welcome page: class path resource [static/index.html]
26-08-01 19:18:01.127 [main] [32mINFO [0;39m o.s.b.a.e.web.EndpointLinksResolver  [ |  | ] - Exposing 4 endpoints beneath base path '/actuator'
26-08-01 19:18:01.197 [main] [32mINFO [0;39m o.a.coyote.http11.Http11NioProtocol  [ |  | ] - Starting ProtocolHandler ["http-nio-8080"]
26-08-01 19:18:01.207 [main] [32mINFO [0;39m o.s.b.w.e.tomcat.TomcatWebServer     [ |  | ] - Tomcat started on port 8080 (http) with context path '/'
26-08-01 19:18:01.220 [main] [32mINFO [0;39m c.s.m.discodeit.DiscodeitApplication [ |  | ] - Started DiscodeitApplication in 5.968 seconds (process running for 6.423)
26-08-01 19:18:01.674 [RMI TCP Connection(2)-127.0.0.1] [32mINFO [0;39m o.a.c.c.C.[Tomcat].[localhost].[/]   [ |  | ] - Initializing Spring DispatcherServlet 'dispatcherServlet'
26-08-01 19:18:01.675 [RMI TCP Connection(2)-127.0.0.1] [32mINFO [0;39m o.s.web.servlet.DispatcherServlet    [ |  | ] - Initializing Servlet 'dispatcherServlet'
26-08-01 19:18:01.676 [RMI TCP Connection(2)-127.0.0.1] [32mINFO [0;39m o.s.web.servlet.DispatcherServlet    [ |  | ] - Completed initialization in 1 ms
26-08-01 19:21:07.218 [SpringApplicationShutdownHook] [32mINFO [0;39m o.s.b.w.e.tomcat.GracefulShutdown    [ |  | ] - Commencing graceful shutdown. Waiting for active requests to complete
26-08-01 19:21:07.230 [tomcat-shutdown] [32mINFO [0;39m o.s.b.w.e.tomcat.GracefulShutdown    [ |  | ] - Graceful shutdown complete
26-08-01 19:21:07.243 [SpringApplicationShutdownHook] [32mINFO [0;39m o.s.o.j.LocalContainerEntityManagerFactoryBean [ |  | ] - Closing JPA EntityManagerFactory for persistence unit 'default'
26-08-01 19:21:07.250 [SpringApplicationShutdownHook] [32mINFO [0;39m com.zaxxer.hikari.HikariDataSource   [ |  | ] - HikariPool-1 - Shutdown initiated...
26-08-01 19:21:07.254 [SpringApplicationShutdownHook] [32mINFO [0;39m com.zaxxer.hikari.HikariDataSource   [ |  | ] - HikariPool-1 - Shutdown completed.
26-08-01 19:37:17.124 [background-preinit] [32mINFO [0;39m o.h.validator.internal.util.Version  [ |  | ] - HV000001: Hibernate Validator 8.0.1.Final
26-08-01 19:37:17.151 [main] [32mINFO [0;39m c.s.m.discodeit.DiscodeitApplication [ |  | ] - Starting DiscodeitApplication using Java 17.0.18 with PID 18585 (/Users/minjijeon/work_space_sprint/12-sprint-mission/build/classes/java/main started by minjijeon in /Users/minjijeon/work_space_sprint/12-sprint-mission)
26-08-01 19:37:17.151 [main] [32mDEBUG[0;39m c.s.m.discodeit.DiscodeitApplication [ |  | ] - Running with Spring Boot v3.4.0, Spring v6.2.0
26-08-01 19:37:17.151 [main] [32mINFO [0;39m c.s.m.discodeit.DiscodeitApplication [ |  | ] - The following 1 profile is active: "dev"
26-08-01 19:37:17.768 [main] [32mINFO [0;39m o.s.d.r.c.RepositoryConfigurationDelegate [ |  | ] - Bootstrapping Spring Data JPA repositories in DEFAULT mode.
26-08-01 19:37:17.804 [main] [32mINFO [0;39m o.s.d.r.c.RepositoryConfigurationDelegate [ |  | ] - Finished Spring Data repository scanning in 32 ms. Found 6 JPA repository interfaces.
26-08-01 19:37:18.174 [main] [32mINFO [0;39m o.s.b.w.e.tomcat.TomcatWebServer     [ |  | ] - Tomcat initialized with port 8080 (http)
26-08-01 19:37:18.180 [main] [32mINFO [0;39m o.a.coyote.http11.Http11NioProtocol  [ |  | ] - Initializing ProtocolHandler ["http-nio-8080"]
26-08-01 19:37:18.182 [main] [32mINFO [0;39m o.a.catalina.core.StandardService    [ |  | ] - Starting service [Tomcat]
26-08-01 19:37:18.182 [main] [32mINFO [0;39m o.a.catalina.core.StandardEngine     [ |  | ] - Starting Servlet engine: [Apache Tomcat/10.1.33]
26-08-01 19:37:18.208 [main] [32mINFO [0;39m o.a.c.c.C.[Tomcat].[localhost].[/]   [ |  | ] - Initializing Spring embedded WebApplicationContext
26-08-01 19:37:18.209 [main] [32mINFO [0;39m o.s.b.w.s.c.ServletWebServerApplicationContext [ |  | ] - Root WebApplicationContext: initialization completed in 1039 ms
26-08-01 19:37:18.314 [main] [32mINFO [0;39m com.zaxxer.hikari.HikariDataSource   [ |  | ] - HikariPool-1 - Starting...
26-08-01 19:37:18.414 [main] [32mINFO [0;39m com.zaxxer.hikari.pool.HikariPool    [ |  | ] - HikariPool-1 - Added connection org.postgresql.jdbc.PgConnection@616f81b5
26-08-01 19:37:18.415 [main] [32mINFO [0;39m com.zaxxer.hikari.HikariDataSource   [ |  | ] - HikariPool-1 - Start completed.
26-08-01 19:37:18.463 [main] [32mINFO [0;39m o.h.jpa.internal.util.LogHelper      [ |  | ] - HHH000204: Processing PersistenceUnitInfo [name: default]
26-08-01 19:37:18.492 [main] [32mINFO [0;39m org.hibernate.Version                [ |  | ] - HHH000412: Hibernate ORM core version 6.6.2.Final
26-08-01 19:37:18.507 [main] [32mINFO [0;39m o.h.c.i.RegionFactoryInitiator       [ |  | ] - HHH000026: Second-level cache disabled
26-08-01 19:37:18.645 [main] [32mINFO [0;39m o.s.o.j.p.SpringPersistenceUnitInfo  [ |  | ] - No LoadTimeWeaver setup: ignoring JPA class transformer
26-08-01 19:37:18.702 [main] [32mINFO [0;39m o.hibernate.orm.connections.pooling  [ |  | ] - HHH10001005: Database info:
	Database JDBC URL [Connecting through datasource 'HikariDataSource (HikariPool-1)']
	Database driver: undefined/unknown
	Database version: 18.3
	Autocommit mode: undefined/unknown
	Isolation level: undefined/unknown
	Minimum pool size: undefined/unknown
	Maximum pool size: undefined/unknown
26-08-01 19:37:19.162 [main] [32mINFO [0;39m o.h.e.t.j.p.i.JtaPlatformInitiator   [ |  | ] - HHH000489: No JTA platform available (set 'hibernate.transaction.jta.platform' to enable JTA platform integration)
26-08-01 19:37:19.205 [main] [32mINFO [0;39m o.s.o.j.LocalContainerEntityManagerFactoryBean [ |  | ] - Initialized JPA EntityManagerFactory for persistence unit 'default'
26-08-01 19:37:19.348 [main] [32mINFO [0;39m o.s.d.j.r.query.QueryEnhancerFactory [ |  | ] - Hibernate is in classpath; If applicable, HQL parser will be used.
26-08-01 19:37:19.698 [main] [32mTRACE[0;39m o.s.s.c.a.a.c.AuthenticationConfiguration$EnableGlobalAuthenticationAutowiredConfigurer [ |  | ] - Eagerly initializing {org.springframework.boot.autoconfigure.security.servlet.SpringBootWebSecurityConfiguration$WebSecurityEnablerConfiguration=org.springframework.boot.autoconfigure.security.servlet.SpringBootWebSecurityConfiguration$WebSecurityEnablerConfiguration@6bd8d8a7}
26-08-01 19:37:19.701 [main] [33mWARN [0;39m o.s.b.a.s.s.UserDetailsServiceAutoConfiguration [ |  | ] - 

Using generated security password: 70d99806-c459-4ab5-9f85-337160e92872

This generated password is for development use only. Your security configuration must be updated before running your application in production.

26-08-01 19:37:19.711 [main] [32mINFO [0;39m o.s.s.c.a.a.c.InitializeUserDetailsBeanManagerConfigurer$InitializeUserDetailsManagerConfigurer [ |  | ] - Global AuthenticationManager configured with UserDetailsService bean with name inMemoryUserDetailsManager
26-08-01 19:37:19.754 [main] [32mDEBUG[0;39m o.s.s.web.DefaultSecurityFilterChain [ |  | ] - Will secure any request with filters: DisableEncodeUrlFilter, WebAsyncManagerIntegrationFilter, SecurityContextHolderFilter, HeaderWriterFilter, CsrfFilter, LogoutFilter, RequestCacheAwareFilter, SecurityContextHolderAwareRequestFilter, AnonymousAuthenticationFilter, ExceptionTranslationFilter
26-08-01 19:37:19.783 [main] [32mINFO [0;39m o.s.b.a.w.s.WelcomePageHandlerMapping [ |  | ] - Adding welcome page: class path resource [static/index.html]
26-08-01 19:37:20.203 [main] [32mINFO [0;39m o.s.b.a.e.web.EndpointLinksResolver  [ |  | ] - Exposing 4 endpoints beneath base path '/actuator'
26-08-01 19:37:20.259 [main] [32mINFO [0;39m o.a.coyote.http11.Http11NioProtocol  [ |  | ] - Starting ProtocolHandler ["http-nio-8080"]
26-08-01 19:37:20.266 [main] [32mINFO [0;39m o.s.b.w.e.tomcat.TomcatWebServer     [ |  | ] - Tomcat started on port 8080 (http) with context path '/'
26-08-01 19:37:20.277 [main] [32mINFO [0;39m c.s.m.discodeit.DiscodeitApplication [ |  | ] - Started DiscodeitApplication in 3.396 seconds (process running for 3.778)
26-08-01 19:37:20.726 [RMI TCP Connection(2)-127.0.0.1] [32mINFO [0;39m o.a.c.c.C.[Tomcat].[localhost].[/]   [ |  | ] - Initializing Spring DispatcherServlet 'dispatcherServlet'
26-08-01 19:37:20.726 [RMI TCP Connection(2)-127.0.0.1] [32mINFO [0;39m o.s.web.servlet.DispatcherServlet    [ |  | ] - Initializing Servlet 'dispatcherServlet'
26-08-01 19:37:20.728 [RMI TCP Connection(2)-127.0.0.1] [32mINFO [0;39m o.s.web.servlet.DispatcherServlet    [ |  | ] - Completed initialization in 2 ms
26-08-01 19:37:34.552 [http-nio-8080-exec-1] [32mTRACE[0;39m o.s.security.web.FilterChainProxy    [ |  | ] - Trying to match request against DefaultSecurityFilterChain defined as 'filterChain' in [class path resource [com/sprint/mission/discodeit/config/SecurityConfig.class]] matching [any request] and having filters [DisableEncodeUrl, WebAsyncManagerIntegration, SecurityContextHolder, HeaderWriter, Csrf, Logout, RequestCacheAware, SecurityContextHolderAwareRequest, AnonymousAuthentication, ExceptionTranslation] (1/1)
26-08-01 19:37:34.554 [http-nio-8080-exec-1] [32mDEBUG[0;39m o.s.security.web.FilterChainProxy    [ |  | ] - Securing GET /
26-08-01 19:37:34.557 [http-nio-8080-exec-1] [32mTRACE[0;39m o.s.security.web.FilterChainProxy    [ |  | ] - Invoking DisableEncodeUrlFilter (1/10)
26-08-01 19:37:34.561 [http-nio-8080-exec-1] [32mTRACE[0;39m o.s.security.web.FilterChainProxy    [ |  | ] - Invoking WebAsyncManagerIntegrationFilter (2/10)
26-08-01 19:37:34.562 [http-nio-8080-exec-1] [32mTRACE[0;39m o.s.security.web.FilterChainProxy    [ |  | ] - Invoking SecurityContextHolderFilter (3/10)
26-08-01 19:37:34.563 [http-nio-8080-exec-1] [32mTRACE[0;39m o.s.security.web.FilterChainProxy    [ |  | ] - Invoking HeaderWriterFilter (4/10)
26-08-01 19:37:34.564 [http-nio-8080-exec-1] [32mTRACE[0;39m o.s.security.web.FilterChainProxy    [ |  | ] - Invoking CsrfFilter (5/10)
26-08-01 19:37:34.567 [http-nio-8080-exec-1] [32mTRACE[0;39m o.s.security.web.csrf.CsrfFilter     [ |  | ] - Did not protect against CSRF since request did not match CsrfNotRequired [TRACE, HEAD, GET, OPTIONS]
26-08-01 19:37:34.568 [http-nio-8080-exec-1] [32mTRACE[0;39m o.s.security.web.FilterChainProxy    [ |  | ] - Invoking LogoutFilter (6/10)
26-08-01 19:37:34.568 [http-nio-8080-exec-1] [32mTRACE[0;39m o.s.s.w.a.logout.LogoutFilter        [ |  | ] - Did not match request to Ant [pattern='/logout', POST]
26-08-01 19:37:34.568 [http-nio-8080-exec-1] [32mTRACE[0;39m o.s.security.web.FilterChainProxy    [ |  | ] - Invoking RequestCacheAwareFilter (7/10)
26-08-01 19:37:34.568 [http-nio-8080-exec-1] [32mTRACE[0;39m o.s.s.w.s.HttpSessionRequestCache    [ |  | ] - matchingRequestParameterName is required for getMatchingRequest to lookup a value, but not provided
26-08-01 19:37:34.568 [http-nio-8080-exec-1] [32mTRACE[0;39m o.s.security.web.FilterChainProxy    [ |  | ] - Invoking SecurityContextHolderAwareRequestFilter (8/10)
26-08-01 19:37:34.569 [http-nio-8080-exec-1] [32mTRACE[0;39m o.s.security.web.FilterChainProxy    [ |  | ] - Invoking AnonymousAuthenticationFilter (9/10)
26-08-01 19:37:34.569 [http-nio-8080-exec-1] [32mTRACE[0;39m o.s.security.web.FilterChainProxy    [ |  | ] - Invoking ExceptionTranslationFilter (10/10)
26-08-01 19:37:34.573 [http-nio-8080-exec-1] [32mDEBUG[0;39m o.s.security.web.FilterChainProxy    [ |  | ] - Secured GET /
26-08-01 19:37:34.577 [http-nio-8080-exec-1] [32mDEBUG[0;39m c.s.m.d.config.MDCLoggingInterceptor [50a95ef2ec4f4822916ff811ae6738d2 | GET | /] - Request started
26-08-01 19:37:34.589 [http-nio-8080-exec-1] [32mTRACE[0;39m o.s.security.web.FilterChainProxy    [50a95ef2ec4f4822916ff811ae6738d2 | GET | /] - Trying to match request against DefaultSecurityFilterChain defined as 'filterChain' in [class path resource [com/sprint/mission/discodeit/config/SecurityConfig.class]] matching [any request] and having filters [DisableEncodeUrl, WebAsyncManagerIntegration, SecurityContextHolder, HeaderWriter, Csrf, Logout, RequestCacheAware, SecurityContextHolderAwareRequest, AnonymousAuthentication, ExceptionTranslation] (1/1)
26-08-01 19:37:34.589 [http-nio-8080-exec-1] [32mDEBUG[0;39m o.s.security.web.FilterChainProxy    [50a95ef2ec4f4822916ff811ae6738d2 | GET | /] - Securing GET /index.html
26-08-01 19:37:34.589 [http-nio-8080-exec-1] [32mTRACE[0;39m o.s.security.web.FilterChainProxy    [50a95ef2ec4f4822916ff811ae6738d2 | GET | /] - Invoking DisableEncodeUrlFilter (1/10)
26-08-01 19:37:34.589 [http-nio-8080-exec-1] [32mTRACE[0;39m o.s.security.web.FilterChainProxy    [50a95ef2ec4f4822916ff811ae6738d2 | GET | /] - Invoking WebAsyncManagerIntegrationFilter (2/10)
26-08-01 19:37:34.589 [http-nio-8080-exec-1] [32mTRACE[0;39m o.s.security.web.FilterChainProxy    [50a95ef2ec4f4822916ff811ae6738d2 | GET | /] - Invoking SecurityContextHolderFilter (3/10)
26-08-01 19:37:34.589 [http-nio-8080-exec-1] [32mTRACE[0;39m o.s.security.web.FilterChainProxy    [50a95ef2ec4f4822916ff811ae6738d2 | GET | /] - Invoking HeaderWriterFilter (4/10)
26-08-01 19:37:34.589 [http-nio-8080-exec-1] [32mTRACE[0;39m o.s.security.web.FilterChainProxy    [50a95ef2ec4f4822916ff811ae6738d2 | GET | /] - Invoking CsrfFilter (5/10)
26-08-01 19:37:34.589 [http-nio-8080-exec-1] [32mTRACE[0;39m o.s.security.web.FilterChainProxy    [50a95ef2ec4f4822916ff811ae6738d2 | GET | /] - Invoking LogoutFilter (6/10)
26-08-01 19:37:34.590 [http-nio-8080-exec-1] [32mTRACE[0;39m o.s.s.w.a.logout.LogoutFilter        [50a95ef2ec4f4822916ff811ae6738d2 | GET | /] - Did not match request to Ant [pattern='/logout', POST]
26-08-01 19:37:34.590 [http-nio-8080-exec-1] [32mTRACE[0;39m o.s.security.web.FilterChainProxy    [50a95ef2ec4f4822916ff811ae6738d2 | GET | /] - Invoking RequestCacheAwareFilter (7/10)
26-08-01 19:37:34.590 [http-nio-8080-exec-1] [32mTRACE[0;39m o.s.s.w.s.HttpSessionRequestCache    [50a95ef2ec4f4822916ff811ae6738d2 | GET | /] - matchingRequestParameterName is required for getMatchingRequest to lookup a value, but not provided
26-08-01 19:37:34.590 [http-nio-8080-exec-1] [32mTRACE[0;39m o.s.security.web.FilterChainProxy    [50a95ef2ec4f4822916ff811ae6738d2 | GET | /] - Invoking SecurityContextHolderAwareRequestFilter (8/10)
26-08-01 19:37:34.590 [http-nio-8080-exec-1] [32mTRACE[0;39m o.s.security.web.FilterChainProxy    [50a95ef2ec4f4822916ff811ae6738d2 | GET | /] - Invoking AnonymousAuthenticationFilter (9/10)
26-08-01 19:37:34.590 [http-nio-8080-exec-1] [32mTRACE[0;39m o.s.security.web.FilterChainProxy    [50a95ef2ec4f4822916ff811ae6738d2 | GET | /] - Invoking ExceptionTranslationFilter (10/10)
26-08-01 19:37:34.590 [http-nio-8080-exec-1] [32mDEBUG[0;39m o.s.security.web.FilterChainProxy    [50a95ef2ec4f4822916ff811ae6738d2 | GET | /] - Secured GET /index.html
26-08-01 19:37:34.591 [http-nio-8080-exec-1] [32mDEBUG[0;39m c.s.m.d.config.MDCLoggingInterceptor [33e3b0d7da8f4f88aa7b0e82f7934d77 | GET | /index.html] - Request started
26-08-01 19:37:34.598 [http-nio-8080-exec-1] [32mTRACE[0;39m o.s.s.w.h.writers.HstsHeaderWriter   [33e3b0d7da8f4f88aa7b0e82f7934d77 | GET | /index.html] - Not injecting HSTS header since it did not match request to [Is Secure]
26-08-01 19:37:34.599 [http-nio-8080-exec-1] [32mDEBUG[0;39m c.s.m.d.config.MDCLoggingInterceptor [33e3b0d7da8f4f88aa7b0e82f7934d77 | GET | /index.html] - Request completed
26-08-01 19:37:34.600 [http-nio-8080-exec-1] [32mTRACE[0;39m o.s.s.w.c.HttpSessionSecurityContextRepository [ |  | ] - No HttpSession currently exists
26-08-01 19:37:34.600 [http-nio-8080-exec-1] [32mTRACE[0;39m o.s.s.w.c.SupplierDeferredSecurityContext [ |  | ] - Created SecurityContextImpl [Null authentication]
26-08-01 19:37:34.600 [http-nio-8080-exec-1] [32mTRACE[0;39m o.s.s.w.c.SupplierDeferredSecurityContext [ |  | ] - Created SecurityContextImpl [Null authentication]
26-08-01 19:37:34.601 [http-nio-8080-exec-1] [32mTRACE[0;39m o.s.s.w.a.AnonymousAuthenticationFilter [ |  | ] - Set SecurityContextHolder to AnonymousAuthenticationToken [Principal=anonymousUser, Credentials=[PROTECTED], Authenticated=true, Details=WebAuthenticationDetails [RemoteIpAddress=0:0:0:0:0:0:0:1, SessionId=null], Granted Authorities=[ROLE_ANONYMOUS]]
26-08-01 19:37:34.602 [http-nio-8080-exec-1] [32mTRACE[0;39m o.s.s.w.a.AnonymousAuthenticationFilter [ |  | ] - Did not set SecurityContextHolder since already authenticated AnonymousAuthenticationToken [Principal=anonymousUser, Credentials=[PROTECTED], Authenticated=true, Details=WebAuthenticationDetails [RemoteIpAddress=0:0:0:0:0:0:0:1, SessionId=null], Granted Authorities=[ROLE_ANONYMOUS]]
26-08-01 19:37:34.604 [http-nio-8080-exec-1] [32mDEBUG[0;39m c.s.m.d.config.MDCLoggingInterceptor [ |  | ] - Request completed
26-08-01 19:37:34.606 [http-nio-8080-exec-2] [32mTRACE[0;39m o.s.security.web.FilterChainProxy    [ |  | ] - Trying to match request against DefaultSecurityFilterChain defined as 'filterChain' in [class path resource [com/sprint/mission/discodeit/config/SecurityConfig.class]] matching [any request] and having filters [DisableEncodeUrl, WebAsyncManagerIntegration, SecurityContextHolder, HeaderWriter, Csrf, Logout, RequestCacheAware, SecurityContextHolderAwareRequest, AnonymousAuthentication, ExceptionTranslation] (1/1)
26-08-01 19:37:34.606 [http-nio-8080-exec-2] [32mDEBUG[0;39m o.s.security.web.FilterChainProxy    [ |  | ] - Securing GET /assets/index-kQJbKSsj.css
26-08-01 19:37:34.606 [http-nio-8080-exec-2] [32mTRACE[0;39m o.s.security.web.FilterChainProxy    [ |  | ] - Invoking DisableEncodeUrlFilter (1/10)
26-08-01 19:37:34.606 [http-nio-8080-exec-2] [32mTRACE[0;39m o.s.security.web.FilterChainProxy    [ |  | ] - Invoking WebAsyncManagerIntegrationFilter (2/10)
26-08-01 19:37:34.606 [http-nio-8080-exec-1] [32mTRACE[0;39m o.s.security.web.FilterChainProxy    [ |  | ] - Trying to match request against DefaultSecurityFilterChain defined as 'filterChain' in [class path resource [com/sprint/mission/discodeit/config/SecurityConfig.class]] matching [any request] and having filters [DisableEncodeUrl, WebAsyncManagerIntegration, SecurityContextHolder, HeaderWriter, Csrf, Logout, RequestCacheAware, SecurityContextHolderAwareRequest, AnonymousAuthentication, ExceptionTranslation] (1/1)
26-08-01 19:37:34.606 [http-nio-8080-exec-2] [32mTRACE[0;39m o.s.security.web.FilterChainProxy    [ |  | ] - Invoking SecurityContextHolderFilter (3/10)
26-08-01 19:37:34.606 [http-nio-8080-exec-1] [32mDEBUG[0;39m o.s.security.web.FilterChainProxy    [ |  | ] - Securing GET /assets/index-pvm8va9e.js
26-08-01 19:37:34.606 [http-nio-8080-exec-2] [32mTRACE[0;39m o.s.security.web.FilterChainProxy    [ |  | ] - Invoking HeaderWriterFilter (4/10)
26-08-01 19:37:34.606 [http-nio-8080-exec-1] [32mTRACE[0;39m o.s.security.web.FilterChainProxy    [ |  | ] - Invoking DisableEncodeUrlFilter (1/10)
26-08-01 19:37:34.606 [http-nio-8080-exec-2] [32mTRACE[0;39m o.s.security.web.FilterChainProxy    [ |  | ] - Invoking CsrfFilter (5/10)
26-08-01 19:37:34.606 [http-nio-8080-exec-2] [32mTRACE[0;39m o.s.security.web.csrf.CsrfFilter     [ |  | ] - Did not protect against CSRF since request did not match CsrfNotRequired [TRACE, HEAD, GET, OPTIONS]
26-08-01 19:37:34.606 [http-nio-8080-exec-1] [32mTRACE[0;39m o.s.security.web.FilterChainProxy    [ |  | ] - Invoking WebAsyncManagerIntegrationFilter (2/10)
26-08-01 19:37:34.606 [http-nio-8080-exec-1] [32mTRACE[0;39m o.s.security.web.FilterChainProxy    [ |  | ] - Invoking SecurityContextHolderFilter (3/10)
26-08-01 19:37:34.607 [http-nio-8080-exec-1] [32mTRACE[0;39m o.s.security.web.FilterChainProxy    [ |  | ] - Invoking HeaderWriterFilter (4/10)
26-08-01 19:37:34.607 [http-nio-8080-exec-2] [32mTRACE[0;39m o.s.security.web.FilterChainProxy    [ |  | ] - Invoking LogoutFilter (6/10)
26-08-01 19:37:34.607 [http-nio-8080-exec-1] [32mTRACE[0;39m o.s.security.web.FilterChainProxy    [ |  | ] - Invoking CsrfFilter (5/10)
26-08-01 19:37:34.607 [http-nio-8080-exec-2] [32mTRACE[0;39m o.s.s.w.a.logout.LogoutFilter        [ |  | ] - Did not match request to Ant [pattern='/logout', POST]
26-08-01 19:37:34.607 [http-nio-8080-exec-2] [32mTRACE[0;39m o.s.security.web.FilterChainProxy    [ |  | ] - Invoking RequestCacheAwareFilter (7/10)
26-08-01 19:37:34.607 [http-nio-8080-exec-2] [32mTRACE[0;39m o.s.s.w.s.HttpSessionRequestCache    [ |  | ] - matchingRequestParameterName is required for getMatchingRequest to lookup a value, but not provided
26-08-01 19:37:34.607 [http-nio-8080-exec-1] [32mTRACE[0;39m o.s.security.web.csrf.CsrfFilter     [ |  | ] - Did not protect against CSRF since request did not match CsrfNotRequired [TRACE, HEAD, GET, OPTIONS]
26-08-01 19:37:34.607 [http-nio-8080-exec-2] [32mTRACE[0;39m o.s.security.web.FilterChainProxy    [ |  | ] - Invoking SecurityContextHolderAwareRequestFilter (8/10)
26-08-01 19:37:34.607 [http-nio-8080-exec-1] [32mTRACE[0;39m o.s.security.web.FilterChainProxy    [ |  | ] - Invoking LogoutFilter (6/10)
26-08-01 19:37:34.607 [http-nio-8080-exec-2] [32mTRACE[0;39m o.s.security.web.FilterChainProxy    [ |  | ] - Invoking AnonymousAuthenticationFilter (9/10)
26-08-01 19:37:34.607 [http-nio-8080-exec-1] [32mTRACE[0;39m o.s.s.w.a.logout.LogoutFilter        [ |  | ] - Did not match request to Ant [pattern='/logout', POST]
26-08-01 19:37:34.607 [http-nio-8080-exec-1] [32mTRACE[0;39m o.s.security.web.FilterChainProxy    [ |  | ] - Invoking RequestCacheAwareFilter (7/10)
26-08-01 19:37:34.607 [http-nio-8080-exec-1] [32mTRACE[0;39m o.s.s.w.s.HttpSessionRequestCache    [ |  | ] - matchingRequestParameterName is required for getMatchingRequest to lookup a value, but not provided
26-08-01 19:37:34.607 [http-nio-8080-exec-1] [32mTRACE[0;39m o.s.security.web.FilterChainProxy    [ |  | ] - Invoking SecurityContextHolderAwareRequestFilter (8/10)
26-08-01 19:37:34.607 [http-nio-8080-exec-2] [32mTRACE[0;39m o.s.security.web.FilterChainProxy    [ |  | ] - Invoking ExceptionTranslationFilter (10/10)
26-08-01 19:37:34.607 [http-nio-8080-exec-1] [32mTRACE[0;39m o.s.security.web.FilterChainProxy    [ |  | ] - Invoking AnonymousAuthenticationFilter (9/10)
26-08-01 19:37:34.607 [http-nio-8080-exec-1] [32mTRACE[0;39m o.s.security.web.FilterChainProxy    [ |  | ] - Invoking ExceptionTranslationFilter (10/10)
26-08-01 19:37:34.607 [http-nio-8080-exec-1] [32mDEBUG[0;39m o.s.security.web.FilterChainProxy    [ |  | ] - Secured GET /assets/index-pvm8va9e.js
26-08-01 19:37:34.607 [http-nio-8080-exec-2] [32mDEBUG[0;39m o.s.security.web.FilterChainProxy    [ |  | ] - Secured GET /assets/index-kQJbKSsj.css
26-08-01 19:37:34.638 [http-nio-8080-exec-1] [32mDEBUG[0;39m c.s.m.d.config.MDCLoggingInterceptor [8eaed57818294e89841be41781ec85d7 | GET | /assets/index-pvm8va9e.js] - Request started
26-08-01 19:37:34.639 [http-nio-8080-exec-2] [32mDEBUG[0;39m c.s.m.d.config.MDCLoggingInterceptor [423298de05554bfda897f1419cb776c6 | GET | /assets/index-kQJbKSsj.css] - Request started
26-08-01 19:37:34.640 [http-nio-8080-exec-1] [32mTRACE[0;39m o.s.s.w.h.writers.HstsHeaderWriter   [8eaed57818294e89841be41781ec85d7 | GET | /assets/index-pvm8va9e.js] - Not injecting HSTS header since it did not match request to [Is Secure]
26-08-01 19:37:34.640 [http-nio-8080-exec-2] [32mTRACE[0;39m o.s.s.w.h.writers.HstsHeaderWriter   [423298de05554bfda897f1419cb776c6 | GET | /assets/index-kQJbKSsj.css] - Not injecting HSTS header since it did not match request to [Is Secure]
26-08-01 19:37:34.640 [http-nio-8080-exec-2] [32mDEBUG[0;39m c.s.m.d.config.MDCLoggingInterceptor [423298de05554bfda897f1419cb776c6 | GET | /assets/index-kQJbKSsj.css] - Request completed
26-08-01 19:37:34.641 [http-nio-8080-exec-2] [32mTRACE[0;39m o.s.s.w.c.HttpSessionSecurityContextRepository [ |  | ] - No HttpSession currently exists
26-08-01 19:37:34.641 [http-nio-8080-exec-2] [32mTRACE[0;39m o.s.s.w.c.SupplierDeferredSecurityContext [ |  | ] - Created SecurityContextImpl [Null authentication]
26-08-01 19:37:34.641 [http-nio-8080-exec-2] [32mTRACE[0;39m o.s.s.w.c.SupplierDeferredSecurityContext [ |  | ] - Created SecurityContextImpl [Null authentication]
26-08-01 19:37:34.641 [http-nio-8080-exec-2] [32mTRACE[0;39m o.s.s.w.a.AnonymousAuthenticationFilter [ |  | ] - Set SecurityContextHolder to AnonymousAuthenticationToken [Principal=anonymousUser, Credentials=[PROTECTED], Authenticated=true, Details=WebAuthenticationDetails [RemoteIpAddress=0:0:0:0:0:0:0:1, SessionId=null], Granted Authorities=[ROLE_ANONYMOUS]]
26-08-01 19:37:34.643 [http-nio-8080-exec-1] [32mDEBUG[0;39m c.s.m.d.config.MDCLoggingInterceptor [8eaed57818294e89841be41781ec85d7 | GET | /assets/index-pvm8va9e.js] - Request completed
26-08-01 19:37:34.644 [http-nio-8080-exec-1] [32mTRACE[0;39m o.s.s.w.c.HttpSessionSecurityContextRepository [ |  | ] - No HttpSession currently exists
26-08-01 19:37:34.644 [http-nio-8080-exec-1] [32mTRACE[0;39m o.s.s.w.c.SupplierDeferredSecurityContext [ |  | ] - Created SecurityContextImpl [Null authentication]
26-08-01 19:37:34.644 [http-nio-8080-exec-1] [32mTRACE[0;39m o.s.s.w.c.SupplierDeferredSecurityContext [ |  | ] - Created SecurityContextImpl [Null authentication]
26-08-01 19:37:34.644 [http-nio-8080-exec-1] [32mTRACE[0;39m o.s.s.w.a.AnonymousAuthenticationFilter [ |  | ] - Set SecurityContextHolder to AnonymousAuthenticationToken [Principal=anonymousUser, Credentials=[PROTECTED], Authenticated=true, Details=WebAuthenticationDetails [RemoteIpAddress=0:0:0:0:0:0:0:1, SessionId=null], Granted Authorities=[ROLE_ANONYMOUS]]
26-08-01 19:37:34.666 [http-nio-8080-exec-4] [32mTRACE[0;39m o.s.security.web.FilterChainProxy    [ |  | ] - Trying to match request against DefaultSecurityFilterChain defined as 'filterChain' in [class path resource [com/sprint/mission/discodeit/config/SecurityConfig.class]] matching [any request] and having filters [DisableEncodeUrl, WebAsyncManagerIntegration, SecurityContextHolder, HeaderWriter, Csrf, Logout, RequestCacheAware, SecurityContextHolderAwareRequest, AnonymousAuthentication, ExceptionTranslation] (1/1)
26-08-01 19:37:34.666 [http-nio-8080-exec-4] [32mDEBUG[0;39m o.s.security.web.FilterChainProxy    [ |  | ] - Securing GET /api/auth/me
26-08-01 19:37:34.666 [http-nio-8080-exec-3] [32mTRACE[0;39m o.s.security.web.FilterChainProxy    [ |  | ] - Trying to match request against DefaultSecurityFilterChain defined as 'filterChain' in [class path resource [com/sprint/mission/discodeit/config/SecurityConfig.class]] matching [any request] and having filters [DisableEncodeUrl, WebAsyncManagerIntegration, SecurityContextHolder, HeaderWriter, Csrf, Logout, RequestCacheAware, SecurityContextHolderAwareRequest, AnonymousAuthentication, ExceptionTranslation] (1/1)
26-08-01 19:37:34.666 [http-nio-8080-exec-4] [32mTRACE[0;39m o.s.security.web.FilterChainProxy    [ |  | ] - Invoking DisableEncodeUrlFilter (1/10)
26-08-01 19:37:34.666 [http-nio-8080-exec-3] [32mDEBUG[0;39m o.s.security.web.FilterChainProxy    [ |  | ] - Securing GET /api/auth/csrf-token
26-08-01 19:37:34.666 [http-nio-8080-exec-3] [32mTRACE[0;39m o.s.security.web.FilterChainProxy    [ |  | ] - Invoking DisableEncodeUrlFilter (1/10)
26-08-01 19:37:34.666 [http-nio-8080-exec-4] [32mTRACE[0;39m o.s.security.web.FilterChainProxy    [ |  | ] - Invoking WebAsyncManagerIntegrationFilter (2/10)
26-08-01 19:37:34.666 [http-nio-8080-exec-3] [32mTRACE[0;39m o.s.security.web.FilterChainProxy    [ |  | ] - Invoking WebAsyncManagerIntegrationFilter (2/10)
26-08-01 19:37:34.666 [http-nio-8080-exec-3] [32mTRACE[0;39m o.s.security.web.FilterChainProxy    [ |  | ] - Invoking SecurityContextHolderFilter (3/10)
26-08-01 19:37:34.666 [http-nio-8080-exec-4] [32mTRACE[0;39m o.s.security.web.FilterChainProxy    [ |  | ] - Invoking SecurityContextHolderFilter (3/10)
26-08-01 19:37:34.667 [http-nio-8080-exec-3] [32mTRACE[0;39m o.s.security.web.FilterChainProxy    [ |  | ] - Invoking HeaderWriterFilter (4/10)
26-08-01 19:37:34.667 [http-nio-8080-exec-3] [32mTRACE[0;39m o.s.security.web.FilterChainProxy    [ |  | ] - Invoking CsrfFilter (5/10)
26-08-01 19:37:34.667 [http-nio-8080-exec-4] [32mTRACE[0;39m o.s.security.web.FilterChainProxy    [ |  | ] - Invoking HeaderWriterFilter (4/10)
26-08-01 19:37:34.667 [http-nio-8080-exec-3] [32mTRACE[0;39m o.s.security.web.csrf.CsrfFilter     [ |  | ] - Did not protect against CSRF since request did not match CsrfNotRequired [TRACE, HEAD, GET, OPTIONS]
26-08-01 19:37:34.667 [http-nio-8080-exec-3] [32mTRACE[0;39m o.s.security.web.FilterChainProxy    [ |  | ] - Invoking LogoutFilter (6/10)
26-08-01 19:37:34.667 [http-nio-8080-exec-3] [32mTRACE[0;39m o.s.s.w.a.logout.LogoutFilter        [ |  | ] - Did not match request to Ant [pattern='/logout', POST]
26-08-01 19:37:34.667 [http-nio-8080-exec-4] [32mTRACE[0;39m o.s.security.web.FilterChainProxy    [ |  | ] - Invoking CsrfFilter (5/10)
26-08-01 19:37:34.667 [http-nio-8080-exec-3] [32mTRACE[0;39m o.s.security.web.FilterChainProxy    [ |  | ] - Invoking RequestCacheAwareFilter (7/10)
26-08-01 19:37:34.667 [http-nio-8080-exec-3] [32mTRACE[0;39m o.s.s.w.s.HttpSessionRequestCache    [ |  | ] - matchingRequestParameterName is required for getMatchingRequest to lookup a value, but not provided
26-08-01 19:37:34.667 [http-nio-8080-exec-3] [32mTRACE[0;39m o.s.security.web.FilterChainProxy    [ |  | ] - Invoking SecurityContextHolderAwareRequestFilter (8/10)
26-08-01 19:37:34.667 [http-nio-8080-exec-3] [32mTRACE[0;39m o.s.security.web.FilterChainProxy    [ |  | ] - Invoking AnonymousAuthenticationFilter (9/10)
26-08-01 19:37:34.667 [http-nio-8080-exec-3] [32mTRACE[0;39m o.s.security.web.FilterChainProxy    [ |  | ] - Invoking ExceptionTranslationFilter (10/10)
26-08-01 19:37:34.667 [http-nio-8080-exec-4] [32mTRACE[0;39m o.s.security.web.csrf.CsrfFilter     [ |  | ] - Did not protect against CSRF since request did not match CsrfNotRequired [TRACE, HEAD, GET, OPTIONS]
26-08-01 19:37:34.667 [http-nio-8080-exec-3] [32mDEBUG[0;39m o.s.security.web.FilterChainProxy    [ |  | ] - Secured GET /api/auth/csrf-token
26-08-01 19:37:34.667 [http-nio-8080-exec-4] [32mTRACE[0;39m o.s.security.web.FilterChainProxy    [ |  | ] - Invoking LogoutFilter (6/10)
26-08-01 19:37:34.668 [http-nio-8080-exec-4] [32mTRACE[0;39m o.s.s.w.a.logout.LogoutFilter        [ |  | ] - Did not match request to Ant [pattern='/logout', POST]
26-08-01 19:37:34.668 [http-nio-8080-exec-3] [32mDEBUG[0;39m c.s.m.d.config.MDCLoggingInterceptor [c04d4b4d3639405690388429015b9130 | GET | /api/auth/csrf-token] - Request started
26-08-01 19:37:34.668 [http-nio-8080-exec-4] [32mTRACE[0;39m o.s.security.web.FilterChainProxy    [ |  | ] - Invoking RequestCacheAwareFilter (7/10)
26-08-01 19:37:34.668 [http-nio-8080-exec-4] [32mTRACE[0;39m o.s.s.w.s.HttpSessionRequestCache    [ |  | ] - matchingRequestParameterName is required for getMatchingRequest to lookup a value, but not provided
26-08-01 19:37:34.668 [http-nio-8080-exec-4] [32mTRACE[0;39m o.s.security.web.FilterChainProxy    [ |  | ] - Invoking SecurityContextHolderAwareRequestFilter (8/10)
26-08-01 19:37:34.668 [http-nio-8080-exec-4] [32mTRACE[0;39m o.s.security.web.FilterChainProxy    [ |  | ] - Invoking AnonymousAuthenticationFilter (9/10)
26-08-01 19:37:34.668 [http-nio-8080-exec-4] [32mTRACE[0;39m o.s.security.web.FilterChainProxy    [ |  | ] - Invoking ExceptionTranslationFilter (10/10)
26-08-01 19:37:34.668 [http-nio-8080-exec-4] [32mDEBUG[0;39m o.s.security.web.FilterChainProxy    [ |  | ] - Secured GET /api/auth/me
26-08-01 19:37:34.669 [http-nio-8080-exec-4] [32mDEBUG[0;39m c.s.m.d.config.MDCLoggingInterceptor [8d4beeaaf5624357ac9613f54c535582 | GET | /api/auth/me] - Request started
26-08-01 19:37:34.675 [http-nio-8080-exec-4] [31mERROR[0;39m c.s.m.d.e.GlobalExceptionHandler     [8d4beeaaf5624357ac9613f54c535582 | GET | /api/auth/me] - 예상치 못한 오류 발생: No static resource api/auth/me.
org.springframework.web.servlet.resource.NoResourceFoundException: No static resource api/auth/me.
	at org.springframework.web.servlet.resource.ResourceHttpRequestHandler.handleRequest(ResourceHttpRequestHandler.java:585)
	at org.springframework.web.servlet.mvc.HttpRequestHandlerAdapter.handle(HttpRequestHandlerAdapter.java:52)
	at org.springframework.web.servlet.DispatcherServlet.doDispatch(DispatcherServlet.java:1088)
	at org.springframework.web.servlet.DispatcherServlet.doService(DispatcherServlet.java:978)
	at org.springframework.web.servlet.FrameworkServlet.processRequest(FrameworkServlet.java:1014)
	at org.springframework.web.servlet.FrameworkServlet.doGet(FrameworkServlet.java:903)
	at jakarta.servlet.http.HttpServlet.service(HttpServlet.java:564)
	at org.springframework.web.servlet.FrameworkServlet.service(FrameworkServlet.java:885)
	at jakarta.servlet.http.HttpServlet.service(HttpServlet.java:658)
	at org.apache.catalina.core.ApplicationFilterChain.internalDoFilter(ApplicationFilterChain.java:195)
	at org.apache.catalina.core.ApplicationFilterChain.doFilter(ApplicationFilterChain.java:140)
	at org.apache.tomcat.websocket.server.WsFilter.doFilter(WsFilter.java:51)
	at org.apache.catalina.core.ApplicationFilterChain.internalDoFilter(ApplicationFilterChain.java:164)
	at org.apache.catalina.core.ApplicationFilterChain.doFilter(ApplicationFilterChain.java:140)
	at org.springframework.web.filter.CompositeFilter$VirtualFilterChain.doFilter(CompositeFilter.java:108)
	at org.springframework.security.web.FilterChainProxy.lambda$doFilterInternal$3(FilterChainProxy.java:231)
	at org.springframework.security.web.ObservationFilterChainDecorator$FilterObservation$SimpleFilterObservation.lambda$wrap$1(ObservationFilterChainDecorator.java:479)
	at org.springframework.security.web.ObservationFilterChainDecorator$AroundFilterObservation$SimpleAroundFilterObservation.lambda$wrap$1(ObservationFilterChainDecorator.java:340)
	at org.springframework.security.web.ObservationFilterChainDecorator.lambda$wrapSecured$0(ObservationFilterChainDecorator.java:82)
	at org.springframework.security.web.ObservationFilterChainDecorator$VirtualFilterChain.doFilter(ObservationFilterChainDecorator.java:128)
	at org.springframework.security.web.access.ExceptionTranslationFilter.doFilter(ExceptionTranslationFilter.java:126)
	at org.springframework.security.web.access.ExceptionTranslationFilter.doFilter(ExceptionTranslationFilter.java:120)
	at org.springframework.security.web.ObservationFilterChainDecorator$ObservationFilter.wrapFilter(ObservationFilterChainDecorator.java:240)
	at org.springframework.security.web.ObservationFilterChainDecorator$ObservationFilter.doFilter(ObservationFilterChainDecorator.java:227)
	at org.springframework.security.web.ObservationFilterChainDecorator$VirtualFilterChain.doFilter(ObservationFilterChainDecorator.java:137)
	at org.springframework.security.web.authentication.AnonymousAuthenticationFilter.doFilter(AnonymousAuthenticationFilter.java:100)
	at org.springframework.security.web.ObservationFilterChainDecorator$ObservationFilter.wrapFilter(ObservationFilterChainDecorator.java:240)
	at org.springframework.security.web.ObservationFilterChainDecorator$ObservationFilter.doFilter(ObservationFilterChainDecorator.java:227)
	at org.springframework.security.web.ObservationFilterChainDecorator$VirtualFilterChain.doFilter(ObservationFilterChainDecorator.java:137)
	at org.springframework.security.web.servletapi.SecurityContextHolderAwareRequestFilter.doFilter(SecurityContextHolderAwareRequestFilter.java:179)
	at org.springframework.security.web.ObservationFilterChainDecorator$ObservationFilter.wrapFilter(ObservationFilterChainDecorator.java:240)
	at org.springframework.security.web.ObservationFilterChainDecorator$ObservationFilter.doFilter(ObservationFilterChainDecorator.java:227)
	at org.springframework.security.web.ObservationFilterChainDecorator$VirtualFilterChain.doFilter(ObservationFilterChainDecorator.java:137)
	at org.springframework.security.web.savedrequest.RequestCacheAwareFilter.doFilter(RequestCacheAwareFilter.java:63)
	at org.springframework.security.web.ObservationFilterChainDecorator$ObservationFilter.wrapFilter(ObservationFilterChainDecorator.java:240)
	at org.springframework.security.web.ObservationFilterChainDecorator$ObservationFilter.doFilter(ObservationFilterChainDecorator.java:227)
	at org.springframework.security.web.ObservationFilterChainDecorator$VirtualFilterChain.doFilter(ObservationFilterChainDecorator.java:137)
	at org.springframework.security.web.authentication.logout.LogoutFilter.doFilter(LogoutFilter.java:107)
	at org.springframework.security.web.authentication.logout.LogoutFilter.doFilter(LogoutFilter.java:93)
	at org.springframework.security.web.ObservationFilterChainDecorator$ObservationFilter.wrapFilter(ObservationFilterChainDecorator.java:240)
	at org.springframework.security.web.ObservationFilterChainDecorator$ObservationFilter.doFilter(ObservationFilterChainDecorator.java:227)
	at org.springframework.security.web.ObservationFilterChainDecorator$VirtualFilterChain.doFilter(ObservationFilterChainDecorator.java:137)
	at org.springframework.security.web.csrf.CsrfFilter.doFilterInternal(CsrfFilter.java:117)
	at org.springframework.web.filter.OncePerRequestFilter.doFilter(OncePerRequestFilter.java:116)
	at org.springframework.security.web.ObservationFilterChainDecorator$ObservationFilter.wrapFilter(ObservationFilterChainDecorator.java:240)
	at org.springframework.security.web.ObservationFilterChainDecorator$ObservationFilter.doFilter(ObservationFilterChainDecorator.java:227)
	at org.springframework.security.web.ObservationFilterChainDecorator$VirtualFilterChain.doFilter(ObservationFilterChainDecorator.java:137)
	at org.springframework.security.web.header.HeaderWriterFilter.doHeadersAfter(HeaderWriterFilter.java:90)
	at org.springframework.security.web.header.HeaderWriterFilter.doFilterInternal(HeaderWriterFilter.java:75)
	at org.springframework.web.filter.OncePerRequestFilter.doFilter(OncePerRequestFilter.java:116)
	at org.springframework.security.web.ObservationFilterChainDecorator$ObservationFilter.wrapFilter(ObservationFilterChainDecorator.java:240)
	at org.springframework.security.web.ObservationFilterChainDecorator$ObservationFilter.doFilter(ObservationFilterChainDecorator.java:227)
	at org.springframework.security.web.ObservationFilterChainDecorator$VirtualFilterChain.doFilter(ObservationFilterChainDecorator.java:137)
	at org.springframework.security.web.context.SecurityContextHolderFilter.doFilter(SecurityContextHolderFilter.java:82)
	at org.springframework.security.web.context.SecurityContextHolderFilter.doFilter(SecurityContextHolderFilter.java:69)
	at org.springframework.security.web.ObservationFilterChainDecorator$ObservationFilter.wrapFilter(ObservationFilterChainDecorator.java:240)
	at org.springframework.security.web.ObservationFilterChainDecorator$ObservationFilter.doFilter(ObservationFilterChainDecorator.java:227)
	at org.springframework.security.web.ObservationFilterChainDecorator$VirtualFilterChain.doFilter(ObservationFilterChainDecorator.java:137)
	at org.springframework.security.web.context.request.async.WebAsyncManagerIntegrationFilter.doFilterInternal(WebAsyncManagerIntegrationFilter.java:62)
	at org.springframework.web.filter.OncePerRequestFilter.doFilter(OncePerRequestFilter.java:116)
	at org.springframework.security.web.ObservationFilterChainDecorator$ObservationFilter.wrapFilter(ObservationFilterChainDecorator.java:240)
	at org.springframework.security.web.ObservationFilterChainDecorator$ObservationFilter.doFilter(ObservationFilterChainDecorator.java:227)
	at org.springframework.security.web.ObservationFilterChainDecorator$VirtualFilterChain.doFilter(ObservationFilterChainDecorator.java:137)
	at org.springframework.security.web.session.DisableEncodeUrlFilter.doFilterInternal(DisableEncodeUrlFilter.java:42)
	at org.springframework.web.filter.OncePerRequestFilter.doFilter(OncePerRequestFilter.java:116)
	at org.springframework.security.web.ObservationFilterChainDecorator$ObservationFilter.wrapFilter(ObservationFilterChainDecorator.java:240)
	at org.springframework.security.web.ObservationFilterChainDecorator$AroundFilterObservation$SimpleAroundFilterObservation.lambda$wrap$0(ObservationFilterChainDecorator.java:323)
	at org.springframework.security.web.ObservationFilterChainDecorator$ObservationFilter.doFilter(ObservationFilterChainDecorator.java:224)
	at org.springframework.security.web.ObservationFilterChainDecorator$VirtualFilterChain.doFilter(ObservationFilterChainDecorator.java:137)
	at org.springframework.security.web.FilterChainProxy.doFilterInternal(FilterChainProxy.java:233)
	at org.springframework.security.web.FilterChainProxy.doFilter(FilterChainProxy.java:191)
	at org.springframework.web.filter.CompositeFilter$VirtualFilterChain.doFilter(CompositeFilter.java:113)
	at org.springframework.web.servlet.handler.HandlerMappingIntrospector.lambda$createCacheFilter$3(HandlerMappingIntrospector.java:243)
	at org.springframework.web.filter.CompositeFilter$VirtualFilterChain.doFilter(CompositeFilter.java:113)
	at org.springframework.web.filter.CompositeFilter.doFilter(CompositeFilter.java:74)
	at org.springframework.security.config.annotation.web.configuration.WebMvcSecurityConfiguration$CompositeFilterChainProxy.doFilter(WebMvcSecurityConfiguration.java:238)
	at org.springframework.web.filter.DelegatingFilterProxy.invokeDelegate(DelegatingFilterProxy.java:362)
	at org.springframework.web.filter.DelegatingFilterProxy.doFilter(DelegatingFilterProxy.java:278)
	at org.apache.catalina.core.ApplicationFilterChain.internalDoFilter(ApplicationFilterChain.java:164)
	at org.apache.catalina.core.ApplicationFilterChain.doFilter(ApplicationFilterChain.java:140)
	at org.springframework.web.filter.RequestContextFilter.doFilterInternal(RequestContextFilter.java:100)
	at org.springframework.web.filter.OncePerRequestFilter.doFilter(OncePerRequestFilter.java:116)
	at org.apache.catalina.core.ApplicationFilterChain.internalDoFilter(ApplicationFilterChain.java:164)
	at org.apache.catalina.core.ApplicationFilterChain.doFilter(ApplicationFilterChain.java:140)
	at org.springframework.web.filter.FormContentFilter.doFilterInternal(FormContentFilter.java:93)
	at org.springframework.web.filter.OncePerRequestFilter.doFilter(OncePerRequestFilter.java:116)
	at org.apache.catalina.core.ApplicationFilterChain.internalDoFilter(ApplicationFilterChain.java:164)
	at org.apache.catalina.core.ApplicationFilterChain.doFilter(ApplicationFilterChain.java:140)
	at org.springframework.web.filter.ServerHttpObservationFilter.doFilterInternal(ServerHttpObservationFilter.java:114)
	at org.springframework.web.filter.OncePerRequestFilter.doFilter(OncePerRequestFilter.java:116)
	at org.apache.catalina.core.ApplicationFilterChain.internalDoFilter(ApplicationFilterChain.java:164)
	at org.apache.catalina.core.ApplicationFilterChain.doFilter(ApplicationFilterChain.java:140)
	at org.springframework.web.filter.CharacterEncodingFilter.doFilterInternal(CharacterEncodingFilter.java:201)
	at org.springframework.web.filter.OncePerRequestFilter.doFilter(OncePerRequestFilter.java:116)
	at org.apache.catalina.core.ApplicationFilterChain.internalDoFilter(ApplicationFilterChain.java:164)
	at org.apache.catalina.core.ApplicationFilterChain.doFilter(ApplicationFilterChain.java:140)
	at org.apache.catalina.core.StandardWrapperValve.invoke(StandardWrapperValve.java:167)
	at org.apache.catalina.core.StandardContextValve.invoke(StandardContextValve.java:90)
	at org.apache.catalina.authenticator.AuthenticatorBase.invoke(AuthenticatorBase.java:483)
	at org.apache.catalina.core.StandardHostValve.invoke(StandardHostValve.java:115)
	at org.apache.catalina.valves.ErrorReportValve.invoke(ErrorReportValve.java:93)
	at org.apache.catalina.core.StandardEngineValve.invoke(StandardEngineValve.java:74)
	at org.apache.catalina.connector.CoyoteAdapter.service(CoyoteAdapter.java:344)
	at org.apache.coyote.http11.Http11Processor.service(Http11Processor.java:397)
	at org.apache.coyote.AbstractProcessorLight.process(AbstractProcessorLight.java:63)
	at org.apache.coyote.AbstractProtocol$ConnectionHandler.process(AbstractProtocol.java:905)
	at org.apache.tomcat.util.net.NioEndpoint$SocketProcessor.doRun(NioEndpoint.java:1741)
	at org.apache.tomcat.util.net.SocketProcessorBase.run(SocketProcessorBase.java:52)
	at org.apache.tomcat.util.threads.ThreadPoolExecutor.runWorker(ThreadPoolExecutor.java:1190)
	at org.apache.tomcat.util.threads.ThreadPoolExecutor$Worker.run(ThreadPoolExecutor.java:659)
	at org.apache.tomcat.util.threads.TaskThread$WrappingRunnable.run(TaskThread.java:63)
	at java.base/java.lang.Thread.run(Thread.java:840)
26-08-01 19:37:34.678 [http-nio-8080-exec-3] [32mDEBUG[0;39m c.s.m.d.controller.AuthController    [c04d4b4d3639405690388429015b9130 | GET | /api/auth/csrf-token] - CSRF 토큰 요청: RlJ9oRYEWMxDCxfis_fbQNhrhJcY92YuawzKt4iaKBbJ-VfAIGIYxy80b_tuOiLb0Nrvdutbqa96klMDWG_5hLn8GS6tnGb4
26-08-01 19:37:34.683 [http-nio-8080-exec-3] [32mDEBUG[0;39m c.s.m.d.config.MDCLoggingInterceptor [c04d4b4d3639405690388429015b9130 | GET | /api/auth/csrf-token] - Request completed
26-08-01 19:37:34.684 [http-nio-8080-exec-3] [32mTRACE[0;39m o.s.s.w.c.HttpSessionSecurityContextRepository [ |  | ] - No HttpSession currently exists
26-08-01 19:37:34.684 [http-nio-8080-exec-3] [32mTRACE[0;39m o.s.s.w.c.SupplierDeferredSecurityContext [ |  | ] - Created SecurityContextImpl [Null authentication]
26-08-01 19:37:34.684 [http-nio-8080-exec-3] [32mTRACE[0;39m o.s.s.w.c.SupplierDeferredSecurityContext [ |  | ] - Created SecurityContextImpl [Null authentication]
26-08-01 19:37:34.684 [http-nio-8080-exec-3] [32mTRACE[0;39m o.s.s.w.a.AnonymousAuthenticationFilter [ |  | ] - Set SecurityContextHolder to AnonymousAuthenticationToken [Principal=anonymousUser, Credentials=[PROTECTED], Authenticated=true, Details=WebAuthenticationDetails [RemoteIpAddress=0:0:0:0:0:0:0:1, SessionId=null], Granted Authorities=[ROLE_ANONYMOUS]]
26-08-01 19:37:34.684 [http-nio-8080-exec-3] [32mTRACE[0;39m o.s.s.w.h.writers.HstsHeaderWriter   [ |  | ] - Not injecting HSTS header since it did not match request to [Is Secure]
26-08-01 19:37:34.694 [http-nio-8080-exec-4] [32mTRACE[0;39m o.s.s.w.h.writers.HstsHeaderWriter   [8d4beeaaf5624357ac9613f54c535582 | GET | /api/auth/me] - Not injecting HSTS header since it did not match request to [Is Secure]
26-08-01 19:37:34.694 [http-nio-8080-exec-4] [32mDEBUG[0;39m c.s.m.d.config.MDCLoggingInterceptor [8d4beeaaf5624357ac9613f54c535582 | GET | /api/auth/me] - Request completed
26-08-01 19:37:34.694 [http-nio-8080-exec-4] [32mTRACE[0;39m o.s.s.w.c.HttpSessionSecurityContextRepository [ |  | ] - No HttpSession currently exists
26-08-01 19:37:34.694 [http-nio-8080-exec-4] [32mTRACE[0;39m o.s.s.w.c.SupplierDeferredSecurityContext [ |  | ] - Created SecurityContextImpl [Null authentication]
26-08-01 19:37:34.694 [http-nio-8080-exec-4] [32mTRACE[0;39m o.s.s.w.c.SupplierDeferredSecurityContext [ |  | ] - Created SecurityContextImpl [Null authentication]
26-08-01 19:37:34.694 [http-nio-8080-exec-4] [32mTRACE[0;39m o.s.s.w.a.AnonymousAuthenticationFilter [ |  | ] - Set SecurityContextHolder to AnonymousAuthenticationToken [Principal=anonymousUser, Credentials=[PROTECTED], Authenticated=true, Details=WebAuthenticationDetails [RemoteIpAddress=0:0:0:0:0:0:0:1, SessionId=null], Granted Authorities=[ROLE_ANONYMOUS]]
26-08-01 19:37:35.254 [http-nio-8080-exec-5] [32mTRACE[0;39m o.s.security.web.FilterChainProxy    [ |  | ] - Trying to match request against DefaultSecurityFilterChain defined as 'filterChain' in [class path resource [com/sprint/mission/discodeit/config/SecurityConfig.class]] matching [any request] and having filters [DisableEncodeUrl, WebAsyncManagerIntegration, SecurityContextHolder, HeaderWriter, Csrf, Logout, RequestCacheAware, SecurityContextHolderAwareRequest, AnonymousAuthentication, ExceptionTranslation] (1/1)
26-08-01 19:37:35.254 [http-nio-8080-exec-5] [32mDEBUG[0;39m o.s.security.web.FilterChainProxy    [ |  | ] - Securing GET /favicon.ico
26-08-01 19:37:35.254 [http-nio-8080-exec-5] [32mTRACE[0;39m o.s.security.web.FilterChainProxy    [ |  | ] - Invoking DisableEncodeUrlFilter (1/10)
26-08-01 19:37:35.254 [http-nio-8080-exec-5] [32mTRACE[0;39m o.s.security.web.FilterChainProxy    [ |  | ] - Invoking WebAsyncManagerIntegrationFilter (2/10)
26-08-01 19:37:35.254 [http-nio-8080-exec-5] [32mTRACE[0;39m o.s.security.web.FilterChainProxy    [ |  | ] - Invoking SecurityContextHolderFilter (3/10)
26-08-01 19:37:35.254 [http-nio-8080-exec-5] [32mTRACE[0;39m o.s.security.web.FilterChainProxy    [ |  | ] - Invoking HeaderWriterFilter (4/10)
26-08-01 19:37:35.254 [http-nio-8080-exec-5] [32mTRACE[0;39m o.s.security.web.FilterChainProxy    [ |  | ] - Invoking CsrfFilter (5/10)
26-08-01 19:37:35.255 [http-nio-8080-exec-5] [32mTRACE[0;39m o.s.security.web.csrf.CsrfFilter     [ |  | ] - Did not protect against CSRF since request did not match CsrfNotRequired [TRACE, HEAD, GET, OPTIONS]
26-08-01 19:37:35.255 [http-nio-8080-exec-5] [32mTRACE[0;39m o.s.security.web.FilterChainProxy    [ |  | ] - Invoking LogoutFilter (6/10)
26-08-01 19:37:35.255 [http-nio-8080-exec-5] [32mTRACE[0;39m o.s.s.w.a.logout.LogoutFilter        [ |  | ] - Did not match request to Ant [pattern='/logout', POST]
26-08-01 19:37:35.255 [http-nio-8080-exec-5] [32mTRACE[0;39m o.s.security.web.FilterChainProxy    [ |  | ] - Invoking RequestCacheAwareFilter (7/10)
26-08-01 19:37:35.255 [http-nio-8080-exec-5] [32mTRACE[0;39m o.s.s.w.s.HttpSessionRequestCache    [ |  | ] - matchingRequestParameterName is required for getMatchingRequest to lookup a value, but not provided
26-08-01 19:37:35.255 [http-nio-8080-exec-5] [32mTRACE[0;39m o.s.security.web.FilterChainProxy    [ |  | ] - Invoking SecurityContextHolderAwareRequestFilter (8/10)
26-08-01 19:37:35.255 [http-nio-8080-exec-5] [32mTRACE[0;39m o.s.security.web.FilterChainProxy    [ |  | ] - Invoking AnonymousAuthenticationFilter (9/10)
26-08-01 19:37:35.255 [http-nio-8080-exec-5] [32mTRACE[0;39m o.s.security.web.FilterChainProxy    [ |  | ] - Invoking ExceptionTranslationFilter (10/10)
26-08-01 19:37:35.255 [http-nio-8080-exec-5] [32mDEBUG[0;39m o.s.security.web.FilterChainProxy    [ |  | ] - Secured GET /favicon.ico
26-08-01 19:37:35.256 [http-nio-8080-exec-5] [32mDEBUG[0;39m c.s.m.d.config.MDCLoggingInterceptor [237730a3600248aa81524a308758987c | GET | /favicon.ico] - Request started
26-08-01 19:37:35.260 [http-nio-8080-exec-5] [32mTRACE[0;39m o.s.s.w.h.writers.HstsHeaderWriter   [237730a3600248aa81524a308758987c | GET | /favicon.ico] - Not injecting HSTS header since it did not match request to [Is Secure]
26-08-01 19:37:35.261 [http-nio-8080-exec-5] [32mDEBUG[0;39m c.s.m.d.config.MDCLoggingInterceptor [237730a3600248aa81524a308758987c | GET | /favicon.ico] - Request completed
26-08-01 19:37:35.261 [http-nio-8080-exec-5] [32mTRACE[0;39m o.s.s.w.c.HttpSessionSecurityContextRepository [ |  | ] - No HttpSession currently exists
26-08-01 19:37:35.261 [http-nio-8080-exec-5] [32mTRACE[0;39m o.s.s.w.c.SupplierDeferredSecurityContext [ |  | ] - Created SecurityContextImpl [Null authentication]
26-08-01 19:37:35.261 [http-nio-8080-exec-5] [32mTRACE[0;39m o.s.s.w.c.SupplierDeferredSecurityContext [ |  | ] - Created SecurityContextImpl [Null authentication]
26-08-01 19:37:35.261 [http-nio-8080-exec-5] [32mTRACE[0;39m o.s.s.w.a.AnonymousAuthenticationFilter [ |  | ] - Set SecurityContextHolder to AnonymousAuthenticationToken [Principal=anonymousUser, Credentials=[PROTECTED], Authenticated=true, Details=WebAuthenticationDetails [RemoteIpAddress=0:0:0:0:0:0:0:1, SessionId=null], Granted Authorities=[ROLE_ANONYMOUS]]
26-08-01 19:38:07.786 [http-nio-8080-exec-7] [32mTRACE[0;39m o.s.security.web.FilterChainProxy    [ |  | ] - Trying to match request against DefaultSecurityFilterChain defined as 'filterChain' in [class path resource [com/sprint/mission/discodeit/config/SecurityConfig.class]] matching [any request] and having filters [DisableEncodeUrl, WebAsyncManagerIntegration, SecurityContextHolder, HeaderWriter, Csrf, Logout, RequestCacheAware, SecurityContextHolderAwareRequest, AnonymousAuthentication, ExceptionTranslation] (1/1)
26-08-01 19:38:07.787 [http-nio-8080-exec-7] [32mDEBUG[0;39m o.s.security.web.FilterChainProxy    [ |  | ] - Securing GET /api/auth/csrf-token
26-08-01 19:38:07.787 [http-nio-8080-exec-7] [32mTRACE[0;39m o.s.security.web.FilterChainProxy    [ |  | ] - Invoking DisableEncodeUrlFilter (1/10)
26-08-01 19:38:07.788 [http-nio-8080-exec-7] [32mTRACE[0;39m o.s.security.web.FilterChainProxy    [ |  | ] - Invoking WebAsyncManagerIntegrationFilter (2/10)
26-08-01 19:38:07.789 [http-nio-8080-exec-7] [32mTRACE[0;39m o.s.security.web.FilterChainProxy    [ |  | ] - Invoking SecurityContextHolderFilter (3/10)
26-08-01 19:38:07.791 [http-nio-8080-exec-7] [32mTRACE[0;39m o.s.security.web.FilterChainProxy    [ |  | ] - Invoking HeaderWriterFilter (4/10)
26-08-01 19:38:07.791 [http-nio-8080-exec-7] [32mTRACE[0;39m o.s.security.web.FilterChainProxy    [ |  | ] - Invoking CsrfFilter (5/10)
26-08-01 19:38:07.791 [http-nio-8080-exec-7] [32mTRACE[0;39m o.s.security.web.csrf.CsrfFilter     [ |  | ] - Did not protect against CSRF since request did not match CsrfNotRequired [TRACE, HEAD, GET, OPTIONS]
26-08-01 19:38:07.791 [http-nio-8080-exec-7] [32mTRACE[0;39m o.s.security.web.FilterChainProxy    [ |  | ] - Invoking LogoutFilter (6/10)
26-08-01 19:38:07.792 [http-nio-8080-exec-7] [32mTRACE[0;39m o.s.s.w.a.logout.LogoutFilter        [ |  | ] - Did not match request to Ant [pattern='/logout', POST]
26-08-01 19:38:07.792 [http-nio-8080-exec-7] [32mTRACE[0;39m o.s.security.web.FilterChainProxy    [ |  | ] - Invoking RequestCacheAwareFilter (7/10)
26-08-01 19:38:07.792 [http-nio-8080-exec-7] [32mTRACE[0;39m o.s.s.w.s.HttpSessionRequestCache    [ |  | ] - matchingRequestParameterName is required for getMatchingRequest to lookup a value, but not provided
26-08-01 19:38:07.792 [http-nio-8080-exec-7] [32mTRACE[0;39m o.s.security.web.FilterChainProxy    [ |  | ] - Invoking SecurityContextHolderAwareRequestFilter (8/10)
26-08-01 19:38:07.792 [http-nio-8080-exec-7] [32mTRACE[0;39m o.s.security.web.FilterChainProxy    [ |  | ] - Invoking AnonymousAuthenticationFilter (9/10)
26-08-01 19:38:07.792 [http-nio-8080-exec-7] [32mTRACE[0;39m o.s.security.web.FilterChainProxy    [ |  | ] - Invoking ExceptionTranslationFilter (10/10)
26-08-01 19:38:07.793 [http-nio-8080-exec-7] [32mDEBUG[0;39m o.s.security.web.FilterChainProxy    [ |  | ] - Secured GET /api/auth/csrf-token
26-08-01 19:38:07.804 [http-nio-8080-exec-7] [32mDEBUG[0;39m c.s.m.d.config.MDCLoggingInterceptor [52e6ee6e81bd4ea4b8cb293da394d665 | GET | /api/auth/csrf-token] - Request started
26-08-01 19:38:07.806 [http-nio-8080-exec-7] [32mDEBUG[0;39m c.s.m.d.controller.AuthController    [52e6ee6e81bd4ea4b8cb293da394d665 | GET | /api/auth/csrf-token] - CSRF 토큰 요청: 3euJacgBiYYjQGkV4-ff8Fm3ei0wcC3wYrxx5iVVlPJ3AAkMu9vsD_ExvrEOcVwsgMrrxmqHVxVSFRjdUd9C1RQzpcoTZTg0
26-08-01 19:38:07.818 [http-nio-8080-exec-7] [32mDEBUG[0;39m c.s.m.d.config.MDCLoggingInterceptor [52e6ee6e81bd4ea4b8cb293da394d665 | GET | /api/auth/csrf-token] - Request completed
26-08-01 19:38:07.818 [http-nio-8080-exec-7] [32mTRACE[0;39m o.s.s.w.c.HttpSessionSecurityContextRepository [ |  | ] - No HttpSession currently exists
26-08-01 19:38:07.818 [http-nio-8080-exec-7] [32mTRACE[0;39m o.s.s.w.c.SupplierDeferredSecurityContext [ |  | ] - Created SecurityContextImpl [Null authentication]
26-08-01 19:38:07.818 [http-nio-8080-exec-7] [32mTRACE[0;39m o.s.s.w.c.SupplierDeferredSecurityContext [ |  | ] - Created SecurityContextImpl [Null authentication]
26-08-01 19:38:07.818 [http-nio-8080-exec-7] [32mTRACE[0;39m o.s.s.w.a.AnonymousAuthenticationFilter [ |  | ] - Set SecurityContextHolder to AnonymousAuthenticationToken [Principal=anonymousUser, Credentials=[PROTECTED], Authenticated=true, Details=WebAuthenticationDetails [RemoteIpAddress=0:0:0:0:0:0:0:1, SessionId=null], Granted Authorities=[ROLE_ANONYMOUS]]
26-08-01 19:38:07.819 [http-nio-8080-exec-7] [32mTRACE[0;39m o.s.s.w.h.writers.HstsHeaderWriter   [ |  | ] - Not injecting HSTS header since it did not match request to [Is Secure]
26-08-01 19:38:14.457 [http-nio-8080-exec-8] [32mTRACE[0;39m o.s.security.web.FilterChainProxy    [ |  | ] - Trying to match request against DefaultSecurityFilterChain defined as 'filterChain' in [class path resource [com/sprint/mission/discodeit/config/SecurityConfig.class]] matching [any request] and having filters [DisableEncodeUrl, WebAsyncManagerIntegration, SecurityContextHolder, HeaderWriter, Csrf, Logout, RequestCacheAware, SecurityContextHolderAwareRequest, AnonymousAuthentication, ExceptionTranslation] (1/1)
26-08-01 19:38:14.458 [http-nio-8080-exec-8] [32mDEBUG[0;39m o.s.security.web.FilterChainProxy    [ |  | ] - Securing GET /api/auth/csrf-token
26-08-01 19:38:14.459 [http-nio-8080-exec-8] [32mTRACE[0;39m o.s.security.web.FilterChainProxy    [ |  | ] - Invoking DisableEncodeUrlFilter (1/10)
26-08-01 19:38:14.459 [http-nio-8080-exec-8] [32mTRACE[0;39m o.s.security.web.FilterChainProxy    [ |  | ] - Invoking WebAsyncManagerIntegrationFilter (2/10)
26-08-01 19:38:14.460 [http-nio-8080-exec-8] [32mTRACE[0;39m o.s.security.web.FilterChainProxy    [ |  | ] - Invoking SecurityContextHolderFilter (3/10)
26-08-01 19:38:14.460 [http-nio-8080-exec-8] [32mTRACE[0;39m o.s.security.web.FilterChainProxy    [ |  | ] - Invoking HeaderWriterFilter (4/10)
26-08-01 19:38:14.462 [http-nio-8080-exec-8] [32mTRACE[0;39m o.s.security.web.FilterChainProxy    [ |  | ] - Invoking CsrfFilter (5/10)
26-08-01 19:38:14.466 [http-nio-8080-exec-8] [32mTRACE[0;39m o.s.security.web.csrf.CsrfFilter     [ |  | ] - Did not protect against CSRF since request did not match CsrfNotRequired [TRACE, HEAD, GET, OPTIONS]
26-08-01 19:38:14.466 [http-nio-8080-exec-8] [32mTRACE[0;39m o.s.security.web.FilterChainProxy    [ |  | ] - Invoking LogoutFilter (6/10)
26-08-01 19:38:14.466 [http-nio-8080-exec-8] [32mTRACE[0;39m o.s.s.w.a.logout.LogoutFilter        [ |  | ] - Did not match request to Ant [pattern='/logout', POST]
26-08-01 19:38:14.466 [http-nio-8080-exec-8] [32mTRACE[0;39m o.s.security.web.FilterChainProxy    [ |  | ] - Invoking RequestCacheAwareFilter (7/10)
26-08-01 19:38:14.466 [http-nio-8080-exec-8] [32mTRACE[0;39m o.s.s.w.s.HttpSessionRequestCache    [ |  | ] - matchingRequestParameterName is required for getMatchingRequest to lookup a value, but not provided
26-08-01 19:38:14.467 [http-nio-8080-exec-8] [32mTRACE[0;39m o.s.security.web.FilterChainProxy    [ |  | ] - Invoking SecurityContextHolderAwareRequestFilter (8/10)
26-08-01 19:38:14.467 [http-nio-8080-exec-8] [32mTRACE[0;39m o.s.security.web.FilterChainProxy    [ |  | ] - Invoking AnonymousAuthenticationFilter (9/10)
26-08-01 19:38:14.467 [http-nio-8080-exec-8] [32mTRACE[0;39m o.s.security.web.FilterChainProxy    [ |  | ] - Invoking ExceptionTranslationFilter (10/10)
26-08-01 19:38:14.467 [http-nio-8080-exec-8] [32mDEBUG[0;39m o.s.security.web.FilterChainProxy    [ |  | ] - Secured GET /api/auth/csrf-token
26-08-01 19:38:14.469 [http-nio-8080-exec-8] [32mDEBUG[0;39m c.s.m.d.config.MDCLoggingInterceptor [20ae34ffa156488b89032073613bb2b3 | GET | /api/auth/csrf-token] - Request started
26-08-01 19:38:14.470 [http-nio-8080-exec-8] [32mDEBUG[0;39m c.s.m.d.controller.AuthController    [20ae34ffa156488b89032073613bb2b3 | GET | /api/auth/csrf-token] - CSRF 토큰 요청: CtOGGgTbBGHMYJy-3MGGd7ECZUK7ejKhE1RXnH7b2OkKTMoCbOPjfD3rM1bhUamHv-yyQYIySHrZHweMIDdkr0-96dFuKfs6
26-08-01 19:38:14.473 [http-nio-8080-exec-8] [32mDEBUG[0;39m c.s.m.d.config.MDCLoggingInterceptor [20ae34ffa156488b89032073613bb2b3 | GET | /api/auth/csrf-token] - Request completed
26-08-01 19:38:14.473 [http-nio-8080-exec-8] [32mTRACE[0;39m o.s.s.w.c.HttpSessionSecurityContextRepository [ |  | ] - No HttpSession currently exists
26-08-01 19:38:14.473 [http-nio-8080-exec-8] [32mTRACE[0;39m o.s.s.w.c.SupplierDeferredSecurityContext [ |  | ] - Created SecurityContextImpl [Null authentication]
26-08-01 19:38:14.473 [http-nio-8080-exec-8] [32mTRACE[0;39m o.s.s.w.c.SupplierDeferredSecurityContext [ |  | ] - Created SecurityContextImpl [Null authentication]
26-08-01 19:38:14.473 [http-nio-8080-exec-8] [32mTRACE[0;39m o.s.s.w.a.AnonymousAuthenticationFilter [ |  | ] - Set SecurityContextHolder to AnonymousAuthenticationToken [Principal=anonymousUser, Credentials=[PROTECTED], Authenticated=true, Details=WebAuthenticationDetails [RemoteIpAddress=0:0:0:0:0:0:0:1, SessionId=null], Granted Authorities=[ROLE_ANONYMOUS]]
26-08-01 19:38:14.474 [http-nio-8080-exec-8] [32mTRACE[0;39m o.s.s.w.h.writers.HstsHeaderWriter   [ |  | ] - Not injecting HSTS header since it did not match request to [Is Secure]
26-08-01 19:38:20.554 [http-nio-8080-exec-9] [32mTRACE[0;39m o.s.security.web.FilterChainProxy    [ |  | ] - Trying to match request against DefaultSecurityFilterChain defined as 'filterChain' in [class path resource [com/sprint/mission/discodeit/config/SecurityConfig.class]] matching [any request] and having filters [DisableEncodeUrl, WebAsyncManagerIntegration, SecurityContextHolder, HeaderWriter, Csrf, Logout, RequestCacheAware, SecurityContextHolderAwareRequest, AnonymousAuthentication, ExceptionTranslation] (1/1)
26-08-01 19:38:20.555 [http-nio-8080-exec-9] [32mDEBUG[0;39m o.s.security.web.FilterChainProxy    [ |  | ] - Securing GET /
26-08-01 19:38:20.555 [http-nio-8080-exec-9] [32mTRACE[0;39m o.s.security.web.FilterChainProxy    [ |  | ] - Invoking DisableEncodeUrlFilter (1/10)
26-08-01 19:38:20.556 [http-nio-8080-exec-9] [32mTRACE[0;39m o.s.security.web.FilterChainProxy    [ |  | ] - Invoking WebAsyncManagerIntegrationFilter (2/10)
26-08-01 19:38:20.556 [http-nio-8080-exec-9] [32mTRACE[0;39m o.s.security.web.FilterChainProxy    [ |  | ] - Invoking SecurityContextHolderFilter (3/10)
26-08-01 19:38:20.556 [http-nio-8080-exec-9] [32mTRACE[0;39m o.s.security.web.FilterChainProxy    [ |  | ] - Invoking HeaderWriterFilter (4/10)
26-08-01 19:38:20.556 [http-nio-8080-exec-9] [32mTRACE[0;39m o.s.security.web.FilterChainProxy    [ |  | ] - Invoking CsrfFilter (5/10)
26-08-01 19:38:20.556 [http-nio-8080-exec-9] [32mTRACE[0;39m o.s.security.web.csrf.CsrfFilter     [ |  | ] - Did not protect against CSRF since request did not match CsrfNotRequired [TRACE, HEAD, GET, OPTIONS]
26-08-01 19:38:20.557 [http-nio-8080-exec-9] [32mTRACE[0;39m o.s.security.web.FilterChainProxy    [ |  | ] - Invoking LogoutFilter (6/10)
26-08-01 19:38:20.557 [http-nio-8080-exec-9] [32mTRACE[0;39m o.s.s.w.a.logout.LogoutFilter        [ |  | ] - Did not match request to Ant [pattern='/logout', POST]
26-08-01 19:38:20.557 [http-nio-8080-exec-9] [32mTRACE[0;39m o.s.security.web.FilterChainProxy    [ |  | ] - Invoking RequestCacheAwareFilter (7/10)
26-08-01 19:38:20.557 [http-nio-8080-exec-9] [32mTRACE[0;39m o.s.s.w.s.HttpSessionRequestCache    [ |  | ] - matchingRequestParameterName is required for getMatchingRequest to lookup a value, but not provided
26-08-01 19:38:20.557 [http-nio-8080-exec-9] [32mTRACE[0;39m o.s.security.web.FilterChainProxy    [ |  | ] - Invoking SecurityContextHolderAwareRequestFilter (8/10)
26-08-01 19:38:20.557 [http-nio-8080-exec-9] [32mTRACE[0;39m o.s.security.web.FilterChainProxy    [ |  | ] - Invoking AnonymousAuthenticationFilter (9/10)
26-08-01 19:38:20.557 [http-nio-8080-exec-9] [32mTRACE[0;39m o.s.security.web.FilterChainProxy    [ |  | ] - Invoking ExceptionTranslationFilter (10/10)
26-08-01 19:38:20.557 [http-nio-8080-exec-9] [32mDEBUG[0;39m o.s.security.web.FilterChainProxy    [ |  | ] - Secured GET /
26-08-01 19:38:20.558 [http-nio-8080-exec-9] [32mDEBUG[0;39m c.s.m.d.config.MDCLoggingInterceptor [bb2cdae86e58488a81a6aeba424239cc | GET | /] - Request started
26-08-01 19:38:20.560 [http-nio-8080-exec-9] [32mTRACE[0;39m o.s.security.web.FilterChainProxy    [bb2cdae86e58488a81a6aeba424239cc | GET | /] - Trying to match request against DefaultSecurityFilterChain defined as 'filterChain' in [class path resource [com/sprint/mission/discodeit/config/SecurityConfig.class]] matching [any request] and having filters [DisableEncodeUrl, WebAsyncManagerIntegration, SecurityContextHolder, HeaderWriter, Csrf, Logout, RequestCacheAware, SecurityContextHolderAwareRequest, AnonymousAuthentication, ExceptionTranslation] (1/1)
26-08-01 19:38:20.561 [http-nio-8080-exec-9] [32mDEBUG[0;39m o.s.security.web.FilterChainProxy    [bb2cdae86e58488a81a6aeba424239cc | GET | /] - Securing GET /index.html
26-08-01 19:38:20.561 [http-nio-8080-exec-9] [32mTRACE[0;39m o.s.security.web.FilterChainProxy    [bb2cdae86e58488a81a6aeba424239cc | GET | /] - Invoking DisableEncodeUrlFilter (1/10)
26-08-01 19:38:20.561 [http-nio-8080-exec-9] [32mTRACE[0;39m o.s.security.web.FilterChainProxy    [bb2cdae86e58488a81a6aeba424239cc | GET | /] - Invoking WebAsyncManagerIntegrationFilter (2/10)
26-08-01 19:38:20.561 [http-nio-8080-exec-9] [32mTRACE[0;39m o.s.security.web.FilterChainProxy    [bb2cdae86e58488a81a6aeba424239cc | GET | /] - Invoking SecurityContextHolderFilter (3/10)
26-08-01 19:38:20.561 [http-nio-8080-exec-9] [32mTRACE[0;39m o.s.security.web.FilterChainProxy    [bb2cdae86e58488a81a6aeba424239cc | GET | /] - Invoking HeaderWriterFilter (4/10)
26-08-01 19:38:20.561 [http-nio-8080-exec-9] [32mTRACE[0;39m o.s.security.web.FilterChainProxy    [bb2cdae86e58488a81a6aeba424239cc | GET | /] - Invoking CsrfFilter (5/10)
26-08-01 19:38:20.561 [http-nio-8080-exec-9] [32mTRACE[0;39m o.s.security.web.FilterChainProxy    [bb2cdae86e58488a81a6aeba424239cc | GET | /] - Invoking LogoutFilter (6/10)
26-08-01 19:38:20.562 [http-nio-8080-exec-9] [32mTRACE[0;39m o.s.s.w.a.logout.LogoutFilter        [bb2cdae86e58488a81a6aeba424239cc | GET | /] - Did not match request to Ant [pattern='/logout', POST]
26-08-01 19:38:20.562 [http-nio-8080-exec-9] [32mTRACE[0;39m o.s.security.web.FilterChainProxy    [bb2cdae86e58488a81a6aeba424239cc | GET | /] - Invoking RequestCacheAwareFilter (7/10)
26-08-01 19:38:20.562 [http-nio-8080-exec-9] [32mTRACE[0;39m o.s.s.w.s.HttpSessionRequestCache    [bb2cdae86e58488a81a6aeba424239cc | GET | /] - matchingRequestParameterName is required for getMatchingRequest to lookup a value, but not provided
26-08-01 19:38:20.562 [http-nio-8080-exec-9] [32mTRACE[0;39m o.s.security.web.FilterChainProxy    [bb2cdae86e58488a81a6aeba424239cc | GET | /] - Invoking SecurityContextHolderAwareRequestFilter (8/10)
26-08-01 19:38:20.562 [http-nio-8080-exec-9] [32mTRACE[0;39m o.s.security.web.FilterChainProxy    [bb2cdae86e58488a81a6aeba424239cc | GET | /] - Invoking AnonymousAuthenticationFilter (9/10)
26-08-01 19:38:20.562 [http-nio-8080-exec-9] [32mTRACE[0;39m o.s.security.web.FilterChainProxy    [bb2cdae86e58488a81a6aeba424239cc | GET | /] - Invoking ExceptionTranslationFilter (10/10)
26-08-01 19:38:20.562 [http-nio-8080-exec-9] [32mDEBUG[0;39m o.s.security.web.FilterChainProxy    [bb2cdae86e58488a81a6aeba424239cc | GET | /] - Secured GET /index.html
26-08-01 19:38:20.563 [http-nio-8080-exec-9] [32mDEBUG[0;39m c.s.m.d.config.MDCLoggingInterceptor [00c2e2131c3b4c7e9ac25eaa163048e3 | GET | /index.html] - Request started
26-08-01 19:38:20.565 [http-nio-8080-exec-9] [32mTRACE[0;39m o.s.s.w.h.writers.HstsHeaderWriter   [00c2e2131c3b4c7e9ac25eaa163048e3 | GET | /index.html] - Not injecting HSTS header since it did not match request to [Is Secure]
26-08-01 19:38:20.566 [http-nio-8080-exec-9] [32mDEBUG[0;39m c.s.m.d.config.MDCLoggingInterceptor [00c2e2131c3b4c7e9ac25eaa163048e3 | GET | /index.html] - Request completed
26-08-01 19:38:20.566 [http-nio-8080-exec-9] [32mTRACE[0;39m o.s.s.w.c.HttpSessionSecurityContextRepository [ |  | ] - No HttpSession currently exists
26-08-01 19:38:20.566 [http-nio-8080-exec-9] [32mTRACE[0;39m o.s.s.w.c.SupplierDeferredSecurityContext [ |  | ] - Created SecurityContextImpl [Null authentication]
26-08-01 19:38:20.566 [http-nio-8080-exec-9] [32mTRACE[0;39m o.s.s.w.c.SupplierDeferredSecurityContext [ |  | ] - Created SecurityContextImpl [Null authentication]
26-08-01 19:38:20.566 [http-nio-8080-exec-9] [32mTRACE[0;39m o.s.s.w.a.AnonymousAuthenticationFilter [ |  | ] - Set SecurityContextHolder to AnonymousAuthenticationToken [Principal=anonymousUser, Credentials=[PROTECTED], Authenticated=true, Details=WebAuthenticationDetails [RemoteIpAddress=0:0:0:0:0:0:0:1, SessionId=null], Granted Authorities=[ROLE_ANONYMOUS]]
26-08-01 19:38:20.566 [http-nio-8080-exec-9] [32mTRACE[0;39m o.s.s.w.a.AnonymousAuthenticationFilter [ |  | ] - Did not set SecurityContextHolder since already authenticated AnonymousAuthenticationToken [Principal=anonymousUser, Credentials=[PROTECTED], Authenticated=true, Details=WebAuthenticationDetails [RemoteIpAddress=0:0:0:0:0:0:0:1, SessionId=null], Granted Authorities=[ROLE_ANONYMOUS]]
26-08-01 19:38:20.567 [http-nio-8080-exec-9] [32mDEBUG[0;39m c.s.m.d.config.MDCLoggingInterceptor [ |  | ] - Request completed
26-08-01 19:38:20.620 [http-nio-8080-exec-2] [32mTRACE[0;39m o.s.security.web.FilterChainProxy    [ |  | ] - Trying to match request against DefaultSecurityFilterChain defined as 'filterChain' in [class path resource [com/sprint/mission/discodeit/config/SecurityConfig.class]] matching [any request] and having filters [DisableEncodeUrl, WebAsyncManagerIntegration, SecurityContextHolder, HeaderWriter, Csrf, Logout, RequestCacheAware, SecurityContextHolderAwareRequest, AnonymousAuthentication, ExceptionTranslation] (1/1)
26-08-01 19:38:20.620 [http-nio-8080-exec-10] [32mTRACE[0;39m o.s.security.web.FilterChainProxy    [ |  | ] - Trying to match request against DefaultSecurityFilterChain defined as 'filterChain' in [class path resource [com/sprint/mission/discodeit/config/SecurityConfig.class]] matching [any request] and having filters [DisableEncodeUrl, WebAsyncManagerIntegration, SecurityContextHolder, HeaderWriter, Csrf, Logout, RequestCacheAware, SecurityContextHolderAwareRequest, AnonymousAuthentication, ExceptionTranslation] (1/1)
26-08-01 19:38:20.620 [http-nio-8080-exec-2] [32mDEBUG[0;39m o.s.security.web.FilterChainProxy    [ |  | ] - Securing GET /assets/index-kQJbKSsj.css
26-08-01 19:38:20.620 [http-nio-8080-exec-10] [32mDEBUG[0;39m o.s.security.web.FilterChainProxy    [ |  | ] - Securing GET /assets/index-pvm8va9e.js
26-08-01 19:38:20.620 [http-nio-8080-exec-10] [32mTRACE[0;39m o.s.security.web.FilterChainProxy    [ |  | ] - Invoking DisableEncodeUrlFilter (1/10)
26-08-01 19:38:20.620 [http-nio-8080-exec-2] [32mTRACE[0;39m o.s.security.web.FilterChainProxy    [ |  | ] - Invoking DisableEncodeUrlFilter (1/10)
26-08-01 19:38:20.621 [http-nio-8080-exec-2] [32mTRACE[0;39m o.s.security.web.FilterChainProxy    [ |  | ] - Invoking WebAsyncManagerIntegrationFilter (2/10)
26-08-01 19:38:20.621 [http-nio-8080-exec-10] [32mTRACE[0;39m o.s.security.web.FilterChainProxy    [ |  | ] - Invoking WebAsyncManagerIntegrationFilter (2/10)
26-08-01 19:38:20.621 [http-nio-8080-exec-2] [32mTRACE[0;39m o.s.security.web.FilterChainProxy    [ |  | ] - Invoking SecurityContextHolderFilter (3/10)
26-08-01 19:38:20.621 [http-nio-8080-exec-10] [32mTRACE[0;39m o.s.security.web.FilterChainProxy    [ |  | ] - Invoking SecurityContextHolderFilter (3/10)
26-08-01 19:38:20.621 [http-nio-8080-exec-2] [32mTRACE[0;39m o.s.security.web.FilterChainProxy    [ |  | ] - Invoking HeaderWriterFilter (4/10)
26-08-01 19:38:20.621 [http-nio-8080-exec-10] [32mTRACE[0;39m o.s.security.web.FilterChainProxy    [ |  | ] - Invoking HeaderWriterFilter (4/10)
26-08-01 19:38:20.621 [http-nio-8080-exec-2] [32mTRACE[0;39m o.s.security.web.FilterChainProxy    [ |  | ] - Invoking CsrfFilter (5/10)
26-08-01 19:38:20.621 [http-nio-8080-exec-10] [32mTRACE[0;39m o.s.security.web.FilterChainProxy    [ |  | ] - Invoking CsrfFilter (5/10)
26-08-01 19:38:20.621 [http-nio-8080-exec-10] [32mTRACE[0;39m o.s.security.web.csrf.CsrfFilter     [ |  | ] - Did not protect against CSRF since request did not match CsrfNotRequired [TRACE, HEAD, GET, OPTIONS]
26-08-01 19:38:20.621 [http-nio-8080-exec-2] [32mTRACE[0;39m o.s.security.web.csrf.CsrfFilter     [ |  | ] - Did not protect against CSRF since request did not match CsrfNotRequired [TRACE, HEAD, GET, OPTIONS]
26-08-01 19:38:20.621 [http-nio-8080-exec-2] [32mTRACE[0;39m o.s.security.web.FilterChainProxy    [ |  | ] - Invoking LogoutFilter (6/10)
26-08-01 19:38:20.621 [http-nio-8080-exec-10] [32mTRACE[0;39m o.s.security.web.FilterChainProxy    [ |  | ] - Invoking LogoutFilter (6/10)
26-08-01 19:38:20.621 [http-nio-8080-exec-2] [32mTRACE[0;39m o.s.s.w.a.logout.LogoutFilter        [ |  | ] - Did not match request to Ant [pattern='/logout', POST]
26-08-01 19:38:20.621 [http-nio-8080-exec-10] [32mTRACE[0;39m o.s.s.w.a.logout.LogoutFilter        [ |  | ] - Did not match request to Ant [pattern='/logout', POST]
26-08-01 19:38:20.621 [http-nio-8080-exec-2] [32mTRACE[0;39m o.s.security.web.FilterChainProxy    [ |  | ] - Invoking RequestCacheAwareFilter (7/10)
26-08-01 19:38:20.621 [http-nio-8080-exec-10] [32mTRACE[0;39m o.s.security.web.FilterChainProxy    [ |  | ] - Invoking RequestCacheAwareFilter (7/10)
26-08-01 19:38:20.621 [http-nio-8080-exec-2] [32mTRACE[0;39m o.s.s.w.s.HttpSessionRequestCache    [ |  | ] - matchingRequestParameterName is required for getMatchingRequest to lookup a value, but not provided
26-08-01 19:38:20.621 [http-nio-8080-exec-10] [32mTRACE[0;39m o.s.s.w.s.HttpSessionRequestCache    [ |  | ] - matchingRequestParameterName is required for getMatchingRequest to lookup a value, but not provided
26-08-01 19:38:20.622 [http-nio-8080-exec-10] [32mTRACE[0;39m o.s.security.web.FilterChainProxy    [ |  | ] - Invoking SecurityContextHolderAwareRequestFilter (8/10)
26-08-01 19:38:20.622 [http-nio-8080-exec-2] [32mTRACE[0;39m o.s.security.web.FilterChainProxy    [ |  | ] - Invoking SecurityContextHolderAwareRequestFilter (8/10)
26-08-01 19:38:20.622 [http-nio-8080-exec-10] [32mTRACE[0;39m o.s.security.web.FilterChainProxy    [ |  | ] - Invoking AnonymousAuthenticationFilter (9/10)
26-08-01 19:38:20.622 [http-nio-8080-exec-2] [32mTRACE[0;39m o.s.security.web.FilterChainProxy    [ |  | ] - Invoking AnonymousAuthenticationFilter (9/10)
26-08-01 19:38:20.622 [http-nio-8080-exec-10] [32mTRACE[0;39m o.s.security.web.FilterChainProxy    [ |  | ] - Invoking ExceptionTranslationFilter (10/10)
26-08-01 19:38:20.622 [http-nio-8080-exec-2] [32mTRACE[0;39m o.s.security.web.FilterChainProxy    [ |  | ] - Invoking ExceptionTranslationFilter (10/10)
26-08-01 19:38:20.622 [http-nio-8080-exec-2] [32mDEBUG[0;39m o.s.security.web.FilterChainProxy    [ |  | ] - Secured GET /assets/index-kQJbKSsj.css
26-08-01 19:38:20.622 [http-nio-8080-exec-10] [32mDEBUG[0;39m o.s.security.web.FilterChainProxy    [ |  | ] - Secured GET /assets/index-pvm8va9e.js
26-08-01 19:38:20.623 [http-nio-8080-exec-10] [32mDEBUG[0;39m c.s.m.d.config.MDCLoggingInterceptor [d9a4c9d1d2534ebc99663876fa744bba | GET | /assets/index-pvm8va9e.js] - Request started
26-08-01 19:38:20.623 [http-nio-8080-exec-2] [32mDEBUG[0;39m c.s.m.d.config.MDCLoggingInterceptor [061f8af6dfe346799e21d99d2f474dce | GET | /assets/index-kQJbKSsj.css] - Request started
26-08-01 19:38:20.624 [http-nio-8080-exec-2] [32mTRACE[0;39m o.s.s.w.h.writers.HstsHeaderWriter   [061f8af6dfe346799e21d99d2f474dce | GET | /assets/index-kQJbKSsj.css] - Not injecting HSTS header since it did not match request to [Is Secure]
26-08-01 19:38:20.624 [http-nio-8080-exec-10] [32mTRACE[0;39m o.s.s.w.h.writers.HstsHeaderWriter   [d9a4c9d1d2534ebc99663876fa744bba | GET | /assets/index-pvm8va9e.js] - Not injecting HSTS header since it did not match request to [Is Secure]
26-08-01 19:38:20.625 [http-nio-8080-exec-2] [32mDEBUG[0;39m c.s.m.d.config.MDCLoggingInterceptor [061f8af6dfe346799e21d99d2f474dce | GET | /assets/index-kQJbKSsj.css] - Request completed
26-08-01 19:38:20.627 [http-nio-8080-exec-2] [32mTRACE[0;39m o.s.s.w.c.HttpSessionSecurityContextRepository [ |  | ] - No HttpSession currently exists
26-08-01 19:38:20.627 [http-nio-8080-exec-2] [32mTRACE[0;39m o.s.s.w.c.SupplierDeferredSecurityContext [ |  | ] - Created SecurityContextImpl [Null authentication]
26-08-01 19:38:20.627 [http-nio-8080-exec-2] [32mTRACE[0;39m o.s.s.w.c.SupplierDeferredSecurityContext [ |  | ] - Created SecurityContextImpl [Null authentication]
26-08-01 19:38:20.627 [http-nio-8080-exec-2] [32mTRACE[0;39m o.s.s.w.a.AnonymousAuthenticationFilter [ |  | ] - Set SecurityContextHolder to AnonymousAuthenticationToken [Principal=anonymousUser, Credentials=[PROTECTED], Authenticated=true, Details=WebAuthenticationDetails [RemoteIpAddress=0:0:0:0:0:0:0:1, SessionId=null], Granted Authorities=[ROLE_ANONYMOUS]]
26-08-01 19:38:20.629 [http-nio-8080-exec-10] [32mDEBUG[0;39m c.s.m.d.config.MDCLoggingInterceptor [d9a4c9d1d2534ebc99663876fa744bba | GET | /assets/index-pvm8va9e.js] - Request completed
26-08-01 19:38:20.630 [http-nio-8080-exec-10] [32mTRACE[0;39m o.s.s.w.c.HttpSessionSecurityContextRepository [ |  | ] - No HttpSession currently exists
26-08-01 19:38:20.630 [http-nio-8080-exec-10] [32mTRACE[0;39m o.s.s.w.c.SupplierDeferredSecurityContext [ |  | ] - Created SecurityContextImpl [Null authentication]
26-08-01 19:38:20.630 [http-nio-8080-exec-10] [32mTRACE[0;39m o.s.s.w.c.SupplierDeferredSecurityContext [ |  | ] - Created SecurityContextImpl [Null authentication]
26-08-01 19:38:20.630 [http-nio-8080-exec-10] [32mTRACE[0;39m o.s.s.w.a.AnonymousAuthenticationFilter [ |  | ] - Set SecurityContextHolder to AnonymousAuthenticationToken [Principal=anonymousUser, Credentials=[PROTECTED], Authenticated=true, Details=WebAuthenticationDetails [RemoteIpAddress=0:0:0:0:0:0:0:1, SessionId=null], Granted Authorities=[ROLE_ANONYMOUS]]
26-08-01 19:38:20.649 [http-nio-8080-exec-1] [32mTRACE[0;39m o.s.security.web.FilterChainProxy    [ |  | ] - Trying to match request against DefaultSecurityFilterChain defined as 'filterChain' in [class path resource [com/sprint/mission/discodeit/config/SecurityConfig.class]] matching [any request] and having filters [DisableEncodeUrl, WebAsyncManagerIntegration, SecurityContextHolder, HeaderWriter, Csrf, Logout, RequestCacheAware, SecurityContextHolderAwareRequest, AnonymousAuthentication, ExceptionTranslation] (1/1)
26-08-01 19:38:20.649 [http-nio-8080-exec-3] [32mTRACE[0;39m o.s.security.web.FilterChainProxy    [ |  | ] - Trying to match request against DefaultSecurityFilterChain defined as 'filterChain' in [class path resource [com/sprint/mission/discodeit/config/SecurityConfig.class]] matching [any request] and having filters [DisableEncodeUrl, WebAsyncManagerIntegration, SecurityContextHolder, HeaderWriter, Csrf, Logout, RequestCacheAware, SecurityContextHolderAwareRequest, AnonymousAuthentication, ExceptionTranslation] (1/1)
26-08-01 19:38:20.649 [http-nio-8080-exec-1] [32mDEBUG[0;39m o.s.security.web.FilterChainProxy    [ |  | ] - Securing GET /api/auth/csrf-token
26-08-01 19:38:20.649 [http-nio-8080-exec-3] [32mDEBUG[0;39m o.s.security.web.FilterChainProxy    [ |  | ] - Securing GET /api/auth/me
26-08-01 19:38:20.649 [http-nio-8080-exec-1] [32mTRACE[0;39m o.s.security.web.FilterChainProxy    [ |  | ] - Invoking DisableEncodeUrlFilter (1/10)
26-08-01 19:38:20.649 [http-nio-8080-exec-3] [32mTRACE[0;39m o.s.security.web.FilterChainProxy    [ |  | ] - Invoking DisableEncodeUrlFilter (1/10)
26-08-01 19:38:20.649 [http-nio-8080-exec-1] [32mTRACE[0;39m o.s.security.web.FilterChainProxy    [ |  | ] - Invoking WebAsyncManagerIntegrationFilter (2/10)
26-08-01 19:38:20.649 [http-nio-8080-exec-3] [32mTRACE[0;39m o.s.security.web.FilterChainProxy    [ |  | ] - Invoking WebAsyncManagerIntegrationFilter (2/10)
26-08-01 19:38:20.649 [http-nio-8080-exec-1] [32mTRACE[0;39m o.s.security.web.FilterChainProxy    [ |  | ] - Invoking SecurityContextHolderFilter (3/10)
26-08-01 19:38:20.649 [http-nio-8080-exec-3] [32mTRACE[0;39m o.s.security.web.FilterChainProxy    [ |  | ] - Invoking SecurityContextHolderFilter (3/10)
26-08-01 19:38:20.649 [http-nio-8080-exec-1] [32mTRACE[0;39m o.s.security.web.FilterChainProxy    [ |  | ] - Invoking HeaderWriterFilter (4/10)
26-08-01 19:38:20.649 [http-nio-8080-exec-3] [32mTRACE[0;39m o.s.security.web.FilterChainProxy    [ |  | ] - Invoking HeaderWriterFilter (4/10)
26-08-01 19:38:20.650 [http-nio-8080-exec-1] [32mTRACE[0;39m o.s.security.web.FilterChainProxy    [ |  | ] - Invoking CsrfFilter (5/10)
26-08-01 19:38:20.650 [http-nio-8080-exec-3] [32mTRACE[0;39m o.s.security.web.FilterChainProxy    [ |  | ] - Invoking CsrfFilter (5/10)
26-08-01 19:38:20.650 [http-nio-8080-exec-1] [32mTRACE[0;39m o.s.security.web.csrf.CsrfFilter     [ |  | ] - Did not protect against CSRF since request did not match CsrfNotRequired [TRACE, HEAD, GET, OPTIONS]
26-08-01 19:38:20.650 [http-nio-8080-exec-3] [32mTRACE[0;39m o.s.security.web.csrf.CsrfFilter     [ |  | ] - Did not protect against CSRF since request did not match CsrfNotRequired [TRACE, HEAD, GET, OPTIONS]
26-08-01 19:38:20.650 [http-nio-8080-exec-1] [32mTRACE[0;39m o.s.security.web.FilterChainProxy    [ |  | ] - Invoking LogoutFilter (6/10)
26-08-01 19:38:20.650 [http-nio-8080-exec-3] [32mTRACE[0;39m o.s.security.web.FilterChainProxy    [ |  | ] - Invoking LogoutFilter (6/10)
26-08-01 19:38:20.650 [http-nio-8080-exec-1] [32mTRACE[0;39m o.s.s.w.a.logout.LogoutFilter        [ |  | ] - Did not match request to Ant [pattern='/logout', POST]
26-08-01 19:38:20.650 [http-nio-8080-exec-3] [32mTRACE[0;39m o.s.s.w.a.logout.LogoutFilter        [ |  | ] - Did not match request to Ant [pattern='/logout', POST]
26-08-01 19:38:20.650 [http-nio-8080-exec-1] [32mTRACE[0;39m o.s.security.web.FilterChainProxy    [ |  | ] - Invoking RequestCacheAwareFilter (7/10)
26-08-01 19:38:20.650 [http-nio-8080-exec-3] [32mTRACE[0;39m o.s.security.web.FilterChainProxy    [ |  | ] - Invoking RequestCacheAwareFilter (7/10)
26-08-01 19:38:20.650 [http-nio-8080-exec-1] [32mTRACE[0;39m o.s.s.w.s.HttpSessionRequestCache    [ |  | ] - matchingRequestParameterName is required for getMatchingRequest to lookup a value, but not provided
26-08-01 19:38:20.650 [http-nio-8080-exec-3] [32mTRACE[0;39m o.s.s.w.s.HttpSessionRequestCache    [ |  | ] - matchingRequestParameterName is required for getMatchingRequest to lookup a value, but not provided
26-08-01 19:38:20.650 [http-nio-8080-exec-1] [32mTRACE[0;39m o.s.security.web.FilterChainProxy    [ |  | ] - Invoking SecurityContextHolderAwareRequestFilter (8/10)
26-08-01 19:38:20.650 [http-nio-8080-exec-3] [32mTRACE[0;39m o.s.security.web.FilterChainProxy    [ |  | ] - Invoking SecurityContextHolderAwareRequestFilter (8/10)
26-08-01 19:38:20.650 [http-nio-8080-exec-1] [32mTRACE[0;39m o.s.security.web.FilterChainProxy    [ |  | ] - Invoking AnonymousAuthenticationFilter (9/10)
26-08-01 19:38:20.650 [http-nio-8080-exec-3] [32mTRACE[0;39m o.s.security.web.FilterChainProxy    [ |  | ] - Invoking AnonymousAuthenticationFilter (9/10)
26-08-01 19:38:20.650 [http-nio-8080-exec-1] [32mTRACE[0;39m o.s.security.web.FilterChainProxy    [ |  | ] - Invoking ExceptionTranslationFilter (10/10)
26-08-01 19:38:20.650 [http-nio-8080-exec-3] [32mTRACE[0;39m o.s.security.web.FilterChainProxy    [ |  | ] - Invoking ExceptionTranslationFilter (10/10)
26-08-01 19:38:20.650 [http-nio-8080-exec-3] [32mDEBUG[0;39m o.s.security.web.FilterChainProxy    [ |  | ] - Secured GET /api/auth/me
26-08-01 19:38:20.650 [http-nio-8080-exec-1] [32mDEBUG[0;39m o.s.security.web.FilterChainProxy    [ |  | ] - Secured GET /api/auth/csrf-token
26-08-01 19:38:20.651 [http-nio-8080-exec-1] [32mDEBUG[0;39m c.s.m.d.config.MDCLoggingInterceptor [4370db20e1574037b87a3402ea30576f | GET | /api/auth/csrf-token] - Request started
26-08-01 19:38:20.651 [http-nio-8080-exec-3] [32mDEBUG[0;39m c.s.m.d.config.MDCLoggingInterceptor [f81b3508005c41f3bd13b5bc612f21fd | GET | /api/auth/me] - Request started
26-08-01 19:38:20.651 [http-nio-8080-exec-1] [32mDEBUG[0;39m c.s.m.d.controller.AuthController    [4370db20e1574037b87a3402ea30576f | GET | /api/auth/csrf-token] - CSRF 토큰 요청: fSy0Xzw3Z6ag6jNjqg-eCIuIjmYw5YnYx8py8hKanHJLUBjpGxzROQUHUJGN2wZaySKqPri4o15SgLz19KlBwSP8rUovNSnR
26-08-01 19:38:20.652 [http-nio-8080-exec-1] [32mDEBUG[0;39m c.s.m.d.config.MDCLoggingInterceptor [4370db20e1574037b87a3402ea30576f | GET | /api/auth/csrf-token] - Request completed
26-08-01 19:38:20.652 [http-nio-8080-exec-1] [32mTRACE[0;39m o.s.s.w.c.HttpSessionSecurityContextRepository [ |  | ] - No HttpSession currently exists
26-08-01 19:38:20.652 [http-nio-8080-exec-1] [32mTRACE[0;39m o.s.s.w.c.SupplierDeferredSecurityContext [ |  | ] - Created SecurityContextImpl [Null authentication]
26-08-01 19:38:20.652 [http-nio-8080-exec-1] [32mTRACE[0;39m o.s.s.w.c.SupplierDeferredSecurityContext [ |  | ] - Created SecurityContextImpl [Null authentication]
26-08-01 19:38:20.652 [http-nio-8080-exec-1] [32mTRACE[0;39m o.s.s.w.a.AnonymousAuthenticationFilter [ |  | ] - Set SecurityContextHolder to AnonymousAuthenticationToken [Principal=anonymousUser, Credentials=[PROTECTED], Authenticated=true, Details=WebAuthenticationDetails [RemoteIpAddress=0:0:0:0:0:0:0:1, SessionId=null], Granted Authorities=[ROLE_ANONYMOUS]]
26-08-01 19:38:20.652 [http-nio-8080-exec-1] [32mTRACE[0;39m o.s.s.w.h.writers.HstsHeaderWriter   [ |  | ] - Not injecting HSTS header since it did not match request to [Is Secure]
26-08-01 19:38:20.657 [http-nio-8080-exec-3] [31mERROR[0;39m c.s.m.d.e.GlobalExceptionHandler     [f81b3508005c41f3bd13b5bc612f21fd | GET | /api/auth/me] - 예상치 못한 오류 발생: No static resource api/auth/me.
org.springframework.web.servlet.resource.NoResourceFoundException: No static resource api/auth/me.
	at org.springframework.web.servlet.resource.ResourceHttpRequestHandler.handleRequest(ResourceHttpRequestHandler.java:585)
	at org.springframework.web.servlet.mvc.HttpRequestHandlerAdapter.handle(HttpRequestHandlerAdapter.java:52)
	at org.springframework.web.servlet.DispatcherServlet.doDispatch(DispatcherServlet.java:1088)
	at org.springframework.web.servlet.DispatcherServlet.doService(DispatcherServlet.java:978)
	at org.springframework.web.servlet.FrameworkServlet.processRequest(FrameworkServlet.java:1014)
	at org.springframework.web.servlet.FrameworkServlet.doGet(FrameworkServlet.java:903)
	at jakarta.servlet.http.HttpServlet.service(HttpServlet.java:564)
	at org.springframework.web.servlet.FrameworkServlet.service(FrameworkServlet.java:885)
	at jakarta.servlet.http.HttpServlet.service(HttpServlet.java:658)
	at org.apache.catalina.core.ApplicationFilterChain.internalDoFilter(ApplicationFilterChain.java:195)
	at org.apache.catalina.core.ApplicationFilterChain.doFilter(ApplicationFilterChain.java:140)
	at org.apache.tomcat.websocket.server.WsFilter.doFilter(WsFilter.java:51)
	at org.apache.catalina.core.ApplicationFilterChain.internalDoFilter(ApplicationFilterChain.java:164)
	at org.apache.catalina.core.ApplicationFilterChain.doFilter(ApplicationFilterChain.java:140)
	at org.springframework.web.filter.CompositeFilter$VirtualFilterChain.doFilter(CompositeFilter.java:108)
	at org.springframework.security.web.FilterChainProxy.lambda$doFilterInternal$3(FilterChainProxy.java:231)
	at org.springframework.security.web.ObservationFilterChainDecorator$FilterObservation$SimpleFilterObservation.lambda$wrap$1(ObservationFilterChainDecorator.java:479)
	at org.springframework.security.web.ObservationFilterChainDecorator$AroundFilterObservation$SimpleAroundFilterObservation.lambda$wrap$1(ObservationFilterChainDecorator.java:340)
	at org.springframework.security.web.ObservationFilterChainDecorator.lambda$wrapSecured$0(ObservationFilterChainDecorator.java:82)
	at org.springframework.security.web.ObservationFilterChainDecorator$VirtualFilterChain.doFilter(ObservationFilterChainDecorator.java:128)
	at org.springframework.security.web.access.ExceptionTranslationFilter.doFilter(ExceptionTranslationFilter.java:126)
	at org.springframework.security.web.access.ExceptionTranslationFilter.doFilter(ExceptionTranslationFilter.java:120)
	at org.springframework.security.web.ObservationFilterChainDecorator$ObservationFilter.wrapFilter(ObservationFilterChainDecorator.java:240)
	at org.springframework.security.web.ObservationFilterChainDecorator$ObservationFilter.doFilter(ObservationFilterChainDecorator.java:227)
	at org.springframework.security.web.ObservationFilterChainDecorator$VirtualFilterChain.doFilter(ObservationFilterChainDecorator.java:137)
	at org.springframework.security.web.authentication.AnonymousAuthenticationFilter.doFilter(AnonymousAuthenticationFilter.java:100)
	at org.springframework.security.web.ObservationFilterChainDecorator$ObservationFilter.wrapFilter(ObservationFilterChainDecorator.java:240)
	at org.springframework.security.web.ObservationFilterChainDecorator$ObservationFilter.doFilter(ObservationFilterChainDecorator.java:227)
	at org.springframework.security.web.ObservationFilterChainDecorator$VirtualFilterChain.doFilter(ObservationFilterChainDecorator.java:137)
	at org.springframework.security.web.servletapi.SecurityContextHolderAwareRequestFilter.doFilter(SecurityContextHolderAwareRequestFilter.java:179)
	at org.springframework.security.web.ObservationFilterChainDecorator$ObservationFilter.wrapFilter(ObservationFilterChainDecorator.java:240)
	at org.springframework.security.web.ObservationFilterChainDecorator$ObservationFilter.doFilter(ObservationFilterChainDecorator.java:227)
	at org.springframework.security.web.ObservationFilterChainDecorator$VirtualFilterChain.doFilter(ObservationFilterChainDecorator.java:137)
	at org.springframework.security.web.savedrequest.RequestCacheAwareFilter.doFilter(RequestCacheAwareFilter.java:63)
	at org.springframework.security.web.ObservationFilterChainDecorator$ObservationFilter.wrapFilter(ObservationFilterChainDecorator.java:240)
	at org.springframework.security.web.ObservationFilterChainDecorator$ObservationFilter.doFilter(ObservationFilterChainDecorator.java:227)
	at org.springframework.security.web.ObservationFilterChainDecorator$VirtualFilterChain.doFilter(ObservationFilterChainDecorator.java:137)
	at org.springframework.security.web.authentication.logout.LogoutFilter.doFilter(LogoutFilter.java:107)
	at org.springframework.security.web.authentication.logout.LogoutFilter.doFilter(LogoutFilter.java:93)
	at org.springframework.security.web.ObservationFilterChainDecorator$ObservationFilter.wrapFilter(ObservationFilterChainDecorator.java:240)
	at org.springframework.security.web.ObservationFilterChainDecorator$ObservationFilter.doFilter(ObservationFilterChainDecorator.java:227)
	at org.springframework.security.web.ObservationFilterChainDecorator$VirtualFilterChain.doFilter(ObservationFilterChainDecorator.java:137)
	at org.springframework.security.web.csrf.CsrfFilter.doFilterInternal(CsrfFilter.java:117)
	at org.springframework.web.filter.OncePerRequestFilter.doFilter(OncePerRequestFilter.java:116)
	at org.springframework.security.web.ObservationFilterChainDecorator$ObservationFilter.wrapFilter(ObservationFilterChainDecorator.java:240)
	at org.springframework.security.web.ObservationFilterChainDecorator$ObservationFilter.doFilter(ObservationFilterChainDecorator.java:227)
	at org.springframework.security.web.ObservationFilterChainDecorator$VirtualFilterChain.doFilter(ObservationFilterChainDecorator.java:137)
	at org.springframework.security.web.header.HeaderWriterFilter.doHeadersAfter(HeaderWriterFilter.java:90)
	at org.springframework.security.web.header.HeaderWriterFilter.doFilterInternal(HeaderWriterFilter.java:75)
	at org.springframework.web.filter.OncePerRequestFilter.doFilter(OncePerRequestFilter.java:116)
	at org.springframework.security.web.ObservationFilterChainDecorator$ObservationFilter.wrapFilter(ObservationFilterChainDecorator.java:240)
	at org.springframework.security.web.ObservationFilterChainDecorator$ObservationFilter.doFilter(ObservationFilterChainDecorator.java:227)
	at org.springframework.security.web.ObservationFilterChainDecorator$VirtualFilterChain.doFilter(ObservationFilterChainDecorator.java:137)
	at org.springframework.security.web.context.SecurityContextHolderFilter.doFilter(SecurityContextHolderFilter.java:82)
	at org.springframework.security.web.context.SecurityContextHolderFilter.doFilter(SecurityContextHolderFilter.java:69)
	at org.springframework.security.web.ObservationFilterChainDecorator$ObservationFilter.wrapFilter(ObservationFilterChainDecorator.java:240)
	at org.springframework.security.web.ObservationFilterChainDecorator$ObservationFilter.doFilter(ObservationFilterChainDecorator.java:227)
	at org.springframework.security.web.ObservationFilterChainDecorator$VirtualFilterChain.doFilter(ObservationFilterChainDecorator.java:137)
	at org.springframework.security.web.context.request.async.WebAsyncManagerIntegrationFilter.doFilterInternal(WebAsyncManagerIntegrationFilter.java:62)
	at org.springframework.web.filter.OncePerRequestFilter.doFilter(OncePerRequestFilter.java:116)
	at org.springframework.security.web.ObservationFilterChainDecorator$ObservationFilter.wrapFilter(ObservationFilterChainDecorator.java:240)
	at org.springframework.security.web.ObservationFilterChainDecorator$ObservationFilter.doFilter(ObservationFilterChainDecorator.java:227)
	at org.springframework.security.web.ObservationFilterChainDecorator$VirtualFilterChain.doFilter(ObservationFilterChainDecorator.java:137)
	at org.springframework.security.web.session.DisableEncodeUrlFilter.doFilterInternal(DisableEncodeUrlFilter.java:42)
	at org.springframework.web.filter.OncePerRequestFilter.doFilter(OncePerRequestFilter.java:116)
	at org.springframework.security.web.ObservationFilterChainDecorator$ObservationFilter.wrapFilter(ObservationFilterChainDecorator.java:240)
	at org.springframework.security.web.ObservationFilterChainDecorator$AroundFilterObservation$SimpleAroundFilterObservation.lambda$wrap$0(ObservationFilterChainDecorator.java:323)
	at org.springframework.security.web.ObservationFilterChainDecorator$ObservationFilter.doFilter(ObservationFilterChainDecorator.java:224)
	at org.springframework.security.web.ObservationFilterChainDecorator$VirtualFilterChain.doFilter(ObservationFilterChainDecorator.java:137)
	at org.springframework.security.web.FilterChainProxy.doFilterInternal(FilterChainProxy.java:233)
	at org.springframework.security.web.FilterChainProxy.doFilter(FilterChainProxy.java:191)
	at org.springframework.web.filter.CompositeFilter$VirtualFilterChain.doFilter(CompositeFilter.java:113)
	at org.springframework.web.servlet.handler.HandlerMappingIntrospector.lambda$createCacheFilter$3(HandlerMappingIntrospector.java:243)
	at org.springframework.web.filter.CompositeFilter$VirtualFilterChain.doFilter(CompositeFilter.java:113)
	at org.springframework.web.filter.CompositeFilter.doFilter(CompositeFilter.java:74)
	at org.springframework.security.config.annotation.web.configuration.WebMvcSecurityConfiguration$CompositeFilterChainProxy.doFilter(WebMvcSecurityConfiguration.java:238)
	at org.springframework.web.filter.DelegatingFilterProxy.invokeDelegate(DelegatingFilterProxy.java:362)
	at org.springframework.web.filter.DelegatingFilterProxy.doFilter(DelegatingFilterProxy.java:278)
	at org.apache.catalina.core.ApplicationFilterChain.internalDoFilter(ApplicationFilterChain.java:164)
	at org.apache.catalina.core.ApplicationFilterChain.doFilter(ApplicationFilterChain.java:140)
	at org.springframework.web.filter.RequestContextFilter.doFilterInternal(RequestContextFilter.java:100)
	at org.springframework.web.filter.OncePerRequestFilter.doFilter(OncePerRequestFilter.java:116)
	at org.apache.catalina.core.ApplicationFilterChain.internalDoFilter(ApplicationFilterChain.java:164)
	at org.apache.catalina.core.ApplicationFilterChain.doFilter(ApplicationFilterChain.java:140)
	at org.springframework.web.filter.FormContentFilter.doFilterInternal(FormContentFilter.java:93)
	at org.springframework.web.filter.OncePerRequestFilter.doFilter(OncePerRequestFilter.java:116)
	at org.apache.catalina.core.ApplicationFilterChain.internalDoFilter(ApplicationFilterChain.java:164)
	at org.apache.catalina.core.ApplicationFilterChain.doFilter(ApplicationFilterChain.java:140)
	at org.springframework.web.filter.ServerHttpObservationFilter.doFilterInternal(ServerHttpObservationFilter.java:114)
	at org.springframework.web.filter.OncePerRequestFilter.doFilter(OncePerRequestFilter.java:116)
	at org.apache.catalina.core.ApplicationFilterChain.internalDoFilter(ApplicationFilterChain.java:164)
	at org.apache.catalina.core.ApplicationFilterChain.doFilter(ApplicationFilterChain.java:140)
	at org.springframework.web.filter.CharacterEncodingFilter.doFilterInternal(CharacterEncodingFilter.java:201)
	at org.springframework.web.filter.OncePerRequestFilter.doFilter(OncePerRequestFilter.java:116)
	at org.apache.catalina.core.ApplicationFilterChain.internalDoFilter(ApplicationFilterChain.java:164)
	at org.apache.catalina.core.ApplicationFilterChain.doFilter(ApplicationFilterChain.java:140)
	at org.apache.catalina.core.StandardWrapperValve.invoke(StandardWrapperValve.java:167)
	at org.apache.catalina.core.StandardContextValve.invoke(StandardContextValve.java:90)
	at org.apache.catalina.authenticator.AuthenticatorBase.invoke(AuthenticatorBase.java:483)
	at org.apache.catalina.core.StandardHostValve.invoke(StandardHostValve.java:115)
	at org.apache.catalina.valves.ErrorReportValve.invoke(ErrorReportValve.java:93)
	at org.apache.catalina.core.StandardEngineValve.invoke(StandardEngineValve.java:74)
	at org.apache.catalina.connector.CoyoteAdapter.service(CoyoteAdapter.java:344)
	at org.apache.coyote.http11.Http11Processor.service(Http11Processor.java:397)
	at org.apache.coyote.AbstractProcessorLight.process(AbstractProcessorLight.java:63)
	at org.apache.coyote.AbstractProtocol$ConnectionHandler.process(AbstractProtocol.java:905)
	at org.apache.tomcat.util.net.NioEndpoint$SocketProcessor.doRun(NioEndpoint.java:1741)
	at org.apache.tomcat.util.net.SocketProcessorBase.run(SocketProcessorBase.java:52)
	at org.apache.tomcat.util.threads.ThreadPoolExecutor.runWorker(ThreadPoolExecutor.java:1190)
	at org.apache.tomcat.util.threads.ThreadPoolExecutor$Worker.run(ThreadPoolExecutor.java:659)
	at org.apache.tomcat.util.threads.TaskThread$WrappingRunnable.run(TaskThread.java:63)
	at java.base/java.lang.Thread.run(Thread.java:840)
26-08-01 19:38:20.662 [http-nio-8080-exec-3] [32mTRACE[0;39m o.s.s.w.h.writers.HstsHeaderWriter   [f81b3508005c41f3bd13b5bc612f21fd | GET | /api/auth/me] - Not injecting HSTS header since it did not match request to [Is Secure]
26-08-01 19:38:20.662 [http-nio-8080-exec-3] [32mDEBUG[0;39m c.s.m.d.config.MDCLoggingInterceptor [f81b3508005c41f3bd13b5bc612f21fd | GET | /api/auth/me] - Request completed
26-08-01 19:38:20.663 [http-nio-8080-exec-3] [32mTRACE[0;39m o.s.s.w.c.HttpSessionSecurityContextRepository [ |  | ] - No HttpSession currently exists
26-08-01 19:38:20.663 [http-nio-8080-exec-3] [32mTRACE[0;39m o.s.s.w.c.SupplierDeferredSecurityContext [ |  | ] - Created SecurityContextImpl [Null authentication]
26-08-01 19:38:20.663 [http-nio-8080-exec-3] [32mTRACE[0;39m o.s.s.w.c.SupplierDeferredSecurityContext [ |  | ] - Created SecurityContextImpl [Null authentication]
26-08-01 19:38:20.663 [http-nio-8080-exec-3] [32mTRACE[0;39m o.s.s.w.a.AnonymousAuthenticationFilter [ |  | ] - Set SecurityContextHolder to AnonymousAuthenticationToken [Principal=anonymousUser, Credentials=[PROTECTED], Authenticated=true, Details=WebAuthenticationDetails [RemoteIpAddress=0:0:0:0:0:0:0:1, SessionId=null], Granted Authorities=[ROLE_ANONYMOUS]]
26-08-01 19:38:39.470 [http-nio-8080-exec-4] [32mTRACE[0;39m o.s.security.web.FilterChainProxy    [ |  | ] - Trying to match request against DefaultSecurityFilterChain defined as 'filterChain' in [class path resource [com/sprint/mission/discodeit/config/SecurityConfig.class]] matching [any request] and having filters [DisableEncodeUrl, WebAsyncManagerIntegration, SecurityContextHolder, HeaderWriter, Csrf, Logout, RequestCacheAware, SecurityContextHolderAwareRequest, AnonymousAuthentication, ExceptionTranslation] (1/1)
26-08-01 19:38:39.472 [http-nio-8080-exec-4] [32mDEBUG[0;39m o.s.security.web.FilterChainProxy    [ |  | ] - Securing GET /api/auth/csrf-token
26-08-01 19:38:39.472 [http-nio-8080-exec-4] [32mTRACE[0;39m o.s.security.web.FilterChainProxy    [ |  | ] - Invoking DisableEncodeUrlFilter (1/10)
26-08-01 19:38:39.473 [http-nio-8080-exec-4] [32mTRACE[0;39m o.s.security.web.FilterChainProxy    [ |  | ] - Invoking WebAsyncManagerIntegrationFilter (2/10)
26-08-01 19:38:39.473 [http-nio-8080-exec-4] [32mTRACE[0;39m o.s.security.web.FilterChainProxy    [ |  | ] - Invoking SecurityContextHolderFilter (3/10)
26-08-01 19:38:39.473 [http-nio-8080-exec-4] [32mTRACE[0;39m o.s.security.web.FilterChainProxy    [ |  | ] - Invoking HeaderWriterFilter (4/10)
26-08-01 19:38:39.473 [http-nio-8080-exec-4] [32mTRACE[0;39m o.s.security.web.FilterChainProxy    [ |  | ] - Invoking CsrfFilter (5/10)
26-08-01 19:38:39.474 [http-nio-8080-exec-4] [32mTRACE[0;39m o.s.security.web.csrf.CsrfFilter     [ |  | ] - Did not protect against CSRF since request did not match CsrfNotRequired [TRACE, HEAD, GET, OPTIONS]
26-08-01 19:38:39.474 [http-nio-8080-exec-4] [32mTRACE[0;39m o.s.security.web.FilterChainProxy    [ |  | ] - Invoking LogoutFilter (6/10)
26-08-01 19:38:39.474 [http-nio-8080-exec-4] [32mTRACE[0;39m o.s.s.w.a.logout.LogoutFilter        [ |  | ] - Did not match request to Ant [pattern='/logout', POST]
26-08-01 19:38:39.474 [http-nio-8080-exec-4] [32mTRACE[0;39m o.s.security.web.FilterChainProxy    [ |  | ] - Invoking RequestCacheAwareFilter (7/10)
26-08-01 19:38:39.474 [http-nio-8080-exec-4] [32mTRACE[0;39m o.s.s.w.s.HttpSessionRequestCache    [ |  | ] - matchingRequestParameterName is required for getMatchingRequest to lookup a value, but not provided
26-08-01 19:38:39.474 [http-nio-8080-exec-4] [32mTRACE[0;39m o.s.security.web.FilterChainProxy    [ |  | ] - Invoking SecurityContextHolderAwareRequestFilter (8/10)
26-08-01 19:38:39.474 [http-nio-8080-exec-4] [32mTRACE[0;39m o.s.security.web.FilterChainProxy    [ |  | ] - Invoking AnonymousAuthenticationFilter (9/10)
26-08-01 19:38:39.475 [http-nio-8080-exec-4] [32mTRACE[0;39m o.s.security.web.FilterChainProxy    [ |  | ] - Invoking ExceptionTranslationFilter (10/10)
26-08-01 19:38:39.475 [http-nio-8080-exec-4] [32mDEBUG[0;39m o.s.security.web.FilterChainProxy    [ |  | ] - Secured GET /api/auth/csrf-token
26-08-01 19:38:39.477 [http-nio-8080-exec-4] [32mDEBUG[0;39m c.s.m.d.config.MDCLoggingInterceptor [3a4c6e3752a54be0a0a8e5bbed9d9a49 | GET | /api/auth/csrf-token] - Request started
26-08-01 19:38:39.481 [http-nio-8080-exec-4] [32mDEBUG[0;39m c.s.m.d.controller.AuthController    [3a4c6e3752a54be0a0a8e5bbed9d9a49 | GET | /api/auth/csrf-token] - CSRF 토큰 요청: NuU3gxyrQron4YD26Pn477POnP5P6Jw7WXotmpoKgPLI6-M3UNVS5SWbdY0K0LXPi9TM2YD-scYtjakWahkeqatsscqsjtIP
26-08-01 19:38:39.483 [http-nio-8080-exec-4] [32mDEBUG[0;39m c.s.m.d.config.MDCLoggingInterceptor [3a4c6e3752a54be0a0a8e5bbed9d9a49 | GET | /api/auth/csrf-token] - Request completed
26-08-01 19:38:39.483 [http-nio-8080-exec-4] [32mTRACE[0;39m o.s.s.w.c.HttpSessionSecurityContextRepository [ |  | ] - No HttpSession currently exists
26-08-01 19:38:39.483 [http-nio-8080-exec-4] [32mTRACE[0;39m o.s.s.w.c.SupplierDeferredSecurityContext [ |  | ] - Created SecurityContextImpl [Null authentication]
26-08-01 19:38:39.483 [http-nio-8080-exec-4] [32mTRACE[0;39m o.s.s.w.c.SupplierDeferredSecurityContext [ |  | ] - Created SecurityContextImpl [Null authentication]
26-08-01 19:38:39.483 [http-nio-8080-exec-4] [32mTRACE[0;39m o.s.s.w.a.AnonymousAuthenticationFilter [ |  | ] - Set SecurityContextHolder to AnonymousAuthenticationToken [Principal=anonymousUser, Credentials=[PROTECTED], Authenticated=true, Details=WebAuthenticationDetails [RemoteIpAddress=0:0:0:0:0:0:0:1, SessionId=null], Granted Authorities=[ROLE_ANONYMOUS]]
26-08-01 19:38:39.484 [http-nio-8080-exec-4] [32mTRACE[0;39m o.s.s.w.h.writers.HstsHeaderWriter   [ |  | ] - Not injecting HSTS header since it did not match request to [Is Secure]
26-08-01 19:38:41.936 [http-nio-8080-exec-5] [32mTRACE[0;39m o.s.security.web.FilterChainProxy    [ |  | ] - Trying to match request against DefaultSecurityFilterChain defined as 'filterChain' in [class path resource [com/sprint/mission/discodeit/config/SecurityConfig.class]] matching [any request] and having filters [DisableEncodeUrl, WebAsyncManagerIntegration, SecurityContextHolder, HeaderWriter, Csrf, Logout, RequestCacheAware, SecurityContextHolderAwareRequest, AnonymousAuthentication, ExceptionTranslation] (1/1)
26-08-01 19:38:41.937 [http-nio-8080-exec-5] [32mDEBUG[0;39m o.s.security.web.FilterChainProxy    [ |  | ] - Securing GET /assets/index-kQJbKSsj.css
26-08-01 19:38:41.937 [http-nio-8080-exec-5] [32mTRACE[0;39m o.s.security.web.FilterChainProxy    [ |  | ] - Invoking DisableEncodeUrlFilter (1/10)
26-08-01 19:38:41.938 [http-nio-8080-exec-5] [32mTRACE[0;39m o.s.security.web.FilterChainProxy    [ |  | ] - Invoking WebAsyncManagerIntegrationFilter (2/10)
26-08-01 19:38:41.938 [http-nio-8080-exec-5] [32mTRACE[0;39m o.s.security.web.FilterChainProxy    [ |  | ] - Invoking SecurityContextHolderFilter (3/10)
26-08-01 19:38:41.938 [http-nio-8080-exec-5] [32mTRACE[0;39m o.s.security.web.FilterChainProxy    [ |  | ] - Invoking HeaderWriterFilter (4/10)
26-08-01 19:38:41.938 [http-nio-8080-exec-5] [32mTRACE[0;39m o.s.security.web.FilterChainProxy    [ |  | ] - Invoking CsrfFilter (5/10)
26-08-01 19:38:41.938 [http-nio-8080-exec-5] [32mTRACE[0;39m o.s.security.web.csrf.CsrfFilter     [ |  | ] - Did not protect against CSRF since request did not match CsrfNotRequired [TRACE, HEAD, GET, OPTIONS]
26-08-01 19:38:41.939 [http-nio-8080-exec-5] [32mTRACE[0;39m o.s.security.web.FilterChainProxy    [ |  | ] - Invoking LogoutFilter (6/10)
26-08-01 19:38:41.939 [http-nio-8080-exec-5] [32mTRACE[0;39m o.s.s.w.a.logout.LogoutFilter        [ |  | ] - Did not match request to Ant [pattern='/logout', POST]
26-08-01 19:38:41.939 [http-nio-8080-exec-5] [32mTRACE[0;39m o.s.security.web.FilterChainProxy    [ |  | ] - Invoking RequestCacheAwareFilter (7/10)
26-08-01 19:38:41.939 [http-nio-8080-exec-5] [32mTRACE[0;39m o.s.s.w.s.HttpSessionRequestCache    [ |  | ] - matchingRequestParameterName is required for getMatchingRequest to lookup a value, but not provided
26-08-01 19:38:41.939 [http-nio-8080-exec-5] [32mTRACE[0;39m o.s.security.web.FilterChainProxy    [ |  | ] - Invoking SecurityContextHolderAwareRequestFilter (8/10)
26-08-01 19:38:41.939 [http-nio-8080-exec-5] [32mTRACE[0;39m o.s.security.web.FilterChainProxy    [ |  | ] - Invoking AnonymousAuthenticationFilter (9/10)
26-08-01 19:38:41.939 [http-nio-8080-exec-5] [32mTRACE[0;39m o.s.security.web.FilterChainProxy    [ |  | ] - Invoking ExceptionTranslationFilter (10/10)
26-08-01 19:38:41.940 [http-nio-8080-exec-5] [32mDEBUG[0;39m o.s.security.web.FilterChainProxy    [ |  | ] - Secured GET /assets/index-kQJbKSsj.css
26-08-01 19:38:41.941 [http-nio-8080-exec-5] [32mDEBUG[0;39m c.s.m.d.config.MDCLoggingInterceptor [e11d51860e24439a9be2516d380b19b7 | GET | /assets/index-kQJbKSsj.css] - Request started
26-08-01 19:38:41.941 [http-nio-8080-exec-6] [32mTRACE[0;39m o.s.security.web.FilterChainProxy    [ |  | ] - Trying to match request against DefaultSecurityFilterChain defined as 'filterChain' in [class path resource [com/sprint/mission/discodeit/config/SecurityConfig.class]] matching [any request] and having filters [DisableEncodeUrl, WebAsyncManagerIntegration, SecurityContextHolder, HeaderWriter, Csrf, Logout, RequestCacheAware, SecurityContextHolderAwareRequest, AnonymousAuthentication, ExceptionTranslation] (1/1)
26-08-01 19:38:41.941 [http-nio-8080-exec-6] [32mDEBUG[0;39m o.s.security.web.FilterChainProxy    [ |  | ] - Securing GET /.well-known/appspecific/com.chrome.devtools.json
26-08-01 19:38:41.941 [http-nio-8080-exec-6] [32mTRACE[0;39m o.s.security.web.FilterChainProxy    [ |  | ] - Invoking DisableEncodeUrlFilter (1/10)
26-08-01 19:38:41.941 [http-nio-8080-exec-6] [32mTRACE[0;39m o.s.security.web.FilterChainProxy    [ |  | ] - Invoking WebAsyncManagerIntegrationFilter (2/10)
26-08-01 19:38:41.941 [http-nio-8080-exec-6] [32mTRACE[0;39m o.s.security.web.FilterChainProxy    [ |  | ] - Invoking SecurityContextHolderFilter (3/10)
26-08-01 19:38:41.941 [http-nio-8080-exec-6] [32mTRACE[0;39m o.s.security.web.FilterChainProxy    [ |  | ] - Invoking HeaderWriterFilter (4/10)
26-08-01 19:38:41.941 [http-nio-8080-exec-6] [32mTRACE[0;39m o.s.security.web.FilterChainProxy    [ |  | ] - Invoking CsrfFilter (5/10)
26-08-01 19:38:41.941 [http-nio-8080-exec-6] [32mTRACE[0;39m o.s.security.web.csrf.CsrfFilter     [ |  | ] - Did not protect against CSRF since request did not match CsrfNotRequired [TRACE, HEAD, GET, OPTIONS]
26-08-01 19:38:41.942 [http-nio-8080-exec-6] [32mTRACE[0;39m o.s.security.web.FilterChainProxy    [ |  | ] - Invoking LogoutFilter (6/10)
26-08-01 19:38:41.942 [http-nio-8080-exec-6] [32mTRACE[0;39m o.s.s.w.a.logout.LogoutFilter        [ |  | ] - Did not match request to Ant [pattern='/logout', POST]
26-08-01 19:38:41.942 [http-nio-8080-exec-6] [32mTRACE[0;39m o.s.security.web.FilterChainProxy    [ |  | ] - Invoking RequestCacheAwareFilter (7/10)
26-08-01 19:38:41.942 [http-nio-8080-exec-6] [32mTRACE[0;39m o.s.s.w.s.HttpSessionRequestCache    [ |  | ] - matchingRequestParameterName is required for getMatchingRequest to lookup a value, but not provided
26-08-01 19:38:41.942 [http-nio-8080-exec-6] [32mTRACE[0;39m o.s.security.web.FilterChainProxy    [ |  | ] - Invoking SecurityContextHolderAwareRequestFilter (8/10)
26-08-01 19:38:41.942 [http-nio-8080-exec-6] [32mTRACE[0;39m o.s.security.web.FilterChainProxy    [ |  | ] - Invoking AnonymousAuthenticationFilter (9/10)
26-08-01 19:38:41.942 [http-nio-8080-exec-6] [32mTRACE[0;39m o.s.security.web.FilterChainProxy    [ |  | ] - Invoking ExceptionTranslationFilter (10/10)
26-08-01 19:38:41.942 [http-nio-8080-exec-6] [32mDEBUG[0;39m o.s.security.web.FilterChainProxy    [ |  | ] - Secured GET /.well-known/appspecific/com.chrome.devtools.json
26-08-01 19:38:41.942 [http-nio-8080-exec-5] [32mTRACE[0;39m o.s.s.w.h.writers.HstsHeaderWriter   [e11d51860e24439a9be2516d380b19b7 | GET | /assets/index-kQJbKSsj.css] - Not injecting HSTS header since it did not match request to [Is Secure]
26-08-01 19:38:41.943 [http-nio-8080-exec-5] [32mDEBUG[0;39m c.s.m.d.config.MDCLoggingInterceptor [e11d51860e24439a9be2516d380b19b7 | GET | /assets/index-kQJbKSsj.css] - Request completed
26-08-01 19:38:41.943 [http-nio-8080-exec-6] [32mDEBUG[0;39m c.s.m.d.config.MDCLoggingInterceptor [59a793ebb10447aab8fa7849ac07ccb8 | GET | /.well-known/appspecific/com.chrome.devtools.json] - Request started
26-08-01 19:38:41.943 [http-nio-8080-exec-5] [32mTRACE[0;39m o.s.s.w.c.HttpSessionSecurityContextRepository [ |  | ] - No HttpSession currently exists
26-08-01 19:38:41.944 [http-nio-8080-exec-5] [32mTRACE[0;39m o.s.s.w.c.SupplierDeferredSecurityContext [ |  | ] - Created SecurityContextImpl [Null authentication]
26-08-01 19:38:41.944 [http-nio-8080-exec-5] [32mTRACE[0;39m o.s.s.w.c.SupplierDeferredSecurityContext [ |  | ] - Created SecurityContextImpl [Null authentication]
26-08-01 19:38:41.944 [http-nio-8080-exec-5] [32mTRACE[0;39m o.s.s.w.a.AnonymousAuthenticationFilter [ |  | ] - Set SecurityContextHolder to AnonymousAuthenticationToken [Principal=anonymousUser, Credentials=[PROTECTED], Authenticated=true, Details=WebAuthenticationDetails [RemoteIpAddress=0:0:0:0:0:0:0:1, SessionId=null], Granted Authorities=[ROLE_ANONYMOUS]]
26-08-01 19:38:41.949 [http-nio-8080-exec-6] [31mERROR[0;39m c.s.m.d.e.GlobalExceptionHandler     [59a793ebb10447aab8fa7849ac07ccb8 | GET | /.well-known/appspecific/com.chrome.devtools.json] - 예상치 못한 오류 발생: No static resource .well-known/appspecific/com.chrome.devtools.json.
org.springframework.web.servlet.resource.NoResourceFoundException: No static resource .well-known/appspecific/com.chrome.devtools.json.
	at org.springframework.web.servlet.resource.ResourceHttpRequestHandler.handleRequest(ResourceHttpRequestHandler.java:585)
	at org.springframework.web.servlet.mvc.HttpRequestHandlerAdapter.handle(HttpRequestHandlerAdapter.java:52)
	at org.springframework.web.servlet.DispatcherServlet.doDispatch(DispatcherServlet.java:1088)
	at org.springframework.web.servlet.DispatcherServlet.doService(DispatcherServlet.java:978)
	at org.springframework.web.servlet.FrameworkServlet.processRequest(FrameworkServlet.java:1014)
	at org.springframework.web.servlet.FrameworkServlet.doGet(FrameworkServlet.java:903)
	at jakarta.servlet.http.HttpServlet.service(HttpServlet.java:564)
	at org.springframework.web.servlet.FrameworkServlet.service(FrameworkServlet.java:885)
	at jakarta.servlet.http.HttpServlet.service(HttpServlet.java:658)
	at org.apache.catalina.core.ApplicationFilterChain.internalDoFilter(ApplicationFilterChain.java:195)
	at org.apache.catalina.core.ApplicationFilterChain.doFilter(ApplicationFilterChain.java:140)
	at org.apache.tomcat.websocket.server.WsFilter.doFilter(WsFilter.java:51)
	at org.apache.catalina.core.ApplicationFilterChain.internalDoFilter(ApplicationFilterChain.java:164)
	at org.apache.catalina.core.ApplicationFilterChain.doFilter(ApplicationFilterChain.java:140)
	at org.springframework.web.filter.CompositeFilter$VirtualFilterChain.doFilter(CompositeFilter.java:108)
	at org.springframework.security.web.FilterChainProxy.lambda$doFilterInternal$3(FilterChainProxy.java:231)
	at org.springframework.security.web.ObservationFilterChainDecorator$FilterObservation$SimpleFilterObservation.lambda$wrap$1(ObservationFilterChainDecorator.java:479)
	at org.springframework.security.web.ObservationFilterChainDecorator$AroundFilterObservation$SimpleAroundFilterObservation.lambda$wrap$1(ObservationFilterChainDecorator.java:340)
	at org.springframework.security.web.ObservationFilterChainDecorator.lambda$wrapSecured$0(ObservationFilterChainDecorator.java:82)
	at org.springframework.security.web.ObservationFilterChainDecorator$VirtualFilterChain.doFilter(ObservationFilterChainDecorator.java:128)
	at org.springframework.security.web.access.ExceptionTranslationFilter.doFilter(ExceptionTranslationFilter.java:126)
	at org.springframework.security.web.access.ExceptionTranslationFilter.doFilter(ExceptionTranslationFilter.java:120)
	at org.springframework.security.web.ObservationFilterChainDecorator$ObservationFilter.wrapFilter(ObservationFilterChainDecorator.java:240)
	at org.springframework.security.web.ObservationFilterChainDecorator$ObservationFilter.doFilter(ObservationFilterChainDecorator.java:227)
	at org.springframework.security.web.ObservationFilterChainDecorator$VirtualFilterChain.doFilter(ObservationFilterChainDecorator.java:137)
	at org.springframework.security.web.authentication.AnonymousAuthenticationFilter.doFilter(AnonymousAuthenticationFilter.java:100)
	at org.springframework.security.web.ObservationFilterChainDecorator$ObservationFilter.wrapFilter(ObservationFilterChainDecorator.java:240)
	at org.springframework.security.web.ObservationFilterChainDecorator$ObservationFilter.doFilter(ObservationFilterChainDecorator.java:227)
	at org.springframework.security.web.ObservationFilterChainDecorator$VirtualFilterChain.doFilter(ObservationFilterChainDecorator.java:137)
	at org.springframework.security.web.servletapi.SecurityContextHolderAwareRequestFilter.doFilter(SecurityContextHolderAwareRequestFilter.java:179)
	at org.springframework.security.web.ObservationFilterChainDecorator$ObservationFilter.wrapFilter(ObservationFilterChainDecorator.java:240)
	at org.springframework.security.web.ObservationFilterChainDecorator$ObservationFilter.doFilter(ObservationFilterChainDecorator.java:227)
	at org.springframework.security.web.ObservationFilterChainDecorator$VirtualFilterChain.doFilter(ObservationFilterChainDecorator.java:137)
	at org.springframework.security.web.savedrequest.RequestCacheAwareFilter.doFilter(RequestCacheAwareFilter.java:63)
	at org.springframework.security.web.ObservationFilterChainDecorator$ObservationFilter.wrapFilter(ObservationFilterChainDecorator.java:240)
	at org.springframework.security.web.ObservationFilterChainDecorator$ObservationFilter.doFilter(ObservationFilterChainDecorator.java:227)
	at org.springframework.security.web.ObservationFilterChainDecorator$VirtualFilterChain.doFilter(ObservationFilterChainDecorator.java:137)
	at org.springframework.security.web.authentication.logout.LogoutFilter.doFilter(LogoutFilter.java:107)
	at org.springframework.security.web.authentication.logout.LogoutFilter.doFilter(LogoutFilter.java:93)
	at org.springframework.security.web.ObservationFilterChainDecorator$ObservationFilter.wrapFilter(ObservationFilterChainDecorator.java:240)
	at org.springframework.security.web.ObservationFilterChainDecorator$ObservationFilter.doFilter(ObservationFilterChainDecorator.java:227)
	at org.springframework.security.web.ObservationFilterChainDecorator$VirtualFilterChain.doFilter(ObservationFilterChainDecorator.java:137)
	at org.springframework.security.web.csrf.CsrfFilter.doFilterInternal(CsrfFilter.java:117)
	at org.springframework.web.filter.OncePerRequestFilter.doFilter(OncePerRequestFilter.java:116)
	at org.springframework.security.web.ObservationFilterChainDecorator$ObservationFilter.wrapFilter(ObservationFilterChainDecorator.java:240)
	at org.springframework.security.web.ObservationFilterChainDecorator$ObservationFilter.doFilter(ObservationFilterChainDecorator.java:227)
	at org.springframework.security.web.ObservationFilterChainDecorator$VirtualFilterChain.doFilter(ObservationFilterChainDecorator.java:137)
	at org.springframework.security.web.header.HeaderWriterFilter.doHeadersAfter(HeaderWriterFilter.java:90)
	at org.springframework.security.web.header.HeaderWriterFilter.doFilterInternal(HeaderWriterFilter.java:75)
	at org.springframework.web.filter.OncePerRequestFilter.doFilter(OncePerRequestFilter.java:116)
	at org.springframework.security.web.ObservationFilterChainDecorator$ObservationFilter.wrapFilter(ObservationFilterChainDecorator.java:240)
	at org.springframework.security.web.ObservationFilterChainDecorator$ObservationFilter.doFilter(ObservationFilterChainDecorator.java:227)
	at org.springframework.security.web.ObservationFilterChainDecorator$VirtualFilterChain.doFilter(ObservationFilterChainDecorator.java:137)
	at org.springframework.security.web.context.SecurityContextHolderFilter.doFilter(SecurityContextHolderFilter.java:82)
	at org.springframework.security.web.context.SecurityContextHolderFilter.doFilter(SecurityContextHolderFilter.java:69)
	at org.springframework.security.web.ObservationFilterChainDecorator$ObservationFilter.wrapFilter(ObservationFilterChainDecorator.java:240)
	at org.springframework.security.web.ObservationFilterChainDecorator$ObservationFilter.doFilter(ObservationFilterChainDecorator.java:227)
	at org.springframework.security.web.ObservationFilterChainDecorator$VirtualFilterChain.doFilter(ObservationFilterChainDecorator.java:137)
	at org.springframework.security.web.context.request.async.WebAsyncManagerIntegrationFilter.doFilterInternal(WebAsyncManagerIntegrationFilter.java:62)
	at org.springframework.web.filter.OncePerRequestFilter.doFilter(OncePerRequestFilter.java:116)
	at org.springframework.security.web.ObservationFilterChainDecorator$ObservationFilter.wrapFilter(ObservationFilterChainDecorator.java:240)
	at org.springframework.security.web.ObservationFilterChainDecorator$ObservationFilter.doFilter(ObservationFilterChainDecorator.java:227)
	at org.springframework.security.web.ObservationFilterChainDecorator$VirtualFilterChain.doFilter(ObservationFilterChainDecorator.java:137)
	at org.springframework.security.web.session.DisableEncodeUrlFilter.doFilterInternal(DisableEncodeUrlFilter.java:42)
	at org.springframework.web.filter.OncePerRequestFilter.doFilter(OncePerRequestFilter.java:116)
	at org.springframework.security.web.ObservationFilterChainDecorator$ObservationFilter.wrapFilter(ObservationFilterChainDecorator.java:240)
	at org.springframework.security.web.ObservationFilterChainDecorator$AroundFilterObservation$SimpleAroundFilterObservation.lambda$wrap$0(ObservationFilterChainDecorator.java:323)
	at org.springframework.security.web.ObservationFilterChainDecorator$ObservationFilter.doFilter(ObservationFilterChainDecorator.java:224)
	at org.springframework.security.web.ObservationFilterChainDecorator$VirtualFilterChain.doFilter(ObservationFilterChainDecorator.java:137)
	at org.springframework.security.web.FilterChainProxy.doFilterInternal(FilterChainProxy.java:233)
	at org.springframework.security.web.FilterChainProxy.doFilter(FilterChainProxy.java:191)
	at org.springframework.web.filter.CompositeFilter$VirtualFilterChain.doFilter(CompositeFilter.java:113)
	at org.springframework.web.servlet.handler.HandlerMappingIntrospector.lambda$createCacheFilter$3(HandlerMappingIntrospector.java:243)
	at org.springframework.web.filter.CompositeFilter$VirtualFilterChain.doFilter(CompositeFilter.java:113)
	at org.springframework.web.filter.CompositeFilter.doFilter(CompositeFilter.java:74)
	at org.springframework.security.config.annotation.web.configuration.WebMvcSecurityConfiguration$CompositeFilterChainProxy.doFilter(WebMvcSecurityConfiguration.java:238)
	at org.springframework.web.filter.DelegatingFilterProxy.invokeDelegate(DelegatingFilterProxy.java:362)
	at org.springframework.web.filter.DelegatingFilterProxy.doFilter(DelegatingFilterProxy.java:278)
	at org.apache.catalina.core.ApplicationFilterChain.internalDoFilter(ApplicationFilterChain.java:164)
	at org.apache.catalina.core.ApplicationFilterChain.doFilter(ApplicationFilterChain.java:140)
	at org.springframework.web.filter.RequestContextFilter.doFilterInternal(RequestContextFilter.java:100)
	at org.springframework.web.filter.OncePerRequestFilter.doFilter(OncePerRequestFilter.java:116)
	at org.apache.catalina.core.ApplicationFilterChain.internalDoFilter(ApplicationFilterChain.java:164)
	at org.apache.catalina.core.ApplicationFilterChain.doFilter(ApplicationFilterChain.java:140)
	at org.springframework.web.filter.FormContentFilter.doFilterInternal(FormContentFilter.java:93)
	at org.springframework.web.filter.OncePerRequestFilter.doFilter(OncePerRequestFilter.java:116)
	at org.apache.catalina.core.ApplicationFilterChain.internalDoFilter(ApplicationFilterChain.java:164)
	at org.apache.catalina.core.ApplicationFilterChain.doFilter(ApplicationFilterChain.java:140)
	at org.springframework.web.filter.ServerHttpObservationFilter.doFilterInternal(ServerHttpObservationFilter.java:114)
	at org.springframework.web.filter.OncePerRequestFilter.doFilter(OncePerRequestFilter.java:116)
	at org.apache.catalina.core.ApplicationFilterChain.internalDoFilter(ApplicationFilterChain.java:164)
	at org.apache.catalina.core.ApplicationFilterChain.doFilter(ApplicationFilterChain.java:140)
	at org.springframework.web.filter.CharacterEncodingFilter.doFilterInternal(CharacterEncodingFilter.java:201)
	at org.springframework.web.filter.OncePerRequestFilter.doFilter(OncePerRequestFilter.java:116)
	at org.apache.catalina.core.ApplicationFilterChain.internalDoFilter(ApplicationFilterChain.java:164)
	at org.apache.catalina.core.ApplicationFilterChain.doFilter(ApplicationFilterChain.java:140)
	at org.apache.catalina.core.StandardWrapperValve.invoke(StandardWrapperValve.java:167)
	at org.apache.catalina.core.StandardContextValve.invoke(StandardContextValve.java:90)
	at org.apache.catalina.authenticator.AuthenticatorBase.invoke(AuthenticatorBase.java:483)
	at org.apache.catalina.core.StandardHostValve.invoke(StandardHostValve.java:115)
	at org.apache.catalina.valves.ErrorReportValve.invoke(ErrorReportValve.java:93)
	at org.apache.catalina.core.StandardEngineValve.invoke(StandardEngineValve.java:74)
	at org.apache.catalina.connector.CoyoteAdapter.service(CoyoteAdapter.java:344)
	at org.apache.coyote.http11.Http11Processor.service(Http11Processor.java:397)
	at org.apache.coyote.AbstractProcessorLight.process(AbstractProcessorLight.java:63)
	at org.apache.coyote.AbstractProtocol$ConnectionHandler.process(AbstractProtocol.java:905)
	at org.apache.tomcat.util.net.NioEndpoint$SocketProcessor.doRun(NioEndpoint.java:1741)
	at org.apache.tomcat.util.net.SocketProcessorBase.run(SocketProcessorBase.java:52)
	at org.apache.tomcat.util.threads.ThreadPoolExecutor.runWorker(ThreadPoolExecutor.java:1190)
	at org.apache.tomcat.util.threads.ThreadPoolExecutor$Worker.run(ThreadPoolExecutor.java:659)
	at org.apache.tomcat.util.threads.TaskThread$WrappingRunnable.run(TaskThread.java:63)
	at java.base/java.lang.Thread.run(Thread.java:840)
26-08-01 19:38:41.958 [http-nio-8080-exec-6] [32mTRACE[0;39m o.s.s.w.h.writers.HstsHeaderWriter   [59a793ebb10447aab8fa7849ac07ccb8 | GET | /.well-known/appspecific/com.chrome.devtools.json] - Not injecting HSTS header since it did not match request to [Is Secure]
26-08-01 19:38:41.964 [http-nio-8080-exec-6] [32mDEBUG[0;39m c.s.m.d.config.MDCLoggingInterceptor [59a793ebb10447aab8fa7849ac07ccb8 | GET | /.well-known/appspecific/com.chrome.devtools.json] - Request completed
26-08-01 19:38:41.965 [http-nio-8080-exec-6] [32mTRACE[0;39m o.s.s.w.c.HttpSessionSecurityContextRepository [ |  | ] - No HttpSession currently exists
26-08-01 19:38:41.965 [http-nio-8080-exec-6] [32mTRACE[0;39m o.s.s.w.c.SupplierDeferredSecurityContext [ |  | ] - Created SecurityContextImpl [Null authentication]
26-08-01 19:38:41.965 [http-nio-8080-exec-6] [32mTRACE[0;39m o.s.s.w.c.SupplierDeferredSecurityContext [ |  | ] - Created SecurityContextImpl [Null authentication]
26-08-01 19:38:41.965 [http-nio-8080-exec-6] [32mTRACE[0;39m o.s.s.w.a.AnonymousAuthenticationFilter [ |  | ] - Set SecurityContextHolder to AnonymousAuthenticationToken [Principal=anonymousUser, Credentials=[PROTECTED], Authenticated=true, Details=WebAuthenticationDetails [RemoteIpAddress=0:0:0:0:0:0:0:1, SessionId=null], Granted Authorities=[ROLE_ANONYMOUS]]
26-08-01 19:39:05.059 [http-nio-8080-exec-7] [32mTRACE[0;39m o.s.security.web.FilterChainProxy    [ |  | ] - Trying to match request against DefaultSecurityFilterChain defined as 'filterChain' in [class path resource [com/sprint/mission/discodeit/config/SecurityConfig.class]] matching [any request] and having filters [DisableEncodeUrl, WebAsyncManagerIntegration, SecurityContextHolder, HeaderWriter, Csrf, Logout, RequestCacheAware, SecurityContextHolderAwareRequest, AnonymousAuthentication, ExceptionTranslation] (1/1)
26-08-01 19:39:05.063 [http-nio-8080-exec-7] [32mDEBUG[0;39m o.s.security.web.FilterChainProxy    [ |  | ] - Securing GET /
26-08-01 19:39:05.063 [http-nio-8080-exec-7] [32mTRACE[0;39m o.s.security.web.FilterChainProxy    [ |  | ] - Invoking DisableEncodeUrlFilter (1/10)
26-08-01 19:39:05.064 [http-nio-8080-exec-7] [32mTRACE[0;39m o.s.security.web.FilterChainProxy    [ |  | ] - Invoking WebAsyncManagerIntegrationFilter (2/10)
26-08-01 19:39:05.064 [http-nio-8080-exec-7] [32mTRACE[0;39m o.s.security.web.FilterChainProxy    [ |  | ] - Invoking SecurityContextHolderFilter (3/10)
26-08-01 19:39:05.064 [http-nio-8080-exec-7] [32mTRACE[0;39m o.s.security.web.FilterChainProxy    [ |  | ] - Invoking HeaderWriterFilter (4/10)
26-08-01 19:39:05.064 [http-nio-8080-exec-7] [32mTRACE[0;39m o.s.security.web.FilterChainProxy    [ |  | ] - Invoking CsrfFilter (5/10)
26-08-01 19:39:05.065 [http-nio-8080-exec-7] [32mTRACE[0;39m o.s.security.web.csrf.CsrfFilter     [ |  | ] - Did not protect against CSRF since request did not match CsrfNotRequired [TRACE, HEAD, GET, OPTIONS]
26-08-01 19:39:05.065 [http-nio-8080-exec-7] [32mTRACE[0;39m o.s.security.web.FilterChainProxy    [ |  | ] - Invoking LogoutFilter (6/10)
26-08-01 19:39:05.065 [http-nio-8080-exec-7] [32mTRACE[0;39m o.s.s.w.a.logout.LogoutFilter        [ |  | ] - Did not match request to Ant [pattern='/logout', POST]
26-08-01 19:39:05.065 [http-nio-8080-exec-7] [32mTRACE[0;39m o.s.security.web.FilterChainProxy    [ |  | ] - Invoking RequestCacheAwareFilter (7/10)
26-08-01 19:39:05.066 [http-nio-8080-exec-7] [32mTRACE[0;39m o.s.s.w.s.HttpSessionRequestCache    [ |  | ] - matchingRequestParameterName is required for getMatchingRequest to lookup a value, but not provided
26-08-01 19:39:05.066 [http-nio-8080-exec-7] [32mTRACE[0;39m o.s.security.web.FilterChainProxy    [ |  | ] - Invoking SecurityContextHolderAwareRequestFilter (8/10)
26-08-01 19:39:05.066 [http-nio-8080-exec-7] [32mTRACE[0;39m o.s.security.web.FilterChainProxy    [ |  | ] - Invoking AnonymousAuthenticationFilter (9/10)
26-08-01 19:39:05.066 [http-nio-8080-exec-7] [32mTRACE[0;39m o.s.security.web.FilterChainProxy    [ |  | ] - Invoking ExceptionTranslationFilter (10/10)
26-08-01 19:39:05.069 [http-nio-8080-exec-7] [32mDEBUG[0;39m o.s.security.web.FilterChainProxy    [ |  | ] - Secured GET /
26-08-01 19:39:05.072 [http-nio-8080-exec-7] [32mDEBUG[0;39m c.s.m.d.config.MDCLoggingInterceptor [49b229e0de8d40a081d3db18d82d6f1e | GET | /] - Request started
26-08-01 19:39:05.074 [http-nio-8080-exec-7] [32mTRACE[0;39m o.s.security.web.FilterChainProxy    [49b229e0de8d40a081d3db18d82d6f1e | GET | /] - Trying to match request against DefaultSecurityFilterChain defined as 'filterChain' in [class path resource [com/sprint/mission/discodeit/config/SecurityConfig.class]] matching [any request] and having filters [DisableEncodeUrl, WebAsyncManagerIntegration, SecurityContextHolder, HeaderWriter, Csrf, Logout, RequestCacheAware, SecurityContextHolderAwareRequest, AnonymousAuthentication, ExceptionTranslation] (1/1)
26-08-01 19:39:05.075 [http-nio-8080-exec-7] [32mDEBUG[0;39m o.s.security.web.FilterChainProxy    [49b229e0de8d40a081d3db18d82d6f1e | GET | /] - Securing GET /index.html
26-08-01 19:39:05.075 [http-nio-8080-exec-7] [32mTRACE[0;39m o.s.security.web.FilterChainProxy    [49b229e0de8d40a081d3db18d82d6f1e | GET | /] - Invoking DisableEncodeUrlFilter (1/10)
26-08-01 19:39:05.076 [http-nio-8080-exec-7] [32mTRACE[0;39m o.s.security.web.FilterChainProxy    [49b229e0de8d40a081d3db18d82d6f1e | GET | /] - Invoking WebAsyncManagerIntegrationFilter (2/10)
26-08-01 19:39:05.077 [http-nio-8080-exec-7] [32mTRACE[0;39m o.s.security.web.FilterChainProxy    [49b229e0de8d40a081d3db18d82d6f1e | GET | /] - Invoking SecurityContextHolderFilter (3/10)
26-08-01 19:39:05.077 [http-nio-8080-exec-7] [32mTRACE[0;39m o.s.security.web.FilterChainProxy    [49b229e0de8d40a081d3db18d82d6f1e | GET | /] - Invoking HeaderWriterFilter (4/10)
26-08-01 19:39:05.077 [http-nio-8080-exec-7] [32mTRACE[0;39m o.s.security.web.FilterChainProxy    [49b229e0de8d40a081d3db18d82d6f1e | GET | /] - Invoking CsrfFilter (5/10)
26-08-01 19:39:05.077 [http-nio-8080-exec-7] [32mTRACE[0;39m o.s.security.web.FilterChainProxy    [49b229e0de8d40a081d3db18d82d6f1e | GET | /] - Invoking LogoutFilter (6/10)
26-08-01 19:39:05.077 [http-nio-8080-exec-7] [32mTRACE[0;39m o.s.s.w.a.logout.LogoutFilter        [49b229e0de8d40a081d3db18d82d6f1e | GET | /] - Did not match request to Ant [pattern='/logout', POST]
26-08-01 19:39:05.077 [http-nio-8080-exec-7] [32mTRACE[0;39m o.s.security.web.FilterChainProxy    [49b229e0de8d40a081d3db18d82d6f1e | GET | /] - Invoking RequestCacheAwareFilter (7/10)
26-08-01 19:39:05.077 [http-nio-8080-exec-7] [32mTRACE[0;39m o.s.s.w.s.HttpSessionRequestCache    [49b229e0de8d40a081d3db18d82d6f1e | GET | /] - matchingRequestParameterName is required for getMatchingRequest to lookup a value, but not provided
26-08-01 19:39:05.078 [http-nio-8080-exec-7] [32mTRACE[0;39m o.s.security.web.FilterChainProxy    [49b229e0de8d40a081d3db18d82d6f1e | GET | /] - Invoking SecurityContextHolderAwareRequestFilter (8/10)
26-08-01 19:39:05.078 [http-nio-8080-exec-7] [32mTRACE[0;39m o.s.security.web.FilterChainProxy    [49b229e0de8d40a081d3db18d82d6f1e | GET | /] - Invoking AnonymousAuthenticationFilter (9/10)
26-08-01 19:39:05.078 [http-nio-8080-exec-7] [32mTRACE[0;39m o.s.security.web.FilterChainProxy    [49b229e0de8d40a081d3db18d82d6f1e | GET | /] - Invoking ExceptionTranslationFilter (10/10)
26-08-01 19:39:05.078 [http-nio-8080-exec-7] [32mDEBUG[0;39m o.s.security.web.FilterChainProxy    [49b229e0de8d40a081d3db18d82d6f1e | GET | /] - Secured GET /index.html
26-08-01 19:39:05.079 [http-nio-8080-exec-7] [32mDEBUG[0;39m c.s.m.d.config.MDCLoggingInterceptor [b27b344c75554483a55833d562fcf8aa | GET | /index.html] - Request started
26-08-01 19:39:05.081 [http-nio-8080-exec-7] [32mTRACE[0;39m o.s.s.w.h.writers.HstsHeaderWriter   [b27b344c75554483a55833d562fcf8aa | GET | /index.html] - Not injecting HSTS header since it did not match request to [Is Secure]
26-08-01 19:39:05.081 [http-nio-8080-exec-7] [32mDEBUG[0;39m c.s.m.d.config.MDCLoggingInterceptor [b27b344c75554483a55833d562fcf8aa | GET | /index.html] - Request completed
26-08-01 19:39:05.082 [http-nio-8080-exec-7] [32mTRACE[0;39m o.s.s.w.c.HttpSessionSecurityContextRepository [ |  | ] - No HttpSession currently exists
26-08-01 19:39:05.082 [http-nio-8080-exec-7] [32mTRACE[0;39m o.s.s.w.c.SupplierDeferredSecurityContext [ |  | ] - Created SecurityContextImpl [Null authentication]
26-08-01 19:39:05.082 [http-nio-8080-exec-7] [32mTRACE[0;39m o.s.s.w.c.SupplierDeferredSecurityContext [ |  | ] - Created SecurityContextImpl [Null authentication]
26-08-01 19:39:05.082 [http-nio-8080-exec-7] [32mTRACE[0;39m o.s.s.w.a.AnonymousAuthenticationFilter [ |  | ] - Set SecurityContextHolder to AnonymousAuthenticationToken [Principal=anonymousUser, Credentials=[PROTECTED], Authenticated=true, Details=WebAuthenticationDetails [RemoteIpAddress=0:0:0:0:0:0:0:1, SessionId=null], Granted Authorities=[ROLE_ANONYMOUS]]
26-08-01 19:39:05.082 [http-nio-8080-exec-7] [32mTRACE[0;39m o.s.s.w.a.AnonymousAuthenticationFilter [ |  | ] - Did not set SecurityContextHolder since already authenticated AnonymousAuthenticationToken [Principal=anonymousUser, Credentials=[PROTECTED], Authenticated=true, Details=WebAuthenticationDetails [RemoteIpAddress=0:0:0:0:0:0:0:1, SessionId=null], Granted Authorities=[ROLE_ANONYMOUS]]
26-08-01 19:39:05.083 [http-nio-8080-exec-7] [32mDEBUG[0;39m c.s.m.d.config.MDCLoggingInterceptor [ |  | ] - Request completed
26-08-01 19:39:05.095 [http-nio-8080-exec-9] [32mTRACE[0;39m o.s.security.web.FilterChainProxy    [ |  | ] - Trying to match request against DefaultSecurityFilterChain defined as 'filterChain' in [class path resource [com/sprint/mission/discodeit/config/SecurityConfig.class]] matching [any request] and having filters [DisableEncodeUrl, WebAsyncManagerIntegration, SecurityContextHolder, HeaderWriter, Csrf, Logout, RequestCacheAware, SecurityContextHolderAwareRequest, AnonymousAuthentication, ExceptionTranslation] (1/1)
26-08-01 19:39:05.095 [http-nio-8080-exec-8] [32mTRACE[0;39m o.s.security.web.FilterChainProxy    [ |  | ] - Trying to match request against DefaultSecurityFilterChain defined as 'filterChain' in [class path resource [com/sprint/mission/discodeit/config/SecurityConfig.class]] matching [any request] and having filters [DisableEncodeUrl, WebAsyncManagerIntegration, SecurityContextHolder, HeaderWriter, Csrf, Logout, RequestCacheAware, SecurityContextHolderAwareRequest, AnonymousAuthentication, ExceptionTranslation] (1/1)
26-08-01 19:39:05.095 [http-nio-8080-exec-9] [32mDEBUG[0;39m o.s.security.web.FilterChainProxy    [ |  | ] - Securing GET /assets/index-pvm8va9e.js
26-08-01 19:39:05.095 [http-nio-8080-exec-8] [32mDEBUG[0;39m o.s.security.web.FilterChainProxy    [ |  | ] - Securing GET /assets/index-kQJbKSsj.css
26-08-01 19:39:05.095 [http-nio-8080-exec-9] [32mTRACE[0;39m o.s.security.web.FilterChainProxy    [ |  | ] - Invoking DisableEncodeUrlFilter (1/10)
26-08-01 19:39:05.095 [http-nio-8080-exec-8] [32mTRACE[0;39m o.s.security.web.FilterChainProxy    [ |  | ] - Invoking DisableEncodeUrlFilter (1/10)
26-08-01 19:39:05.095 [http-nio-8080-exec-9] [32mTRACE[0;39m o.s.security.web.FilterChainProxy    [ |  | ] - Invoking WebAsyncManagerIntegrationFilter (2/10)
26-08-01 19:39:05.095 [http-nio-8080-exec-8] [32mTRACE[0;39m o.s.security.web.FilterChainProxy    [ |  | ] - Invoking WebAsyncManagerIntegrationFilter (2/10)
26-08-01 19:39:05.096 [http-nio-8080-exec-8] [32mTRACE[0;39m o.s.security.web.FilterChainProxy    [ |  | ] - Invoking SecurityContextHolderFilter (3/10)
26-08-01 19:39:05.096 [http-nio-8080-exec-9] [32mTRACE[0;39m o.s.security.web.FilterChainProxy    [ |  | ] - Invoking SecurityContextHolderFilter (3/10)
26-08-01 19:39:05.096 [http-nio-8080-exec-8] [32mTRACE[0;39m o.s.security.web.FilterChainProxy    [ |  | ] - Invoking HeaderWriterFilter (4/10)
26-08-01 19:39:05.096 [http-nio-8080-exec-9] [32mTRACE[0;39m o.s.security.web.FilterChainProxy    [ |  | ] - Invoking HeaderWriterFilter (4/10)
26-08-01 19:39:05.096 [http-nio-8080-exec-8] [32mTRACE[0;39m o.s.security.web.FilterChainProxy    [ |  | ] - Invoking CsrfFilter (5/10)
26-08-01 19:39:05.096 [http-nio-8080-exec-9] [32mTRACE[0;39m o.s.security.web.FilterChainProxy    [ |  | ] - Invoking CsrfFilter (5/10)
26-08-01 19:39:05.096 [http-nio-8080-exec-8] [32mTRACE[0;39m o.s.security.web.csrf.CsrfFilter     [ |  | ] - Did not protect against CSRF since request did not match CsrfNotRequired [TRACE, HEAD, GET, OPTIONS]
26-08-01 19:39:05.096 [http-nio-8080-exec-9] [32mTRACE[0;39m o.s.security.web.csrf.CsrfFilter     [ |  | ] - Did not protect against CSRF since request did not match CsrfNotRequired [TRACE, HEAD, GET, OPTIONS]
26-08-01 19:39:05.096 [http-nio-8080-exec-8] [32mTRACE[0;39m o.s.security.web.FilterChainProxy    [ |  | ] - Invoking LogoutFilter (6/10)
26-08-01 19:39:05.096 [http-nio-8080-exec-9] [32mTRACE[0;39m o.s.security.web.FilterChainProxy    [ |  | ] - Invoking LogoutFilter (6/10)
26-08-01 19:39:05.096 [http-nio-8080-exec-8] [32mTRACE[0;39m o.s.s.w.a.logout.LogoutFilter        [ |  | ] - Did not match request to Ant [pattern='/logout', POST]
26-08-01 19:39:05.096 [http-nio-8080-exec-9] [32mTRACE[0;39m o.s.s.w.a.logout.LogoutFilter        [ |  | ] - Did not match request to Ant [pattern='/logout', POST]
26-08-01 19:39:05.096 [http-nio-8080-exec-8] [32mTRACE[0;39m o.s.security.web.FilterChainProxy    [ |  | ] - Invoking RequestCacheAwareFilter (7/10)
26-08-01 19:39:05.096 [http-nio-8080-exec-9] [32mTRACE[0;39m o.s.security.web.FilterChainProxy    [ |  | ] - Invoking RequestCacheAwareFilter (7/10)
26-08-01 19:39:05.096 [http-nio-8080-exec-8] [32mTRACE[0;39m o.s.s.w.s.HttpSessionRequestCache    [ |  | ] - matchingRequestParameterName is required for getMatchingRequest to lookup a value, but not provided
26-08-01 19:39:05.096 [http-nio-8080-exec-9] [32mTRACE[0;39m o.s.s.w.s.HttpSessionRequestCache    [ |  | ] - matchingRequestParameterName is required for getMatchingRequest to lookup a value, but not provided
26-08-01 19:39:05.096 [http-nio-8080-exec-8] [32mTRACE[0;39m o.s.security.web.FilterChainProxy    [ |  | ] - Invoking SecurityContextHolderAwareRequestFilter (8/10)
26-08-01 19:39:05.097 [http-nio-8080-exec-9] [32mTRACE[0;39m o.s.security.web.FilterChainProxy    [ |  | ] - Invoking SecurityContextHolderAwareRequestFilter (8/10)
26-08-01 19:39:05.097 [http-nio-8080-exec-8] [32mTRACE[0;39m o.s.security.web.FilterChainProxy    [ |  | ] - Invoking AnonymousAuthenticationFilter (9/10)
26-08-01 19:39:05.097 [http-nio-8080-exec-9] [32mTRACE[0;39m o.s.security.web.FilterChainProxy    [ |  | ] - Invoking AnonymousAuthenticationFilter (9/10)
26-08-01 19:39:05.097 [http-nio-8080-exec-8] [32mTRACE[0;39m o.s.security.web.FilterChainProxy    [ |  | ] - Invoking ExceptionTranslationFilter (10/10)
26-08-01 19:39:05.097 [http-nio-8080-exec-9] [32mTRACE[0;39m o.s.security.web.FilterChainProxy    [ |  | ] - Invoking ExceptionTranslationFilter (10/10)
26-08-01 19:39:05.097 [http-nio-8080-exec-8] [32mDEBUG[0;39m o.s.security.web.FilterChainProxy    [ |  | ] - Secured GET /assets/index-kQJbKSsj.css
26-08-01 19:39:05.097 [http-nio-8080-exec-9] [32mDEBUG[0;39m o.s.security.web.FilterChainProxy    [ |  | ] - Secured GET /assets/index-pvm8va9e.js
26-08-01 19:39:05.098 [http-nio-8080-exec-9] [32mDEBUG[0;39m c.s.m.d.config.MDCLoggingInterceptor [2abc78f71bec4d2998fbe6062c999f1e | GET | /assets/index-pvm8va9e.js] - Request started
26-08-01 19:39:05.098 [http-nio-8080-exec-8] [32mDEBUG[0;39m c.s.m.d.config.MDCLoggingInterceptor [96a2d25d291d43eba2bf9b22a26712bd | GET | /assets/index-kQJbKSsj.css] - Request started
26-08-01 19:39:05.099 [http-nio-8080-exec-8] [32mTRACE[0;39m o.s.s.w.h.writers.HstsHeaderWriter   [96a2d25d291d43eba2bf9b22a26712bd | GET | /assets/index-kQJbKSsj.css] - Not injecting HSTS header since it did not match request to [Is Secure]
26-08-01 19:39:05.099 [http-nio-8080-exec-9] [32mTRACE[0;39m o.s.s.w.h.writers.HstsHeaderWriter   [2abc78f71bec4d2998fbe6062c999f1e | GET | /assets/index-pvm8va9e.js] - Not injecting HSTS header since it did not match request to [Is Secure]
26-08-01 19:39:05.100 [http-nio-8080-exec-8] [32mDEBUG[0;39m c.s.m.d.config.MDCLoggingInterceptor [96a2d25d291d43eba2bf9b22a26712bd | GET | /assets/index-kQJbKSsj.css] - Request completed
26-08-01 19:39:05.100 [http-nio-8080-exec-8] [32mTRACE[0;39m o.s.s.w.c.HttpSessionSecurityContextRepository [ |  | ] - No HttpSession currently exists
26-08-01 19:39:05.100 [http-nio-8080-exec-8] [32mTRACE[0;39m o.s.s.w.c.SupplierDeferredSecurityContext [ |  | ] - Created SecurityContextImpl [Null authentication]
26-08-01 19:39:05.101 [http-nio-8080-exec-8] [32mTRACE[0;39m o.s.s.w.c.SupplierDeferredSecurityContext [ |  | ] - Created SecurityContextImpl [Null authentication]
26-08-01 19:39:05.101 [http-nio-8080-exec-8] [32mTRACE[0;39m o.s.s.w.a.AnonymousAuthenticationFilter [ |  | ] - Set SecurityContextHolder to AnonymousAuthenticationToken [Principal=anonymousUser, Credentials=[PROTECTED], Authenticated=true, Details=WebAuthenticationDetails [RemoteIpAddress=0:0:0:0:0:0:0:1, SessionId=null], Granted Authorities=[ROLE_ANONYMOUS]]
26-08-01 19:39:05.108 [http-nio-8080-exec-9] [32mDEBUG[0;39m c.s.m.d.config.MDCLoggingInterceptor [2abc78f71bec4d2998fbe6062c999f1e | GET | /assets/index-pvm8va9e.js] - Request completed
26-08-01 19:39:05.109 [http-nio-8080-exec-9] [32mTRACE[0;39m o.s.s.w.c.HttpSessionSecurityContextRepository [ |  | ] - No HttpSession currently exists
26-08-01 19:39:05.109 [http-nio-8080-exec-9] [32mTRACE[0;39m o.s.s.w.c.SupplierDeferredSecurityContext [ |  | ] - Created SecurityContextImpl [Null authentication]
26-08-01 19:39:05.109 [http-nio-8080-exec-9] [32mTRACE[0;39m o.s.s.w.c.SupplierDeferredSecurityContext [ |  | ] - Created SecurityContextImpl [Null authentication]
26-08-01 19:39:05.109 [http-nio-8080-exec-9] [32mTRACE[0;39m o.s.s.w.a.AnonymousAuthenticationFilter [ |  | ] - Set SecurityContextHolder to AnonymousAuthenticationToken [Principal=anonymousUser, Credentials=[PROTECTED], Authenticated=true, Details=WebAuthenticationDetails [RemoteIpAddress=0:0:0:0:0:0:0:1, SessionId=null], Granted Authorities=[ROLE_ANONYMOUS]]
26-08-01 19:39:05.124 [http-nio-8080-exec-2] [32mTRACE[0;39m o.s.security.web.FilterChainProxy    [ |  | ] - Trying to match request against DefaultSecurityFilterChain defined as 'filterChain' in [class path resource [com/sprint/mission/discodeit/config/SecurityConfig.class]] matching [any request] and having filters [DisableEncodeUrl, WebAsyncManagerIntegration, SecurityContextHolder, HeaderWriter, Csrf, Logout, RequestCacheAware, SecurityContextHolderAwareRequest, AnonymousAuthentication, ExceptionTranslation] (1/1)
26-08-01 19:39:05.124 [http-nio-8080-exec-2] [32mDEBUG[0;39m o.s.security.web.FilterChainProxy    [ |  | ] - Securing GET /.well-known/appspecific/com.chrome.devtools.json
26-08-01 19:39:05.124 [http-nio-8080-exec-2] [32mTRACE[0;39m o.s.security.web.FilterChainProxy    [ |  | ] - Invoking DisableEncodeUrlFilter (1/10)
26-08-01 19:39:05.124 [http-nio-8080-exec-2] [32mTRACE[0;39m o.s.security.web.FilterChainProxy    [ |  | ] - Invoking WebAsyncManagerIntegrationFilter (2/10)
26-08-01 19:39:05.124 [http-nio-8080-exec-2] [32mTRACE[0;39m o.s.security.web.FilterChainProxy    [ |  | ] - Invoking SecurityContextHolderFilter (3/10)
26-08-01 19:39:05.124 [http-nio-8080-exec-2] [32mTRACE[0;39m o.s.security.web.FilterChainProxy    [ |  | ] - Invoking HeaderWriterFilter (4/10)
26-08-01 19:39:05.124 [http-nio-8080-exec-2] [32mTRACE[0;39m o.s.security.web.FilterChainProxy    [ |  | ] - Invoking CsrfFilter (5/10)
26-08-01 19:39:05.125 [http-nio-8080-exec-2] [32mTRACE[0;39m o.s.security.web.csrf.CsrfFilter     [ |  | ] - Did not protect against CSRF since request did not match CsrfNotRequired [TRACE, HEAD, GET, OPTIONS]
26-08-01 19:39:05.125 [http-nio-8080-exec-2] [32mTRACE[0;39m o.s.security.web.FilterChainProxy    [ |  | ] - Invoking LogoutFilter (6/10)
26-08-01 19:39:05.125 [http-nio-8080-exec-2] [32mTRACE[0;39m o.s.s.w.a.logout.LogoutFilter        [ |  | ] - Did not match request to Ant [pattern='/logout', POST]
26-08-01 19:39:05.125 [http-nio-8080-exec-2] [32mTRACE[0;39m o.s.security.web.FilterChainProxy    [ |  | ] - Invoking RequestCacheAwareFilter (7/10)
26-08-01 19:39:05.125 [http-nio-8080-exec-2] [32mTRACE[0;39m o.s.s.w.s.HttpSessionRequestCache    [ |  | ] - matchingRequestParameterName is required for getMatchingRequest to lookup a value, but not provided
26-08-01 19:39:05.125 [http-nio-8080-exec-2] [32mTRACE[0;39m o.s.security.web.FilterChainProxy    [ |  | ] - Invoking SecurityContextHolderAwareRequestFilter (8/10)
26-08-01 19:39:05.125 [http-nio-8080-exec-2] [32mTRACE[0;39m o.s.security.web.FilterChainProxy    [ |  | ] - Invoking AnonymousAuthenticationFilter (9/10)
26-08-01 19:39:05.125 [http-nio-8080-exec-2] [32mTRACE[0;39m o.s.security.web.FilterChainProxy    [ |  | ] - Invoking ExceptionTranslationFilter (10/10)
26-08-01 19:39:05.125 [http-nio-8080-exec-2] [32mDEBUG[0;39m o.s.security.web.FilterChainProxy    [ |  | ] - Secured GET /.well-known/appspecific/com.chrome.devtools.json
26-08-01 19:39:05.127 [http-nio-8080-exec-2] [32mDEBUG[0;39m c.s.m.d.config.MDCLoggingInterceptor [8efef9db372c41c58883daa94d93e664 | GET | /.well-known/appspecific/com.chrome.devtools.json] - Request started
26-08-01 19:39:05.142 [http-nio-8080-exec-1] [32mTRACE[0;39m o.s.security.web.FilterChainProxy    [ |  | ] - Trying to match request against DefaultSecurityFilterChain defined as 'filterChain' in [class path resource [com/sprint/mission/discodeit/config/SecurityConfig.class]] matching [any request] and having filters [DisableEncodeUrl, WebAsyncManagerIntegration, SecurityContextHolder, HeaderWriter, Csrf, Logout, RequestCacheAware, SecurityContextHolderAwareRequest, AnonymousAuthentication, ExceptionTranslation] (1/1)
26-08-01 19:39:05.142 [http-nio-8080-exec-1] [32mDEBUG[0;39m o.s.security.web.FilterChainProxy    [ |  | ] - Securing GET /api/auth/me
26-08-01 19:39:05.142 [http-nio-8080-exec-1] [32mTRACE[0;39m o.s.security.web.FilterChainProxy    [ |  | ] - Invoking DisableEncodeUrlFilter (1/10)
26-08-01 19:39:05.142 [http-nio-8080-exec-1] [32mTRACE[0;39m o.s.security.web.FilterChainProxy    [ |  | ] - Invoking WebAsyncManagerIntegrationFilter (2/10)
26-08-01 19:39:05.142 [http-nio-8080-exec-1] [32mTRACE[0;39m o.s.security.web.FilterChainProxy    [ |  | ] - Invoking SecurityContextHolderFilter (3/10)
26-08-01 19:39:05.134 [http-nio-8080-exec-2] [31mERROR[0;39m c.s.m.d.e.GlobalExceptionHandler     [8efef9db372c41c58883daa94d93e664 | GET | /.well-known/appspecific/com.chrome.devtools.json] - 예상치 못한 오류 발생: No static resource .well-known/appspecific/com.chrome.devtools.json.
org.springframework.web.servlet.resource.NoResourceFoundException: No static resource .well-known/appspecific/com.chrome.devtools.json.
	at org.springframework.web.servlet.resource.ResourceHttpRequestHandler.handleRequest(ResourceHttpRequestHandler.java:585)
	at org.springframework.web.servlet.mvc.HttpRequestHandlerAdapter.handle(HttpRequestHandlerAdapter.java:52)
	at org.springframework.web.servlet.DispatcherServlet.doDispatch(DispatcherServlet.java:1088)
	at org.springframework.web.servlet.DispatcherServlet.doService(DispatcherServlet.java:978)
	at org.springframework.web.servlet.FrameworkServlet.processRequest(FrameworkServlet.java:1014)
	at org.springframework.web.servlet.FrameworkServlet.doGet(FrameworkServlet.java:903)
	at jakarta.servlet.http.HttpServlet.service(HttpServlet.java:564)
	at org.springframework.web.servlet.FrameworkServlet.service(FrameworkServlet.java:885)
	at jakarta.servlet.http.HttpServlet.service(HttpServlet.java:658)
	at org.apache.catalina.core.ApplicationFilterChain.internalDoFilter(ApplicationFilterChain.java:195)
	at org.apache.catalina.core.ApplicationFilterChain.doFilter(ApplicationFilterChain.java:140)
	at org.apache.tomcat.websocket.server.WsFilter.doFilter(WsFilter.java:51)
	at org.apache.catalina.core.ApplicationFilterChain.internalDoFilter(ApplicationFilterChain.java:164)
	at org.apache.catalina.core.ApplicationFilterChain.doFilter(ApplicationFilterChain.java:140)
	at org.springframework.web.filter.CompositeFilter$VirtualFilterChain.doFilter(CompositeFilter.java:108)
	at org.springframework.security.web.FilterChainProxy.lambda$doFilterInternal$3(FilterChainProxy.java:231)
	at org.springframework.security.web.ObservationFilterChainDecorator$FilterObservation$SimpleFilterObservation.lambda$wrap$1(ObservationFilterChainDecorator.java:479)
	at org.springframework.security.web.ObservationFilterChainDecorator$AroundFilterObservation$SimpleAroundFilterObservation.lambda$wrap$1(ObservationFilterChainDecorator.java:340)
	at org.springframework.security.web.ObservationFilterChainDecorator.lambda$wrapSecured$0(ObservationFilterChainDecorator.java:82)
	at org.springframework.security.web.ObservationFilterChainDecorator$VirtualFilterChain.doFilter(ObservationFilterChainDecorator.java:128)
	at org.springframework.security.web.access.ExceptionTranslationFilter.doFilter(ExceptionTranslationFilter.java:126)
	at org.springframework.security.web.access.ExceptionTranslationFilter.doFilter(ExceptionTranslationFilter.java:120)
	at org.springframework.security.web.ObservationFilterChainDecorator$ObservationFilter.wrapFilter(ObservationFilterChainDecorator.java:240)
	at org.springframework.security.web.ObservationFilterChainDecorator$ObservationFilter.doFilter(ObservationFilterChainDecorator.java:227)
	at org.springframework.security.web.ObservationFilterChainDecorator$VirtualFilterChain.doFilter(ObservationFilterChainDecorator.java:137)
	at org.springframework.security.web.authentication.AnonymousAuthenticationFilter.doFilter(AnonymousAuthenticationFilter.java:100)
	at org.springframework.security.web.ObservationFilterChainDecorator$ObservationFilter.wrapFilter(ObservationFilterChainDecorator.java:240)
	at org.springframework.security.web.ObservationFilterChainDecorator$ObservationFilter.doFilter(ObservationFilterChainDecorator.java:227)
	at org.springframework.security.web.ObservationFilterChainDecorator$VirtualFilterChain.doFilter(ObservationFilterChainDecorator.java:137)
	at org.springframework.security.web.servletapi.SecurityContextHolderAwareRequestFilter.doFilter(SecurityContextHolderAwareRequestFilter.java:179)
	at org.springframework.security.web.ObservationFilterChainDecorator$ObservationFilter.wrapFilter(ObservationFilterChainDecorator.java:240)
	at org.springframework.security.web.ObservationFilterChainDecorator$ObservationFilter.doFilter(ObservationFilterChainDecorator.java:227)
	at org.springframework.security.web.ObservationFilterChainDecorator$VirtualFilterChain.doFilter(ObservationFilterChainDecorator.java:137)
	at org.springframework.security.web.savedrequest.RequestCacheAwareFilter.doFilter(RequestCacheAwareFilter.java:63)
	at org.springframework.security.web.ObservationFilterChainDecorator$ObservationFilter.wrapFilter(ObservationFilterChainDecorator.java:240)
	at org.springframework.security.web.ObservationFilterChainDecorator$ObservationFilter.doFilter(ObservationFilterChainDecorator.java:227)
	at org.springframework.security.web.ObservationFilterChainDecorator$VirtualFilterChain.doFilter(ObservationFilterChainDecorator.java:137)
	at org.springframework.security.web.authentication.logout.LogoutFilter.doFilter(LogoutFilter.java:107)
	at org.springframework.security.web.authentication.logout.LogoutFilter.doFilter(LogoutFilter.java:93)
	at org.springframework.security.web.ObservationFilterChainDecorator$ObservationFilter.wrapFilter(ObservationFilterChainDecorator.java:240)
	at org.springframework.security.web.ObservationFilterChainDecorator$ObservationFilter.doFilter(ObservationFilterChainDecorator.java:227)
	at org.springframework.security.web.ObservationFilterChainDecorator$VirtualFilterChain.doFilter(ObservationFilterChainDecorator.java:137)
	at org.springframework.security.web.csrf.CsrfFilter.doFilterInternal(CsrfFilter.java:117)
	at org.springframework.web.filter.OncePerRequestFilter.doFilter(OncePerRequestFilter.java:116)
	at org.springframework.security.web.ObservationFilterChainDecorator$ObservationFilter.wrapFilter(ObservationFilterChainDecorator.java:240)
	at org.springframework.security.web.ObservationFilterChainDecorator$ObservationFilter.doFilter(ObservationFilterChainDecorator.java:227)
	at org.springframework.security.web.ObservationFilterChainDecorator$VirtualFilterChain.doFilter(ObservationFilterChainDecorator.java:137)
	at org.springframework.security.web.header.HeaderWriterFilter.doHeadersAfter(HeaderWriterFilter.java:90)
	at org.springframework.security.web.header.HeaderWriterFilter.doFilterInternal(HeaderWriterFilter.java:75)
	at org.springframework.web.filter.OncePerRequestFilter.doFilter(OncePerRequestFilter.java:116)
	at org.springframework.security.web.ObservationFilterChainDecorator$ObservationFilter.wrapFilter(ObservationFilterChainDecorator.java:240)
	at org.springframework.security.web.ObservationFilterChainDecorator$ObservationFilter.doFilter(ObservationFilterChainDecorator.java:227)
	at org.springframework.security.web.ObservationFilterChainDecorator$VirtualFilterChain.doFilter(ObservationFilterChainDecorator.java:137)
	at org.springframework.security.web.context.SecurityContextHolderFilter.doFilter(SecurityContextHolderFilter.java:82)
	at org.springframework.security.web.context.SecurityContextHolderFilter.doFilter(SecurityContextHolderFilter.java:69)
	at org.springframework.security.web.ObservationFilterChainDecorator$ObservationFilter.wrapFilter(ObservationFilterChainDecorator.java:240)
	at org.springframework.security.web.ObservationFilterChainDecorator$ObservationFilter.doFilter(ObservationFilterChainDecorator.java:227)
	at org.springframework.security.web.ObservationFilterChainDecorator$VirtualFilterChain.doFilter(ObservationFilterChainDecorator.java:137)
	at org.springframework.security.web.context.request.async.WebAsyncManagerIntegrationFilter.doFilterInternal(WebAsyncManagerIntegrationFilter.java:62)
	at org.springframework.web.filter.OncePerRequestFilter.doFilter(OncePerRequestFilter.java:116)
	at org.springframework.security.web.ObservationFilterChainDecorator$ObservationFilter.wrapFilter(ObservationFilterChainDecorator.java:240)
	at org.springframework.security.web.ObservationFilterChainDecorator$ObservationFilter.doFilter(ObservationFilterChainDecorator.java:227)
	at org.springframework.security.web.ObservationFilterChainDecorator$VirtualFilterChain.doFilter(ObservationFilterChainDecorator.java:137)
	at org.springframework.security.web.session.DisableEncodeUrlFilter.doFilterInternal(DisableEncodeUrlFilter.java:42)
	at org.springframework.web.filter.OncePerRequestFilter.doFilter(OncePerRequestFilter.java:116)
	at org.springframework.security.web.ObservationFilterChainDecorator$ObservationFilter.wrapFilter(ObservationFilterChainDecorator.java:240)
	at org.springframework.security.web.ObservationFilterChainDecorator$AroundFilterObservation$SimpleAroundFilterObservation.lambda$wrap$0(ObservationFilterChainDecorator.java:323)
	at org.springframework.security.web.ObservationFilterChainDecorator$ObservationFilter.doFilter(ObservationFilterChainDecorator.java:224)
	at org.springframework.security.web.ObservationFilterChainDecorator$VirtualFilterChain.doFilter(ObservationFilterChainDecorator.java:137)
	at org.springframework.security.web.FilterChainProxy.doFilterInternal(FilterChainProxy.java:233)
	at org.springframework.security.web.FilterChainProxy.doFilter(FilterChainProxy.java:191)
	at org.springframework.web.filter.CompositeFilter$VirtualFilterChain.doFilter(CompositeFilter.java:113)
	at org.springframework.web.servlet.handler.HandlerMappingIntrospector.lambda$createCacheFilter$3(HandlerMappingIntrospector.java:243)
	at org.springframework.web.filter.CompositeFilter$VirtualFilterChain.doFilter(CompositeFilter.java:113)
	at org.springframework.web.filter.CompositeFilter.doFilter(CompositeFilter.java:74)
	at org.springframework.security.config.annotation.web.configuration.WebMvcSecurityConfiguration$CompositeFilterChainProxy.doFilter(WebMvcSecurityConfiguration.java:238)
	at org.springframework.web.filter.DelegatingFilterProxy.invokeDelegate(DelegatingFilterProxy.java:362)
	at org.springframework.web.filter.DelegatingFilterProxy.doFilter(DelegatingFilterProxy.java:278)
	at org.apache.catalina.core.ApplicationFilterChain.internalDoFilter(ApplicationFilterChain.java:164)
	at org.apache.catalina.core.ApplicationFilterChain.doFilter(ApplicationFilterChain.java:140)
	at org.springframework.web.filter.RequestContextFilter.doFilterInternal(RequestContextFilter.java:100)
	at org.springframework.web.filter.OncePerRequestFilter.doFilter(OncePerRequestFilter.java:116)
	at org.apache.catalina.core.ApplicationFilterChain.internalDoFilter(ApplicationFilterChain.java:164)
	at org.apache.catalina.core.ApplicationFilterChain.doFilter(ApplicationFilterChain.java:140)
	at org.springframework.web.filter.FormContentFilter.doFilterInternal(FormContentFilter.java:93)
	at org.springframework.web.filter.OncePerRequestFilter.doFilter(OncePerRequestFilter.java:116)
	at org.apache.catalina.core.ApplicationFilterChain.internalDoFilter(ApplicationFilterChain.java:164)
	at org.apache.catalina.core.ApplicationFilterChain.doFilter(ApplicationFilterChain.java:140)
	at org.springframework.web.filter.ServerHttpObservationFilter.doFilterInternal(ServerHttpObservationFilter.java:114)
	at org.springframework.web.filter.OncePerRequestFilter.doFilter(OncePerRequestFilter.java:116)
	at org.apache.catalina.core.ApplicationFilterChain.internalDoFilter(ApplicationFilterChain.java:164)
	at org.apache.catalina.core.ApplicationFilterChain.doFilter(ApplicationFilterChain.java:140)
	at org.springframework.web.filter.CharacterEncodingFilter.doFilterInternal(CharacterEncodingFilter.java:201)
	at org.springframework.web.filter.OncePerRequestFilter.doFilter(OncePerRequestFilter.java:116)
	at org.apache.catalina.core.ApplicationFilterChain.internalDoFilter(ApplicationFilterChain.java:164)
	at org.apache.catalina.core.ApplicationFilterChain.doFilter(ApplicationFilterChain.java:140)
	at org.apache.catalina.core.StandardWrapperValve.invoke(StandardWrapperValve.java:167)
	at org.apache.catalina.core.StandardContextValve.invoke(StandardContextValve.java:90)
	at org.apache.catalina.authenticator.AuthenticatorBase.invoke(AuthenticatorBase.java:483)
	at org.apache.catalina.core.StandardHostValve.invoke(StandardHostValve.java:115)
	at org.apache.catalina.valves.ErrorReportValve.invoke(ErrorReportValve.java:93)
	at org.apache.catalina.core.StandardEngineValve.invoke(StandardEngineValve.java:74)
	at org.apache.catalina.connector.CoyoteAdapter.service(CoyoteAdapter.java:344)
	at org.apache.coyote.http11.Http11Processor.service(Http11Processor.java:397)
	at org.apache.coyote.AbstractProcessorLight.process(AbstractProcessorLight.java:63)
	at org.apache.coyote.AbstractProtocol$ConnectionHandler.process(AbstractProtocol.java:905)
	at org.apache.tomcat.util.net.NioEndpoint$SocketProcessor.doRun(NioEndpoint.java:1741)
	at org.apache.tomcat.util.net.SocketProcessorBase.run(SocketProcessorBase.java:52)
	at org.apache.tomcat.util.threads.ThreadPoolExecutor.runWorker(ThreadPoolExecutor.java:1190)
	at org.apache.tomcat.util.threads.ThreadPoolExecutor$Worker.run(ThreadPoolExecutor.java:659)
	at org.apache.tomcat.util.threads.TaskThread$WrappingRunnable.run(TaskThread.java:63)
	at java.base/java.lang.Thread.run(Thread.java:840)
26-08-01 19:39:05.143 [http-nio-8080-exec-10] [32mTRACE[0;39m o.s.security.web.FilterChainProxy    [ |  | ] - Trying to match request against DefaultSecurityFilterChain defined as 'filterChain' in [class path resource [com/sprint/mission/discodeit/config/SecurityConfig.class]] matching [any request] and having filters [DisableEncodeUrl, WebAsyncManagerIntegration, SecurityContextHolder, HeaderWriter, Csrf, Logout, RequestCacheAware, SecurityContextHolderAwareRequest, AnonymousAuthentication, ExceptionTranslation] (1/1)
26-08-01 19:39:05.143 [http-nio-8080-exec-10] [32mDEBUG[0;39m o.s.security.web.FilterChainProxy    [ |  | ] - Securing GET /api/auth/csrf-token
26-08-01 19:39:05.143 [http-nio-8080-exec-10] [32mTRACE[0;39m o.s.security.web.FilterChainProxy    [ |  | ] - Invoking DisableEncodeUrlFilter (1/10)
26-08-01 19:39:05.143 [http-nio-8080-exec-10] [32mTRACE[0;39m o.s.security.web.FilterChainProxy    [ |  | ] - Invoking WebAsyncManagerIntegrationFilter (2/10)
26-08-01 19:39:05.143 [http-nio-8080-exec-10] [32mTRACE[0;39m o.s.security.web.FilterChainProxy    [ |  | ] - Invoking SecurityContextHolderFilter (3/10)
26-08-01 19:39:05.143 [http-nio-8080-exec-10] [32mTRACE[0;39m o.s.security.web.FilterChainProxy    [ |  | ] - Invoking HeaderWriterFilter (4/10)
26-08-01 19:39:05.143 [http-nio-8080-exec-10] [32mTRACE[0;39m o.s.security.web.FilterChainProxy    [ |  | ] - Invoking CsrfFilter (5/10)
26-08-01 19:39:05.143 [http-nio-8080-exec-1] [32mTRACE[0;39m o.s.security.web.FilterChainProxy    [ |  | ] - Invoking HeaderWriterFilter (4/10)
26-08-01 19:39:05.143 [http-nio-8080-exec-1] [32mTRACE[0;39m o.s.security.web.FilterChainProxy    [ |  | ] - Invoking CsrfFilter (5/10)
26-08-01 19:39:05.143 [http-nio-8080-exec-1] [32mTRACE[0;39m o.s.security.web.csrf.CsrfFilter     [ |  | ] - Did not protect against CSRF since request did not match CsrfNotRequired [TRACE, HEAD, GET, OPTIONS]
26-08-01 19:39:05.143 [http-nio-8080-exec-10] [32mTRACE[0;39m o.s.security.web.csrf.CsrfFilter     [ |  | ] - Did not protect against CSRF since request did not match CsrfNotRequired [TRACE, HEAD, GET, OPTIONS]
26-08-01 19:39:05.143 [http-nio-8080-exec-1] [32mTRACE[0;39m o.s.security.web.FilterChainProxy    [ |  | ] - Invoking LogoutFilter (6/10)
26-08-01 19:39:05.143 [http-nio-8080-exec-10] [32mTRACE[0;39m o.s.security.web.FilterChainProxy    [ |  | ] - Invoking LogoutFilter (6/10)
26-08-01 19:39:05.143 [http-nio-8080-exec-10] [32mTRACE[0;39m o.s.s.w.a.logout.LogoutFilter        [ |  | ] - Did not match request to Ant [pattern='/logout', POST]
26-08-01 19:39:05.143 [http-nio-8080-exec-10] [32mTRACE[0;39m o.s.security.web.FilterChainProxy    [ |  | ] - Invoking RequestCacheAwareFilter (7/10)
26-08-01 19:39:05.143 [http-nio-8080-exec-10] [32mTRACE[0;39m o.s.s.w.s.HttpSessionRequestCache    [ |  | ] - matchingRequestParameterName is required for getMatchingRequest to lookup a value, but not provided
26-08-01 19:39:05.143 [http-nio-8080-exec-10] [32mTRACE[0;39m o.s.security.web.FilterChainProxy    [ |  | ] - Invoking SecurityContextHolderAwareRequestFilter (8/10)
26-08-01 19:39:05.143 [http-nio-8080-exec-10] [32mTRACE[0;39m o.s.security.web.FilterChainProxy    [ |  | ] - Invoking AnonymousAuthenticationFilter (9/10)
26-08-01 19:39:05.143 [http-nio-8080-exec-10] [32mTRACE[0;39m o.s.security.web.FilterChainProxy    [ |  | ] - Invoking ExceptionTranslationFilter (10/10)
26-08-01 19:39:05.143 [http-nio-8080-exec-1] [32mTRACE[0;39m o.s.s.w.a.logout.LogoutFilter        [ |  | ] - Did not match request to Ant [pattern='/logout', POST]
26-08-01 19:39:05.143 [http-nio-8080-exec-10] [32mDEBUG[0;39m o.s.security.web.FilterChainProxy    [ |  | ] - Secured GET /api/auth/csrf-token
26-08-01 19:39:05.143 [http-nio-8080-exec-1] [32mTRACE[0;39m o.s.security.web.FilterChainProxy    [ |  | ] - Invoking RequestCacheAwareFilter (7/10)
26-08-01 19:39:05.144 [http-nio-8080-exec-1] [32mTRACE[0;39m o.s.s.w.s.HttpSessionRequestCache    [ |  | ] - matchingRequestParameterName is required for getMatchingRequest to lookup a value, but not provided
26-08-01 19:39:05.144 [http-nio-8080-exec-1] [32mTRACE[0;39m o.s.security.web.FilterChainProxy    [ |  | ] - Invoking SecurityContextHolderAwareRequestFilter (8/10)
26-08-01 19:39:05.144 [http-nio-8080-exec-1] [32mTRACE[0;39m o.s.security.web.FilterChainProxy    [ |  | ] - Invoking AnonymousAuthenticationFilter (9/10)
26-08-01 19:39:05.144 [http-nio-8080-exec-1] [32mTRACE[0;39m o.s.security.web.FilterChainProxy    [ |  | ] - Invoking ExceptionTranslationFilter (10/10)
26-08-01 19:39:05.144 [http-nio-8080-exec-10] [32mDEBUG[0;39m c.s.m.d.config.MDCLoggingInterceptor [c3dbf4ee397d47bcb879e56bb6fb28df | GET | /api/auth/csrf-token] - Request started
26-08-01 19:39:05.144 [http-nio-8080-exec-1] [32mDEBUG[0;39m o.s.security.web.FilterChainProxy    [ |  | ] - Secured GET /api/auth/me
26-08-01 19:39:05.144 [http-nio-8080-exec-10] [32mDEBUG[0;39m c.s.m.d.controller.AuthController    [c3dbf4ee397d47bcb879e56bb6fb28df | GET | /api/auth/csrf-token] - CSRF 토큰 요청: oMtzpUerlPdptkJCQvuYQjRV6JCTA6fc3RnP-i8aR4yi4yQmxvsWw36bo8BEh3d7IdasdAdlxajxZpLx7nr8yR58drTGhhUe
26-08-01 19:39:05.144 [http-nio-8080-exec-1] [32mDEBUG[0;39m c.s.m.d.config.MDCLoggingInterceptor [e1ef9f5981f14e4cb16228d66819caf6 | GET | /api/auth/me] - Request started
26-08-01 19:39:05.145 [http-nio-8080-exec-10] [32mDEBUG[0;39m c.s.m.d.config.MDCLoggingInterceptor [c3dbf4ee397d47bcb879e56bb6fb28df | GET | /api/auth/csrf-token] - Request completed
26-08-01 19:39:05.145 [http-nio-8080-exec-10] [32mTRACE[0;39m o.s.s.w.c.HttpSessionSecurityContextRepository [ |  | ] - No HttpSession currently exists
26-08-01 19:39:05.145 [http-nio-8080-exec-10] [32mTRACE[0;39m o.s.s.w.c.SupplierDeferredSecurityContext [ |  | ] - Created SecurityContextImpl [Null authentication]
26-08-01 19:39:05.145 [http-nio-8080-exec-10] [32mTRACE[0;39m o.s.s.w.c.SupplierDeferredSecurityContext [ |  | ] - Created SecurityContextImpl [Null authentication]
26-08-01 19:39:05.145 [http-nio-8080-exec-2] [32mTRACE[0;39m o.s.s.w.h.writers.HstsHeaderWriter   [8efef9db372c41c58883daa94d93e664 | GET | /.well-known/appspecific/com.chrome.devtools.json] - Not injecting HSTS header since it did not match request to [Is Secure]
26-08-01 19:39:05.145 [http-nio-8080-exec-10] [32mTRACE[0;39m o.s.s.w.a.AnonymousAuthenticationFilter [ |  | ] - Set SecurityContextHolder to AnonymousAuthenticationToken [Principal=anonymousUser, Credentials=[PROTECTED], Authenticated=true, Details=WebAuthenticationDetails [RemoteIpAddress=0:0:0:0:0:0:0:1, SessionId=null], Granted Authorities=[ROLE_ANONYMOUS]]
26-08-01 19:39:05.145 [http-nio-8080-exec-2] [32mDEBUG[0;39m c.s.m.d.config.MDCLoggingInterceptor [8efef9db372c41c58883daa94d93e664 | GET | /.well-known/appspecific/com.chrome.devtools.json] - Request completed
26-08-01 19:39:05.145 [http-nio-8080-exec-10] [32mTRACE[0;39m o.s.s.w.h.writers.HstsHeaderWriter   [ |  | ] - Not injecting HSTS header since it did not match request to [Is Secure]
26-08-01 19:39:05.145 [http-nio-8080-exec-2] [32mTRACE[0;39m o.s.s.w.c.HttpSessionSecurityContextRepository [ |  | ] - No HttpSession currently exists
26-08-01 19:39:05.145 [http-nio-8080-exec-2] [32mTRACE[0;39m o.s.s.w.c.SupplierDeferredSecurityContext [ |  | ] - Created SecurityContextImpl [Null authentication]
26-08-01 19:39:05.145 [http-nio-8080-exec-2] [32mTRACE[0;39m o.s.s.w.c.SupplierDeferredSecurityContext [ |  | ] - Created SecurityContextImpl [Null authentication]
26-08-01 19:39:05.146 [http-nio-8080-exec-2] [32mTRACE[0;39m o.s.s.w.a.AnonymousAuthenticationFilter [ |  | ] - Set SecurityContextHolder to AnonymousAuthenticationToken [Principal=anonymousUser, Credentials=[PROTECTED], Authenticated=true, Details=WebAuthenticationDetails [RemoteIpAddress=0:0:0:0:0:0:0:1, SessionId=null], Granted Authorities=[ROLE_ANONYMOUS]]
26-08-01 19:39:05.150 [http-nio-8080-exec-1] [31mERROR[0;39m c.s.m.d.e.GlobalExceptionHandler     [e1ef9f5981f14e4cb16228d66819caf6 | GET | /api/auth/me] - 예상치 못한 오류 발생: No static resource api/auth/me.
org.springframework.web.servlet.resource.NoResourceFoundException: No static resource api/auth/me.
	at org.springframework.web.servlet.resource.ResourceHttpRequestHandler.handleRequest(ResourceHttpRequestHandler.java:585)
	at org.springframework.web.servlet.mvc.HttpRequestHandlerAdapter.handle(HttpRequestHandlerAdapter.java:52)
	at org.springframework.web.servlet.DispatcherServlet.doDispatch(DispatcherServlet.java:1088)
	at org.springframework.web.servlet.DispatcherServlet.doService(DispatcherServlet.java:978)
	at org.springframework.web.servlet.FrameworkServlet.processRequest(FrameworkServlet.java:1014)
	at org.springframework.web.servlet.FrameworkServlet.doGet(FrameworkServlet.java:903)
	at jakarta.servlet.http.HttpServlet.service(HttpServlet.java:564)
	at org.springframework.web.servlet.FrameworkServlet.service(FrameworkServlet.java:885)
	at jakarta.servlet.http.HttpServlet.service(HttpServlet.java:658)
	at org.apache.catalina.core.ApplicationFilterChain.internalDoFilter(ApplicationFilterChain.java:195)
	at org.apache.catalina.core.ApplicationFilterChain.doFilter(ApplicationFilterChain.java:140)
	at org.apache.tomcat.websocket.server.WsFilter.doFilter(WsFilter.java:51)
	at org.apache.catalina.core.ApplicationFilterChain.internalDoFilter(ApplicationFilterChain.java:164)
	at org.apache.catalina.core.ApplicationFilterChain.doFilter(ApplicationFilterChain.java:140)
	at org.springframework.web.filter.CompositeFilter$VirtualFilterChain.doFilter(CompositeFilter.java:108)
	at org.springframework.security.web.FilterChainProxy.lambda$doFilterInternal$3(FilterChainProxy.java:231)
	at org.springframework.security.web.ObservationFilterChainDecorator$FilterObservation$SimpleFilterObservation.lambda$wrap$1(ObservationFilterChainDecorator.java:479)
	at org.springframework.security.web.ObservationFilterChainDecorator$AroundFilterObservation$SimpleAroundFilterObservation.lambda$wrap$1(ObservationFilterChainDecorator.java:340)
	at org.springframework.security.web.ObservationFilterChainDecorator.lambda$wrapSecured$0(ObservationFilterChainDecorator.java:82)
	at org.springframework.security.web.ObservationFilterChainDecorator$VirtualFilterChain.doFilter(ObservationFilterChainDecorator.java:128)
	at org.springframework.security.web.access.ExceptionTranslationFilter.doFilter(ExceptionTranslationFilter.java:126)
	at org.springframework.security.web.access.ExceptionTranslationFilter.doFilter(ExceptionTranslationFilter.java:120)
	at org.springframework.security.web.ObservationFilterChainDecorator$ObservationFilter.wrapFilter(ObservationFilterChainDecorator.java:240)
	at org.springframework.security.web.ObservationFilterChainDecorator$ObservationFilter.doFilter(ObservationFilterChainDecorator.java:227)
	at org.springframework.security.web.ObservationFilterChainDecorator$VirtualFilterChain.doFilter(ObservationFilterChainDecorator.java:137)
	at org.springframework.security.web.authentication.AnonymousAuthenticationFilter.doFilter(AnonymousAuthenticationFilter.java:100)
	at org.springframework.security.web.ObservationFilterChainDecorator$ObservationFilter.wrapFilter(ObservationFilterChainDecorator.java:240)
	at org.springframework.security.web.ObservationFilterChainDecorator$ObservationFilter.doFilter(ObservationFilterChainDecorator.java:227)
	at org.springframework.security.web.ObservationFilterChainDecorator$VirtualFilterChain.doFilter(ObservationFilterChainDecorator.java:137)
	at org.springframework.security.web.servletapi.SecurityContextHolderAwareRequestFilter.doFilter(SecurityContextHolderAwareRequestFilter.java:179)
	at org.springframework.security.web.ObservationFilterChainDecorator$ObservationFilter.wrapFilter(ObservationFilterChainDecorator.java:240)
	at org.springframework.security.web.ObservationFilterChainDecorator$ObservationFilter.doFilter(ObservationFilterChainDecorator.java:227)
	at org.springframework.security.web.ObservationFilterChainDecorator$VirtualFilterChain.doFilter(ObservationFilterChainDecorator.java:137)
	at org.springframework.security.web.savedrequest.RequestCacheAwareFilter.doFilter(RequestCacheAwareFilter.java:63)
	at org.springframework.security.web.ObservationFilterChainDecorator$ObservationFilter.wrapFilter(ObservationFilterChainDecorator.java:240)
	at org.springframework.security.web.ObservationFilterChainDecorator$ObservationFilter.doFilter(ObservationFilterChainDecorator.java:227)
	at org.springframework.security.web.ObservationFilterChainDecorator$VirtualFilterChain.doFilter(ObservationFilterChainDecorator.java:137)
	at org.springframework.security.web.authentication.logout.LogoutFilter.doFilter(LogoutFilter.java:107)
	at org.springframework.security.web.authentication.logout.LogoutFilter.doFilter(LogoutFilter.java:93)
	at org.springframework.security.web.ObservationFilterChainDecorator$ObservationFilter.wrapFilter(ObservationFilterChainDecorator.java:240)
	at org.springframework.security.web.ObservationFilterChainDecorator$ObservationFilter.doFilter(ObservationFilterChainDecorator.java:227)
	at org.springframework.security.web.ObservationFilterChainDecorator$VirtualFilterChain.doFilter(ObservationFilterChainDecorator.java:137)
	at org.springframework.security.web.csrf.CsrfFilter.doFilterInternal(CsrfFilter.java:117)
	at org.springframework.web.filter.OncePerRequestFilter.doFilter(OncePerRequestFilter.java:116)
	at org.springframework.security.web.ObservationFilterChainDecorator$ObservationFilter.wrapFilter(ObservationFilterChainDecorator.java:240)
	at org.springframework.security.web.ObservationFilterChainDecorator$ObservationFilter.doFilter(ObservationFilterChainDecorator.java:227)
	at org.springframework.security.web.ObservationFilterChainDecorator$VirtualFilterChain.doFilter(ObservationFilterChainDecorator.java:137)
	at org.springframework.security.web.header.HeaderWriterFilter.doHeadersAfter(HeaderWriterFilter.java:90)
	at org.springframework.security.web.header.HeaderWriterFilter.doFilterInternal(HeaderWriterFilter.java:75)
	at org.springframework.web.filter.OncePerRequestFilter.doFilter(OncePerRequestFilter.java:116)
	at org.springframework.security.web.ObservationFilterChainDecorator$ObservationFilter.wrapFilter(ObservationFilterChainDecorator.java:240)
	at org.springframework.security.web.ObservationFilterChainDecorator$ObservationFilter.doFilter(ObservationFilterChainDecorator.java:227)
	at org.springframework.security.web.ObservationFilterChainDecorator$VirtualFilterChain.doFilter(ObservationFilterChainDecorator.java:137)
	at org.springframework.security.web.context.SecurityContextHolderFilter.doFilter(SecurityContextHolderFilter.java:82)
	at org.springframework.security.web.context.SecurityContextHolderFilter.doFilter(SecurityContextHolderFilter.java:69)
	at org.springframework.security.web.ObservationFilterChainDecorator$ObservationFilter.wrapFilter(ObservationFilterChainDecorator.java:240)
	at org.springframework.security.web.ObservationFilterChainDecorator$ObservationFilter.doFilter(ObservationFilterChainDecorator.java:227)
	at org.springframework.security.web.ObservationFilterChainDecorator$VirtualFilterChain.doFilter(ObservationFilterChainDecorator.java:137)
	at org.springframework.security.web.context.request.async.WebAsyncManagerIntegrationFilter.doFilterInternal(WebAsyncManagerIntegrationFilter.java:62)
	at org.springframework.web.filter.OncePerRequestFilter.doFilter(OncePerRequestFilter.java:116)
	at org.springframework.security.web.ObservationFilterChainDecorator$ObservationFilter.wrapFilter(ObservationFilterChainDecorator.java:240)
	at org.springframework.security.web.ObservationFilterChainDecorator$ObservationFilter.doFilter(ObservationFilterChainDecorator.java:227)
	at org.springframework.security.web.ObservationFilterChainDecorator$VirtualFilterChain.doFilter(ObservationFilterChainDecorator.java:137)
	at org.springframework.security.web.session.DisableEncodeUrlFilter.doFilterInternal(DisableEncodeUrlFilter.java:42)
	at org.springframework.web.filter.OncePerRequestFilter.doFilter(OncePerRequestFilter.java:116)
	at org.springframework.security.web.ObservationFilterChainDecorator$ObservationFilter.wrapFilter(ObservationFilterChainDecorator.java:240)
	at org.springframework.security.web.ObservationFilterChainDecorator$AroundFilterObservation$SimpleAroundFilterObservation.lambda$wrap$0(ObservationFilterChainDecorator.java:323)
	at org.springframework.security.web.ObservationFilterChainDecorator$ObservationFilter.doFilter(ObservationFilterChainDecorator.java:224)
	at org.springframework.security.web.ObservationFilterChainDecorator$VirtualFilterChain.doFilter(ObservationFilterChainDecorator.java:137)
	at org.springframework.security.web.FilterChainProxy.doFilterInternal(FilterChainProxy.java:233)
	at org.springframework.security.web.FilterChainProxy.doFilter(FilterChainProxy.java:191)
	at org.springframework.web.filter.CompositeFilter$VirtualFilterChain.doFilter(CompositeFilter.java:113)
	at org.springframework.web.servlet.handler.HandlerMappingIntrospector.lambda$createCacheFilter$3(HandlerMappingIntrospector.java:243)
	at org.springframework.web.filter.CompositeFilter$VirtualFilterChain.doFilter(CompositeFilter.java:113)
	at org.springframework.web.filter.CompositeFilter.doFilter(CompositeFilter.java:74)
	at org.springframework.security.config.annotation.web.configuration.WebMvcSecurityConfiguration$CompositeFilterChainProxy.doFilter(WebMvcSecurityConfiguration.java:238)
	at org.springframework.web.filter.DelegatingFilterProxy.invokeDelegate(DelegatingFilterProxy.java:362)
	at org.springframework.web.filter.DelegatingFilterProxy.doFilter(DelegatingFilterProxy.java:278)
	at org.apache.catalina.core.ApplicationFilterChain.internalDoFilter(ApplicationFilterChain.java:164)
	at org.apache.catalina.core.ApplicationFilterChain.doFilter(ApplicationFilterChain.java:140)
	at org.springframework.web.filter.RequestContextFilter.doFilterInternal(RequestContextFilter.java:100)
	at org.springframework.web.filter.OncePerRequestFilter.doFilter(OncePerRequestFilter.java:116)
	at org.apache.catalina.core.ApplicationFilterChain.internalDoFilter(ApplicationFilterChain.java:164)
	at org.apache.catalina.core.ApplicationFilterChain.doFilter(ApplicationFilterChain.java:140)
	at org.springframework.web.filter.FormContentFilter.doFilterInternal(FormContentFilter.java:93)
	at org.springframework.web.filter.OncePerRequestFilter.doFilter(OncePerRequestFilter.java:116)
	at org.apache.catalina.core.ApplicationFilterChain.internalDoFilter(ApplicationFilterChain.java:164)
	at org.apache.catalina.core.ApplicationFilterChain.doFilter(ApplicationFilterChain.java:140)
	at org.springframework.web.filter.ServerHttpObservationFilter.doFilterInternal(ServerHttpObservationFilter.java:114)
	at org.springframework.web.filter.OncePerRequestFilter.doFilter(OncePerRequestFilter.java:116)
	at org.apache.catalina.core.ApplicationFilterChain.internalDoFilter(ApplicationFilterChain.java:164)
	at org.apache.catalina.core.ApplicationFilterChain.doFilter(ApplicationFilterChain.java:140)
	at org.springframework.web.filter.CharacterEncodingFilter.doFilterInternal(CharacterEncodingFilter.java:201)
	at org.springframework.web.filter.OncePerRequestFilter.doFilter(OncePerRequestFilter.java:116)
	at org.apache.catalina.core.ApplicationFilterChain.internalDoFilter(ApplicationFilterChain.java:164)
	at org.apache.catalina.core.ApplicationFilterChain.doFilter(ApplicationFilterChain.java:140)
	at org.apache.catalina.core.StandardWrapperValve.invoke(StandardWrapperValve.java:167)
	at org.apache.catalina.core.StandardContextValve.invoke(StandardContextValve.java:90)
	at org.apache.catalina.authenticator.AuthenticatorBase.invoke(AuthenticatorBase.java:483)
	at org.apache.catalina.core.StandardHostValve.invoke(StandardHostValve.java:115)
	at org.apache.catalina.valves.ErrorReportValve.invoke(ErrorReportValve.java:93)
	at org.apache.catalina.core.StandardEngineValve.invoke(StandardEngineValve.java:74)
	at org.apache.catalina.connector.CoyoteAdapter.service(CoyoteAdapter.java:344)
	at org.apache.coyote.http11.Http11Processor.service(Http11Processor.java:397)
	at org.apache.coyote.AbstractProcessorLight.process(AbstractProcessorLight.java:63)
	at org.apache.coyote.AbstractProtocol$ConnectionHandler.process(AbstractProtocol.java:905)
	at org.apache.tomcat.util.net.NioEndpoint$SocketProcessor.doRun(NioEndpoint.java:1741)
	at org.apache.tomcat.util.net.SocketProcessorBase.run(SocketProcessorBase.java:52)
	at org.apache.tomcat.util.threads.ThreadPoolExecutor.runWorker(ThreadPoolExecutor.java:1190)
	at org.apache.tomcat.util.threads.ThreadPoolExecutor$Worker.run(ThreadPoolExecutor.java:659)
	at org.apache.tomcat.util.threads.TaskThread$WrappingRunnable.run(TaskThread.java:63)
	at java.base/java.lang.Thread.run(Thread.java:840)
26-08-01 19:39:05.152 [http-nio-8080-exec-1] [32mTRACE[0;39m o.s.s.w.h.writers.HstsHeaderWriter   [e1ef9f5981f14e4cb16228d66819caf6 | GET | /api/auth/me] - Not injecting HSTS header since it did not match request to [Is Secure]
26-08-01 19:39:05.152 [http-nio-8080-exec-1] [32mDEBUG[0;39m c.s.m.d.config.MDCLoggingInterceptor [e1ef9f5981f14e4cb16228d66819caf6 | GET | /api/auth/me] - Request completed
26-08-01 19:39:05.153 [http-nio-8080-exec-1] [32mTRACE[0;39m o.s.s.w.c.HttpSessionSecurityContextRepository [ |  | ] - No HttpSession currently exists
26-08-01 19:39:05.153 [http-nio-8080-exec-1] [32mTRACE[0;39m o.s.s.w.c.SupplierDeferredSecurityContext [ |  | ] - Created SecurityContextImpl [Null authentication]
26-08-01 19:39:05.153 [http-nio-8080-exec-1] [32mTRACE[0;39m o.s.s.w.c.SupplierDeferredSecurityContext [ |  | ] - Created SecurityContextImpl [Null authentication]
26-08-01 19:39:05.153 [http-nio-8080-exec-1] [32mTRACE[0;39m o.s.s.w.a.AnonymousAuthenticationFilter [ |  | ] - Set SecurityContextHolder to AnonymousAuthenticationToken [Principal=anonymousUser, Credentials=[PROTECTED], Authenticated=true, Details=WebAuthenticationDetails [RemoteIpAddress=0:0:0:0:0:0:0:1, SessionId=null], Granted Authorities=[ROLE_ANONYMOUS]]
26-08-01 19:39:05.168 [http-nio-8080-exec-3] [32mTRACE[0;39m o.s.security.web.FilterChainProxy    [ |  | ] - Trying to match request against DefaultSecurityFilterChain defined as 'filterChain' in [class path resource [com/sprint/mission/discodeit/config/SecurityConfig.class]] matching [any request] and having filters [DisableEncodeUrl, WebAsyncManagerIntegration, SecurityContextHolder, HeaderWriter, Csrf, Logout, RequestCacheAware, SecurityContextHolderAwareRequest, AnonymousAuthentication, ExceptionTranslation] (1/1)
26-08-01 19:39:05.168 [http-nio-8080-exec-3] [32mDEBUG[0;39m o.s.security.web.FilterChainProxy    [ |  | ] - Securing GET /favicon.ico
26-08-01 19:39:05.168 [http-nio-8080-exec-3] [32mTRACE[0;39m o.s.security.web.FilterChainProxy    [ |  | ] - Invoking DisableEncodeUrlFilter (1/10)
26-08-01 19:39:05.168 [http-nio-8080-exec-3] [32mTRACE[0;39m o.s.security.web.FilterChainProxy    [ |  | ] - Invoking WebAsyncManagerIntegrationFilter (2/10)
26-08-01 19:39:05.168 [http-nio-8080-exec-3] [32mTRACE[0;39m o.s.security.web.FilterChainProxy    [ |  | ] - Invoking SecurityContextHolderFilter (3/10)
26-08-01 19:39:05.168 [http-nio-8080-exec-3] [32mTRACE[0;39m o.s.security.web.FilterChainProxy    [ |  | ] - Invoking HeaderWriterFilter (4/10)
26-08-01 19:39:05.168 [http-nio-8080-exec-3] [32mTRACE[0;39m o.s.security.web.FilterChainProxy    [ |  | ] - Invoking CsrfFilter (5/10)
26-08-01 19:39:05.168 [http-nio-8080-exec-3] [32mTRACE[0;39m o.s.security.web.csrf.CsrfFilter     [ |  | ] - Did not protect against CSRF since request did not match CsrfNotRequired [TRACE, HEAD, GET, OPTIONS]
26-08-01 19:39:05.168 [http-nio-8080-exec-3] [32mTRACE[0;39m o.s.security.web.FilterChainProxy    [ |  | ] - Invoking LogoutFilter (6/10)
26-08-01 19:39:05.168 [http-nio-8080-exec-3] [32mTRACE[0;39m o.s.s.w.a.logout.LogoutFilter        [ |  | ] - Did not match request to Ant [pattern='/logout', POST]
26-08-01 19:39:05.168 [http-nio-8080-exec-3] [32mTRACE[0;39m o.s.security.web.FilterChainProxy    [ |  | ] - Invoking RequestCacheAwareFilter (7/10)
26-08-01 19:39:05.169 [http-nio-8080-exec-3] [32mTRACE[0;39m o.s.s.w.s.HttpSessionRequestCache    [ |  | ] - matchingRequestParameterName is required for getMatchingRequest to lookup a value, but not provided
26-08-01 19:39:05.169 [http-nio-8080-exec-3] [32mTRACE[0;39m o.s.security.web.FilterChainProxy    [ |  | ] - Invoking SecurityContextHolderAwareRequestFilter (8/10)
26-08-01 19:39:05.169 [http-nio-8080-exec-3] [32mTRACE[0;39m o.s.security.web.FilterChainProxy    [ |  | ] - Invoking AnonymousAuthenticationFilter (9/10)
26-08-01 19:39:05.169 [http-nio-8080-exec-3] [32mTRACE[0;39m o.s.security.web.FilterChainProxy    [ |  | ] - Invoking ExceptionTranslationFilter (10/10)
26-08-01 19:39:05.169 [http-nio-8080-exec-3] [32mDEBUG[0;39m o.s.security.web.FilterChainProxy    [ |  | ] - Secured GET /favicon.ico
26-08-01 19:39:05.169 [http-nio-8080-exec-3] [32mDEBUG[0;39m c.s.m.d.config.MDCLoggingInterceptor [7c851308417c47b9a51aacd36423b459 | GET | /favicon.ico] - Request started
26-08-01 19:39:05.170 [http-nio-8080-exec-3] [32mTRACE[0;39m o.s.s.w.h.writers.HstsHeaderWriter   [7c851308417c47b9a51aacd36423b459 | GET | /favicon.ico] - Not injecting HSTS header since it did not match request to [Is Secure]
26-08-01 19:39:05.171 [http-nio-8080-exec-3] [32mDEBUG[0;39m c.s.m.d.config.MDCLoggingInterceptor [7c851308417c47b9a51aacd36423b459 | GET | /favicon.ico] - Request completed
26-08-01 19:39:05.171 [http-nio-8080-exec-3] [32mTRACE[0;39m o.s.s.w.c.HttpSessionSecurityContextRepository [ |  | ] - No HttpSession currently exists
26-08-01 19:39:05.171 [http-nio-8080-exec-3] [32mTRACE[0;39m o.s.s.w.c.SupplierDeferredSecurityContext [ |  | ] - Created SecurityContextImpl [Null authentication]
26-08-01 19:39:05.171 [http-nio-8080-exec-3] [32mTRACE[0;39m o.s.s.w.c.SupplierDeferredSecurityContext [ |  | ] - Created SecurityContextImpl [Null authentication]
26-08-01 19:39:05.171 [http-nio-8080-exec-3] [32mTRACE[0;39m o.s.s.w.a.AnonymousAuthenticationFilter [ |  | ] - Set SecurityContextHolder to AnonymousAuthenticationToken [Principal=anonymousUser, Credentials=[PROTECTED], Authenticated=true, Details=WebAuthenticationDetails [RemoteIpAddress=0:0:0:0:0:0:0:1, SessionId=null], Granted Authorities=[ROLE_ANONYMOUS]]
26-08-01 19:40:08.536 [http-nio-8080-exec-5] [32mTRACE[0;39m o.s.security.web.FilterChainProxy    [ |  | ] - Trying to match request against DefaultSecurityFilterChain defined as 'filterChain' in [class path resource [com/sprint/mission/discodeit/config/SecurityConfig.class]] matching [any request] and having filters [DisableEncodeUrl, WebAsyncManagerIntegration, SecurityContextHolder, HeaderWriter, Csrf, Logout, RequestCacheAware, SecurityContextHolderAwareRequest, AnonymousAuthentication, ExceptionTranslation] (1/1)
26-08-01 19:40:08.538 [http-nio-8080-exec-5] [32mDEBUG[0;39m o.s.security.web.FilterChainProxy    [ |  | ] - Securing GET /api/auth/csrf-token
26-08-01 19:40:08.538 [http-nio-8080-exec-5] [32mTRACE[0;39m o.s.security.web.FilterChainProxy    [ |  | ] - Invoking DisableEncodeUrlFilter (1/10)
26-08-01 19:40:08.538 [http-nio-8080-exec-5] [32mTRACE[0;39m o.s.security.web.FilterChainProxy    [ |  | ] - Invoking WebAsyncManagerIntegrationFilter (2/10)
26-08-01 19:40:08.538 [http-nio-8080-exec-5] [32mTRACE[0;39m o.s.security.web.FilterChainProxy    [ |  | ] - Invoking SecurityContextHolderFilter (3/10)
26-08-01 19:40:08.538 [http-nio-8080-exec-5] [32mTRACE[0;39m o.s.security.web.FilterChainProxy    [ |  | ] - Invoking HeaderWriterFilter (4/10)
26-08-01 19:40:08.539 [http-nio-8080-exec-5] [32mTRACE[0;39m o.s.security.web.FilterChainProxy    [ |  | ] - Invoking CsrfFilter (5/10)
26-08-01 19:40:08.540 [http-nio-8080-exec-5] [32mTRACE[0;39m o.s.security.web.csrf.CsrfFilter     [ |  | ] - Did not protect against CSRF since request did not match CsrfNotRequired [TRACE, HEAD, GET, OPTIONS]
26-08-01 19:40:08.541 [http-nio-8080-exec-5] [32mTRACE[0;39m o.s.security.web.FilterChainProxy    [ |  | ] - Invoking LogoutFilter (6/10)
26-08-01 19:40:08.542 [http-nio-8080-exec-5] [32mTRACE[0;39m o.s.s.w.a.logout.LogoutFilter        [ |  | ] - Did not match request to Ant [pattern='/logout', POST]
26-08-01 19:40:08.542 [http-nio-8080-exec-5] [32mTRACE[0;39m o.s.security.web.FilterChainProxy    [ |  | ] - Invoking RequestCacheAwareFilter (7/10)
26-08-01 19:40:08.542 [http-nio-8080-exec-5] [32mTRACE[0;39m o.s.s.w.s.HttpSessionRequestCache    [ |  | ] - matchingRequestParameterName is required for getMatchingRequest to lookup a value, but not provided
26-08-01 19:40:08.542 [http-nio-8080-exec-5] [32mTRACE[0;39m o.s.security.web.FilterChainProxy    [ |  | ] - Invoking SecurityContextHolderAwareRequestFilter (8/10)
26-08-01 19:40:08.542 [http-nio-8080-exec-5] [32mTRACE[0;39m o.s.security.web.FilterChainProxy    [ |  | ] - Invoking AnonymousAuthenticationFilter (9/10)
26-08-01 19:40:08.542 [http-nio-8080-exec-5] [32mTRACE[0;39m o.s.security.web.FilterChainProxy    [ |  | ] - Invoking ExceptionTranslationFilter (10/10)
26-08-01 19:40:08.543 [http-nio-8080-exec-5] [32mDEBUG[0;39m o.s.security.web.FilterChainProxy    [ |  | ] - Secured GET /api/auth/csrf-token
26-08-01 19:40:08.546 [http-nio-8080-exec-5] [32mDEBUG[0;39m c.s.m.d.config.MDCLoggingInterceptor [e97a2fb7813240e2a3b8cffd65365f10 | GET | /api/auth/csrf-token] - Request started
26-08-01 19:40:08.549 [http-nio-8080-exec-5] [32mDEBUG[0;39m c.s.m.d.controller.AuthController    [e97a2fb7813240e2a3b8cffd65365f10 | GET | /api/auth/csrf-token] - CSRF 토큰 요청: LVCNcoayrDBSLmVgn4aEppJzCa2R1GZtPQo0niGlaDqgmku8GmS1Rr-CnlF_T10DpquwkKVGJJWptVBACDoGqBjDXQ7CoiqK
26-08-01 19:40:08.552 [http-nio-8080-exec-5] [32mDEBUG[0;39m c.s.m.d.config.MDCLoggingInterceptor [e97a2fb7813240e2a3b8cffd65365f10 | GET | /api/auth/csrf-token] - Request completed
26-08-01 19:40:08.552 [http-nio-8080-exec-5] [32mTRACE[0;39m o.s.s.w.c.HttpSessionSecurityContextRepository [ |  | ] - No HttpSession currently exists
26-08-01 19:40:08.552 [http-nio-8080-exec-5] [32mTRACE[0;39m o.s.s.w.c.SupplierDeferredSecurityContext [ |  | ] - Created SecurityContextImpl [Null authentication]
26-08-01 19:40:08.552 [http-nio-8080-exec-5] [32mTRACE[0;39m o.s.s.w.c.SupplierDeferredSecurityContext [ |  | ] - Created SecurityContextImpl [Null authentication]
26-08-01 19:40:08.552 [http-nio-8080-exec-5] [32mTRACE[0;39m o.s.s.w.a.AnonymousAuthenticationFilter [ |  | ] - Set SecurityContextHolder to AnonymousAuthenticationToken [Principal=anonymousUser, Credentials=[PROTECTED], Authenticated=true, Details=WebAuthenticationDetails [RemoteIpAddress=0:0:0:0:0:0:0:1, SessionId=null], Granted Authorities=[ROLE_ANONYMOUS]]
26-08-01 19:40:08.552 [http-nio-8080-exec-5] [32mTRACE[0;39m o.s.s.w.h.writers.HstsHeaderWriter   [ |  | ] - Not injecting HSTS header since it did not match request to [Is Secure]
26-08-01 19:42:54.690 [SpringApplicationShutdownHook] [32mINFO [0;39m o.s.b.w.e.tomcat.GracefulShutdown    [ |  | ] - Commencing graceful shutdown. Waiting for active requests to complete
26-08-01 19:42:54.699 [tomcat-shutdown] [32mINFO [0;39m o.s.b.w.e.tomcat.GracefulShutdown    [ |  | ] - Graceful shutdown complete
26-08-01 19:42:54.708 [SpringApplicationShutdownHook] [32mINFO [0;39m o.s.o.j.LocalContainerEntityManagerFactoryBean [ |  | ] - Closing JPA EntityManagerFactory for persistence unit 'default'
26-08-01 19:42:54.711 [SpringApplicationShutdownHook] [32mINFO [0;39m com.zaxxer.hikari.HikariDataSource   [ |  | ] - HikariPool-1 - Shutdown initiated...
26-08-01 19:42:54.715 [SpringApplicationShutdownHook] [32mINFO [0;39m com.zaxxer.hikari.HikariDataSource   [ |  | ] - HikariPool-1 - Shutdown completed.
26-08-01 19:42:57.874 [background-preinit] [32mINFO [0;39m o.h.validator.internal.util.Version  [ |  | ] - HV000001: Hibernate Validator 8.0.1.Final
26-08-01 19:42:57.901 [main] [32mINFO [0;39m c.s.m.discodeit.DiscodeitApplication [ |  | ] - Starting DiscodeitApplication using Java 17.0.18 with PID 21869 (/Users/minjijeon/work_space_sprint/12-sprint-mission/build/classes/java/main started by minjijeon in /Users/minjijeon/work_space_sprint/12-sprint-mission)
26-08-01 19:42:57.901 [main] [32mDEBUG[0;39m c.s.m.discodeit.DiscodeitApplication [ |  | ] - Running with Spring Boot v3.4.0, Spring v6.2.0
26-08-01 19:42:57.901 [main] [32mINFO [0;39m c.s.m.discodeit.DiscodeitApplication [ |  | ] - The following 1 profile is active: "dev"
26-08-01 19:42:58.474 [main] [32mINFO [0;39m o.s.d.r.c.RepositoryConfigurationDelegate [ |  | ] - Bootstrapping Spring Data JPA repositories in DEFAULT mode.
26-08-01 19:42:58.511 [main] [32mINFO [0;39m o.s.d.r.c.RepositoryConfigurationDelegate [ |  | ] - Finished Spring Data repository scanning in 32 ms. Found 6 JPA repository interfaces.
26-08-01 19:42:58.875 [main] [32mINFO [0;39m o.s.b.w.e.tomcat.TomcatWebServer     [ |  | ] - Tomcat initialized with port 8080 (http)
26-08-01 19:42:58.881 [main] [32mINFO [0;39m o.a.coyote.http11.Http11NioProtocol  [ |  | ] - Initializing ProtocolHandler ["http-nio-8080"]
26-08-01 19:42:58.882 [main] [32mINFO [0;39m o.a.catalina.core.StandardService    [ |  | ] - Starting service [Tomcat]
26-08-01 19:42:58.882 [main] [32mINFO [0;39m o.a.catalina.core.StandardEngine     [ |  | ] - Starting Servlet engine: [Apache Tomcat/10.1.33]
26-08-01 19:42:58.909 [main] [32mINFO [0;39m o.a.c.c.C.[Tomcat].[localhost].[/]   [ |  | ] - Initializing Spring embedded WebApplicationContext
26-08-01 19:42:58.909 [main] [32mINFO [0;39m o.s.b.w.s.c.ServletWebServerApplicationContext [ |  | ] - Root WebApplicationContext: initialization completed in 985 ms
26-08-01 19:42:59.027 [main] [32mINFO [0;39m com.zaxxer.hikari.HikariDataSource   [ |  | ] - HikariPool-1 - Starting...
26-08-01 19:42:59.117 [main] [32mINFO [0;39m com.zaxxer.hikari.pool.HikariPool    [ |  | ] - HikariPool-1 - Added connection org.postgresql.jdbc.PgConnection@7b4619a3
26-08-01 19:42:59.119 [main] [32mINFO [0;39m com.zaxxer.hikari.HikariDataSource   [ |  | ] - HikariPool-1 - Start completed.
26-08-01 19:42:59.167 [main] [32mINFO [0;39m o.h.jpa.internal.util.LogHelper      [ |  | ] - HHH000204: Processing PersistenceUnitInfo [name: default]
26-08-01 19:42:59.199 [main] [32mINFO [0;39m org.hibernate.Version                [ |  | ] - HHH000412: Hibernate ORM core version 6.6.2.Final
26-08-01 19:42:59.214 [main] [32mINFO [0;39m o.h.c.i.RegionFactoryInitiator       [ |  | ] - HHH000026: Second-level cache disabled
26-08-01 19:42:59.354 [main] [32mINFO [0;39m o.s.o.j.p.SpringPersistenceUnitInfo  [ |  | ] - No LoadTimeWeaver setup: ignoring JPA class transformer
26-08-01 19:42:59.412 [main] [32mINFO [0;39m o.hibernate.orm.connections.pooling  [ |  | ] - HHH10001005: Database info:
	Database JDBC URL [Connecting through datasource 'HikariDataSource (HikariPool-1)']
	Database driver: undefined/unknown
	Database version: 18.3
	Autocommit mode: undefined/unknown
	Isolation level: undefined/unknown
	Minimum pool size: undefined/unknown
	Maximum pool size: undefined/unknown
26-08-01 19:42:59.892 [main] [32mINFO [0;39m o.h.e.t.j.p.i.JtaPlatformInitiator   [ |  | ] - HHH000489: No JTA platform available (set 'hibernate.transaction.jta.platform' to enable JTA platform integration)
26-08-01 19:42:59.927 [main] [32mINFO [0;39m o.s.o.j.LocalContainerEntityManagerFactoryBean [ |  | ] - Initialized JPA EntityManagerFactory for persistence unit 'default'
26-08-01 19:43:00.086 [main] [32mINFO [0;39m o.s.d.j.r.query.QueryEnhancerFactory [ |  | ] - Hibernate is in classpath; If applicable, HQL parser will be used.
26-08-01 19:43:00.445 [main] [32mTRACE[0;39m o.s.s.c.a.a.c.AuthenticationConfiguration$EnableGlobalAuthenticationAutowiredConfigurer [ |  | ] - Eagerly initializing {org.springframework.boot.autoconfigure.security.servlet.SpringBootWebSecurityConfiguration$WebSecurityEnablerConfiguration=org.springframework.boot.autoconfigure.security.servlet.SpringBootWebSecurityConfiguration$WebSecurityEnablerConfiguration@353ab9e5}
26-08-01 19:43:00.448 [main] [33mWARN [0;39m o.s.b.a.s.s.UserDetailsServiceAutoConfiguration [ |  | ] - 

Using generated security password: a0940879-0f22-4a9f-abd9-757d8cbb9c73

This generated password is for development use only. Your security configuration must be updated before running your application in production.

26-08-01 19:43:00.455 [main] [32mINFO [0;39m o.s.s.c.a.a.c.InitializeUserDetailsBeanManagerConfigurer$InitializeUserDetailsManagerConfigurer [ |  | ] - Global AuthenticationManager configured with UserDetailsService bean with name inMemoryUserDetailsManager
26-08-01 19:43:00.499 [main] [32mDEBUG[0;39m o.s.s.web.DefaultSecurityFilterChain [ |  | ] - Will secure any request with filters: DisableEncodeUrlFilter, WebAsyncManagerIntegrationFilter, SecurityContextHolderFilter, HeaderWriterFilter, CsrfFilter, LogoutFilter, RequestCacheAwareFilter, SecurityContextHolderAwareRequestFilter, AnonymousAuthenticationFilter, ExceptionTranslationFilter
26-08-01 19:43:00.526 [main] [32mINFO [0;39m o.s.b.a.w.s.WelcomePageHandlerMapping [ |  | ] - Adding welcome page: class path resource [static/index.html]
26-08-01 19:43:00.987 [main] [32mINFO [0;39m o.s.b.a.e.web.EndpointLinksResolver  [ |  | ] - Exposing 4 endpoints beneath base path '/actuator'
26-08-01 19:43:01.047 [main] [32mINFO [0;39m o.a.coyote.http11.Http11NioProtocol  [ |  | ] - Starting ProtocolHandler ["http-nio-8080"]
26-08-01 19:43:01.055 [main] [32mINFO [0;39m o.s.b.w.e.tomcat.TomcatWebServer     [ |  | ] - Tomcat started on port 8080 (http) with context path '/'
26-08-01 19:43:01.066 [main] [32mINFO [0;39m c.s.m.discodeit.DiscodeitApplication [ |  | ] - Started DiscodeitApplication in 3.43 seconds (process running for 3.799)
26-08-01 19:43:01.600 [RMI TCP Connection(3)-127.0.0.1] [32mINFO [0;39m o.a.c.c.C.[Tomcat].[localhost].[/]   [ |  | ] - Initializing Spring DispatcherServlet 'dispatcherServlet'
26-08-01 19:43:01.600 [RMI TCP Connection(3)-127.0.0.1] [32mINFO [0;39m o.s.web.servlet.DispatcherServlet    [ |  | ] - Initializing Servlet 'dispatcherServlet'
26-08-01 19:43:01.603 [RMI TCP Connection(3)-127.0.0.1] [32mINFO [0;39m o.s.web.servlet.DispatcherServlet    [ |  | ] - Completed initialization in 3 ms
26-08-01 19:43:17.646 [http-nio-8080-exec-1] [32mTRACE[0;39m o.s.security.web.FilterChainProxy    [ |  | ] - Trying to match request against DefaultSecurityFilterChain defined as 'filterChain' in [class path resource [com/sprint/mission/discodeit/config/SecurityConfig.class]] matching [any request] and having filters [DisableEncodeUrl, WebAsyncManagerIntegration, SecurityContextHolder, HeaderWriter, Csrf, Logout, RequestCacheAware, SecurityContextHolderAwareRequest, AnonymousAuthentication, ExceptionTranslation] (1/1)
26-08-01 19:43:17.646 [http-nio-8080-exec-1] [32mDEBUG[0;39m o.s.security.web.FilterChainProxy    [ |  | ] - Securing GET /
26-08-01 19:43:17.654 [http-nio-8080-exec-1] [32mTRACE[0;39m o.s.security.web.FilterChainProxy    [ |  | ] - Invoking DisableEncodeUrlFilter (1/10)
26-08-01 19:43:17.656 [http-nio-8080-exec-1] [32mTRACE[0;39m o.s.security.web.FilterChainProxy    [ |  | ] - Invoking WebAsyncManagerIntegrationFilter (2/10)
26-08-01 19:43:17.657 [http-nio-8080-exec-1] [32mTRACE[0;39m o.s.security.web.FilterChainProxy    [ |  | ] - Invoking SecurityContextHolderFilter (3/10)
26-08-01 19:43:17.658 [http-nio-8080-exec-1] [32mTRACE[0;39m o.s.security.web.FilterChainProxy    [ |  | ] - Invoking HeaderWriterFilter (4/10)
26-08-01 19:43:17.659 [http-nio-8080-exec-1] [32mTRACE[0;39m o.s.security.web.FilterChainProxy    [ |  | ] - Invoking CsrfFilter (5/10)
26-08-01 19:43:17.663 [http-nio-8080-exec-1] [32mTRACE[0;39m o.s.security.web.csrf.CsrfFilter     [ |  | ] - Did not protect against CSRF since request did not match CsrfNotRequired [TRACE, HEAD, GET, OPTIONS]
26-08-01 19:43:17.664 [http-nio-8080-exec-1] [32mTRACE[0;39m o.s.security.web.FilterChainProxy    [ |  | ] - Invoking LogoutFilter (6/10)
26-08-01 19:43:17.664 [http-nio-8080-exec-1] [32mTRACE[0;39m o.s.s.w.a.logout.LogoutFilter        [ |  | ] - Did not match request to Ant [pattern='/logout', POST]
26-08-01 19:43:17.664 [http-nio-8080-exec-1] [32mTRACE[0;39m o.s.security.web.FilterChainProxy    [ |  | ] - Invoking RequestCacheAwareFilter (7/10)
26-08-01 19:43:17.664 [http-nio-8080-exec-1] [32mTRACE[0;39m o.s.s.w.s.HttpSessionRequestCache    [ |  | ] - matchingRequestParameterName is required for getMatchingRequest to lookup a value, but not provided
26-08-01 19:43:17.664 [http-nio-8080-exec-1] [32mTRACE[0;39m o.s.security.web.FilterChainProxy    [ |  | ] - Invoking SecurityContextHolderAwareRequestFilter (8/10)
26-08-01 19:43:17.665 [http-nio-8080-exec-1] [32mTRACE[0;39m o.s.security.web.FilterChainProxy    [ |  | ] - Invoking AnonymousAuthenticationFilter (9/10)
26-08-01 19:43:17.669 [http-nio-8080-exec-1] [32mTRACE[0;39m o.s.security.web.FilterChainProxy    [ |  | ] - Invoking ExceptionTranslationFilter (10/10)
26-08-01 19:43:17.671 [http-nio-8080-exec-1] [32mDEBUG[0;39m o.s.security.web.FilterChainProxy    [ |  | ] - Secured GET /
26-08-01 19:43:17.677 [http-nio-8080-exec-1] [32mDEBUG[0;39m c.s.m.d.config.MDCLoggingInterceptor [cc408db6c003494fa005c77aa876f155 | GET | /] - Request started
26-08-01 19:43:17.692 [http-nio-8080-exec-1] [32mTRACE[0;39m o.s.security.web.FilterChainProxy    [cc408db6c003494fa005c77aa876f155 | GET | /] - Trying to match request against DefaultSecurityFilterChain defined as 'filterChain' in [class path resource [com/sprint/mission/discodeit/config/SecurityConfig.class]] matching [any request] and having filters [DisableEncodeUrl, WebAsyncManagerIntegration, SecurityContextHolder, HeaderWriter, Csrf, Logout, RequestCacheAware, SecurityContextHolderAwareRequest, AnonymousAuthentication, ExceptionTranslation] (1/1)
26-08-01 19:43:17.692 [http-nio-8080-exec-1] [32mDEBUG[0;39m o.s.security.web.FilterChainProxy    [cc408db6c003494fa005c77aa876f155 | GET | /] - Securing GET /index.html
26-08-01 19:43:17.692 [http-nio-8080-exec-1] [32mTRACE[0;39m o.s.security.web.FilterChainProxy    [cc408db6c003494fa005c77aa876f155 | GET | /] - Invoking DisableEncodeUrlFilter (1/10)
26-08-01 19:43:17.692 [http-nio-8080-exec-1] [32mTRACE[0;39m o.s.security.web.FilterChainProxy    [cc408db6c003494fa005c77aa876f155 | GET | /] - Invoking WebAsyncManagerIntegrationFilter (2/10)
26-08-01 19:43:17.692 [http-nio-8080-exec-1] [32mTRACE[0;39m o.s.security.web.FilterChainProxy    [cc408db6c003494fa005c77aa876f155 | GET | /] - Invoking SecurityContextHolderFilter (3/10)
26-08-01 19:43:17.692 [http-nio-8080-exec-1] [32mTRACE[0;39m o.s.security.web.FilterChainProxy    [cc408db6c003494fa005c77aa876f155 | GET | /] - Invoking HeaderWriterFilter (4/10)
26-08-01 19:43:17.692 [http-nio-8080-exec-1] [32mTRACE[0;39m o.s.security.web.FilterChainProxy    [cc408db6c003494fa005c77aa876f155 | GET | /] - Invoking CsrfFilter (5/10)
26-08-01 19:43:17.692 [http-nio-8080-exec-1] [32mTRACE[0;39m o.s.security.web.FilterChainProxy    [cc408db6c003494fa005c77aa876f155 | GET | /] - Invoking LogoutFilter (6/10)
26-08-01 19:43:17.692 [http-nio-8080-exec-1] [32mTRACE[0;39m o.s.s.w.a.logout.LogoutFilter        [cc408db6c003494fa005c77aa876f155 | GET | /] - Did not match request to Ant [pattern='/logout', POST]
26-08-01 19:43:17.692 [http-nio-8080-exec-1] [32mTRACE[0;39m o.s.security.web.FilterChainProxy    [cc408db6c003494fa005c77aa876f155 | GET | /] - Invoking RequestCacheAwareFilter (7/10)
26-08-01 19:43:17.692 [http-nio-8080-exec-1] [32mTRACE[0;39m o.s.s.w.s.HttpSessionRequestCache    [cc408db6c003494fa005c77aa876f155 | GET | /] - matchingRequestParameterName is required for getMatchingRequest to lookup a value, but not provided
26-08-01 19:43:17.692 [http-nio-8080-exec-1] [32mTRACE[0;39m o.s.security.web.FilterChainProxy    [cc408db6c003494fa005c77aa876f155 | GET | /] - Invoking SecurityContextHolderAwareRequestFilter (8/10)
26-08-01 19:43:17.692 [http-nio-8080-exec-1] [32mTRACE[0;39m o.s.security.web.FilterChainProxy    [cc408db6c003494fa005c77aa876f155 | GET | /] - Invoking AnonymousAuthenticationFilter (9/10)
26-08-01 19:43:17.693 [http-nio-8080-exec-1] [32mTRACE[0;39m o.s.security.web.FilterChainProxy    [cc408db6c003494fa005c77aa876f155 | GET | /] - Invoking ExceptionTranslationFilter (10/10)
26-08-01 19:43:17.693 [http-nio-8080-exec-1] [32mDEBUG[0;39m o.s.security.web.FilterChainProxy    [cc408db6c003494fa005c77aa876f155 | GET | /] - Secured GET /index.html
26-08-01 19:43:17.693 [http-nio-8080-exec-1] [32mDEBUG[0;39m c.s.m.d.config.MDCLoggingInterceptor [9ea085bb255842ccbc7c7bfee589c11e | GET | /index.html] - Request started
26-08-01 19:43:17.698 [http-nio-8080-exec-1] [32mTRACE[0;39m o.s.s.w.h.writers.HstsHeaderWriter   [9ea085bb255842ccbc7c7bfee589c11e | GET | /index.html] - Not injecting HSTS header since it did not match request to [Is Secure]
26-08-01 19:43:17.699 [http-nio-8080-exec-1] [32mDEBUG[0;39m c.s.m.d.config.MDCLoggingInterceptor [9ea085bb255842ccbc7c7bfee589c11e | GET | /index.html] - Request completed
26-08-01 19:43:17.699 [http-nio-8080-exec-1] [32mTRACE[0;39m o.s.s.w.c.HttpSessionSecurityContextRepository [ |  | ] - No HttpSession currently exists
26-08-01 19:43:17.699 [http-nio-8080-exec-1] [32mTRACE[0;39m o.s.s.w.c.SupplierDeferredSecurityContext [ |  | ] - Created SecurityContextImpl [Null authentication]
26-08-01 19:43:17.699 [http-nio-8080-exec-1] [32mTRACE[0;39m o.s.s.w.c.SupplierDeferredSecurityContext [ |  | ] - Created SecurityContextImpl [Null authentication]
26-08-01 19:43:17.699 [http-nio-8080-exec-1] [32mTRACE[0;39m o.s.s.w.a.AnonymousAuthenticationFilter [ |  | ] - Set SecurityContextHolder to AnonymousAuthenticationToken [Principal=anonymousUser, Credentials=[PROTECTED], Authenticated=true, Details=WebAuthenticationDetails [RemoteIpAddress=0:0:0:0:0:0:0:1, SessionId=null], Granted Authorities=[ROLE_ANONYMOUS]]
26-08-01 19:43:17.700 [http-nio-8080-exec-1] [32mTRACE[0;39m o.s.s.w.a.AnonymousAuthenticationFilter [ |  | ] - Did not set SecurityContextHolder since already authenticated AnonymousAuthenticationToken [Principal=anonymousUser, Credentials=[PROTECTED], Authenticated=true, Details=WebAuthenticationDetails [RemoteIpAddress=0:0:0:0:0:0:0:1, SessionId=null], Granted Authorities=[ROLE_ANONYMOUS]]
26-08-01 19:43:17.700 [http-nio-8080-exec-1] [32mDEBUG[0;39m c.s.m.d.config.MDCLoggingInterceptor [ |  | ] - Request completed
26-08-01 19:43:17.719 [http-nio-8080-exec-3] [32mTRACE[0;39m o.s.security.web.FilterChainProxy    [ |  | ] - Trying to match request against DefaultSecurityFilterChain defined as 'filterChain' in [class path resource [com/sprint/mission/discodeit/config/SecurityConfig.class]] matching [any request] and having filters [DisableEncodeUrl, WebAsyncManagerIntegration, SecurityContextHolder, HeaderWriter, Csrf, Logout, RequestCacheAware, SecurityContextHolderAwareRequest, AnonymousAuthentication, ExceptionTranslation] (1/1)
26-08-01 19:43:17.720 [http-nio-8080-exec-2] [32mTRACE[0;39m o.s.security.web.FilterChainProxy    [ |  | ] - Trying to match request against DefaultSecurityFilterChain defined as 'filterChain' in [class path resource [com/sprint/mission/discodeit/config/SecurityConfig.class]] matching [any request] and having filters [DisableEncodeUrl, WebAsyncManagerIntegration, SecurityContextHolder, HeaderWriter, Csrf, Logout, RequestCacheAware, SecurityContextHolderAwareRequest, AnonymousAuthentication, ExceptionTranslation] (1/1)
26-08-01 19:43:17.720 [http-nio-8080-exec-3] [32mDEBUG[0;39m o.s.security.web.FilterChainProxy    [ |  | ] - Securing GET /assets/index-kQJbKSsj.css
26-08-01 19:43:17.720 [http-nio-8080-exec-2] [32mDEBUG[0;39m o.s.security.web.FilterChainProxy    [ |  | ] - Securing GET /assets/index-pvm8va9e.js
26-08-01 19:43:17.720 [http-nio-8080-exec-3] [32mTRACE[0;39m o.s.security.web.FilterChainProxy    [ |  | ] - Invoking DisableEncodeUrlFilter (1/10)
26-08-01 19:43:17.720 [http-nio-8080-exec-2] [32mTRACE[0;39m o.s.security.web.FilterChainProxy    [ |  | ] - Invoking DisableEncodeUrlFilter (1/10)
26-08-01 19:43:17.720 [http-nio-8080-exec-3] [32mTRACE[0;39m o.s.security.web.FilterChainProxy    [ |  | ] - Invoking WebAsyncManagerIntegrationFilter (2/10)
26-08-01 19:43:17.720 [http-nio-8080-exec-2] [32mTRACE[0;39m o.s.security.web.FilterChainProxy    [ |  | ] - Invoking WebAsyncManagerIntegrationFilter (2/10)
26-08-01 19:43:17.720 [http-nio-8080-exec-3] [32mTRACE[0;39m o.s.security.web.FilterChainProxy    [ |  | ] - Invoking SecurityContextHolderFilter (3/10)
26-08-01 19:43:17.720 [http-nio-8080-exec-3] [32mTRACE[0;39m o.s.security.web.FilterChainProxy    [ |  | ] - Invoking HeaderWriterFilter (4/10)
26-08-01 19:43:17.721 [http-nio-8080-exec-3] [32mTRACE[0;39m o.s.security.web.FilterChainProxy    [ |  | ] - Invoking CsrfFilter (5/10)
26-08-01 19:43:17.721 [http-nio-8080-exec-2] [32mTRACE[0;39m o.s.security.web.FilterChainProxy    [ |  | ] - Invoking SecurityContextHolderFilter (3/10)
26-08-01 19:43:17.721 [http-nio-8080-exec-3] [32mTRACE[0;39m o.s.security.web.csrf.CsrfFilter     [ |  | ] - Did not protect against CSRF since request did not match CsrfNotRequired [TRACE, HEAD, GET, OPTIONS]
26-08-01 19:43:17.721 [http-nio-8080-exec-2] [32mTRACE[0;39m o.s.security.web.FilterChainProxy    [ |  | ] - Invoking HeaderWriterFilter (4/10)
26-08-01 19:43:17.721 [http-nio-8080-exec-3] [32mTRACE[0;39m o.s.security.web.FilterChainProxy    [ |  | ] - Invoking LogoutFilter (6/10)
26-08-01 19:43:17.721 [http-nio-8080-exec-2] [32mTRACE[0;39m o.s.security.web.FilterChainProxy    [ |  | ] - Invoking CsrfFilter (5/10)
26-08-01 19:43:17.721 [http-nio-8080-exec-3] [32mTRACE[0;39m o.s.s.w.a.logout.LogoutFilter        [ |  | ] - Did not match request to Ant [pattern='/logout', POST]
26-08-01 19:43:17.721 [http-nio-8080-exec-3] [32mTRACE[0;39m o.s.security.web.FilterChainProxy    [ |  | ] - Invoking RequestCacheAwareFilter (7/10)
26-08-01 19:43:17.721 [http-nio-8080-exec-3] [32mTRACE[0;39m o.s.s.w.s.HttpSessionRequestCache    [ |  | ] - matchingRequestParameterName is required for getMatchingRequest to lookup a value, but not provided
26-08-01 19:43:17.721 [http-nio-8080-exec-3] [32mTRACE[0;39m o.s.security.web.FilterChainProxy    [ |  | ] - Invoking SecurityContextHolderAwareRequestFilter (8/10)
26-08-01 19:43:17.721 [http-nio-8080-exec-2] [32mTRACE[0;39m o.s.security.web.csrf.CsrfFilter     [ |  | ] - Did not protect against CSRF since request did not match CsrfNotRequired [TRACE, HEAD, GET, OPTIONS]
26-08-01 19:43:17.721 [http-nio-8080-exec-3] [32mTRACE[0;39m o.s.security.web.FilterChainProxy    [ |  | ] - Invoking AnonymousAuthenticationFilter (9/10)
26-08-01 19:43:17.722 [http-nio-8080-exec-2] [32mTRACE[0;39m o.s.security.web.FilterChainProxy    [ |  | ] - Invoking LogoutFilter (6/10)
26-08-01 19:43:17.722 [http-nio-8080-exec-2] [32mTRACE[0;39m o.s.s.w.a.logout.LogoutFilter        [ |  | ] - Did not match request to Ant [pattern='/logout', POST]
26-08-01 19:43:17.722 [http-nio-8080-exec-3] [32mTRACE[0;39m o.s.security.web.FilterChainProxy    [ |  | ] - Invoking ExceptionTranslationFilter (10/10)
26-08-01 19:43:17.722 [http-nio-8080-exec-2] [32mTRACE[0;39m o.s.security.web.FilterChainProxy    [ |  | ] - Invoking RequestCacheAwareFilter (7/10)
26-08-01 19:43:17.722 [http-nio-8080-exec-2] [32mTRACE[0;39m o.s.s.w.s.HttpSessionRequestCache    [ |  | ] - matchingRequestParameterName is required for getMatchingRequest to lookup a value, but not provided
26-08-01 19:43:17.722 [http-nio-8080-exec-2] [32mTRACE[0;39m o.s.security.web.FilterChainProxy    [ |  | ] - Invoking SecurityContextHolderAwareRequestFilter (8/10)
26-08-01 19:43:17.723 [http-nio-8080-exec-2] [32mTRACE[0;39m o.s.security.web.FilterChainProxy    [ |  | ] - Invoking AnonymousAuthenticationFilter (9/10)
26-08-01 19:43:17.723 [http-nio-8080-exec-3] [32mDEBUG[0;39m o.s.security.web.FilterChainProxy    [ |  | ] - Secured GET /assets/index-kQJbKSsj.css
26-08-01 19:43:17.723 [http-nio-8080-exec-2] [32mTRACE[0;39m o.s.security.web.FilterChainProxy    [ |  | ] - Invoking ExceptionTranslationFilter (10/10)
26-08-01 19:43:17.723 [http-nio-8080-exec-2] [32mDEBUG[0;39m o.s.security.web.FilterChainProxy    [ |  | ] - Secured GET /assets/index-pvm8va9e.js
26-08-01 19:43:17.733 [http-nio-8080-exec-3] [32mDEBUG[0;39m c.s.m.d.config.MDCLoggingInterceptor [8bdb704cb5dc45248f640abda4b9a0c8 | GET | /assets/index-kQJbKSsj.css] - Request started
26-08-01 19:43:17.733 [http-nio-8080-exec-2] [32mDEBUG[0;39m c.s.m.d.config.MDCLoggingInterceptor [751ed939d5ab49fc978127e307172c95 | GET | /assets/index-pvm8va9e.js] - Request started
26-08-01 19:43:17.734 [http-nio-8080-exec-2] [32mTRACE[0;39m o.s.s.w.h.writers.HstsHeaderWriter   [751ed939d5ab49fc978127e307172c95 | GET | /assets/index-pvm8va9e.js] - Not injecting HSTS header since it did not match request to [Is Secure]
26-08-01 19:43:17.735 [http-nio-8080-exec-3] [32mTRACE[0;39m o.s.s.w.h.writers.HstsHeaderWriter   [8bdb704cb5dc45248f640abda4b9a0c8 | GET | /assets/index-kQJbKSsj.css] - Not injecting HSTS header since it did not match request to [Is Secure]
26-08-01 19:43:17.735 [http-nio-8080-exec-3] [32mDEBUG[0;39m c.s.m.d.config.MDCLoggingInterceptor [8bdb704cb5dc45248f640abda4b9a0c8 | GET | /assets/index-kQJbKSsj.css] - Request completed
26-08-01 19:43:17.735 [http-nio-8080-exec-3] [32mTRACE[0;39m o.s.s.w.c.HttpSessionSecurityContextRepository [ |  | ] - No HttpSession currently exists
26-08-01 19:43:17.735 [http-nio-8080-exec-3] [32mTRACE[0;39m o.s.s.w.c.SupplierDeferredSecurityContext [ |  | ] - Created SecurityContextImpl [Null authentication]
26-08-01 19:43:17.735 [http-nio-8080-exec-3] [32mTRACE[0;39m o.s.s.w.c.SupplierDeferredSecurityContext [ |  | ] - Created SecurityContextImpl [Null authentication]
26-08-01 19:43:17.736 [http-nio-8080-exec-3] [32mTRACE[0;39m o.s.s.w.a.AnonymousAuthenticationFilter [ |  | ] - Set SecurityContextHolder to AnonymousAuthenticationToken [Principal=anonymousUser, Credentials=[PROTECTED], Authenticated=true, Details=WebAuthenticationDetails [RemoteIpAddress=0:0:0:0:0:0:0:1, SessionId=null], Granted Authorities=[ROLE_ANONYMOUS]]
26-08-01 19:43:17.739 [http-nio-8080-exec-2] [32mDEBUG[0;39m c.s.m.d.config.MDCLoggingInterceptor [751ed939d5ab49fc978127e307172c95 | GET | /assets/index-pvm8va9e.js] - Request completed
26-08-01 19:43:17.740 [http-nio-8080-exec-2] [32mTRACE[0;39m o.s.s.w.c.HttpSessionSecurityContextRepository [ |  | ] - No HttpSession currently exists
26-08-01 19:43:17.740 [http-nio-8080-exec-2] [32mTRACE[0;39m o.s.s.w.c.SupplierDeferredSecurityContext [ |  | ] - Created SecurityContextImpl [Null authentication]
26-08-01 19:43:17.740 [http-nio-8080-exec-2] [32mTRACE[0;39m o.s.s.w.c.SupplierDeferredSecurityContext [ |  | ] - Created SecurityContextImpl [Null authentication]
26-08-01 19:43:17.740 [http-nio-8080-exec-2] [32mTRACE[0;39m o.s.s.w.a.AnonymousAuthenticationFilter [ |  | ] - Set SecurityContextHolder to AnonymousAuthenticationToken [Principal=anonymousUser, Credentials=[PROTECTED], Authenticated=true, Details=WebAuthenticationDetails [RemoteIpAddress=0:0:0:0:0:0:0:1, SessionId=null], Granted Authorities=[ROLE_ANONYMOUS]]
26-08-01 19:43:17.756 [http-nio-8080-exec-4] [32mTRACE[0;39m o.s.security.web.FilterChainProxy    [ |  | ] - Trying to match request against DefaultSecurityFilterChain defined as 'filterChain' in [class path resource [com/sprint/mission/discodeit/config/SecurityConfig.class]] matching [any request] and having filters [DisableEncodeUrl, WebAsyncManagerIntegration, SecurityContextHolder, HeaderWriter, Csrf, Logout, RequestCacheAware, SecurityContextHolderAwareRequest, AnonymousAuthentication, ExceptionTranslation] (1/1)
26-08-01 19:43:17.756 [http-nio-8080-exec-4] [32mDEBUG[0;39m o.s.security.web.FilterChainProxy    [ |  | ] - Securing GET /.well-known/appspecific/com.chrome.devtools.json
26-08-01 19:43:17.756 [http-nio-8080-exec-4] [32mTRACE[0;39m o.s.security.web.FilterChainProxy    [ |  | ] - Invoking DisableEncodeUrlFilter (1/10)
26-08-01 19:43:17.756 [http-nio-8080-exec-4] [32mTRACE[0;39m o.s.security.web.FilterChainProxy    [ |  | ] - Invoking WebAsyncManagerIntegrationFilter (2/10)
26-08-01 19:43:17.757 [http-nio-8080-exec-4] [32mTRACE[0;39m o.s.security.web.FilterChainProxy    [ |  | ] - Invoking SecurityContextHolderFilter (3/10)
26-08-01 19:43:17.757 [http-nio-8080-exec-4] [32mTRACE[0;39m o.s.security.web.FilterChainProxy    [ |  | ] - Invoking HeaderWriterFilter (4/10)
26-08-01 19:43:17.757 [http-nio-8080-exec-4] [32mTRACE[0;39m o.s.security.web.FilterChainProxy    [ |  | ] - Invoking CsrfFilter (5/10)
26-08-01 19:43:17.757 [http-nio-8080-exec-4] [32mTRACE[0;39m o.s.security.web.csrf.CsrfFilter     [ |  | ] - Did not protect against CSRF since request did not match CsrfNotRequired [TRACE, HEAD, GET, OPTIONS]
26-08-01 19:43:17.757 [http-nio-8080-exec-4] [32mTRACE[0;39m o.s.security.web.FilterChainProxy    [ |  | ] - Invoking LogoutFilter (6/10)
26-08-01 19:43:17.757 [http-nio-8080-exec-4] [32mTRACE[0;39m o.s.s.w.a.logout.LogoutFilter        [ |  | ] - Did not match request to Ant [pattern='/logout', POST]
26-08-01 19:43:17.758 [http-nio-8080-exec-4] [32mTRACE[0;39m o.s.security.web.FilterChainProxy    [ |  | ] - Invoking RequestCacheAwareFilter (7/10)
26-08-01 19:43:17.758 [http-nio-8080-exec-4] [32mTRACE[0;39m o.s.s.w.s.HttpSessionRequestCache    [ |  | ] - matchingRequestParameterName is required for getMatchingRequest to lookup a value, but not provided
26-08-01 19:43:17.758 [http-nio-8080-exec-4] [32mTRACE[0;39m o.s.security.web.FilterChainProxy    [ |  | ] - Invoking SecurityContextHolderAwareRequestFilter (8/10)
26-08-01 19:43:17.759 [http-nio-8080-exec-4] [32mTRACE[0;39m o.s.security.web.FilterChainProxy    [ |  | ] - Invoking AnonymousAuthenticationFilter (9/10)
26-08-01 19:43:17.760 [http-nio-8080-exec-4] [32mTRACE[0;39m o.s.security.web.FilterChainProxy    [ |  | ] - Invoking ExceptionTranslationFilter (10/10)
26-08-01 19:43:17.760 [http-nio-8080-exec-4] [32mDEBUG[0;39m o.s.security.web.FilterChainProxy    [ |  | ] - Secured GET /.well-known/appspecific/com.chrome.devtools.json
26-08-01 19:43:17.760 [http-nio-8080-exec-4] [32mDEBUG[0;39m c.s.m.d.config.MDCLoggingInterceptor [b3e639a3ecbe494eb87f9fa27fa2ed5c | GET | /.well-known/appspecific/com.chrome.devtools.json] - Request started
26-08-01 19:43:17.766 [http-nio-8080-exec-5] [32mTRACE[0;39m o.s.security.web.FilterChainProxy    [ |  | ] - Trying to match request against DefaultSecurityFilterChain defined as 'filterChain' in [class path resource [com/sprint/mission/discodeit/config/SecurityConfig.class]] matching [any request] and having filters [DisableEncodeUrl, WebAsyncManagerIntegration, SecurityContextHolder, HeaderWriter, Csrf, Logout, RequestCacheAware, SecurityContextHolderAwareRequest, AnonymousAuthentication, ExceptionTranslation] (1/1)
26-08-01 19:43:17.766 [http-nio-8080-exec-5] [32mDEBUG[0;39m o.s.security.web.FilterChainProxy    [ |  | ] - Securing GET /api/auth/me
26-08-01 19:43:17.766 [http-nio-8080-exec-5] [32mTRACE[0;39m o.s.security.web.FilterChainProxy    [ |  | ] - Invoking DisableEncodeUrlFilter (1/10)
26-08-01 19:43:17.767 [http-nio-8080-exec-5] [32mTRACE[0;39m o.s.security.web.FilterChainProxy    [ |  | ] - Invoking WebAsyncManagerIntegrationFilter (2/10)
26-08-01 19:43:17.767 [http-nio-8080-exec-5] [32mTRACE[0;39m o.s.security.web.FilterChainProxy    [ |  | ] - Invoking SecurityContextHolderFilter (3/10)
26-08-01 19:43:17.767 [http-nio-8080-exec-5] [32mTRACE[0;39m o.s.security.web.FilterChainProxy    [ |  | ] - Invoking HeaderWriterFilter (4/10)
26-08-01 19:43:17.767 [http-nio-8080-exec-5] [32mTRACE[0;39m o.s.security.web.FilterChainProxy    [ |  | ] - Invoking CsrfFilter (5/10)
26-08-01 19:43:17.767 [http-nio-8080-exec-5] [32mTRACE[0;39m o.s.security.web.csrf.CsrfFilter     [ |  | ] - Did not protect against CSRF since request did not match CsrfNotRequired [TRACE, HEAD, GET, OPTIONS]
26-08-01 19:43:17.768 [http-nio-8080-exec-5] [32mTRACE[0;39m o.s.security.web.FilterChainProxy    [ |  | ] - Invoking LogoutFilter (6/10)
26-08-01 19:43:17.768 [http-nio-8080-exec-5] [32mTRACE[0;39m o.s.s.w.a.logout.LogoutFilter        [ |  | ] - Did not match request to Ant [pattern='/logout', POST]
26-08-01 19:43:17.768 [http-nio-8080-exec-5] [32mTRACE[0;39m o.s.security.web.FilterChainProxy    [ |  | ] - Invoking RequestCacheAwareFilter (7/10)
26-08-01 19:43:17.768 [http-nio-8080-exec-5] [32mTRACE[0;39m o.s.s.w.s.HttpSessionRequestCache    [ |  | ] - matchingRequestParameterName is required for getMatchingRequest to lookup a value, but not provided
26-08-01 19:43:17.769 [http-nio-8080-exec-5] [32mTRACE[0;39m o.s.security.web.FilterChainProxy    [ |  | ] - Invoking SecurityContextHolderAwareRequestFilter (8/10)
26-08-01 19:43:17.769 [http-nio-8080-exec-6] [32mTRACE[0;39m o.s.security.web.FilterChainProxy    [ |  | ] - Trying to match request against DefaultSecurityFilterChain defined as 'filterChain' in [class path resource [com/sprint/mission/discodeit/config/SecurityConfig.class]] matching [any request] and having filters [DisableEncodeUrl, WebAsyncManagerIntegration, SecurityContextHolder, HeaderWriter, Csrf, Logout, RequestCacheAware, SecurityContextHolderAwareRequest, AnonymousAuthentication, ExceptionTranslation] (1/1)
26-08-01 19:43:17.769 [http-nio-8080-exec-6] [32mDEBUG[0;39m o.s.security.web.FilterChainProxy    [ |  | ] - Securing GET /api/auth/csrf-token
26-08-01 19:43:17.769 [http-nio-8080-exec-5] [32mTRACE[0;39m o.s.security.web.FilterChainProxy    [ |  | ] - Invoking AnonymousAuthenticationFilter (9/10)
26-08-01 19:43:17.769 [http-nio-8080-exec-6] [32mTRACE[0;39m o.s.security.web.FilterChainProxy    [ |  | ] - Invoking DisableEncodeUrlFilter (1/10)
26-08-01 19:43:17.769 [http-nio-8080-exec-5] [32mTRACE[0;39m o.s.security.web.FilterChainProxy    [ |  | ] - Invoking ExceptionTranslationFilter (10/10)
26-08-01 19:43:17.769 [http-nio-8080-exec-5] [32mDEBUG[0;39m o.s.security.web.FilterChainProxy    [ |  | ] - Secured GET /api/auth/me
26-08-01 19:43:17.769 [http-nio-8080-exec-6] [32mTRACE[0;39m o.s.security.web.FilterChainProxy    [ |  | ] - Invoking WebAsyncManagerIntegrationFilter (2/10)
26-08-01 19:43:17.770 [http-nio-8080-exec-6] [32mTRACE[0;39m o.s.security.web.FilterChainProxy    [ |  | ] - Invoking SecurityContextHolderFilter (3/10)
26-08-01 19:43:17.770 [http-nio-8080-exec-6] [32mTRACE[0;39m o.s.security.web.FilterChainProxy    [ |  | ] - Invoking HeaderWriterFilter (4/10)
26-08-01 19:43:17.770 [http-nio-8080-exec-6] [32mTRACE[0;39m o.s.security.web.FilterChainProxy    [ |  | ] - Invoking CsrfFilter (5/10)
26-08-01 19:43:17.770 [http-nio-8080-exec-5] [32mDEBUG[0;39m c.s.m.d.config.MDCLoggingInterceptor [22d37193cd4849f5af967943fde01c0a | GET | /api/auth/me] - Request started
26-08-01 19:43:17.770 [http-nio-8080-exec-6] [32mTRACE[0;39m o.s.security.web.csrf.CsrfFilter     [ |  | ] - Did not protect against CSRF since request did not match CsrfNotRequired [TRACE, HEAD, GET, OPTIONS]
26-08-01 19:43:17.770 [http-nio-8080-exec-6] [32mTRACE[0;39m o.s.security.web.FilterChainProxy    [ |  | ] - Invoking LogoutFilter (6/10)
26-08-01 19:43:17.770 [http-nio-8080-exec-6] [32mTRACE[0;39m o.s.s.w.a.logout.LogoutFilter        [ |  | ] - Did not match request to Ant [pattern='/logout', POST]
26-08-01 19:43:17.770 [http-nio-8080-exec-6] [32mTRACE[0;39m o.s.security.web.FilterChainProxy    [ |  | ] - Invoking RequestCacheAwareFilter (7/10)
26-08-01 19:43:17.770 [http-nio-8080-exec-6] [32mTRACE[0;39m o.s.s.w.s.HttpSessionRequestCache    [ |  | ] - matchingRequestParameterName is required for getMatchingRequest to lookup a value, but not provided
26-08-01 19:43:17.770 [http-nio-8080-exec-6] [32mTRACE[0;39m o.s.security.web.FilterChainProxy    [ |  | ] - Invoking SecurityContextHolderAwareRequestFilter (8/10)
26-08-01 19:43:17.770 [http-nio-8080-exec-6] [32mTRACE[0;39m o.s.security.web.FilterChainProxy    [ |  | ] - Invoking AnonymousAuthenticationFilter (9/10)
26-08-01 19:43:17.770 [http-nio-8080-exec-6] [32mTRACE[0;39m o.s.security.web.FilterChainProxy    [ |  | ] - Invoking ExceptionTranslationFilter (10/10)
26-08-01 19:43:17.771 [http-nio-8080-exec-6] [32mDEBUG[0;39m o.s.security.web.FilterChainProxy    [ |  | ] - Secured GET /api/auth/csrf-token
26-08-01 19:43:17.771 [http-nio-8080-exec-6] [32mDEBUG[0;39m c.s.m.d.config.MDCLoggingInterceptor [0cc0b60657f348d092f6f9176ea83ab1 | GET | /api/auth/csrf-token] - Request started
26-08-01 19:43:17.771 [http-nio-8080-exec-5] [31mERROR[0;39m c.s.m.d.e.GlobalExceptionHandler     [22d37193cd4849f5af967943fde01c0a | GET | /api/auth/me] - 예상치 못한 오류 발생: No static resource api/auth/me.
org.springframework.web.servlet.resource.NoResourceFoundException: No static resource api/auth/me.
	at org.springframework.web.servlet.resource.ResourceHttpRequestHandler.handleRequest(ResourceHttpRequestHandler.java:585)
	at org.springframework.web.servlet.mvc.HttpRequestHandlerAdapter.handle(HttpRequestHandlerAdapter.java:52)
	at org.springframework.web.servlet.DispatcherServlet.doDispatch(DispatcherServlet.java:1088)
	at org.springframework.web.servlet.DispatcherServlet.doService(DispatcherServlet.java:978)
	at org.springframework.web.servlet.FrameworkServlet.processRequest(FrameworkServlet.java:1014)
	at org.springframework.web.servlet.FrameworkServlet.doGet(FrameworkServlet.java:903)
	at jakarta.servlet.http.HttpServlet.service(HttpServlet.java:564)
	at org.springframework.web.servlet.FrameworkServlet.service(FrameworkServlet.java:885)
	at jakarta.servlet.http.HttpServlet.service(HttpServlet.java:658)
	at org.apache.catalina.core.ApplicationFilterChain.internalDoFilter(ApplicationFilterChain.java:195)
	at org.apache.catalina.core.ApplicationFilterChain.doFilter(ApplicationFilterChain.java:140)
	at org.apache.tomcat.websocket.server.WsFilter.doFilter(WsFilter.java:51)
	at org.apache.catalina.core.ApplicationFilterChain.internalDoFilter(ApplicationFilterChain.java:164)
	at org.apache.catalina.core.ApplicationFilterChain.doFilter(ApplicationFilterChain.java:140)
	at org.springframework.web.filter.CompositeFilter$VirtualFilterChain.doFilter(CompositeFilter.java:108)
	at org.springframework.security.web.FilterChainProxy.lambda$doFilterInternal$3(FilterChainProxy.java:231)
	at org.springframework.security.web.ObservationFilterChainDecorator$FilterObservation$SimpleFilterObservation.lambda$wrap$1(ObservationFilterChainDecorator.java:479)
	at org.springframework.security.web.ObservationFilterChainDecorator$AroundFilterObservation$SimpleAroundFilterObservation.lambda$wrap$1(ObservationFilterChainDecorator.java:340)
	at org.springframework.security.web.ObservationFilterChainDecorator.lambda$wrapSecured$0(ObservationFilterChainDecorator.java:82)
	at org.springframework.security.web.ObservationFilterChainDecorator$VirtualFilterChain.doFilter(ObservationFilterChainDecorator.java:128)
	at org.springframework.security.web.access.ExceptionTranslationFilter.doFilter(ExceptionTranslationFilter.java:126)
	at org.springframework.security.web.access.ExceptionTranslationFilter.doFilter(ExceptionTranslationFilter.java:120)
	at org.springframework.security.web.ObservationFilterChainDecorator$ObservationFilter.wrapFilter(ObservationFilterChainDecorator.java:240)
	at org.springframework.security.web.ObservationFilterChainDecorator$ObservationFilter.doFilter(ObservationFilterChainDecorator.java:227)
	at org.springframework.security.web.ObservationFilterChainDecorator$VirtualFilterChain.doFilter(ObservationFilterChainDecorator.java:137)
	at org.springframework.security.web.authentication.AnonymousAuthenticationFilter.doFilter(AnonymousAuthenticationFilter.java:100)
	at org.springframework.security.web.ObservationFilterChainDecorator$ObservationFilter.wrapFilter(ObservationFilterChainDecorator.java:240)
	at org.springframework.security.web.ObservationFilterChainDecorator$ObservationFilter.doFilter(ObservationFilterChainDecorator.java:227)
	at org.springframework.security.web.ObservationFilterChainDecorator$VirtualFilterChain.doFilter(ObservationFilterChainDecorator.java:137)
	at org.springframework.security.web.servletapi.SecurityContextHolderAwareRequestFilter.doFilter(SecurityContextHolderAwareRequestFilter.java:179)
	at org.springframework.security.web.ObservationFilterChainDecorator$ObservationFilter.wrapFilter(ObservationFilterChainDecorator.java:240)
	at org.springframework.security.web.ObservationFilterChainDecorator$ObservationFilter.doFilter(ObservationFilterChainDecorator.java:227)
	at org.springframework.security.web.ObservationFilterChainDecorator$VirtualFilterChain.doFilter(ObservationFilterChainDecorator.java:137)
	at org.springframework.security.web.savedrequest.RequestCacheAwareFilter.doFilter(RequestCacheAwareFilter.java:63)
	at org.springframework.security.web.ObservationFilterChainDecorator$ObservationFilter.wrapFilter(ObservationFilterChainDecorator.java:240)
	at org.springframework.security.web.ObservationFilterChainDecorator$ObservationFilter.doFilter(ObservationFilterChainDecorator.java:227)
	at org.springframework.security.web.ObservationFilterChainDecorator$VirtualFilterChain.doFilter(ObservationFilterChainDecorator.java:137)
	at org.springframework.security.web.authentication.logout.LogoutFilter.doFilter(LogoutFilter.java:107)
	at org.springframework.security.web.authentication.logout.LogoutFilter.doFilter(LogoutFilter.java:93)
	at org.springframework.security.web.ObservationFilterChainDecorator$ObservationFilter.wrapFilter(ObservationFilterChainDecorator.java:240)
	at org.springframework.security.web.ObservationFilterChainDecorator$ObservationFilter.doFilter(ObservationFilterChainDecorator.java:227)
	at org.springframework.security.web.ObservationFilterChainDecorator$VirtualFilterChain.doFilter(ObservationFilterChainDecorator.java:137)
	at org.springframework.security.web.csrf.CsrfFilter.doFilterInternal(CsrfFilter.java:117)
	at org.springframework.web.filter.OncePerRequestFilter.doFilter(OncePerRequestFilter.java:116)
	at org.springframework.security.web.ObservationFilterChainDecorator$ObservationFilter.wrapFilter(ObservationFilterChainDecorator.java:240)
	at org.springframework.security.web.ObservationFilterChainDecorator$ObservationFilter.doFilter(ObservationFilterChainDecorator.java:227)
	at org.springframework.security.web.ObservationFilterChainDecorator$VirtualFilterChain.doFilter(ObservationFilterChainDecorator.java:137)
	at org.springframework.security.web.header.HeaderWriterFilter.doHeadersAfter(HeaderWriterFilter.java:90)
	at org.springframework.security.web.header.HeaderWriterFilter.doFilterInternal(HeaderWriterFilter.java:75)
	at org.springframework.web.filter.OncePerRequestFilter.doFilter(OncePerRequestFilter.java:116)
	at org.springframework.security.web.ObservationFilterChainDecorator$ObservationFilter.wrapFilter(ObservationFilterChainDecorator.java:240)
	at org.springframework.security.web.ObservationFilterChainDecorator$ObservationFilter.doFilter(ObservationFilterChainDecorator.java:227)
	at org.springframework.security.web.ObservationFilterChainDecorator$VirtualFilterChain.doFilter(ObservationFilterChainDecorator.java:137)
	at org.springframework.security.web.context.SecurityContextHolderFilter.doFilter(SecurityContextHolderFilter.java:82)
	at org.springframework.security.web.context.SecurityContextHolderFilter.doFilter(SecurityContextHolderFilter.java:69)
	at org.springframework.security.web.ObservationFilterChainDecorator$ObservationFilter.wrapFilter(ObservationFilterChainDecorator.java:240)
	at org.springframework.security.web.ObservationFilterChainDecorator$ObservationFilter.doFilter(ObservationFilterChainDecorator.java:227)
	at org.springframework.security.web.ObservationFilterChainDecorator$VirtualFilterChain.doFilter(ObservationFilterChainDecorator.java:137)
	at org.springframework.security.web.context.request.async.WebAsyncManagerIntegrationFilter.doFilterInternal(WebAsyncManagerIntegrationFilter.java:62)
	at org.springframework.web.filter.OncePerRequestFilter.doFilter(OncePerRequestFilter.java:116)
	at org.springframework.security.web.ObservationFilterChainDecorator$ObservationFilter.wrapFilter(ObservationFilterChainDecorator.java:240)
	at org.springframework.security.web.ObservationFilterChainDecorator$ObservationFilter.doFilter(ObservationFilterChainDecorator.java:227)
	at org.springframework.security.web.ObservationFilterChainDecorator$VirtualFilterChain.doFilter(ObservationFilterChainDecorator.java:137)
	at org.springframework.security.web.session.DisableEncodeUrlFilter.doFilterInternal(DisableEncodeUrlFilter.java:42)
	at org.springframework.web.filter.OncePerRequestFilter.doFilter(OncePerRequestFilter.java:116)
	at org.springframework.security.web.ObservationFilterChainDecorator$ObservationFilter.wrapFilter(ObservationFilterChainDecorator.java:240)
	at org.springframework.security.web.ObservationFilterChainDecorator$AroundFilterObservation$SimpleAroundFilterObservation.lambda$wrap$0(ObservationFilterChainDecorator.java:323)
	at org.springframework.security.web.ObservationFilterChainDecorator$ObservationFilter.doFilter(ObservationFilterChainDecorator.java:224)
	at org.springframework.security.web.ObservationFilterChainDecorator$VirtualFilterChain.doFilter(ObservationFilterChainDecorator.java:137)
	at org.springframework.security.web.FilterChainProxy.doFilterInternal(FilterChainProxy.java:233)
	at org.springframework.security.web.FilterChainProxy.doFilter(FilterChainProxy.java:191)
	at org.springframework.web.filter.CompositeFilter$VirtualFilterChain.doFilter(CompositeFilter.java:113)
	at org.springframework.web.servlet.handler.HandlerMappingIntrospector.lambda$createCacheFilter$3(HandlerMappingIntrospector.java:243)
	at org.springframework.web.filter.CompositeFilter$VirtualFilterChain.doFilter(CompositeFilter.java:113)
	at org.springframework.web.filter.CompositeFilter.doFilter(CompositeFilter.java:74)
	at org.springframework.security.config.annotation.web.configuration.WebMvcSecurityConfiguration$CompositeFilterChainProxy.doFilter(WebMvcSecurityConfiguration.java:238)
	at org.springframework.web.filter.DelegatingFilterProxy.invokeDelegate(DelegatingFilterProxy.java:362)
	at org.springframework.web.filter.DelegatingFilterProxy.doFilter(DelegatingFilterProxy.java:278)
	at org.apache.catalina.core.ApplicationFilterChain.internalDoFilter(ApplicationFilterChain.java:164)
	at org.apache.catalina.core.ApplicationFilterChain.doFilter(ApplicationFilterChain.java:140)
	at org.springframework.web.filter.RequestContextFilter.doFilterInternal(RequestContextFilter.java:100)
	at org.springframework.web.filter.OncePerRequestFilter.doFilter(OncePerRequestFilter.java:116)
	at org.apache.catalina.core.ApplicationFilterChain.internalDoFilter(ApplicationFilterChain.java:164)
	at org.apache.catalina.core.ApplicationFilterChain.doFilter(ApplicationFilterChain.java:140)
	at org.springframework.web.filter.FormContentFilter.doFilterInternal(FormContentFilter.java:93)
	at org.springframework.web.filter.OncePerRequestFilter.doFilter(OncePerRequestFilter.java:116)
	at org.apache.catalina.core.ApplicationFilterChain.internalDoFilter(ApplicationFilterChain.java:164)
	at org.apache.catalina.core.ApplicationFilterChain.doFilter(ApplicationFilterChain.java:140)
	at org.springframework.web.filter.ServerHttpObservationFilter.doFilterInternal(ServerHttpObservationFilter.java:114)
	at org.springframework.web.filter.OncePerRequestFilter.doFilter(OncePerRequestFilter.java:116)
	at org.apache.catalina.core.ApplicationFilterChain.internalDoFilter(ApplicationFilterChain.java:164)
	at org.apache.catalina.core.ApplicationFilterChain.doFilter(ApplicationFilterChain.java:140)
	at org.springframework.web.filter.CharacterEncodingFilter.doFilterInternal(CharacterEncodingFilter.java:201)
	at org.springframework.web.filter.OncePerRequestFilter.doFilter(OncePerRequestFilter.java:116)
	at org.apache.catalina.core.ApplicationFilterChain.internalDoFilter(ApplicationFilterChain.java:164)
	at org.apache.catalina.core.ApplicationFilterChain.doFilter(ApplicationFilterChain.java:140)
	at org.apache.catalina.core.StandardWrapperValve.invoke(StandardWrapperValve.java:167)
	at org.apache.catalina.core.StandardContextValve.invoke(StandardContextValve.java:90)
	at org.apache.catalina.authenticator.AuthenticatorBase.invoke(AuthenticatorBase.java:483)
	at org.apache.catalina.core.StandardHostValve.invoke(StandardHostValve.java:115)
	at org.apache.catalina.valves.ErrorReportValve.invoke(ErrorReportValve.java:93)
	at org.apache.catalina.core.StandardEngineValve.invoke(StandardEngineValve.java:74)
	at org.apache.catalina.connector.CoyoteAdapter.service(CoyoteAdapter.java:344)
	at org.apache.coyote.http11.Http11Processor.service(Http11Processor.java:397)
	at org.apache.coyote.AbstractProcessorLight.process(AbstractProcessorLight.java:63)
	at org.apache.coyote.AbstractProtocol$ConnectionHandler.process(AbstractProtocol.java:905)
	at org.apache.tomcat.util.net.NioEndpoint$SocketProcessor.doRun(NioEndpoint.java:1741)
	at org.apache.tomcat.util.net.SocketProcessorBase.run(SocketProcessorBase.java:52)
	at org.apache.tomcat.util.threads.ThreadPoolExecutor.runWorker(ThreadPoolExecutor.java:1190)
	at org.apache.tomcat.util.threads.ThreadPoolExecutor$Worker.run(ThreadPoolExecutor.java:659)
	at org.apache.tomcat.util.threads.TaskThread$WrappingRunnable.run(TaskThread.java:63)
	at java.base/java.lang.Thread.run(Thread.java:840)
26-08-01 19:43:17.771 [http-nio-8080-exec-4] [31mERROR[0;39m c.s.m.d.e.GlobalExceptionHandler     [b3e639a3ecbe494eb87f9fa27fa2ed5c | GET | /.well-known/appspecific/com.chrome.devtools.json] - 예상치 못한 오류 발생: No static resource .well-known/appspecific/com.chrome.devtools.json.
org.springframework.web.servlet.resource.NoResourceFoundException: No static resource .well-known/appspecific/com.chrome.devtools.json.
	at org.springframework.web.servlet.resource.ResourceHttpRequestHandler.handleRequest(ResourceHttpRequestHandler.java:585)
	at org.springframework.web.servlet.mvc.HttpRequestHandlerAdapter.handle(HttpRequestHandlerAdapter.java:52)
	at org.springframework.web.servlet.DispatcherServlet.doDispatch(DispatcherServlet.java:1088)
	at org.springframework.web.servlet.DispatcherServlet.doService(DispatcherServlet.java:978)
	at org.springframework.web.servlet.FrameworkServlet.processRequest(FrameworkServlet.java:1014)
	at org.springframework.web.servlet.FrameworkServlet.doGet(FrameworkServlet.java:903)
	at jakarta.servlet.http.HttpServlet.service(HttpServlet.java:564)
	at org.springframework.web.servlet.FrameworkServlet.service(FrameworkServlet.java:885)
	at jakarta.servlet.http.HttpServlet.service(HttpServlet.java:658)
	at org.apache.catalina.core.ApplicationFilterChain.internalDoFilter(ApplicationFilterChain.java:195)
	at org.apache.catalina.core.ApplicationFilterChain.doFilter(ApplicationFilterChain.java:140)
	at org.apache.tomcat.websocket.server.WsFilter.doFilter(WsFilter.java:51)
	at org.apache.catalina.core.ApplicationFilterChain.internalDoFilter(ApplicationFilterChain.java:164)
	at org.apache.catalina.core.ApplicationFilterChain.doFilter(ApplicationFilterChain.java:140)
	at org.springframework.web.filter.CompositeFilter$VirtualFilterChain.doFilter(CompositeFilter.java:108)
	at org.springframework.security.web.FilterChainProxy.lambda$doFilterInternal$3(FilterChainProxy.java:231)
	at org.springframework.security.web.ObservationFilterChainDecorator$FilterObservation$SimpleFilterObservation.lambda$wrap$1(ObservationFilterChainDecorator.java:479)
	at org.springframework.security.web.ObservationFilterChainDecorator$AroundFilterObservation$SimpleAroundFilterObservation.lambda$wrap$1(ObservationFilterChainDecorator.java:340)
	at org.springframework.security.web.ObservationFilterChainDecorator.lambda$wrapSecured$0(ObservationFilterChainDecorator.java:82)
	at org.springframework.security.web.ObservationFilterChainDecorator$VirtualFilterChain.doFilter(ObservationFilterChainDecorator.java:128)
	at org.springframework.security.web.access.ExceptionTranslationFilter.doFilter(ExceptionTranslationFilter.java:126)
	at org.springframework.security.web.access.ExceptionTranslationFilter.doFilter(ExceptionTranslationFilter.java:120)
	at org.springframework.security.web.ObservationFilterChainDecorator$ObservationFilter.wrapFilter(ObservationFilterChainDecorator.java:240)
	at org.springframework.security.web.ObservationFilterChainDecorator$ObservationFilter.doFilter(ObservationFilterChainDecorator.java:227)
	at org.springframework.security.web.ObservationFilterChainDecorator$VirtualFilterChain.doFilter(ObservationFilterChainDecorator.java:137)
	at org.springframework.security.web.authentication.AnonymousAuthenticationFilter.doFilter(AnonymousAuthenticationFilter.java:100)
	at org.springframework.security.web.ObservationFilterChainDecorator$ObservationFilter.wrapFilter(ObservationFilterChainDecorator.java:240)
	at org.springframework.security.web.ObservationFilterChainDecorator$ObservationFilter.doFilter(ObservationFilterChainDecorator.java:227)
	at org.springframework.security.web.ObservationFilterChainDecorator$VirtualFilterChain.doFilter(ObservationFilterChainDecorator.java:137)
	at org.springframework.security.web.servletapi.SecurityContextHolderAwareRequestFilter.doFilter(SecurityContextHolderAwareRequestFilter.java:179)
	at org.springframework.security.web.ObservationFilterChainDecorator$ObservationFilter.wrapFilter(ObservationFilterChainDecorator.java:240)
	at org.springframework.security.web.ObservationFilterChainDecorator$ObservationFilter.doFilter(ObservationFilterChainDecorator.java:227)
	at org.springframework.security.web.ObservationFilterChainDecorator$VirtualFilterChain.doFilter(ObservationFilterChainDecorator.java:137)
	at org.springframework.security.web.savedrequest.RequestCacheAwareFilter.doFilter(RequestCacheAwareFilter.java:63)
	at org.springframework.security.web.ObservationFilterChainDecorator$ObservationFilter.wrapFilter(ObservationFilterChainDecorator.java:240)
	at org.springframework.security.web.ObservationFilterChainDecorator$ObservationFilter.doFilter(ObservationFilterChainDecorator.java:227)
	at org.springframework.security.web.ObservationFilterChainDecorator$VirtualFilterChain.doFilter(ObservationFilterChainDecorator.java:137)
	at org.springframework.security.web.authentication.logout.LogoutFilter.doFilter(LogoutFilter.java:107)
	at org.springframework.security.web.authentication.logout.LogoutFilter.doFilter(LogoutFilter.java:93)
	at org.springframework.security.web.ObservationFilterChainDecorator$ObservationFilter.wrapFilter(ObservationFilterChainDecorator.java:240)
	at org.springframework.security.web.ObservationFilterChainDecorator$ObservationFilter.doFilter(ObservationFilterChainDecorator.java:227)
	at org.springframework.security.web.ObservationFilterChainDecorator$VirtualFilterChain.doFilter(ObservationFilterChainDecorator.java:137)
	at org.springframework.security.web.csrf.CsrfFilter.doFilterInternal(CsrfFilter.java:117)
	at org.springframework.web.filter.OncePerRequestFilter.doFilter(OncePerRequestFilter.java:116)
	at org.springframework.security.web.ObservationFilterChainDecorator$ObservationFilter.wrapFilter(ObservationFilterChainDecorator.java:240)
	at org.springframework.security.web.ObservationFilterChainDecorator$ObservationFilter.doFilter(ObservationFilterChainDecorator.java:227)
	at org.springframework.security.web.ObservationFilterChainDecorator$VirtualFilterChain.doFilter(ObservationFilterChainDecorator.java:137)
	at org.springframework.security.web.header.HeaderWriterFilter.doHeadersAfter(HeaderWriterFilter.java:90)
	at org.springframework.security.web.header.HeaderWriterFilter.doFilterInternal(HeaderWriterFilter.java:75)
	at org.springframework.web.filter.OncePerRequestFilter.doFilter(OncePerRequestFilter.java:116)
	at org.springframework.security.web.ObservationFilterChainDecorator$ObservationFilter.wrapFilter(ObservationFilterChainDecorator.java:240)
	at org.springframework.security.web.ObservationFilterChainDecorator$ObservationFilter.doFilter(ObservationFilterChainDecorator.java:227)
	at org.springframework.security.web.ObservationFilterChainDecorator$VirtualFilterChain.doFilter(ObservationFilterChainDecorator.java:137)
	at org.springframework.security.web.context.SecurityContextHolderFilter.doFilter(SecurityContextHolderFilter.java:82)
	at org.springframework.security.web.context.SecurityContextHolderFilter.doFilter(SecurityContextHolderFilter.java:69)
	at org.springframework.security.web.ObservationFilterChainDecorator$ObservationFilter.wrapFilter(ObservationFilterChainDecorator.java:240)
	at org.springframework.security.web.ObservationFilterChainDecorator$ObservationFilter.doFilter(ObservationFilterChainDecorator.java:227)
	at org.springframework.security.web.ObservationFilterChainDecorator$VirtualFilterChain.doFilter(ObservationFilterChainDecorator.java:137)
	at org.springframework.security.web.context.request.async.WebAsyncManagerIntegrationFilter.doFilterInternal(WebAsyncManagerIntegrationFilter.java:62)
	at org.springframework.web.filter.OncePerRequestFilter.doFilter(OncePerRequestFilter.java:116)
	at org.springframework.security.web.ObservationFilterChainDecorator$ObservationFilter.wrapFilter(ObservationFilterChainDecorator.java:240)
	at org.springframework.security.web.ObservationFilterChainDecorator$ObservationFilter.doFilter(ObservationFilterChainDecorator.java:227)
	at org.springframework.security.web.ObservationFilterChainDecorator$VirtualFilterChain.doFilter(ObservationFilterChainDecorator.java:137)
	at org.springframework.security.web.session.DisableEncodeUrlFilter.doFilterInternal(DisableEncodeUrlFilter.java:42)
	at org.springframework.web.filter.OncePerRequestFilter.doFilter(OncePerRequestFilter.java:116)
	at org.springframework.security.web.ObservationFilterChainDecorator$ObservationFilter.wrapFilter(ObservationFilterChainDecorator.java:240)
	at org.springframework.security.web.ObservationFilterChainDecorator$AroundFilterObservation$SimpleAroundFilterObservation.lambda$wrap$0(ObservationFilterChainDecorator.java:323)
	at org.springframework.security.web.ObservationFilterChainDecorator$ObservationFilter.doFilter(ObservationFilterChainDecorator.java:224)
	at org.springframework.security.web.ObservationFilterChainDecorator$VirtualFilterChain.doFilter(ObservationFilterChainDecorator.java:137)
	at org.springframework.security.web.FilterChainProxy.doFilterInternal(FilterChainProxy.java:233)
	at org.springframework.security.web.FilterChainProxy.doFilter(FilterChainProxy.java:191)
	at org.springframework.web.filter.CompositeFilter$VirtualFilterChain.doFilter(CompositeFilter.java:113)
	at org.springframework.web.servlet.handler.HandlerMappingIntrospector.lambda$createCacheFilter$3(HandlerMappingIntrospector.java:243)
	at org.springframework.web.filter.CompositeFilter$VirtualFilterChain.doFilter(CompositeFilter.java:113)
	at org.springframework.web.filter.CompositeFilter.doFilter(CompositeFilter.java:74)
	at org.springframework.security.config.annotation.web.configuration.WebMvcSecurityConfiguration$CompositeFilterChainProxy.doFilter(WebMvcSecurityConfiguration.java:238)
	at org.springframework.web.filter.DelegatingFilterProxy.invokeDelegate(DelegatingFilterProxy.java:362)
	at org.springframework.web.filter.DelegatingFilterProxy.doFilter(DelegatingFilterProxy.java:278)
	at org.apache.catalina.core.ApplicationFilterChain.internalDoFilter(ApplicationFilterChain.java:164)
	at org.apache.catalina.core.ApplicationFilterChain.doFilter(ApplicationFilterChain.java:140)
	at org.springframework.web.filter.RequestContextFilter.doFilterInternal(RequestContextFilter.java:100)
	at org.springframework.web.filter.OncePerRequestFilter.doFilter(OncePerRequestFilter.java:116)
	at org.apache.catalina.core.ApplicationFilterChain.internalDoFilter(ApplicationFilterChain.java:164)
	at org.apache.catalina.core.ApplicationFilterChain.doFilter(ApplicationFilterChain.java:140)
	at org.springframework.web.filter.FormContentFilter.doFilterInternal(FormContentFilter.java:93)
	at org.springframework.web.filter.OncePerRequestFilter.doFilter(OncePerRequestFilter.java:116)
	at org.apache.catalina.core.ApplicationFilterChain.internalDoFilter(ApplicationFilterChain.java:164)
	at org.apache.catalina.core.ApplicationFilterChain.doFilter(ApplicationFilterChain.java:140)
	at org.springframework.web.filter.ServerHttpObservationFilter.doFilterInternal(ServerHttpObservationFilter.java:114)
	at org.springframework.web.filter.OncePerRequestFilter.doFilter(OncePerRequestFilter.java:116)
	at org.apache.catalina.core.ApplicationFilterChain.internalDoFilter(ApplicationFilterChain.java:164)
	at org.apache.catalina.core.ApplicationFilterChain.doFilter(ApplicationFilterChain.java:140)
	at org.springframework.web.filter.CharacterEncodingFilter.doFilterInternal(CharacterEncodingFilter.java:201)
	at org.springframework.web.filter.OncePerRequestFilter.doFilter(OncePerRequestFilter.java:116)
	at org.apache.catalina.core.ApplicationFilterChain.internalDoFilter(ApplicationFilterChain.java:164)
	at org.apache.catalina.core.ApplicationFilterChain.doFilter(ApplicationFilterChain.java:140)
	at org.apache.catalina.core.StandardWrapperValve.invoke(StandardWrapperValve.java:167)
	at org.apache.catalina.core.StandardContextValve.invoke(StandardContextValve.java:90)
	at org.apache.catalina.authenticator.AuthenticatorBase.invoke(AuthenticatorBase.java:483)
	at org.apache.catalina.core.StandardHostValve.invoke(StandardHostValve.java:115)
	at org.apache.catalina.valves.ErrorReportValve.invoke(ErrorReportValve.java:93)
	at org.apache.catalina.core.StandardEngineValve.invoke(StandardEngineValve.java:74)
	at org.apache.catalina.connector.CoyoteAdapter.service(CoyoteAdapter.java:344)
	at org.apache.coyote.http11.Http11Processor.service(Http11Processor.java:397)
	at org.apache.coyote.AbstractProcessorLight.process(AbstractProcessorLight.java:63)
	at org.apache.coyote.AbstractProtocol$ConnectionHandler.process(AbstractProtocol.java:905)
	at org.apache.tomcat.util.net.NioEndpoint$SocketProcessor.doRun(NioEndpoint.java:1741)
	at org.apache.tomcat.util.net.SocketProcessorBase.run(SocketProcessorBase.java:52)
	at org.apache.tomcat.util.threads.ThreadPoolExecutor.runWorker(ThreadPoolExecutor.java:1190)
	at org.apache.tomcat.util.threads.ThreadPoolExecutor$Worker.run(ThreadPoolExecutor.java:659)
	at org.apache.tomcat.util.threads.TaskThread$WrappingRunnable.run(TaskThread.java:63)
	at java.base/java.lang.Thread.run(Thread.java:840)
26-08-01 19:43:17.781 [http-nio-8080-exec-6] [32mDEBUG[0;39m c.s.m.d.controller.AuthController    [0cc0b60657f348d092f6f9176ea83ab1 | GET | /api/auth/csrf-token] - CSRF 토큰 요청: WMD5kepn96QvFighbRdBsLva5PaditmNcbuZ5WkZ_9lPdbuhPvCc99NXwJMCJx0YDjp1hojqyc7_7-ygQtiq1lh_zuErEIqZ
26-08-01 19:43:17.788 [http-nio-8080-exec-6] [32mDEBUG[0;39m c.s.m.d.config.MDCLoggingInterceptor [0cc0b60657f348d092f6f9176ea83ab1 | GET | /api/auth/csrf-token] - Request completed
26-08-01 19:43:17.789 [http-nio-8080-exec-6] [32mTRACE[0;39m o.s.s.w.c.HttpSessionSecurityContextRepository [ |  | ] - No HttpSession currently exists
26-08-01 19:43:17.789 [http-nio-8080-exec-6] [32mTRACE[0;39m o.s.s.w.c.SupplierDeferredSecurityContext [ |  | ] - Created SecurityContextImpl [Null authentication]
26-08-01 19:43:17.789 [http-nio-8080-exec-6] [32mTRACE[0;39m o.s.s.w.c.SupplierDeferredSecurityContext [ |  | ] - Created SecurityContextImpl [Null authentication]
26-08-01 19:43:17.789 [http-nio-8080-exec-6] [32mTRACE[0;39m o.s.s.w.a.AnonymousAuthenticationFilter [ |  | ] - Set SecurityContextHolder to AnonymousAuthenticationToken [Principal=anonymousUser, Credentials=[PROTECTED], Authenticated=true, Details=WebAuthenticationDetails [RemoteIpAddress=0:0:0:0:0:0:0:1, SessionId=null], Granted Authorities=[ROLE_ANONYMOUS]]
26-08-01 19:43:17.789 [http-nio-8080-exec-6] [32mTRACE[0;39m o.s.s.w.h.writers.HstsHeaderWriter   [ |  | ] - Not injecting HSTS header since it did not match request to [Is Secure]
26-08-01 19:43:17.797 [http-nio-8080-exec-4] [32mTRACE[0;39m o.s.s.w.h.writers.HstsHeaderWriter   [b3e639a3ecbe494eb87f9fa27fa2ed5c | GET | /.well-known/appspecific/com.chrome.devtools.json] - Not injecting HSTS header since it did not match request to [Is Secure]
26-08-01 19:43:17.797 [http-nio-8080-exec-5] [32mTRACE[0;39m o.s.s.w.h.writers.HstsHeaderWriter   [22d37193cd4849f5af967943fde01c0a | GET | /api/auth/me] - Not injecting HSTS header since it did not match request to [Is Secure]
26-08-01 19:43:17.798 [http-nio-8080-exec-4] [32mDEBUG[0;39m c.s.m.d.config.MDCLoggingInterceptor [b3e639a3ecbe494eb87f9fa27fa2ed5c | GET | /.well-known/appspecific/com.chrome.devtools.json] - Request completed
26-08-01 19:43:17.798 [http-nio-8080-exec-5] [32mDEBUG[0;39m c.s.m.d.config.MDCLoggingInterceptor [22d37193cd4849f5af967943fde01c0a | GET | /api/auth/me] - Request completed
26-08-01 19:43:17.798 [http-nio-8080-exec-4] [32mTRACE[0;39m o.s.s.w.c.HttpSessionSecurityContextRepository [ |  | ] - No HttpSession currently exists
26-08-01 19:43:17.798 [http-nio-8080-exec-5] [32mTRACE[0;39m o.s.s.w.c.HttpSessionSecurityContextRepository [ |  | ] - No HttpSession currently exists
26-08-01 19:43:17.798 [http-nio-8080-exec-4] [32mTRACE[0;39m o.s.s.w.c.SupplierDeferredSecurityContext [ |  | ] - Created SecurityContextImpl [Null authentication]
26-08-01 19:43:17.798 [http-nio-8080-exec-5] [32mTRACE[0;39m o.s.s.w.c.SupplierDeferredSecurityContext [ |  | ] - Created SecurityContextImpl [Null authentication]
26-08-01 19:43:17.798 [http-nio-8080-exec-4] [32mTRACE[0;39m o.s.s.w.c.SupplierDeferredSecurityContext [ |  | ] - Created SecurityContextImpl [Null authentication]
26-08-01 19:43:17.798 [http-nio-8080-exec-5] [32mTRACE[0;39m o.s.s.w.c.SupplierDeferredSecurityContext [ |  | ] - Created SecurityContextImpl [Null authentication]
26-08-01 19:43:17.798 [http-nio-8080-exec-4] [32mTRACE[0;39m o.s.s.w.a.AnonymousAuthenticationFilter [ |  | ] - Set SecurityContextHolder to AnonymousAuthenticationToken [Principal=anonymousUser, Credentials=[PROTECTED], Authenticated=true, Details=WebAuthenticationDetails [RemoteIpAddress=0:0:0:0:0:0:0:1, SessionId=null], Granted Authorities=[ROLE_ANONYMOUS]]
26-08-01 19:43:17.798 [http-nio-8080-exec-5] [32mTRACE[0;39m o.s.s.w.a.AnonymousAuthenticationFilter [ |  | ] - Set SecurityContextHolder to AnonymousAuthenticationToken [Principal=anonymousUser, Credentials=[PROTECTED], Authenticated=true, Details=WebAuthenticationDetails [RemoteIpAddress=0:0:0:0:0:0:0:1, SessionId=null], Granted Authorities=[ROLE_ANONYMOUS]]
26-08-01 19:43:17.923 [http-nio-8080-exec-7] [32mTRACE[0;39m o.s.security.web.FilterChainProxy    [ |  | ] - Trying to match request against DefaultSecurityFilterChain defined as 'filterChain' in [class path resource [com/sprint/mission/discodeit/config/SecurityConfig.class]] matching [any request] and having filters [DisableEncodeUrl, WebAsyncManagerIntegration, SecurityContextHolder, HeaderWriter, Csrf, Logout, RequestCacheAware, SecurityContextHolderAwareRequest, AnonymousAuthentication, ExceptionTranslation] (1/1)
26-08-01 19:43:17.923 [http-nio-8080-exec-7] [32mDEBUG[0;39m o.s.security.web.FilterChainProxy    [ |  | ] - Securing GET /favicon.ico
26-08-01 19:43:17.923 [http-nio-8080-exec-7] [32mTRACE[0;39m o.s.security.web.FilterChainProxy    [ |  | ] - Invoking DisableEncodeUrlFilter (1/10)
26-08-01 19:43:17.924 [http-nio-8080-exec-7] [32mTRACE[0;39m o.s.security.web.FilterChainProxy    [ |  | ] - Invoking WebAsyncManagerIntegrationFilter (2/10)
26-08-01 19:43:17.924 [http-nio-8080-exec-7] [32mTRACE[0;39m o.s.security.web.FilterChainProxy    [ |  | ] - Invoking SecurityContextHolderFilter (3/10)
26-08-01 19:43:17.924 [http-nio-8080-exec-7] [32mTRACE[0;39m o.s.security.web.FilterChainProxy    [ |  | ] - Invoking HeaderWriterFilter (4/10)
26-08-01 19:43:17.924 [http-nio-8080-exec-7] [32mTRACE[0;39m o.s.security.web.FilterChainProxy    [ |  | ] - Invoking CsrfFilter (5/10)
26-08-01 19:43:17.924 [http-nio-8080-exec-7] [32mTRACE[0;39m o.s.security.web.csrf.CsrfFilter     [ |  | ] - Did not protect against CSRF since request did not match CsrfNotRequired [TRACE, HEAD, GET, OPTIONS]
26-08-01 19:43:17.924 [http-nio-8080-exec-7] [32mTRACE[0;39m o.s.security.web.FilterChainProxy    [ |  | ] - Invoking LogoutFilter (6/10)
26-08-01 19:43:17.924 [http-nio-8080-exec-7] [32mTRACE[0;39m o.s.s.w.a.logout.LogoutFilter        [ |  | ] - Did not match request to Ant [pattern='/logout', POST]
26-08-01 19:43:17.924 [http-nio-8080-exec-7] [32mTRACE[0;39m o.s.security.web.FilterChainProxy    [ |  | ] - Invoking RequestCacheAwareFilter (7/10)
26-08-01 19:43:17.924 [http-nio-8080-exec-7] [32mTRACE[0;39m o.s.s.w.s.HttpSessionRequestCache    [ |  | ] - matchingRequestParameterName is required for getMatchingRequest to lookup a value, but not provided
26-08-01 19:43:17.924 [http-nio-8080-exec-7] [32mTRACE[0;39m o.s.security.web.FilterChainProxy    [ |  | ] - Invoking SecurityContextHolderAwareRequestFilter (8/10)
26-08-01 19:43:17.924 [http-nio-8080-exec-7] [32mTRACE[0;39m o.s.security.web.FilterChainProxy    [ |  | ] - Invoking AnonymousAuthenticationFilter (9/10)
26-08-01 19:43:17.924 [http-nio-8080-exec-7] [32mTRACE[0;39m o.s.security.web.FilterChainProxy    [ |  | ] - Invoking ExceptionTranslationFilter (10/10)
26-08-01 19:43:17.924 [http-nio-8080-exec-7] [32mDEBUG[0;39m o.s.security.web.FilterChainProxy    [ |  | ] - Secured GET /favicon.ico
26-08-01 19:43:17.925 [http-nio-8080-exec-7] [32mDEBUG[0;39m c.s.m.d.config.MDCLoggingInterceptor [a7ae758d80cb4f98a9e8762cafdcfd7c | GET | /favicon.ico] - Request started
26-08-01 19:43:17.930 [http-nio-8080-exec-7] [32mTRACE[0;39m o.s.s.w.h.writers.HstsHeaderWriter   [a7ae758d80cb4f98a9e8762cafdcfd7c | GET | /favicon.ico] - Not injecting HSTS header since it did not match request to [Is Secure]
26-08-01 19:43:17.930 [http-nio-8080-exec-7] [32mDEBUG[0;39m c.s.m.d.config.MDCLoggingInterceptor [a7ae758d80cb4f98a9e8762cafdcfd7c | GET | /favicon.ico] - Request completed
26-08-01 19:43:17.930 [http-nio-8080-exec-7] [32mTRACE[0;39m o.s.s.w.c.HttpSessionSecurityContextRepository [ |  | ] - No HttpSession currently exists
26-08-01 19:43:17.931 [http-nio-8080-exec-7] [32mTRACE[0;39m o.s.s.w.c.SupplierDeferredSecurityContext [ |  | ] - Created SecurityContextImpl [Null authentication]
26-08-01 19:43:17.931 [http-nio-8080-exec-7] [32mTRACE[0;39m o.s.s.w.c.SupplierDeferredSecurityContext [ |  | ] - Created SecurityContextImpl [Null authentication]
26-08-01 19:43:17.931 [http-nio-8080-exec-7] [32mTRACE[0;39m o.s.s.w.a.AnonymousAuthenticationFilter [ |  | ] - Set SecurityContextHolder to AnonymousAuthenticationToken [Principal=anonymousUser, Credentials=[PROTECTED], Authenticated=true, Details=WebAuthenticationDetails [RemoteIpAddress=0:0:0:0:0:0:0:1, SessionId=null], Granted Authorities=[ROLE_ANONYMOUS]]
26-08-01 19:53:35.435 [SpringApplicationShutdownHook] [32mINFO [0;39m o.s.b.w.e.tomcat.GracefulShutdown    [ |  | ] - Commencing graceful shutdown. Waiting for active requests to complete
26-08-01 19:53:35.448 [tomcat-shutdown] [32mINFO [0;39m o.s.b.w.e.tomcat.GracefulShutdown    [ |  | ] - Graceful shutdown complete
26-08-01 19:53:35.456 [SpringApplicationShutdownHook] [32mINFO [0;39m o.s.o.j.LocalContainerEntityManagerFactoryBean [ |  | ] - Closing JPA EntityManagerFactory for persistence unit 'default'
26-08-01 19:53:35.459 [SpringApplicationShutdownHook] [32mINFO [0;39m com.zaxxer.hikari.HikariDataSource   [ |  | ] - HikariPool-1 - Shutdown initiated...
26-08-01 19:53:35.462 [SpringApplicationShutdownHook] [32mINFO [0;39m com.zaxxer.hikari.HikariDataSource   [ |  | ] - HikariPool-1 - Shutdown completed.
26-08-01 19:53:38.159 [background-preinit] [32mINFO [0;39m o.h.validator.internal.util.Version  [ |  | ] - HV000001: Hibernate Validator 8.0.1.Final
26-08-01 19:53:38.194 [main] [32mINFO [0;39m c.s.m.discodeit.DiscodeitApplication [ |  | ] - Starting DiscodeitApplication using Java 17.0.18 with PID 27956 (/Users/minjijeon/work_space_sprint/12-sprint-mission/build/classes/java/main started by minjijeon in /Users/minjijeon/work_space_sprint/12-sprint-mission)
26-08-01 19:53:38.194 [main] [32mDEBUG[0;39m c.s.m.discodeit.DiscodeitApplication [ |  | ] - Running with Spring Boot v3.4.0, Spring v6.2.0
26-08-01 19:53:38.194 [main] [32mINFO [0;39m c.s.m.discodeit.DiscodeitApplication [ |  | ] - The following 1 profile is active: "dev"
26-08-01 19:53:39.018 [main] [32mINFO [0;39m o.s.d.r.c.RepositoryConfigurationDelegate [ |  | ] - Bootstrapping Spring Data JPA repositories in DEFAULT mode.
26-08-01 19:53:39.069 [main] [32mINFO [0;39m o.s.d.r.c.RepositoryConfigurationDelegate [ |  | ] - Finished Spring Data repository scanning in 45 ms. Found 6 JPA repository interfaces.
26-08-01 19:53:39.519 [main] [32mINFO [0;39m o.s.b.w.e.tomcat.TomcatWebServer     [ |  | ] - Tomcat initialized with port 8080 (http)
26-08-01 19:53:39.525 [main] [32mINFO [0;39m o.a.coyote.http11.Http11NioProtocol  [ |  | ] - Initializing ProtocolHandler ["http-nio-8080"]
26-08-01 19:53:39.526 [main] [32mINFO [0;39m o.a.catalina.core.StandardService    [ |  | ] - Starting service [Tomcat]
26-08-01 19:53:39.526 [main] [32mINFO [0;39m o.a.catalina.core.StandardEngine     [ |  | ] - Starting Servlet engine: [Apache Tomcat/10.1.33]
26-08-01 19:53:39.554 [main] [32mINFO [0;39m o.a.c.c.C.[Tomcat].[localhost].[/]   [ |  | ] - Initializing Spring embedded WebApplicationContext
26-08-01 19:53:39.555 [main] [32mINFO [0;39m o.s.b.w.s.c.ServletWebServerApplicationContext [ |  | ] - Root WebApplicationContext: initialization completed in 1340 ms
26-08-01 19:53:39.672 [main] [32mINFO [0;39m com.zaxxer.hikari.HikariDataSource   [ |  | ] - HikariPool-1 - Starting...
26-08-01 19:53:39.782 [main] [32mINFO [0;39m com.zaxxer.hikari.pool.HikariPool    [ |  | ] - HikariPool-1 - Added connection org.postgresql.jdbc.PgConnection@6acb45c1
26-08-01 19:53:39.783 [main] [32mINFO [0;39m com.zaxxer.hikari.HikariDataSource   [ |  | ] - HikariPool-1 - Start completed.
26-08-01 19:53:39.830 [main] [32mINFO [0;39m o.h.jpa.internal.util.LogHelper      [ |  | ] - HHH000204: Processing PersistenceUnitInfo [name: default]
26-08-01 19:53:39.858 [main] [32mINFO [0;39m org.hibernate.Version                [ |  | ] - HHH000412: Hibernate ORM core version 6.6.2.Final
26-08-01 19:53:39.874 [main] [32mINFO [0;39m o.h.c.i.RegionFactoryInitiator       [ |  | ] - HHH000026: Second-level cache disabled
26-08-01 19:53:40.016 [main] [32mINFO [0;39m o.s.o.j.p.SpringPersistenceUnitInfo  [ |  | ] - No LoadTimeWeaver setup: ignoring JPA class transformer
26-08-01 19:53:40.112 [main] [32mINFO [0;39m o.hibernate.orm.connections.pooling  [ |  | ] - HHH10001005: Database info:
	Database JDBC URL [Connecting through datasource 'HikariDataSource (HikariPool-1)']
	Database driver: undefined/unknown
	Database version: 18.3
	Autocommit mode: undefined/unknown
	Isolation level: undefined/unknown
	Minimum pool size: undefined/unknown
	Maximum pool size: undefined/unknown
26-08-01 19:53:40.630 [main] [32mINFO [0;39m o.h.e.t.j.p.i.JtaPlatformInitiator   [ |  | ] - HHH000489: No JTA platform available (set 'hibernate.transaction.jta.platform' to enable JTA platform integration)
26-08-01 19:53:40.671 [main] [32mINFO [0;39m o.s.o.j.LocalContainerEntityManagerFactoryBean [ |  | ] - Initialized JPA EntityManagerFactory for persistence unit 'default'
26-08-01 19:53:41.001 [main] [32mINFO [0;39m o.s.d.j.r.query.QueryEnhancerFactory [ |  | ] - Hibernate is in classpath; If applicable, HQL parser will be used.
26-08-01 19:53:41.410 [main] [32mTRACE[0;39m o.s.s.c.a.a.c.AuthenticationConfiguration$EnableGlobalAuthenticationAutowiredConfigurer [ |  | ] - Eagerly initializing {org.springframework.boot.autoconfigure.security.servlet.SpringBootWebSecurityConfiguration$WebSecurityEnablerConfiguration=org.springframework.boot.autoconfigure.security.servlet.SpringBootWebSecurityConfiguration$WebSecurityEnablerConfiguration@2ac42ce6}
26-08-01 19:53:41.414 [main] [33mWARN [0;39m o.s.b.a.s.s.UserDetailsServiceAutoConfiguration [ |  | ] - 

Using generated security password: 8fc4902c-6d97-4934-a8b7-b5464521aad4

This generated password is for development use only. Your security configuration must be updated before running your application in production.

26-08-01 19:53:41.419 [main] [32mINFO [0;39m o.s.s.c.a.a.c.InitializeUserDetailsBeanManagerConfigurer$InitializeUserDetailsManagerConfigurer [ |  | ] - Global AuthenticationManager configured with UserDetailsService bean with name inMemoryUserDetailsManager
26-08-01 19:53:41.475 [main] [32mDEBUG[0;39m o.s.s.web.DefaultSecurityFilterChain [ |  | ] - Will secure any request with filters: DisableEncodeUrlFilter, WebAsyncManagerIntegrationFilter, SecurityContextHolderFilter, HeaderWriterFilter, CsrfFilter, LogoutFilter, RequestCacheAwareFilter, SecurityContextHolderAwareRequestFilter, AnonymousAuthenticationFilter, ExceptionTranslationFilter
26-08-01 19:53:41.514 [main] [32mINFO [0;39m o.s.b.a.w.s.WelcomePageHandlerMapping [ |  | ] - Adding welcome page: class path resource [static/index.html]
26-08-01 19:53:41.947 [main] [32mINFO [0;39m o.s.b.a.e.web.EndpointLinksResolver  [ |  | ] - Exposing 4 endpoints beneath base path '/actuator'
26-08-01 19:53:42.002 [main] [32mINFO [0;39m o.a.coyote.http11.Http11NioProtocol  [ |  | ] - Starting ProtocolHandler ["http-nio-8080"]
26-08-01 19:53:42.009 [main] [32mINFO [0;39m o.s.b.w.e.tomcat.TomcatWebServer     [ |  | ] - Tomcat started on port 8080 (http) with context path '/'
26-08-01 19:53:42.021 [main] [32mINFO [0;39m c.s.m.discodeit.DiscodeitApplication [ |  | ] - Started DiscodeitApplication in 4.084 seconds (process running for 4.451)
26-08-01 19:53:42.273 [RMI TCP Connection(1)-127.0.0.1] [32mINFO [0;39m o.a.c.c.C.[Tomcat].[localhost].[/]   [ |  | ] - Initializing Spring DispatcherServlet 'dispatcherServlet'
26-08-01 19:53:42.273 [RMI TCP Connection(1)-127.0.0.1] [32mINFO [0;39m o.s.web.servlet.DispatcherServlet    [ |  | ] - Initializing Servlet 'dispatcherServlet'
26-08-01 19:53:42.283 [RMI TCP Connection(1)-127.0.0.1] [32mINFO [0;39m o.s.web.servlet.DispatcherServlet    [ |  | ] - Completed initialization in 9 ms
26-08-01 19:54:12.924 [http-nio-8080-exec-1] [32mTRACE[0;39m o.s.security.web.FilterChainProxy    [ |  | ] - Trying to match request against DefaultSecurityFilterChain defined as 'filterChain' in [class path resource [com/sprint/mission/discodeit/config/SecurityConfig.class]] matching [any request] and having filters [DisableEncodeUrl, WebAsyncManagerIntegration, SecurityContextHolder, HeaderWriter, Csrf, Logout, RequestCacheAware, SecurityContextHolderAwareRequest, AnonymousAuthentication, ExceptionTranslation] (1/1)
26-08-01 19:54:12.925 [http-nio-8080-exec-1] [32mDEBUG[0;39m o.s.security.web.FilterChainProxy    [ |  | ] - Securing POST /api/users
26-08-01 19:54:12.926 [http-nio-8080-exec-1] [32mTRACE[0;39m o.s.security.web.FilterChainProxy    [ |  | ] - Invoking DisableEncodeUrlFilter (1/10)
26-08-01 19:54:12.928 [http-nio-8080-exec-1] [32mTRACE[0;39m o.s.security.web.FilterChainProxy    [ |  | ] - Invoking WebAsyncManagerIntegrationFilter (2/10)
26-08-01 19:54:12.929 [http-nio-8080-exec-1] [32mTRACE[0;39m o.s.security.web.FilterChainProxy    [ |  | ] - Invoking SecurityContextHolderFilter (3/10)
26-08-01 19:54:12.929 [http-nio-8080-exec-1] [32mTRACE[0;39m o.s.security.web.FilterChainProxy    [ |  | ] - Invoking HeaderWriterFilter (4/10)
26-08-01 19:54:12.930 [http-nio-8080-exec-1] [32mTRACE[0;39m o.s.security.web.FilterChainProxy    [ |  | ] - Invoking CsrfFilter (5/10)
26-08-01 19:54:12.933 [http-nio-8080-exec-1] [32mTRACE[0;39m o.s.security.web.FilterChainProxy    [ |  | ] - Invoking LogoutFilter (6/10)
26-08-01 19:54:12.933 [http-nio-8080-exec-1] [32mTRACE[0;39m o.s.s.w.a.logout.LogoutFilter        [ |  | ] - Did not match request to Ant [pattern='/logout', POST]
26-08-01 19:54:12.933 [http-nio-8080-exec-1] [32mTRACE[0;39m o.s.security.web.FilterChainProxy    [ |  | ] - Invoking RequestCacheAwareFilter (7/10)
26-08-01 19:54:12.933 [http-nio-8080-exec-1] [32mTRACE[0;39m o.s.s.w.s.HttpSessionRequestCache    [ |  | ] - matchingRequestParameterName is required for getMatchingRequest to lookup a value, but not provided
26-08-01 19:54:12.933 [http-nio-8080-exec-1] [32mTRACE[0;39m o.s.security.web.FilterChainProxy    [ |  | ] - Invoking SecurityContextHolderAwareRequestFilter (8/10)
26-08-01 19:54:12.934 [http-nio-8080-exec-1] [32mTRACE[0;39m o.s.security.web.FilterChainProxy    [ |  | ] - Invoking AnonymousAuthenticationFilter (9/10)
26-08-01 19:54:12.934 [http-nio-8080-exec-1] [32mTRACE[0;39m o.s.security.web.FilterChainProxy    [ |  | ] - Invoking ExceptionTranslationFilter (10/10)
26-08-01 19:54:12.936 [http-nio-8080-exec-1] [32mDEBUG[0;39m o.s.security.web.FilterChainProxy    [ |  | ] - Secured POST /api/users
26-08-01 19:54:12.947 [http-nio-8080-exec-1] [32mDEBUG[0;39m c.s.m.d.config.MDCLoggingInterceptor [893e33586b6d42abb19147cb18405bdf | POST | /api/users] - Request started
26-08-01 19:54:13.018 [http-nio-8080-exec-1] [31mERROR[0;39m c.s.m.d.e.GlobalExceptionHandler     [893e33586b6d42abb19147cb18405bdf | POST | /api/users] - 요청 유효성 검사 실패: Validation failed for argument [0] in public org.springframework.http.ResponseEntity<com.sprint.mission.discodeit.dto.data.UserDto> com.sprint.mission.discodeit.controller.UserController.create(com.sprint.mission.discodeit.dto.request.UserCreateRequest,org.springframework.web.multipart.MultipartFile): [Field error in object 'userCreateRequest' on field 'password': rejected value [test1234]; codes [Pattern.userCreateRequest.password,Pattern.password,Pattern.java.lang.String,Pattern]; arguments [org.springframework.context.support.DefaultMessageSourceResolvable: codes [userCreateRequest.password,password]; arguments []; default message [password],[Ljakarta.validation.constraints.Pattern$Flag;@4c6c1564,^(?=.*[0-9])(?=.*[a-zA-Z])(?=.*[!@#$%^&*]).{8,}$]; default message [비밀번호는 최소 8자 이상, 숫자, 문자, 특수문자를 포함해야 합니다]] 
26-08-01 19:54:13.029 [http-nio-8080-exec-1] [32mTRACE[0;39m o.s.s.w.h.writers.HstsHeaderWriter   [893e33586b6d42abb19147cb18405bdf | POST | /api/users] - Not injecting HSTS header since it did not match request to [Is Secure]
26-08-01 19:54:13.030 [http-nio-8080-exec-1] [32mDEBUG[0;39m c.s.m.d.config.MDCLoggingInterceptor [893e33586b6d42abb19147cb18405bdf | POST | /api/users] - Request completed
26-08-01 19:54:13.030 [http-nio-8080-exec-1] [32mTRACE[0;39m o.s.s.w.c.HttpSessionSecurityContextRepository [ |  | ] - No HttpSession currently exists
26-08-01 19:54:13.031 [http-nio-8080-exec-1] [32mTRACE[0;39m o.s.s.w.c.SupplierDeferredSecurityContext [ |  | ] - Created SecurityContextImpl [Null authentication]
26-08-01 19:54:13.031 [http-nio-8080-exec-1] [32mTRACE[0;39m o.s.s.w.c.SupplierDeferredSecurityContext [ |  | ] - Created SecurityContextImpl [Null authentication]
26-08-01 19:54:13.031 [http-nio-8080-exec-1] [32mTRACE[0;39m o.s.s.w.a.AnonymousAuthenticationFilter [ |  | ] - Set SecurityContextHolder to AnonymousAuthenticationToken [Principal=anonymousUser, Credentials=[PROTECTED], Authenticated=true, Details=WebAuthenticationDetails [RemoteIpAddress=0:0:0:0:0:0:0:1, SessionId=null], Granted Authorities=[ROLE_ANONYMOUS]]
26-08-01 19:54:16.763 [http-nio-8080-exec-2] [32mTRACE[0;39m o.s.security.web.FilterChainProxy    [ |  | ] - Trying to match request against DefaultSecurityFilterChain defined as 'filterChain' in [class path resource [com/sprint/mission/discodeit/config/SecurityConfig.class]] matching [any request] and having filters [DisableEncodeUrl, WebAsyncManagerIntegration, SecurityContextHolder, HeaderWriter, Csrf, Logout, RequestCacheAware, SecurityContextHolderAwareRequest, AnonymousAuthentication, ExceptionTranslation] (1/1)
26-08-01 19:54:16.763 [http-nio-8080-exec-2] [32mDEBUG[0;39m o.s.security.web.FilterChainProxy    [ |  | ] - Securing POST /api/users
26-08-01 19:54:16.764 [http-nio-8080-exec-2] [32mTRACE[0;39m o.s.security.web.FilterChainProxy    [ |  | ] - Invoking DisableEncodeUrlFilter (1/10)
26-08-01 19:54:16.764 [http-nio-8080-exec-2] [32mTRACE[0;39m o.s.security.web.FilterChainProxy    [ |  | ] - Invoking WebAsyncManagerIntegrationFilter (2/10)
26-08-01 19:54:16.765 [http-nio-8080-exec-2] [32mTRACE[0;39m o.s.security.web.FilterChainProxy    [ |  | ] - Invoking SecurityContextHolderFilter (3/10)
26-08-01 19:54:16.766 [http-nio-8080-exec-2] [32mTRACE[0;39m o.s.security.web.FilterChainProxy    [ |  | ] - Invoking HeaderWriterFilter (4/10)
26-08-01 19:54:16.767 [http-nio-8080-exec-2] [32mTRACE[0;39m o.s.security.web.FilterChainProxy    [ |  | ] - Invoking CsrfFilter (5/10)
26-08-01 19:54:16.768 [http-nio-8080-exec-2] [32mTRACE[0;39m o.s.security.web.FilterChainProxy    [ |  | ] - Invoking LogoutFilter (6/10)
26-08-01 19:54:16.768 [http-nio-8080-exec-2] [32mTRACE[0;39m o.s.s.w.a.logout.LogoutFilter        [ |  | ] - Did not match request to Ant [pattern='/logout', POST]
26-08-01 19:54:16.768 [http-nio-8080-exec-2] [32mTRACE[0;39m o.s.security.web.FilterChainProxy    [ |  | ] - Invoking RequestCacheAwareFilter (7/10)
26-08-01 19:54:16.768 [http-nio-8080-exec-2] [32mTRACE[0;39m o.s.s.w.s.HttpSessionRequestCache    [ |  | ] - matchingRequestParameterName is required for getMatchingRequest to lookup a value, but not provided
26-08-01 19:54:16.768 [http-nio-8080-exec-2] [32mTRACE[0;39m o.s.security.web.FilterChainProxy    [ |  | ] - Invoking SecurityContextHolderAwareRequestFilter (8/10)
26-08-01 19:54:16.768 [http-nio-8080-exec-2] [32mTRACE[0;39m o.s.security.web.FilterChainProxy    [ |  | ] - Invoking AnonymousAuthenticationFilter (9/10)
26-08-01 19:54:16.769 [http-nio-8080-exec-2] [32mTRACE[0;39m o.s.security.web.FilterChainProxy    [ |  | ] - Invoking ExceptionTranslationFilter (10/10)
26-08-01 19:54:16.769 [http-nio-8080-exec-2] [32mDEBUG[0;39m o.s.security.web.FilterChainProxy    [ |  | ] - Secured POST /api/users
26-08-01 19:54:16.772 [http-nio-8080-exec-2] [32mDEBUG[0;39m c.s.m.d.config.MDCLoggingInterceptor [45f66d14b17a47ce8a402cde2feb3173 | POST | /api/users] - Request started
26-08-01 19:54:16.777 [http-nio-8080-exec-2] [31mERROR[0;39m c.s.m.d.e.GlobalExceptionHandler     [45f66d14b17a47ce8a402cde2feb3173 | POST | /api/users] - 요청 유효성 검사 실패: Validation failed for argument [0] in public org.springframework.http.ResponseEntity<com.sprint.mission.discodeit.dto.data.UserDto> com.sprint.mission.discodeit.controller.UserController.create(com.sprint.mission.discodeit.dto.request.UserCreateRequest,org.springframework.web.multipart.MultipartFile): [Field error in object 'userCreateRequest' on field 'password': rejected value [test1234]; codes [Pattern.userCreateRequest.password,Pattern.password,Pattern.java.lang.String,Pattern]; arguments [org.springframework.context.support.DefaultMessageSourceResolvable: codes [userCreateRequest.password,password]; arguments []; default message [password],[Ljakarta.validation.constraints.Pattern$Flag;@4c6c1564,^(?=.*[0-9])(?=.*[a-zA-Z])(?=.*[!@#$%^&*]).{8,}$]; default message [비밀번호는 최소 8자 이상, 숫자, 문자, 특수문자를 포함해야 합니다]] 
26-08-01 19:54:16.779 [http-nio-8080-exec-2] [32mTRACE[0;39m o.s.s.w.h.writers.HstsHeaderWriter   [45f66d14b17a47ce8a402cde2feb3173 | POST | /api/users] - Not injecting HSTS header since it did not match request to [Is Secure]
26-08-01 19:54:16.780 [http-nio-8080-exec-2] [32mDEBUG[0;39m c.s.m.d.config.MDCLoggingInterceptor [45f66d14b17a47ce8a402cde2feb3173 | POST | /api/users] - Request completed
26-08-01 19:54:16.781 [http-nio-8080-exec-2] [32mTRACE[0;39m o.s.s.w.c.HttpSessionSecurityContextRepository [ |  | ] - No HttpSession currently exists
26-08-01 19:54:16.781 [http-nio-8080-exec-2] [32mTRACE[0;39m o.s.s.w.c.SupplierDeferredSecurityContext [ |  | ] - Created SecurityContextImpl [Null authentication]
26-08-01 19:54:16.781 [http-nio-8080-exec-2] [32mTRACE[0;39m o.s.s.w.c.SupplierDeferredSecurityContext [ |  | ] - Created SecurityContextImpl [Null authentication]
26-08-01 19:54:16.781 [http-nio-8080-exec-2] [32mTRACE[0;39m o.s.s.w.a.AnonymousAuthenticationFilter [ |  | ] - Set SecurityContextHolder to AnonymousAuthenticationToken [Principal=anonymousUser, Credentials=[PROTECTED], Authenticated=true, Details=WebAuthenticationDetails [RemoteIpAddress=0:0:0:0:0:0:0:1, SessionId=null], Granted Authorities=[ROLE_ANONYMOUS]]
26-08-01 19:54:30.599 [http-nio-8080-exec-3] [32mTRACE[0;39m o.s.security.web.FilterChainProxy    [ |  | ] - Trying to match request against DefaultSecurityFilterChain defined as 'filterChain' in [class path resource [com/sprint/mission/discodeit/config/SecurityConfig.class]] matching [any request] and having filters [DisableEncodeUrl, WebAsyncManagerIntegration, SecurityContextHolder, HeaderWriter, Csrf, Logout, RequestCacheAware, SecurityContextHolderAwareRequest, AnonymousAuthentication, ExceptionTranslation] (1/1)
26-08-01 19:54:30.600 [http-nio-8080-exec-3] [32mDEBUG[0;39m o.s.security.web.FilterChainProxy    [ |  | ] - Securing POST /api/users
26-08-01 19:54:30.601 [http-nio-8080-exec-3] [32mTRACE[0;39m o.s.security.web.FilterChainProxy    [ |  | ] - Invoking DisableEncodeUrlFilter (1/10)
26-08-01 19:54:30.601 [http-nio-8080-exec-3] [32mTRACE[0;39m o.s.security.web.FilterChainProxy    [ |  | ] - Invoking WebAsyncManagerIntegrationFilter (2/10)
26-08-01 19:54:30.602 [http-nio-8080-exec-3] [32mTRACE[0;39m o.s.security.web.FilterChainProxy    [ |  | ] - Invoking SecurityContextHolderFilter (3/10)
26-08-01 19:54:30.602 [http-nio-8080-exec-3] [32mTRACE[0;39m o.s.security.web.FilterChainProxy    [ |  | ] - Invoking HeaderWriterFilter (4/10)
26-08-01 19:54:30.602 [http-nio-8080-exec-3] [32mTRACE[0;39m o.s.security.web.FilterChainProxy    [ |  | ] - Invoking CsrfFilter (5/10)
26-08-01 19:54:30.602 [http-nio-8080-exec-3] [32mTRACE[0;39m o.s.security.web.FilterChainProxy    [ |  | ] - Invoking LogoutFilter (6/10)
26-08-01 19:54:30.602 [http-nio-8080-exec-3] [32mTRACE[0;39m o.s.s.w.a.logout.LogoutFilter        [ |  | ] - Did not match request to Ant [pattern='/logout', POST]
26-08-01 19:54:30.603 [http-nio-8080-exec-3] [32mTRACE[0;39m o.s.security.web.FilterChainProxy    [ |  | ] - Invoking RequestCacheAwareFilter (7/10)
26-08-01 19:54:30.603 [http-nio-8080-exec-3] [32mTRACE[0;39m o.s.s.w.s.HttpSessionRequestCache    [ |  | ] - matchingRequestParameterName is required for getMatchingRequest to lookup a value, but not provided
26-08-01 19:54:30.603 [http-nio-8080-exec-3] [32mTRACE[0;39m o.s.security.web.FilterChainProxy    [ |  | ] - Invoking SecurityContextHolderAwareRequestFilter (8/10)
26-08-01 19:54:30.603 [http-nio-8080-exec-3] [32mTRACE[0;39m o.s.security.web.FilterChainProxy    [ |  | ] - Invoking AnonymousAuthenticationFilter (9/10)
26-08-01 19:54:30.603 [http-nio-8080-exec-3] [32mTRACE[0;39m o.s.security.web.FilterChainProxy    [ |  | ] - Invoking ExceptionTranslationFilter (10/10)
26-08-01 19:54:30.604 [http-nio-8080-exec-3] [32mDEBUG[0;39m o.s.security.web.FilterChainProxy    [ |  | ] - Secured POST /api/users
26-08-01 19:54:30.606 [http-nio-8080-exec-3] [32mDEBUG[0;39m c.s.m.d.config.MDCLoggingInterceptor [5437d85fad0044de8b4ba3cb9ba0f1f6 | POST | /api/users] - Request started
26-08-01 19:54:30.609 [http-nio-8080-exec-3] [32mINFO [0;39m c.s.m.d.controller.UserController    [5437d85fad0044de8b4ba3cb9ba0f1f6 | POST | /api/users] - 사용자 생성 요청: UserCreateRequest[username=테스트1, email=test1@test.com, password=test1234!]
26-08-01 19:54:30.628 [http-nio-8080-exec-3] [32mDEBUG[0;39m c.s.m.d.s.basic.BasicUserService     [5437d85fad0044de8b4ba3cb9ba0f1f6 | POST | /api/users] - 사용자 생성 시작: UserCreateRequest[username=테스트1, email=test1@test.com, password=test1234!]
26-08-01 19:54:30.685 [http-nio-8080-exec-3] [32mDEBUG[0;39m org.hibernate.SQL                    [5437d85fad0044de8b4ba3cb9ba0f1f6 | POST | /api/users] - 
    select
        u1_0.id 
    from
        users u1_0 
    where
        u1_0.email=? 
    fetch
        first ? rows only
26-08-01 19:54:30.687 [http-nio-8080-exec-3] [32mTRACE[0;39m org.hibernate.orm.jdbc.bind          [5437d85fad0044de8b4ba3cb9ba0f1f6 | POST | /api/users] - binding parameter (1:VARCHAR) <- [test1@test.com]
26-08-01 19:54:30.687 [http-nio-8080-exec-3] [32mTRACE[0;39m org.hibernate.orm.jdbc.bind          [5437d85fad0044de8b4ba3cb9ba0f1f6 | POST | /api/users] - binding parameter (2:INTEGER) <- [1]
26-08-01 19:54:30.707 [http-nio-8080-exec-3] [32mDEBUG[0;39m org.hibernate.SQL                    [5437d85fad0044de8b4ba3cb9ba0f1f6 | POST | /api/users] - 
    select
        u1_0.id 
    from
        users u1_0 
    where
        u1_0.username=? 
    fetch
        first ? rows only
26-08-01 19:54:30.707 [http-nio-8080-exec-3] [32mTRACE[0;39m org.hibernate.orm.jdbc.bind          [5437d85fad0044de8b4ba3cb9ba0f1f6 | POST | /api/users] - binding parameter (1:VARCHAR) <- [테스트1]
26-08-01 19:54:30.707 [http-nio-8080-exec-3] [32mTRACE[0;39m org.hibernate.orm.jdbc.bind          [5437d85fad0044de8b4ba3cb9ba0f1f6 | POST | /api/users] - binding parameter (2:INTEGER) <- [1]
26-08-01 19:54:30.835 [http-nio-8080-exec-3] [32mINFO [0;39m c.s.m.d.s.basic.BasicUserService     [5437d85fad0044de8b4ba3cb9ba0f1f6 | POST | /api/users] - 사용자 생성 완료: id=86b0c178-4485-4059-9126-38d23d12b4fa, username=테스트1
26-08-01 19:54:30.844 [http-nio-8080-exec-3] [32mDEBUG[0;39m org.hibernate.SQL                    [5437d85fad0044de8b4ba3cb9ba0f1f6 | POST | /api/users] - 
    insert 
    into
        users
        (created_at, email, password, profile_id, updated_at, username, id) 
    values
        (?, ?, ?, ?, ?, ?, ?)
26-08-01 19:54:30.845 [http-nio-8080-exec-3] [32mTRACE[0;39m org.hibernate.orm.jdbc.bind          [5437d85fad0044de8b4ba3cb9ba0f1f6 | POST | /api/users] - binding parameter (1:TIMESTAMP_UTC) <- [2026-08-01T10:54:30.820530Z]
26-08-01 19:54:30.846 [http-nio-8080-exec-3] [32mTRACE[0;39m org.hibernate.orm.jdbc.bind          [5437d85fad0044de8b4ba3cb9ba0f1f6 | POST | /api/users] - binding parameter (2:VARCHAR) <- [test1@test.com]
26-08-01 19:54:30.846 [http-nio-8080-exec-3] [32mTRACE[0;39m org.hibernate.orm.jdbc.bind          [5437d85fad0044de8b4ba3cb9ba0f1f6 | POST | /api/users] - binding parameter (3:VARCHAR) <- [$2a$10$0505XZ0o.9JZ8zTHvr4ZI.DZ33Arw5fhhpLhNxyyUoNYNRvRPtk5C]
26-08-01 19:54:30.846 [http-nio-8080-exec-3] [32mTRACE[0;39m org.hibernate.orm.jdbc.bind          [5437d85fad0044de8b4ba3cb9ba0f1f6 | POST | /api/users] - binding parameter (4:UUID) <- [null]
26-08-01 19:54:30.846 [http-nio-8080-exec-3] [32mTRACE[0;39m org.hibernate.orm.jdbc.bind          [5437d85fad0044de8b4ba3cb9ba0f1f6 | POST | /api/users] - binding parameter (5:TIMESTAMP_UTC) <- [2026-08-01T10:54:30.820530Z]
26-08-01 19:54:30.846 [http-nio-8080-exec-3] [32mTRACE[0;39m org.hibernate.orm.jdbc.bind          [5437d85fad0044de8b4ba3cb9ba0f1f6 | POST | /api/users] - binding parameter (6:VARCHAR) <- [테스트1]
26-08-01 19:54:30.846 [http-nio-8080-exec-3] [32mTRACE[0;39m org.hibernate.orm.jdbc.bind          [5437d85fad0044de8b4ba3cb9ba0f1f6 | POST | /api/users] - binding parameter (7:UUID) <- [86b0c178-4485-4059-9126-38d23d12b4fa]
26-08-01 19:54:30.852 [http-nio-8080-exec-3] [32mDEBUG[0;39m org.hibernate.SQL                    [5437d85fad0044de8b4ba3cb9ba0f1f6 | POST | /api/users] - 
    insert 
    into
        user_statuses
        (created_at, last_active_at, updated_at, user_id, id) 
    values
        (?, ?, ?, ?, ?)
26-08-01 19:54:30.852 [http-nio-8080-exec-3] [32mTRACE[0;39m org.hibernate.orm.jdbc.bind          [5437d85fad0044de8b4ba3cb9ba0f1f6 | POST | /api/users] - binding parameter (1:TIMESTAMP_UTC) <- [2026-08-01T10:54:30.833931Z]
26-08-01 19:54:30.852 [http-nio-8080-exec-3] [32mTRACE[0;39m org.hibernate.orm.jdbc.bind          [5437d85fad0044de8b4ba3cb9ba0f1f6 | POST | /api/users] - binding parameter (2:TIMESTAMP_UTC) <- [2026-08-01T10:54:30.804614Z]
26-08-01 19:54:30.852 [http-nio-8080-exec-3] [32mTRACE[0;39m org.hibernate.orm.jdbc.bind          [5437d85fad0044de8b4ba3cb9ba0f1f6 | POST | /api/users] - binding parameter (3:TIMESTAMP_UTC) <- [2026-08-01T10:54:30.833931Z]
26-08-01 19:54:30.852 [http-nio-8080-exec-3] [32mTRACE[0;39m org.hibernate.orm.jdbc.bind          [5437d85fad0044de8b4ba3cb9ba0f1f6 | POST | /api/users] - binding parameter (4:UUID) <- [86b0c178-4485-4059-9126-38d23d12b4fa]
26-08-01 19:54:30.853 [http-nio-8080-exec-3] [32mTRACE[0;39m org.hibernate.orm.jdbc.bind          [5437d85fad0044de8b4ba3cb9ba0f1f6 | POST | /api/users] - binding parameter (5:UUID) <- [1fd3cfaf-4b1a-49ca-8436-0959e6d70100]
26-08-01 19:54:30.863 [http-nio-8080-exec-3] [32mDEBUG[0;39m c.s.m.d.controller.UserController    [5437d85fad0044de8b4ba3cb9ba0f1f6 | POST | /api/users] - 사용자 생성 응답: UserDto[id=86b0c178-4485-4059-9126-38d23d12b4fa, username=테스트1, email=test1@test.com, profile=null, online=true]
26-08-01 19:54:30.868 [http-nio-8080-exec-3] [32mTRACE[0;39m o.s.s.w.h.writers.HstsHeaderWriter   [5437d85fad0044de8b4ba3cb9ba0f1f6 | POST | /api/users] - Not injecting HSTS header since it did not match request to [Is Secure]
26-08-01 19:54:30.868 [http-nio-8080-exec-3] [32mDEBUG[0;39m c.s.m.d.config.MDCLoggingInterceptor [5437d85fad0044de8b4ba3cb9ba0f1f6 | POST | /api/users] - Request completed
26-08-01 19:54:30.868 [http-nio-8080-exec-3] [32mTRACE[0;39m o.s.s.w.c.HttpSessionSecurityContextRepository [ |  | ] - No HttpSession currently exists
26-08-01 19:54:30.868 [http-nio-8080-exec-3] [32mTRACE[0;39m o.s.s.w.c.SupplierDeferredSecurityContext [ |  | ] - Created SecurityContextImpl [Null authentication]
26-08-01 19:54:30.868 [http-nio-8080-exec-3] [32mTRACE[0;39m o.s.s.w.c.SupplierDeferredSecurityContext [ |  | ] - Created SecurityContextImpl [Null authentication]
26-08-01 19:54:30.868 [http-nio-8080-exec-3] [32mTRACE[0;39m o.s.s.w.a.AnonymousAuthenticationFilter [ |  | ] - Set SecurityContextHolder to AnonymousAuthenticationToken [Principal=anonymousUser, Credentials=[PROTECTED], Authenticated=true, Details=WebAuthenticationDetails [RemoteIpAddress=0:0:0:0:0:0:0:1, SessionId=null], Granted Authorities=[ROLE_ANONYMOUS]]
26-08-01 19:54:30.875 [http-nio-8080-exec-4] [32mTRACE[0;39m o.s.security.web.FilterChainProxy    [ |  | ] - Trying to match request against DefaultSecurityFilterChain defined as 'filterChain' in [class path resource [com/sprint/mission/discodeit/config/SecurityConfig.class]] matching [any request] and having filters [DisableEncodeUrl, WebAsyncManagerIntegration, SecurityContextHolder, HeaderWriter, Csrf, Logout, RequestCacheAware, SecurityContextHolderAwareRequest, AnonymousAuthentication, ExceptionTranslation] (1/1)
26-08-01 19:54:30.875 [http-nio-8080-exec-4] [32mDEBUG[0;39m o.s.security.web.FilterChainProxy    [ |  | ] - Securing GET /api/auth/csrf-token
26-08-01 19:54:30.875 [http-nio-8080-exec-4] [32mTRACE[0;39m o.s.security.web.FilterChainProxy    [ |  | ] - Invoking DisableEncodeUrlFilter (1/10)
26-08-01 19:54:30.875 [http-nio-8080-exec-4] [32mTRACE[0;39m o.s.security.web.FilterChainProxy    [ |  | ] - Invoking WebAsyncManagerIntegrationFilter (2/10)
26-08-01 19:54:30.875 [http-nio-8080-exec-4] [32mTRACE[0;39m o.s.security.web.FilterChainProxy    [ |  | ] - Invoking SecurityContextHolderFilter (3/10)
26-08-01 19:54:30.875 [http-nio-8080-exec-4] [32mTRACE[0;39m o.s.security.web.FilterChainProxy    [ |  | ] - Invoking HeaderWriterFilter (4/10)
26-08-01 19:54:30.875 [http-nio-8080-exec-4] [32mTRACE[0;39m o.s.security.web.FilterChainProxy    [ |  | ] - Invoking CsrfFilter (5/10)
26-08-01 19:54:30.875 [http-nio-8080-exec-4] [32mTRACE[0;39m o.s.security.web.csrf.CsrfFilter     [ |  | ] - Did not protect against CSRF since request did not match CsrfNotRequired [TRACE, HEAD, GET, OPTIONS]
26-08-01 19:54:30.875 [http-nio-8080-exec-4] [32mTRACE[0;39m o.s.security.web.FilterChainProxy    [ |  | ] - Invoking LogoutFilter (6/10)
26-08-01 19:54:30.876 [http-nio-8080-exec-4] [32mTRACE[0;39m o.s.s.w.a.logout.LogoutFilter        [ |  | ] - Did not match request to Ant [pattern='/logout', POST]
26-08-01 19:54:30.876 [http-nio-8080-exec-4] [32mTRACE[0;39m o.s.security.web.FilterChainProxy    [ |  | ] - Invoking RequestCacheAwareFilter (7/10)
26-08-01 19:54:30.876 [http-nio-8080-exec-4] [32mTRACE[0;39m o.s.s.w.s.HttpSessionRequestCache    [ |  | ] - matchingRequestParameterName is required for getMatchingRequest to lookup a value, but not provided
26-08-01 19:54:30.876 [http-nio-8080-exec-4] [32mTRACE[0;39m o.s.security.web.FilterChainProxy    [ |  | ] - Invoking SecurityContextHolderAwareRequestFilter (8/10)
26-08-01 19:54:30.876 [http-nio-8080-exec-4] [32mTRACE[0;39m o.s.security.web.FilterChainProxy    [ |  | ] - Invoking AnonymousAuthenticationFilter (9/10)
26-08-01 19:54:30.876 [http-nio-8080-exec-4] [32mTRACE[0;39m o.s.security.web.FilterChainProxy    [ |  | ] - Invoking ExceptionTranslationFilter (10/10)
26-08-01 19:54:30.876 [http-nio-8080-exec-4] [32mDEBUG[0;39m o.s.security.web.FilterChainProxy    [ |  | ] - Secured GET /api/auth/csrf-token
26-08-01 19:54:30.876 [http-nio-8080-exec-4] [32mDEBUG[0;39m c.s.m.d.config.MDCLoggingInterceptor [6b88540e7e34493c8ffa1cccad4d6d5f | GET | /api/auth/csrf-token] - Request started
26-08-01 19:54:30.879 [http-nio-8080-exec-4] [32mDEBUG[0;39m c.s.m.d.controller.AuthController    [6b88540e7e34493c8ffa1cccad4d6d5f | GET | /api/auth/csrf-token] - CSRF 토큰 요청: idBEckZidLmCoMVOmQfnTu2Fngglnekcjxg1BVwD0yyMsMwB7-AhFH9SQ46vkfB3-irTeN61szBH-NwxvHsGNm1l4hTo1f05
26-08-01 19:54:30.880 [http-nio-8080-exec-4] [32mDEBUG[0;39m c.s.m.d.config.MDCLoggingInterceptor [6b88540e7e34493c8ffa1cccad4d6d5f | GET | /api/auth/csrf-token] - Request completed
26-08-01 19:54:30.880 [http-nio-8080-exec-4] [32mTRACE[0;39m o.s.s.w.c.HttpSessionSecurityContextRepository [ |  | ] - No HttpSession currently exists
26-08-01 19:54:30.880 [http-nio-8080-exec-4] [32mTRACE[0;39m o.s.s.w.c.SupplierDeferredSecurityContext [ |  | ] - Created SecurityContextImpl [Null authentication]
26-08-01 19:54:30.880 [http-nio-8080-exec-4] [32mTRACE[0;39m o.s.s.w.c.SupplierDeferredSecurityContext [ |  | ] - Created SecurityContextImpl [Null authentication]
26-08-01 19:54:30.880 [http-nio-8080-exec-4] [32mTRACE[0;39m o.s.s.w.a.AnonymousAuthenticationFilter [ |  | ] - Set SecurityContextHolder to AnonymousAuthenticationToken [Principal=anonymousUser, Credentials=[PROTECTED], Authenticated=true, Details=WebAuthenticationDetails [RemoteIpAddress=0:0:0:0:0:0:0:1, SessionId=null], Granted Authorities=[ROLE_ANONYMOUS]]
26-08-01 19:54:30.880 [http-nio-8080-exec-4] [32mTRACE[0;39m o.s.s.w.h.writers.HstsHeaderWriter   [ |  | ] - Not injecting HSTS header since it did not match request to [Is Secure]
26-08-01 20:02:47.752 [SpringApplicationShutdownHook] [32mINFO [0;39m o.s.b.w.e.tomcat.GracefulShutdown    [ |  | ] - Commencing graceful shutdown. Waiting for active requests to complete
26-08-01 20:02:47.760 [tomcat-shutdown] [32mINFO [0;39m o.s.b.w.e.tomcat.GracefulShutdown    [ |  | ] - Graceful shutdown complete
26-08-01 20:02:47.767 [SpringApplicationShutdownHook] [32mINFO [0;39m o.s.o.j.LocalContainerEntityManagerFactoryBean [ |  | ] - Closing JPA EntityManagerFactory for persistence unit 'default'
26-08-01 20:02:47.772 [SpringApplicationShutdownHook] [32mINFO [0;39m com.zaxxer.hikari.HikariDataSource   [ |  | ] - HikariPool-1 - Shutdown initiated...
26-08-01 20:02:47.774 [SpringApplicationShutdownHook] [32mINFO [0;39m com.zaxxer.hikari.HikariDataSource   [ |  | ] - HikariPool-1 - Shutdown completed.
26-08-01 20:04:39.732 [background-preinit] [32mINFO [0;39m o.h.validator.internal.util.Version  [ |  | ] - HV000001: Hibernate Validator 8.0.1.Final
26-08-01 20:04:39.767 [main] [32mINFO [0;39m c.s.m.discodeit.DiscodeitApplication [ |  | ] - Starting DiscodeitApplication using Java 17.0.18 with PID 34207 (/Users/minjijeon/work_space_sprint/12-sprint-mission/build/classes/java/main started by minjijeon in /Users/minjijeon/work_space_sprint/12-sprint-mission)
26-08-01 20:04:39.767 [main] [32mDEBUG[0;39m c.s.m.discodeit.DiscodeitApplication [ |  | ] - Running with Spring Boot v3.4.0, Spring v6.2.0
26-08-01 20:04:39.767 [main] [32mINFO [0;39m c.s.m.discodeit.DiscodeitApplication [ |  | ] - The following 1 profile is active: "dev"
26-08-01 20:04:40.379 [main] [32mINFO [0;39m o.s.d.r.c.RepositoryConfigurationDelegate [ |  | ] - Bootstrapping Spring Data JPA repositories in DEFAULT mode.
26-08-01 20:04:40.412 [main] [32mINFO [0;39m o.s.d.r.c.RepositoryConfigurationDelegate [ |  | ] - Finished Spring Data repository scanning in 29 ms. Found 6 JPA repository interfaces.
26-08-01 20:04:40.786 [main] [32mINFO [0;39m o.s.b.w.e.tomcat.TomcatWebServer     [ |  | ] - Tomcat initialized with port 8080 (http)
26-08-01 20:04:40.793 [main] [32mINFO [0;39m o.a.coyote.http11.Http11NioProtocol  [ |  | ] - Initializing ProtocolHandler ["http-nio-8080"]
26-08-01 20:04:40.794 [main] [32mINFO [0;39m o.a.catalina.core.StandardService    [ |  | ] - Starting service [Tomcat]
26-08-01 20:04:40.794 [main] [32mINFO [0;39m o.a.catalina.core.StandardEngine     [ |  | ] - Starting Servlet engine: [Apache Tomcat/10.1.33]
26-08-01 20:04:40.822 [main] [32mINFO [0;39m o.a.c.c.C.[Tomcat].[localhost].[/]   [ |  | ] - Initializing Spring embedded WebApplicationContext
26-08-01 20:04:40.822 [main] [32mINFO [0;39m o.s.b.w.s.c.ServletWebServerApplicationContext [ |  | ] - Root WebApplicationContext: initialization completed in 1036 ms
26-08-01 20:04:40.937 [main] [32mINFO [0;39m com.zaxxer.hikari.HikariDataSource   [ |  | ] - HikariPool-1 - Starting...
26-08-01 20:04:41.027 [main] [32mINFO [0;39m com.zaxxer.hikari.pool.HikariPool    [ |  | ] - HikariPool-1 - Added connection org.postgresql.jdbc.PgConnection@9d3a7a1
26-08-01 20:04:41.028 [main] [32mINFO [0;39m com.zaxxer.hikari.HikariDataSource   [ |  | ] - HikariPool-1 - Start completed.
26-08-01 20:04:41.078 [main] [32mINFO [0;39m o.h.jpa.internal.util.LogHelper      [ |  | ] - HHH000204: Processing PersistenceUnitInfo [name: default]
26-08-01 20:04:41.109 [main] [32mINFO [0;39m org.hibernate.Version                [ |  | ] - HHH000412: Hibernate ORM core version 6.6.2.Final
26-08-01 20:04:41.123 [main] [32mINFO [0;39m o.h.c.i.RegionFactoryInitiator       [ |  | ] - HHH000026: Second-level cache disabled
26-08-01 20:04:41.257 [main] [32mINFO [0;39m o.s.o.j.p.SpringPersistenceUnitInfo  [ |  | ] - No LoadTimeWeaver setup: ignoring JPA class transformer
26-08-01 20:04:41.315 [main] [32mINFO [0;39m o.hibernate.orm.connections.pooling  [ |  | ] - HHH10001005: Database info:
	Database JDBC URL [Connecting through datasource 'HikariDataSource (HikariPool-1)']
	Database driver: undefined/unknown
	Database version: 18.3
	Autocommit mode: undefined/unknown
	Isolation level: undefined/unknown
	Minimum pool size: undefined/unknown
	Maximum pool size: undefined/unknown
26-08-01 20:04:41.812 [main] [32mINFO [0;39m o.h.e.t.j.p.i.JtaPlatformInitiator   [ |  | ] - HHH000489: No JTA platform available (set 'hibernate.transaction.jta.platform' to enable JTA platform integration)
26-08-01 20:04:41.850 [main] [32mINFO [0;39m o.s.o.j.LocalContainerEntityManagerFactoryBean [ |  | ] - Initialized JPA EntityManagerFactory for persistence unit 'default'
26-08-01 20:04:41.983 [main] [32mINFO [0;39m o.s.d.j.r.query.QueryEnhancerFactory [ |  | ] - Hibernate is in classpath; If applicable, HQL parser will be used.
26-08-01 20:04:42.361 [main] [32mTRACE[0;39m o.s.s.c.a.a.c.AuthenticationConfiguration$EnableGlobalAuthenticationAutowiredConfigurer [ |  | ] - Eagerly initializing {org.springframework.boot.autoconfigure.security.servlet.SpringBootWebSecurityConfiguration$WebSecurityEnablerConfiguration=org.springframework.boot.autoconfigure.security.servlet.SpringBootWebSecurityConfiguration$WebSecurityEnablerConfiguration@38d583cd}
26-08-01 20:04:42.364 [main] [33mWARN [0;39m o.s.b.a.s.s.UserDetailsServiceAutoConfiguration [ |  | ] - 

Using generated security password: 8ba0e484-ce24-4d72-8aed-a36013e246c9

This generated password is for development use only. Your security configuration must be updated before running your application in production.

26-08-01 20:04:42.368 [main] [32mINFO [0;39m o.s.s.c.a.a.c.InitializeUserDetailsBeanManagerConfigurer$InitializeUserDetailsManagerConfigurer [ |  | ] - Global AuthenticationManager configured with UserDetailsService bean with name inMemoryUserDetailsManager
26-08-01 20:04:42.416 [main] [32mDEBUG[0;39m o.s.s.web.DefaultSecurityFilterChain [ |  | ] - Will secure any request with filters: DisableEncodeUrlFilter, WebAsyncManagerIntegrationFilter, SecurityContextHolderFilter, HeaderWriterFilter, CsrfFilter, LogoutFilter, UsernamePasswordAuthenticationFilter, DefaultResourcesFilter, DefaultLoginPageGeneratingFilter, DefaultLogoutPageGeneratingFilter, RequestCacheAwareFilter, SecurityContextHolderAwareRequestFilter, AnonymousAuthenticationFilter, ExceptionTranslationFilter
26-08-01 20:04:42.443 [main] [32mINFO [0;39m o.s.b.a.w.s.WelcomePageHandlerMapping [ |  | ] - Adding welcome page: class path resource [static/index.html]
26-08-01 20:04:42.844 [main] [32mINFO [0;39m o.s.b.a.e.web.EndpointLinksResolver  [ |  | ] - Exposing 4 endpoints beneath base path '/actuator'
26-08-01 20:04:42.899 [main] [32mINFO [0;39m o.a.coyote.http11.Http11NioProtocol  [ |  | ] - Starting ProtocolHandler ["http-nio-8080"]
26-08-01 20:04:42.906 [main] [32mINFO [0;39m o.s.b.w.e.tomcat.TomcatWebServer     [ |  | ] - Tomcat started on port 8080 (http) with context path '/'
26-08-01 20:04:42.917 [main] [32mINFO [0;39m c.s.m.discodeit.DiscodeitApplication [ |  | ] - Started DiscodeitApplication in 3.407 seconds (process running for 3.778)
26-08-01 20:04:43.332 [RMI TCP Connection(4)-127.0.0.1] [32mINFO [0;39m o.a.c.c.C.[Tomcat].[localhost].[/]   [ |  | ] - Initializing Spring DispatcherServlet 'dispatcherServlet'
26-08-01 20:04:43.332 [RMI TCP Connection(4)-127.0.0.1] [32mINFO [0;39m o.s.web.servlet.DispatcherServlet    [ |  | ] - Initializing Servlet 'dispatcherServlet'
26-08-01 20:04:43.333 [RMI TCP Connection(4)-127.0.0.1] [32mINFO [0;39m o.s.web.servlet.DispatcherServlet    [ |  | ] - Completed initialization in 1 ms
26-08-01 20:06:21.607 [SpringApplicationShutdownHook] [32mINFO [0;39m o.s.b.w.e.tomcat.GracefulShutdown    [ |  | ] - Commencing graceful shutdown. Waiting for active requests to complete
26-08-01 20:06:21.618 [tomcat-shutdown] [32mINFO [0;39m o.s.b.w.e.tomcat.GracefulShutdown    [ |  | ] - Graceful shutdown complete
26-08-01 20:06:21.624 [SpringApplicationShutdownHook] [32mINFO [0;39m o.s.o.j.LocalContainerEntityManagerFactoryBean [ |  | ] - Closing JPA EntityManagerFactory for persistence unit 'default'
26-08-01 20:06:21.626 [SpringApplicationShutdownHook] [32mINFO [0;39m com.zaxxer.hikari.HikariDataSource   [ |  | ] - HikariPool-1 - Shutdown initiated...
26-08-01 20:06:21.629 [SpringApplicationShutdownHook] [32mINFO [0;39m com.zaxxer.hikari.HikariDataSource   [ |  | ] - HikariPool-1 - Shutdown completed.
26-08-01 20:40:04.381 [background-preinit] [32mINFO [0;39m o.h.validator.internal.util.Version  [ |  | ] - HV000001: Hibernate Validator 8.0.1.Final
26-08-01 20:40:04.405 [main] [32mINFO [0;39m c.s.m.discodeit.DiscodeitApplication [ |  | ] - Starting DiscodeitApplication using Java 17.0.18 with PID 54605 (/Users/minjijeon/work_space_sprint/12-sprint-mission/build/classes/java/main started by minjijeon in /Users/minjijeon/work_space_sprint/12-sprint-mission)
26-08-01 20:40:04.405 [main] [32mDEBUG[0;39m c.s.m.discodeit.DiscodeitApplication [ |  | ] - Running with Spring Boot v3.4.0, Spring v6.2.0
26-08-01 20:40:04.405 [main] [32mINFO [0;39m c.s.m.discodeit.DiscodeitApplication [ |  | ] - The following 1 profile is active: "dev"
26-08-01 20:40:05.630 [main] [32mINFO [0;39m o.s.d.r.c.RepositoryConfigurationDelegate [ |  | ] - Bootstrapping Spring Data JPA repositories in DEFAULT mode.
26-08-01 20:40:05.706 [main] [32mINFO [0;39m o.s.d.r.c.RepositoryConfigurationDelegate [ |  | ] - Finished Spring Data repository scanning in 62 ms. Found 6 JPA repository interfaces.
26-08-01 20:40:06.147 [main] [32mINFO [0;39m o.s.b.w.e.tomcat.TomcatWebServer     [ |  | ] - Tomcat initialized with port 8080 (http)
26-08-01 20:40:06.154 [main] [32mINFO [0;39m o.a.coyote.http11.Http11NioProtocol  [ |  | ] - Initializing ProtocolHandler ["http-nio-8080"]
26-08-01 20:40:06.155 [main] [32mINFO [0;39m o.a.catalina.core.StandardService    [ |  | ] - Starting service [Tomcat]
26-08-01 20:40:06.155 [main] [32mINFO [0;39m o.a.catalina.core.StandardEngine     [ |  | ] - Starting Servlet engine: [Apache Tomcat/10.1.33]
26-08-01 20:40:06.184 [main] [32mINFO [0;39m o.a.c.c.C.[Tomcat].[localhost].[/]   [ |  | ] - Initializing Spring embedded WebApplicationContext
26-08-01 20:40:06.184 [main] [32mINFO [0;39m o.s.b.w.s.c.ServletWebServerApplicationContext [ |  | ] - Root WebApplicationContext: initialization completed in 1762 ms
26-08-01 20:40:06.302 [main] [32mINFO [0;39m com.zaxxer.hikari.HikariDataSource   [ |  | ] - HikariPool-1 - Starting...
26-08-01 20:40:06.444 [main] [32mINFO [0;39m com.zaxxer.hikari.pool.HikariPool    [ |  | ] - HikariPool-1 - Added connection org.postgresql.jdbc.PgConnection@1b632442
26-08-01 20:40:06.445 [main] [32mINFO [0;39m com.zaxxer.hikari.HikariDataSource   [ |  | ] - HikariPool-1 - Start completed.
26-08-01 20:40:06.489 [main] [32mINFO [0;39m o.h.jpa.internal.util.LogHelper      [ |  | ] - HHH000204: Processing PersistenceUnitInfo [name: default]
26-08-01 20:40:06.516 [main] [32mINFO [0;39m org.hibernate.Version                [ |  | ] - HHH000412: Hibernate ORM core version 6.6.2.Final
26-08-01 20:40:06.531 [main] [32mINFO [0;39m o.h.c.i.RegionFactoryInitiator       [ |  | ] - HHH000026: Second-level cache disabled
26-08-01 20:40:06.730 [main] [32mINFO [0;39m o.s.o.j.p.SpringPersistenceUnitInfo  [ |  | ] - No LoadTimeWeaver setup: ignoring JPA class transformer
26-08-01 20:40:06.806 [main] [32mINFO [0;39m o.hibernate.orm.connections.pooling  [ |  | ] - HHH10001005: Database info:
	Database JDBC URL [Connecting through datasource 'HikariDataSource (HikariPool-1)']
	Database driver: undefined/unknown
	Database version: 18.3
	Autocommit mode: undefined/unknown
	Isolation level: undefined/unknown
	Minimum pool size: undefined/unknown
	Maximum pool size: undefined/unknown
26-08-01 20:40:07.286 [main] [32mINFO [0;39m o.h.e.t.j.p.i.JtaPlatformInitiator   [ |  | ] - HHH000489: No JTA platform available (set 'hibernate.transaction.jta.platform' to enable JTA platform integration)
26-08-01 20:40:07.327 [main] [32mINFO [0;39m o.s.o.j.LocalContainerEntityManagerFactoryBean [ |  | ] - Initialized JPA EntityManagerFactory for persistence unit 'default'
26-08-01 20:40:07.523 [main] [32mINFO [0;39m o.s.d.j.r.query.QueryEnhancerFactory [ |  | ] - Hibernate is in classpath; If applicable, HQL parser will be used.
26-08-01 20:40:07.876 [main] [32mTRACE[0;39m o.s.s.c.a.a.c.AuthenticationConfiguration$EnableGlobalAuthenticationAutowiredConfigurer [ |  | ] - Eagerly initializing {securityConfig=com.sprint.mission.discodeit.config.SecurityConfig$$SpringCGLIB$$0@44872224}
26-08-01 20:40:07.880 [main] [32mINFO [0;39m o.s.s.c.a.a.c.InitializeUserDetailsBeanManagerConfigurer$InitializeUserDetailsManagerConfigurer [ |  | ] - Global AuthenticationManager configured with UserDetailsService bean with name discodeitUserDetailsService
26-08-01 20:40:07.923 [main] [32mINFO [0;39m o.s.b.a.w.s.WelcomePageHandlerMapping [ |  | ] - Adding welcome page: class path resource [static/index.html]
26-08-01 20:40:08.113 [main] [32mINFO [0;39m o.s.b.a.e.web.EndpointLinksResolver  [ |  | ] - Exposing 4 endpoints beneath base path '/actuator'
26-08-01 20:40:08.153 [main] [32mDEBUG[0;39m o.s.s.web.DefaultSecurityFilterChain [ |  | ] - Will secure any request with filters: DisableEncodeUrlFilter, WebAsyncManagerIntegrationFilter, SecurityContextHolderFilter, HeaderWriterFilter, CsrfFilter, LogoutFilter, UsernamePasswordAuthenticationFilter, DefaultResourcesFilter, DefaultLoginPageGeneratingFilter, DefaultLogoutPageGeneratingFilter, RequestCacheAwareFilter, SecurityContextHolderAwareRequestFilter, AnonymousAuthenticationFilter, ExceptionTranslationFilter
26-08-01 20:40:08.413 [main] [32mINFO [0;39m o.a.coyote.http11.Http11NioProtocol  [ |  | ] - Starting ProtocolHandler ["http-nio-8080"]
26-08-01 20:40:08.421 [main] [32mINFO [0;39m o.s.b.w.e.tomcat.TomcatWebServer     [ |  | ] - Tomcat started on port 8080 (http) with context path '/'
26-08-01 20:40:08.432 [main] [32mINFO [0;39m c.s.m.discodeit.DiscodeitApplication [ |  | ] - Started DiscodeitApplication in 4.291 seconds (process running for 4.801)
26-08-01 20:40:09.566 [RMI TCP Connection(3)-127.0.0.1] [32mINFO [0;39m o.a.c.c.C.[Tomcat].[localhost].[/]   [ |  | ] - Initializing Spring DispatcherServlet 'dispatcherServlet'
26-08-01 20:40:09.568 [RMI TCP Connection(3)-127.0.0.1] [32mINFO [0;39m o.s.web.servlet.DispatcherServlet    [ |  | ] - Initializing Servlet 'dispatcherServlet'
26-08-01 20:40:09.570 [RMI TCP Connection(3)-127.0.0.1] [32mINFO [0;39m o.s.web.servlet.DispatcherServlet    [ |  | ] - Completed initialization in 2 ms
26-08-01 20:40:16.027 [http-nio-8080-exec-1] [32mTRACE[0;39m o.s.security.web.FilterChainProxy    [ |  | ] - Trying to match request against DefaultSecurityFilterChain defined as 'filterChain' in [class path resource [com/sprint/mission/discodeit/config/SecurityConfig.class]] matching [any request] and having filters [DisableEncodeUrl, WebAsyncManagerIntegration, SecurityContextHolder, HeaderWriter, Csrf, Logout, UsernamePasswordAuthentication, DefaultResources, DefaultLoginPageGenerating, DefaultLogoutPageGenerating, RequestCacheAware, SecurityContextHolderAwareRequest, AnonymousAuthentication, ExceptionTranslation] (1/1)
26-08-01 20:40:16.028 [http-nio-8080-exec-1] [32mDEBUG[0;39m o.s.security.web.FilterChainProxy    [ |  | ] - Securing POST /api/auth/login
26-08-01 20:40:16.029 [http-nio-8080-exec-1] [32mTRACE[0;39m o.s.security.web.FilterChainProxy    [ |  | ] - Invoking DisableEncodeUrlFilter (1/14)
26-08-01 20:40:16.031 [http-nio-8080-exec-1] [32mTRACE[0;39m o.s.security.web.FilterChainProxy    [ |  | ] - Invoking WebAsyncManagerIntegrationFilter (2/14)
26-08-01 20:40:16.032 [http-nio-8080-exec-1] [32mTRACE[0;39m o.s.security.web.FilterChainProxy    [ |  | ] - Invoking SecurityContextHolderFilter (3/14)
26-08-01 20:40:16.033 [http-nio-8080-exec-1] [32mTRACE[0;39m o.s.security.web.FilterChainProxy    [ |  | ] - Invoking HeaderWriterFilter (4/14)
26-08-01 20:40:16.033 [http-nio-8080-exec-1] [32mTRACE[0;39m o.s.security.web.FilterChainProxy    [ |  | ] - Invoking CsrfFilter (5/14)
26-08-01 20:40:16.036 [http-nio-8080-exec-1] [32mDEBUG[0;39m o.s.security.web.csrf.CsrfFilter     [ |  | ] - Invalid CSRF token found for http://localhost:8080/api/auth/login
26-08-01 20:40:16.036 [http-nio-8080-exec-1] [32mDEBUG[0;39m o.s.s.w.a.AccessDeniedHandlerImpl    [ |  | ] - Responding with 403 status code
26-08-01 20:40:16.037 [http-nio-8080-exec-1] [32mTRACE[0;39m o.s.s.w.h.writers.HstsHeaderWriter   [ |  | ] - Not injecting HSTS header since it did not match request to [Is Secure]
26-08-01 20:40:16.042 [http-nio-8080-exec-1] [32mTRACE[0;39m o.s.security.web.FilterChainProxy    [ |  | ] - Trying to match request against DefaultSecurityFilterChain defined as 'filterChain' in [class path resource [com/sprint/mission/discodeit/config/SecurityConfig.class]] matching [any request] and having filters [DisableEncodeUrl, WebAsyncManagerIntegration, SecurityContextHolder, HeaderWriter, Csrf, Logout, UsernamePasswordAuthentication, DefaultResources, DefaultLoginPageGenerating, DefaultLogoutPageGenerating, RequestCacheAware, SecurityContextHolderAwareRequest, AnonymousAuthentication, ExceptionTranslation] (1/1)
26-08-01 20:40:16.042 [http-nio-8080-exec-1] [32mDEBUG[0;39m o.s.security.web.FilterChainProxy    [ |  | ] - Securing POST /error
26-08-01 20:40:16.042 [http-nio-8080-exec-1] [32mTRACE[0;39m o.s.security.web.FilterChainProxy    [ |  | ] - Invoking DisableEncodeUrlFilter (1/14)
26-08-01 20:40:16.042 [http-nio-8080-exec-1] [32mTRACE[0;39m o.s.security.web.FilterChainProxy    [ |  | ] - Invoking WebAsyncManagerIntegrationFilter (2/14)
26-08-01 20:40:16.042 [http-nio-8080-exec-1] [32mTRACE[0;39m o.s.security.web.FilterChainProxy    [ |  | ] - Invoking SecurityContextHolderFilter (3/14)
26-08-01 20:40:16.042 [http-nio-8080-exec-1] [32mTRACE[0;39m o.s.security.web.FilterChainProxy    [ |  | ] - Invoking HeaderWriterFilter (4/14)
26-08-01 20:40:16.042 [http-nio-8080-exec-1] [32mTRACE[0;39m o.s.security.web.FilterChainProxy    [ |  | ] - Invoking CsrfFilter (5/14)
26-08-01 20:40:16.042 [http-nio-8080-exec-1] [32mTRACE[0;39m o.s.security.web.FilterChainProxy    [ |  | ] - Invoking LogoutFilter (6/14)
26-08-01 20:40:16.042 [http-nio-8080-exec-1] [32mTRACE[0;39m o.s.s.w.a.logout.LogoutFilter        [ |  | ] - Did not match request to Ant [pattern='/logout', POST]
26-08-01 20:40:16.043 [http-nio-8080-exec-1] [32mTRACE[0;39m o.s.security.web.FilterChainProxy    [ |  | ] - Invoking UsernamePasswordAuthenticationFilter (7/14)
26-08-01 20:40:16.043 [http-nio-8080-exec-1] [32mTRACE[0;39m o.s.s.w.a.UsernamePasswordAuthenticationFilter [ |  | ] - Did not match request to Ant [pattern='/api/auth/login', POST]
26-08-01 20:40:16.043 [http-nio-8080-exec-1] [32mTRACE[0;39m o.s.security.web.FilterChainProxy    [ |  | ] - Invoking DefaultResourcesFilter (8/14)
26-08-01 20:40:16.043 [http-nio-8080-exec-1] [32mTRACE[0;39m o.s.security.web.FilterChainProxy    [ |  | ] - Invoking DefaultLoginPageGeneratingFilter (9/14)
26-08-01 20:40:16.043 [http-nio-8080-exec-1] [32mTRACE[0;39m o.s.security.web.FilterChainProxy    [ |  | ] - Invoking DefaultLogoutPageGeneratingFilter (10/14)
26-08-01 20:40:16.043 [http-nio-8080-exec-1] [32mTRACE[0;39m o.s.security.web.FilterChainProxy    [ |  | ] - Invoking RequestCacheAwareFilter (11/14)
26-08-01 20:40:16.043 [http-nio-8080-exec-1] [32mTRACE[0;39m o.s.s.w.s.HttpSessionRequestCache    [ |  | ] - matchingRequestParameterName is required for getMatchingRequest to lookup a value, but not provided
26-08-01 20:40:16.043 [http-nio-8080-exec-1] [32mTRACE[0;39m o.s.security.web.FilterChainProxy    [ |  | ] - Invoking SecurityContextHolderAwareRequestFilter (12/14)
26-08-01 20:40:16.044 [http-nio-8080-exec-1] [32mTRACE[0;39m o.s.security.web.FilterChainProxy    [ |  | ] - Invoking AnonymousAuthenticationFilter (13/14)
26-08-01 20:40:16.044 [http-nio-8080-exec-1] [32mTRACE[0;39m o.s.security.web.FilterChainProxy    [ |  | ] - Invoking ExceptionTranslationFilter (14/14)
26-08-01 20:40:16.045 [http-nio-8080-exec-1] [32mDEBUG[0;39m o.s.security.web.FilterChainProxy    [ |  | ] - Secured POST /error
26-08-01 20:40:16.046 [http-nio-8080-exec-1] [32mDEBUG[0;39m c.s.m.d.config.MDCLoggingInterceptor [69e26bd372704296a681c24eb9acb91e | POST | /error] - Request started
26-08-01 20:40:16.073 [http-nio-8080-exec-1] [32mDEBUG[0;39m c.s.m.d.config.MDCLoggingInterceptor [69e26bd372704296a681c24eb9acb91e | POST | /error] - Request completed
26-08-01 20:40:16.073 [http-nio-8080-exec-1] [32mTRACE[0;39m o.s.s.w.c.HttpSessionSecurityContextRepository [ |  | ] - No HttpSession currently exists
26-08-01 20:40:16.073 [http-nio-8080-exec-1] [32mTRACE[0;39m o.s.s.w.c.SupplierDeferredSecurityContext [ |  | ] - Created SecurityContextImpl [Null authentication]
26-08-01 20:40:16.073 [http-nio-8080-exec-1] [32mTRACE[0;39m o.s.s.w.c.SupplierDeferredSecurityContext [ |  | ] - Created SecurityContextImpl [Null authentication]
26-08-01 20:40:16.074 [http-nio-8080-exec-1] [32mTRACE[0;39m o.s.s.w.a.AnonymousAuthenticationFilter [ |  | ] - Set SecurityContextHolder to AnonymousAuthenticationToken [Principal=anonymousUser, Credentials=[PROTECTED], Authenticated=true, Details=WebAuthenticationDetails [RemoteIpAddress=0:0:0:0:0:0:0:1, SessionId=null], Granted Authorities=[ROLE_ANONYMOUS]]
26-08-01 20:42:49.768 [http-nio-8080-exec-5] [32mTRACE[0;39m o.s.security.web.FilterChainProxy    [ |  | ] - Trying to match request against DefaultSecurityFilterChain defined as 'filterChain' in [class path resource [com/sprint/mission/discodeit/config/SecurityConfig.class]] matching [any request] and having filters [DisableEncodeUrl, WebAsyncManagerIntegration, SecurityContextHolder, HeaderWriter, Csrf, Logout, UsernamePasswordAuthentication, DefaultResources, DefaultLoginPageGenerating, DefaultLogoutPageGenerating, RequestCacheAware, SecurityContextHolderAwareRequest, AnonymousAuthentication, ExceptionTranslation] (1/1)
26-08-01 20:42:49.770 [http-nio-8080-exec-5] [32mDEBUG[0;39m o.s.security.web.FilterChainProxy    [ |  | ] - Securing GET /api/auth/csrf-token
26-08-01 20:42:49.770 [http-nio-8080-exec-5] [32mTRACE[0;39m o.s.security.web.FilterChainProxy    [ |  | ] - Invoking DisableEncodeUrlFilter (1/14)
26-08-01 20:42:49.770 [http-nio-8080-exec-5] [32mTRACE[0;39m o.s.security.web.FilterChainProxy    [ |  | ] - Invoking WebAsyncManagerIntegrationFilter (2/14)
26-08-01 20:42:49.770 [http-nio-8080-exec-5] [32mTRACE[0;39m o.s.security.web.FilterChainProxy    [ |  | ] - Invoking SecurityContextHolderFilter (3/14)
26-08-01 20:42:49.771 [http-nio-8080-exec-5] [32mTRACE[0;39m o.s.security.web.FilterChainProxy    [ |  | ] - Invoking HeaderWriterFilter (4/14)
26-08-01 20:42:49.771 [http-nio-8080-exec-5] [32mTRACE[0;39m o.s.security.web.FilterChainProxy    [ |  | ] - Invoking CsrfFilter (5/14)
26-08-01 20:42:49.774 [http-nio-8080-exec-5] [32mTRACE[0;39m o.s.security.web.csrf.CsrfFilter     [ |  | ] - Did not protect against CSRF since request did not match CsrfNotRequired [TRACE, HEAD, GET, OPTIONS]
26-08-01 20:42:49.774 [http-nio-8080-exec-5] [32mTRACE[0;39m o.s.security.web.FilterChainProxy    [ |  | ] - Invoking LogoutFilter (6/14)
26-08-01 20:42:49.774 [http-nio-8080-exec-5] [32mTRACE[0;39m o.s.s.w.a.logout.LogoutFilter        [ |  | ] - Did not match request to Ant [pattern='/logout', POST]
26-08-01 20:42:49.774 [http-nio-8080-exec-5] [32mTRACE[0;39m o.s.security.web.FilterChainProxy    [ |  | ] - Invoking UsernamePasswordAuthenticationFilter (7/14)
26-08-01 20:42:49.774 [http-nio-8080-exec-5] [32mTRACE[0;39m o.s.s.w.a.UsernamePasswordAuthenticationFilter [ |  | ] - Did not match request to Ant [pattern='/api/auth/login', POST]
26-08-01 20:42:49.774 [http-nio-8080-exec-5] [32mTRACE[0;39m o.s.security.web.FilterChainProxy    [ |  | ] - Invoking DefaultResourcesFilter (8/14)
26-08-01 20:42:49.774 [http-nio-8080-exec-5] [32mTRACE[0;39m o.s.security.web.FilterChainProxy    [ |  | ] - Invoking DefaultLoginPageGeneratingFilter (9/14)
26-08-01 20:42:49.774 [http-nio-8080-exec-5] [32mTRACE[0;39m o.s.security.web.FilterChainProxy    [ |  | ] - Invoking DefaultLogoutPageGeneratingFilter (10/14)
26-08-01 20:42:49.775 [http-nio-8080-exec-5] [32mTRACE[0;39m o.s.s.w.a.u.DefaultLogoutPageGeneratingFilter [ |  | ] - Did not render default logout page since request did not match [Ant [pattern='/logout', GET]]
26-08-01 20:42:49.775 [http-nio-8080-exec-5] [32mTRACE[0;39m o.s.security.web.FilterChainProxy    [ |  | ] - Invoking RequestCacheAwareFilter (11/14)
26-08-01 20:42:49.775 [http-nio-8080-exec-5] [32mTRACE[0;39m o.s.s.w.s.HttpSessionRequestCache    [ |  | ] - matchingRequestParameterName is required for getMatchingRequest to lookup a value, but not provided
26-08-01 20:42:49.775 [http-nio-8080-exec-5] [32mTRACE[0;39m o.s.security.web.FilterChainProxy    [ |  | ] - Invoking SecurityContextHolderAwareRequestFilter (12/14)
26-08-01 20:42:49.775 [http-nio-8080-exec-5] [32mTRACE[0;39m o.s.security.web.FilterChainProxy    [ |  | ] - Invoking AnonymousAuthenticationFilter (13/14)
26-08-01 20:42:49.775 [http-nio-8080-exec-5] [32mTRACE[0;39m o.s.security.web.FilterChainProxy    [ |  | ] - Invoking ExceptionTranslationFilter (14/14)
26-08-01 20:42:49.775 [http-nio-8080-exec-5] [32mDEBUG[0;39m o.s.security.web.FilterChainProxy    [ |  | ] - Secured GET /api/auth/csrf-token
26-08-01 20:42:49.776 [http-nio-8080-exec-5] [32mDEBUG[0;39m c.s.m.d.config.MDCLoggingInterceptor [c1626758b2ac480b90382e512847f4ef | GET | /api/auth/csrf-token] - Request started
26-08-01 20:42:49.784 [http-nio-8080-exec-5] [32mDEBUG[0;39m c.s.m.d.controller.AuthController    [c1626758b2ac480b90382e512847f4ef | GET | /api/auth/csrf-token] - CSRF 토큰 요청: qYDzcK-i7nO5hqMbTSE0wwpHjvfvyZmQn_3kPOj6MhxIrTc5yubEQpaViESU58d5eAwApW51o5WL-f-9_MiFDtrNV3hwzlEJ
26-08-01 20:42:49.788 [http-nio-8080-exec-5] [32mDEBUG[0;39m c.s.m.d.config.MDCLoggingInterceptor [c1626758b2ac480b90382e512847f4ef | GET | /api/auth/csrf-token] - Request completed
26-08-01 20:42:49.788 [http-nio-8080-exec-5] [32mTRACE[0;39m o.s.s.w.c.HttpSessionSecurityContextRepository [ |  | ] - No HttpSession currently exists
26-08-01 20:42:49.788 [http-nio-8080-exec-5] [32mTRACE[0;39m o.s.s.w.c.SupplierDeferredSecurityContext [ |  | ] - Created SecurityContextImpl [Null authentication]
26-08-01 20:42:49.788 [http-nio-8080-exec-5] [32mTRACE[0;39m o.s.s.w.c.SupplierDeferredSecurityContext [ |  | ] - Created SecurityContextImpl [Null authentication]
26-08-01 20:42:49.789 [http-nio-8080-exec-5] [32mTRACE[0;39m o.s.s.w.a.AnonymousAuthenticationFilter [ |  | ] - Set SecurityContextHolder to AnonymousAuthenticationToken [Principal=anonymousUser, Credentials=[PROTECTED], Authenticated=true, Details=WebAuthenticationDetails [RemoteIpAddress=0:0:0:0:0:0:0:1, SessionId=null], Granted Authorities=[ROLE_ANONYMOUS]]
26-08-01 20:42:49.789 [http-nio-8080-exec-5] [32mTRACE[0;39m o.s.s.w.h.writers.HstsHeaderWriter   [ |  | ] - Not injecting HSTS header since it did not match request to [Is Secure]
26-08-01 20:43:34.391 [http-nio-8080-exec-6] [32mTRACE[0;39m o.s.security.web.FilterChainProxy    [ |  | ] - Trying to match request against DefaultSecurityFilterChain defined as 'filterChain' in [class path resource [com/sprint/mission/discodeit/config/SecurityConfig.class]] matching [any request] and having filters [DisableEncodeUrl, WebAsyncManagerIntegration, SecurityContextHolder, HeaderWriter, Csrf, Logout, UsernamePasswordAuthentication, DefaultResources, DefaultLoginPageGenerating, DefaultLogoutPageGenerating, RequestCacheAware, SecurityContextHolderAwareRequest, AnonymousAuthentication, ExceptionTranslation] (1/1)
26-08-01 20:43:34.392 [http-nio-8080-exec-6] [32mDEBUG[0;39m o.s.security.web.FilterChainProxy    [ |  | ] - Securing GET /api/auth/csrf-token
26-08-01 20:43:34.392 [http-nio-8080-exec-6] [32mTRACE[0;39m o.s.security.web.FilterChainProxy    [ |  | ] - Invoking DisableEncodeUrlFilter (1/14)
26-08-01 20:43:34.393 [http-nio-8080-exec-6] [32mTRACE[0;39m o.s.security.web.FilterChainProxy    [ |  | ] - Invoking WebAsyncManagerIntegrationFilter (2/14)
26-08-01 20:43:34.393 [http-nio-8080-exec-6] [32mTRACE[0;39m o.s.security.web.FilterChainProxy    [ |  | ] - Invoking SecurityContextHolderFilter (3/14)
26-08-01 20:43:34.394 [http-nio-8080-exec-6] [32mTRACE[0;39m o.s.security.web.FilterChainProxy    [ |  | ] - Invoking HeaderWriterFilter (4/14)
26-08-01 20:43:34.394 [http-nio-8080-exec-6] [32mTRACE[0;39m o.s.security.web.FilterChainProxy    [ |  | ] - Invoking CsrfFilter (5/14)
26-08-01 20:43:34.395 [http-nio-8080-exec-6] [32mTRACE[0;39m o.s.security.web.csrf.CsrfFilter     [ |  | ] - Did not protect against CSRF since request did not match CsrfNotRequired [TRACE, HEAD, GET, OPTIONS]
26-08-01 20:43:34.395 [http-nio-8080-exec-6] [32mTRACE[0;39m o.s.security.web.FilterChainProxy    [ |  | ] - Invoking LogoutFilter (6/14)
26-08-01 20:43:34.395 [http-nio-8080-exec-6] [32mTRACE[0;39m o.s.s.w.a.logout.LogoutFilter        [ |  | ] - Did not match request to Ant [pattern='/logout', POST]
26-08-01 20:43:34.395 [http-nio-8080-exec-6] [32mTRACE[0;39m o.s.security.web.FilterChainProxy    [ |  | ] - Invoking UsernamePasswordAuthenticationFilter (7/14)
26-08-01 20:43:34.396 [http-nio-8080-exec-6] [32mTRACE[0;39m o.s.s.w.a.UsernamePasswordAuthenticationFilter [ |  | ] - Did not match request to Ant [pattern='/api/auth/login', POST]
26-08-01 20:43:34.396 [http-nio-8080-exec-6] [32mTRACE[0;39m o.s.security.web.FilterChainProxy    [ |  | ] - Invoking DefaultResourcesFilter (8/14)
26-08-01 20:43:34.396 [http-nio-8080-exec-6] [32mTRACE[0;39m o.s.security.web.FilterChainProxy    [ |  | ] - Invoking DefaultLoginPageGeneratingFilter (9/14)
26-08-01 20:43:34.396 [http-nio-8080-exec-6] [32mTRACE[0;39m o.s.security.web.FilterChainProxy    [ |  | ] - Invoking DefaultLogoutPageGeneratingFilter (10/14)
26-08-01 20:43:34.396 [http-nio-8080-exec-6] [32mTRACE[0;39m o.s.s.w.a.u.DefaultLogoutPageGeneratingFilter [ |  | ] - Did not render default logout page since request did not match [Ant [pattern='/logout', GET]]
26-08-01 20:43:34.396 [http-nio-8080-exec-6] [32mTRACE[0;39m o.s.security.web.FilterChainProxy    [ |  | ] - Invoking RequestCacheAwareFilter (11/14)
26-08-01 20:43:34.396 [http-nio-8080-exec-6] [32mTRACE[0;39m o.s.s.w.s.HttpSessionRequestCache    [ |  | ] - matchingRequestParameterName is required for getMatchingRequest to lookup a value, but not provided
26-08-01 20:43:34.397 [http-nio-8080-exec-6] [32mTRACE[0;39m o.s.security.web.FilterChainProxy    [ |  | ] - Invoking SecurityContextHolderAwareRequestFilter (12/14)
26-08-01 20:43:34.397 [http-nio-8080-exec-6] [32mTRACE[0;39m o.s.security.web.FilterChainProxy    [ |  | ] - Invoking AnonymousAuthenticationFilter (13/14)
26-08-01 20:43:34.397 [http-nio-8080-exec-6] [32mTRACE[0;39m o.s.security.web.FilterChainProxy    [ |  | ] - Invoking ExceptionTranslationFilter (14/14)
26-08-01 20:43:34.398 [http-nio-8080-exec-6] [32mDEBUG[0;39m o.s.security.web.FilterChainProxy    [ |  | ] - Secured GET /api/auth/csrf-token
26-08-01 20:43:34.399 [http-nio-8080-exec-6] [32mDEBUG[0;39m c.s.m.d.config.MDCLoggingInterceptor [0a64cd8a6e064222829e5b1e31065a9d | GET | /api/auth/csrf-token] - Request started
26-08-01 20:43:34.401 [http-nio-8080-exec-6] [32mDEBUG[0;39m c.s.m.d.controller.AuthController    [0a64cd8a6e064222829e5b1e31065a9d | GET | /api/auth/csrf-token] - CSRF 토큰 요청: 1ThQ4GA_yH5jkEdjTtgRW2nXKeQYvIQFOK_DbHYpBxEbO9Frtl5n0lkIrklO8SMBe_UlPQ3lBIZ8jOIoW5qiXkQeYnUjWLdb
26-08-01 20:43:34.403 [http-nio-8080-exec-6] [32mDEBUG[0;39m c.s.m.d.config.MDCLoggingInterceptor [0a64cd8a6e064222829e5b1e31065a9d | GET | /api/auth/csrf-token] - Request completed
26-08-01 20:43:34.403 [http-nio-8080-exec-6] [32mTRACE[0;39m o.s.s.w.c.HttpSessionSecurityContextRepository [ |  | ] - No HttpSession currently exists
26-08-01 20:43:34.403 [http-nio-8080-exec-6] [32mTRACE[0;39m o.s.s.w.c.SupplierDeferredSecurityContext [ |  | ] - Created SecurityContextImpl [Null authentication]
26-08-01 20:43:34.403 [http-nio-8080-exec-6] [32mTRACE[0;39m o.s.s.w.c.SupplierDeferredSecurityContext [ |  | ] - Created SecurityContextImpl [Null authentication]
26-08-01 20:43:34.403 [http-nio-8080-exec-6] [32mTRACE[0;39m o.s.s.w.a.AnonymousAuthenticationFilter [ |  | ] - Set SecurityContextHolder to AnonymousAuthenticationToken [Principal=anonymousUser, Credentials=[PROTECTED], Authenticated=true, Details=WebAuthenticationDetails [RemoteIpAddress=0:0:0:0:0:0:0:1, SessionId=null], Granted Authorities=[ROLE_ANONYMOUS]]
26-08-01 20:43:34.404 [http-nio-8080-exec-6] [32mTRACE[0;39m o.s.s.w.h.writers.HstsHeaderWriter   [ |  | ] - Not injecting HSTS header since it did not match request to [Is Secure]
26-08-01 20:44:34.129 [http-nio-8080-exec-7] [32mTRACE[0;39m o.s.security.web.FilterChainProxy    [ |  | ] - Trying to match request against DefaultSecurityFilterChain defined as 'filterChain' in [class path resource [com/sprint/mission/discodeit/config/SecurityConfig.class]] matching [any request] and having filters [DisableEncodeUrl, WebAsyncManagerIntegration, SecurityContextHolder, HeaderWriter, Csrf, Logout, UsernamePasswordAuthentication, DefaultResources, DefaultLoginPageGenerating, DefaultLogoutPageGenerating, RequestCacheAware, SecurityContextHolderAwareRequest, AnonymousAuthentication, ExceptionTranslation] (1/1)
26-08-01 20:44:34.131 [http-nio-8080-exec-7] [32mDEBUG[0;39m o.s.security.web.FilterChainProxy    [ |  | ] - Securing GET /api/auth/csrf-token
26-08-01 20:44:34.132 [http-nio-8080-exec-7] [32mTRACE[0;39m o.s.security.web.FilterChainProxy    [ |  | ] - Invoking DisableEncodeUrlFilter (1/14)
26-08-01 20:44:34.134 [http-nio-8080-exec-7] [32mTRACE[0;39m o.s.security.web.FilterChainProxy    [ |  | ] - Invoking WebAsyncManagerIntegrationFilter (2/14)
26-08-01 20:44:34.135 [http-nio-8080-exec-7] [32mTRACE[0;39m o.s.security.web.FilterChainProxy    [ |  | ] - Invoking SecurityContextHolderFilter (3/14)
26-08-01 20:44:34.135 [http-nio-8080-exec-7] [32mTRACE[0;39m o.s.security.web.FilterChainProxy    [ |  | ] - Invoking HeaderWriterFilter (4/14)
26-08-01 20:44:34.135 [http-nio-8080-exec-7] [32mTRACE[0;39m o.s.security.web.FilterChainProxy    [ |  | ] - Invoking CsrfFilter (5/14)
26-08-01 20:44:34.135 [http-nio-8080-exec-7] [32mTRACE[0;39m o.s.security.web.csrf.CsrfFilter     [ |  | ] - Did not protect against CSRF since request did not match CsrfNotRequired [TRACE, HEAD, GET, OPTIONS]
26-08-01 20:44:34.136 [http-nio-8080-exec-7] [32mTRACE[0;39m o.s.security.web.FilterChainProxy    [ |  | ] - Invoking LogoutFilter (6/14)
26-08-01 20:44:34.136 [http-nio-8080-exec-7] [32mTRACE[0;39m o.s.s.w.a.logout.LogoutFilter        [ |  | ] - Did not match request to Ant [pattern='/logout', POST]
26-08-01 20:44:34.136 [http-nio-8080-exec-7] [32mTRACE[0;39m o.s.security.web.FilterChainProxy    [ |  | ] - Invoking UsernamePasswordAuthenticationFilter (7/14)
26-08-01 20:44:34.136 [http-nio-8080-exec-7] [32mTRACE[0;39m o.s.s.w.a.UsernamePasswordAuthenticationFilter [ |  | ] - Did not match request to Ant [pattern='/api/auth/login', POST]
26-08-01 20:44:34.136 [http-nio-8080-exec-7] [32mTRACE[0;39m o.s.security.web.FilterChainProxy    [ |  | ] - Invoking DefaultResourcesFilter (8/14)
26-08-01 20:44:34.137 [http-nio-8080-exec-7] [32mTRACE[0;39m o.s.security.web.FilterChainProxy    [ |  | ] - Invoking DefaultLoginPageGeneratingFilter (9/14)
26-08-01 20:44:34.137 [http-nio-8080-exec-7] [32mTRACE[0;39m o.s.security.web.FilterChainProxy    [ |  | ] - Invoking DefaultLogoutPageGeneratingFilter (10/14)
26-08-01 20:44:34.137 [http-nio-8080-exec-7] [32mTRACE[0;39m o.s.s.w.a.u.DefaultLogoutPageGeneratingFilter [ |  | ] - Did not render default logout page since request did not match [Ant [pattern='/logout', GET]]
26-08-01 20:44:34.137 [http-nio-8080-exec-7] [32mTRACE[0;39m o.s.security.web.FilterChainProxy    [ |  | ] - Invoking RequestCacheAwareFilter (11/14)
26-08-01 20:44:34.137 [http-nio-8080-exec-7] [32mTRACE[0;39m o.s.s.w.s.HttpSessionRequestCache    [ |  | ] - matchingRequestParameterName is required for getMatchingRequest to lookup a value, but not provided
26-08-01 20:44:34.137 [http-nio-8080-exec-7] [32mTRACE[0;39m o.s.security.web.FilterChainProxy    [ |  | ] - Invoking SecurityContextHolderAwareRequestFilter (12/14)
26-08-01 20:44:34.137 [http-nio-8080-exec-7] [32mTRACE[0;39m o.s.security.web.FilterChainProxy    [ |  | ] - Invoking AnonymousAuthenticationFilter (13/14)
26-08-01 20:44:34.137 [http-nio-8080-exec-7] [32mTRACE[0;39m o.s.security.web.FilterChainProxy    [ |  | ] - Invoking ExceptionTranslationFilter (14/14)
26-08-01 20:44:34.138 [http-nio-8080-exec-7] [32mDEBUG[0;39m o.s.security.web.FilterChainProxy    [ |  | ] - Secured GET /api/auth/csrf-token
26-08-01 20:44:34.140 [http-nio-8080-exec-7] [32mDEBUG[0;39m c.s.m.d.config.MDCLoggingInterceptor [51a62344caea4d3fb78c82b6050455b5 | GET | /api/auth/csrf-token] - Request started
26-08-01 20:44:34.142 [http-nio-8080-exec-7] [32mDEBUG[0;39m c.s.m.d.controller.AuthController    [51a62344caea4d3fb78c82b6050455b5 | GET | /api/auth/csrf-token] - CSRF 토큰 요청: F8phjeBE2Ycwv50pi0O7WQik8pTs0q99OG4vcV6YU3k5BaXldKxWv9lzv7Ad3vlLvm6PP2yW3_aI4slQW1tOQ2yvNh0BZsPV
26-08-01 20:44:34.144 [http-nio-8080-exec-7] [32mDEBUG[0;39m c.s.m.d.config.MDCLoggingInterceptor [51a62344caea4d3fb78c82b6050455b5 | GET | /api/auth/csrf-token] - Request completed
26-08-01 20:44:34.144 [http-nio-8080-exec-7] [32mTRACE[0;39m o.s.s.w.c.HttpSessionSecurityContextRepository [ |  | ] - No HttpSession currently exists
26-08-01 20:44:34.144 [http-nio-8080-exec-7] [32mTRACE[0;39m o.s.s.w.c.SupplierDeferredSecurityContext [ |  | ] - Created SecurityContextImpl [Null authentication]
26-08-01 20:44:34.144 [http-nio-8080-exec-7] [32mTRACE[0;39m o.s.s.w.c.SupplierDeferredSecurityContext [ |  | ] - Created SecurityContextImpl [Null authentication]
26-08-01 20:44:34.144 [http-nio-8080-exec-7] [32mTRACE[0;39m o.s.s.w.a.AnonymousAuthenticationFilter [ |  | ] - Set SecurityContextHolder to AnonymousAuthenticationToken [Principal=anonymousUser, Credentials=[PROTECTED], Authenticated=true, Details=WebAuthenticationDetails [RemoteIpAddress=0:0:0:0:0:0:0:1, SessionId=null], Granted Authorities=[ROLE_ANONYMOUS]]
26-08-01 20:44:34.145 [http-nio-8080-exec-7] [32mTRACE[0;39m o.s.s.w.h.writers.HstsHeaderWriter   [ |  | ] - Not injecting HSTS header since it did not match request to [Is Secure]
26-08-01 20:47:02.370 [SpringApplicationShutdownHook] [32mINFO [0;39m o.s.b.w.e.tomcat.GracefulShutdown    [ |  | ] - Commencing graceful shutdown. Waiting for active requests to complete
26-08-01 20:47:02.379 [tomcat-shutdown] [32mINFO [0;39m o.s.b.w.e.tomcat.GracefulShutdown    [ |  | ] - Graceful shutdown complete
26-08-01 20:47:02.387 [SpringApplicationShutdownHook] [32mINFO [0;39m o.s.o.j.LocalContainerEntityManagerFactoryBean [ |  | ] - Closing JPA EntityManagerFactory for persistence unit 'default'
26-08-01 20:47:02.391 [SpringApplicationShutdownHook] [32mINFO [0;39m com.zaxxer.hikari.HikariDataSource   [ |  | ] - HikariPool-1 - Shutdown initiated...
26-08-01 20:47:02.394 [SpringApplicationShutdownHook] [32mINFO [0;39m com.zaxxer.hikari.HikariDataSource   [ |  | ] - HikariPool-1 - Shutdown completed.
