26-06-07 22:12:37.692 [background-preinit] INFO  o.h.validator.internal.util.Version  - HV000001: Hibernate Validator 8.0.1.Final
26-06-07 22:12:37.703 [Test worker] INFO  c.s.m.d.DiscodeitApplicationTests    - Starting DiscodeitApplicationTests using Java 17.0.18 with PID 58234 (started by yuj in /Users/yuj/java/sprint_mission)
26-06-07 22:12:37.703 [Test worker] DEBUG c.s.m.d.DiscodeitApplicationTests    - Running with Spring Boot v3.4.0, Spring v6.2.0
26-06-07 22:12:37.704 [Test worker] INFO  c.s.m.d.DiscodeitApplicationTests    - The following 1 profile is active: "test"
26-06-07 22:12:38.110 [Test worker] INFO  .r.c.RepositoryConfigurationDelegate - Bootstrapping Spring Data JPA repositories in DEFAULT mode.
26-06-07 22:12:38.139 [Test worker] INFO  .r.c.RepositoryConfigurationDelegate - Finished Spring Data repository scanning in 24 ms. Found 6 JPA repository interfaces.
26-06-07 22:12:38.379 [Test worker] INFO  o.h.jpa.internal.util.LogHelper      - HHH000204: Processing PersistenceUnitInfo [name: default]
26-06-07 22:12:38.405 [Test worker] INFO  org.hibernate.Version                - HHH000412: Hibernate ORM core version 6.6.2.Final
26-06-07 22:12:38.418 [Test worker] INFO  o.h.c.i.RegionFactoryInitiator       - HHH000026: Second-level cache disabled
26-06-07 22:12:38.521 [Test worker] INFO  o.s.o.j.p.SpringPersistenceUnitInfo  - No LoadTimeWeaver setup: ignoring JPA class transformer
26-06-07 22:12:38.533 [Test worker] INFO  com.zaxxer.hikari.HikariDataSource   - HikariPool-1 - Starting...
26-06-07 22:12:38.601 [Test worker] INFO  com.zaxxer.hikari.pool.HikariPool    - HikariPool-1 - Added connection conn0: url=jdbc:h2:mem:testdb user=SA
26-06-07 22:12:38.601 [Test worker] INFO  com.zaxxer.hikari.HikariDataSource   - HikariPool-1 - Start completed.
26-06-07 22:12:38.613 [Test worker] WARN  org.hibernate.orm.deprecation        - HHH90000025: H2Dialect does not need to be specified explicitly using 'hibernate.dialect' (remove the property setting and it will be selected by default)
26-06-07 22:12:38.622 [Test worker] INFO  o.hibernate.orm.connections.pooling  - HHH10001005: Database info:
	Database JDBC URL [Connecting through datasource 'HikariDataSource (HikariPool-1)']
	Database driver: undefined/unknown
	Database version: 2.3.232
	Autocommit mode: undefined/unknown
	Isolation level: undefined/unknown
	Minimum pool size: undefined/unknown
	Maximum pool size: undefined/unknown
26-06-07 22:12:39.016 [Test worker] INFO  o.h.e.t.j.p.i.JtaPlatformInitiator   - HHH000489: No JTA platform available (set 'hibernate.transaction.jta.platform' to enable JTA platform integration)
26-06-07 22:12:39.022 [Test worker] DEBUG org.hibernate.SQL                    - 
    drop table if exists binary_contents cascade 
26-06-07 22:12:39.024 [Test worker] DEBUG org.hibernate.SQL                    - 
    drop table if exists channels cascade 
26-06-07 22:12:39.024 [Test worker] DEBUG org.hibernate.SQL                    - 
    drop table if exists message_attachments cascade 
26-06-07 22:12:39.024 [Test worker] DEBUG org.hibernate.SQL                    - 
    drop table if exists messages cascade 
26-06-07 22:12:39.024 [Test worker] DEBUG org.hibernate.SQL                    - 
    drop table if exists read_statuses cascade 
26-06-07 22:12:39.025 [Test worker] DEBUG org.hibernate.SQL                    - 
    drop table if exists user_statuses cascade 
26-06-07 22:12:39.025 [Test worker] DEBUG org.hibernate.SQL                    - 
    drop table if exists users cascade 
26-06-07 22:12:39.027 [Test worker] DEBUG org.hibernate.SQL                    - 
    create table binary_contents (
        created_at timestamp(6) with time zone not null,
        size bigint not null,
        id uuid not null,
        content_type varchar(255) not null,
        file_name varchar(255) not null,
        primary key (id)
    )
26-06-07 22:12:39.030 [Test worker] DEBUG org.hibernate.SQL                    - 
    create table channels (
        created_at timestamp(6) with time zone not null,
        updated_at timestamp(6) with time zone,
        id uuid not null,
        name varchar(100),
        description varchar(500),
        type enum ('PRIVATE','PUBLIC') not null,
        primary key (id)
    )
26-06-07 22:12:39.031 [Test worker] DEBUG org.hibernate.SQL                    - 
    create table message_attachments (
        attachment_id uuid not null,
        message_id uuid not null
    )
26-06-07 22:12:39.032 [Test worker] DEBUG org.hibernate.SQL                    - 
    create table messages (
        created_at timestamp(6) with time zone not null,
        updated_at timestamp(6) with time zone,
        author_id uuid,
        channel_id uuid not null,
        id uuid not null,
        content text,
        primary key (id)
    )
26-06-07 22:12:39.032 [Test worker] DEBUG org.hibernate.SQL                    - 
    create table read_statuses (
        created_at timestamp(6) with time zone not null,
        last_read_at timestamp(6) with time zone not null,
        updated_at timestamp(6) with time zone,
        channel_id uuid not null,
        id uuid not null,
        user_id uuid not null,
        primary key (id),
        unique (user_id, channel_id)
    )
26-06-07 22:12:39.033 [Test worker] DEBUG org.hibernate.SQL                    - 
    create table user_statuses (
        created_at timestamp(6) with time zone not null,
        last_active_at timestamp(6) with time zone not null,
        updated_at timestamp(6) with time zone,
        id uuid not null,
        user_id uuid not null unique,
        primary key (id)
    )
26-06-07 22:12:39.034 [Test worker] DEBUG org.hibernate.SQL                    - 
    create table users (
        created_at timestamp(6) with time zone not null,
        updated_at timestamp(6) with time zone,
        id uuid not null,
        profile_id uuid unique,
        username varchar(50) not null unique,
        password varchar(60) not null,
        email varchar(100) not null unique,
        primary key (id)
    )
26-06-07 22:12:39.036 [Test worker] DEBUG org.hibernate.SQL                    - 
    alter table if exists message_attachments 
       add constraint FKsd1m8rb8jcpbcnb7rpdue7ctc 
       foreign key (attachment_id) 
       references binary_contents
26-06-07 22:12:39.042 [Test worker] DEBUG org.hibernate.SQL                    - 
    alter table if exists message_attachments 
       add constraint FKj7twd218e2gqw9cmlhwvo1rth 
       foreign key (message_id) 
       references messages
26-06-07 22:12:39.043 [Test worker] DEBUG org.hibernate.SQL                    - 
    alter table if exists messages 
       add constraint FKowtlim26svclkatusptbgi7u1 
       foreign key (author_id) 
       references users
26-06-07 22:12:39.044 [Test worker] DEBUG org.hibernate.SQL                    - 
    alter table if exists messages 
       add constraint FK3u3ckbhwq9se1cmopk2pq05b2 
       foreign key (channel_id) 
       references channels
26-06-07 22:12:39.044 [Test worker] DEBUG org.hibernate.SQL                    - 
    alter table if exists read_statuses 
       add constraint FKa38ri44ml4gfdpklx4ahqr8gd 
       foreign key (channel_id) 
       references channels
26-06-07 22:12:39.045 [Test worker] DEBUG org.hibernate.SQL                    - 
    alter table if exists read_statuses 
       add constraint FKml3k4wr9sj5yxrmj6d0aoib2e 
       foreign key (user_id) 
       references users
26-06-07 22:12:39.046 [Test worker] DEBUG org.hibernate.SQL                    - 
    alter table if exists user_statuses 
       add constraint FK4lfl3ei2ubchgcxrrpo3pw4mm 
       foreign key (user_id) 
       references users
26-06-07 22:12:39.046 [Test worker] DEBUG org.hibernate.SQL                    - 
    alter table if exists users 
       add constraint FKtbudycgrip49xdptogmhfqnso 
       foreign key (profile_id) 
       references binary_contents
26-06-07 22:12:39.048 [Test worker] INFO  calContainerEntityManagerFactoryBean - Initialized JPA EntityManagerFactory for persistence unit 'default'
26-06-07 22:12:39.272 [Test worker] INFO  o.s.d.j.r.query.QueryEnhancerFactory - Hibernate is in classpath; If applicable, HQL parser will be used.
26-06-07 22:12:40.283 [Test worker] INFO  o.s.b.a.e.web.EndpointLinksResolver  - Exposing 4 endpoints beneath base path '/actuator'
26-06-07 22:12:40.322 [Test worker] INFO  c.s.m.d.DiscodeitApplicationTests    - Started DiscodeitApplicationTests in 2.779 seconds (process running for 3.282)
26-06-07 22:12:40.610 [Test worker] INFO  s.AnnotationConfigContextLoaderUtils - Could not detect default configuration classes for test class [com.sprint.mission.discodeit.controller.ChannelControllerTest]: ChannelControllerTest does not declare any static, non-private, non-final, nested classes annotated with @Configuration.
26-06-07 22:12:40.619 [Test worker] INFO  .c.SpringBootTestContextBootstrapper - Found @SpringBootConfiguration com.sprint.mission.discodeit.DiscodeitApplication for test class com.sprint.mission.discodeit.controller.ChannelControllerTest
26-06-07 22:12:40.632 [Test worker] INFO  c.s.m.d.c.ChannelControllerTest      - Starting ChannelControllerTest using Java 17.0.18 with PID 58234 (started by yuj in /Users/yuj/java/sprint_mission)
26-06-07 22:12:40.632 [Test worker] DEBUG c.s.m.d.c.ChannelControllerTest      - Running with Spring Boot v3.4.0, Spring v6.2.0
26-06-07 22:12:40.632 [Test worker] INFO  c.s.m.d.c.ChannelControllerTest      - The following 1 profile is active: "dev"
26-06-07 22:12:40.748 [Test worker] WARN  s.w.c.s.GenericWebApplicationContext - Exception encountered during context initialization - cancelling refresh attempt: org.springframework.beans.factory.BeanCreationException: Error creating bean with name 'jpaAuditingHandler': Cannot resolve reference to bean 'jpaMappingContext' while setting constructor argument
26-06-07 22:12:40.760 [Test worker] INFO  .a.l.ConditionEvaluationReportLogger - 

Error starting ApplicationContext. To display the condition evaluation report re-run your application with 'debug' enabled.
26-06-07 22:12:40.773 [Test worker] ERROR o.s.boot.SpringApplication           - Application run failed
org.springframework.beans.factory.BeanCreationException: Error creating bean with name 'jpaAuditingHandler': Cannot resolve reference to bean 'jpaMappingContext' while setting constructor argument
	at org.springframework.beans.factory.support.BeanDefinitionValueResolver.resolveReference(BeanDefinitionValueResolver.java:377)
	at org.springframework.beans.factory.support.BeanDefinitionValueResolver.resolveValueIfNecessary(BeanDefinitionValueResolver.java:135)
	at org.springframework.beans.factory.support.ConstructorResolver.resolveConstructorArguments(ConstructorResolver.java:691)
	at org.springframework.beans.factory.support.ConstructorResolver.instantiateUsingFactoryMethod(ConstructorResolver.java:513)
	at org.springframework.beans.factory.support.AbstractAutowireCapableBeanFactory.instantiateUsingFactoryMethod(AbstractAutowireCapableBeanFactory.java:1351)
	at org.springframework.beans.factory.support.AbstractAutowireCapableBeanFactory.createBeanInstance(AbstractAutowireCapableBeanFactory.java:1181)
	at org.springframework.beans.factory.support.AbstractAutowireCapableBeanFactory.doCreateBean(AbstractAutowireCapableBeanFactory.java:563)
	at org.springframework.beans.factory.support.AbstractAutowireCapableBeanFactory.createBean(AbstractAutowireCapableBeanFactory.java:523)
	at org.springframework.beans.factory.support.AbstractBeanFactory.lambda$doGetBean$0(AbstractBeanFactory.java:336)
	at org.springframework.beans.factory.support.DefaultSingletonBeanRegistry.getSingleton(DefaultSingletonBeanRegistry.java:288)
	at org.springframework.beans.factory.support.AbstractBeanFactory.doGetBean(AbstractBeanFactory.java:334)
	at org.springframework.beans.factory.support.AbstractBeanFactory.getBean(AbstractBeanFactory.java:199)
	at org.springframework.beans.factory.support.DefaultListableBeanFactory.instantiateSingleton(DefaultListableBeanFactory.java:1122)
	at org.springframework.beans.factory.support.DefaultListableBeanFactory.preInstantiateSingleton(DefaultListableBeanFactory.java:1093)
	at org.springframework.beans.factory.support.DefaultListableBeanFactory.preInstantiateSingletons(DefaultListableBeanFactory.java:1030)
	at org.springframework.context.support.AbstractApplicationContext.finishBeanFactoryInitialization(AbstractApplicationContext.java:987)
	at org.springframework.context.support.AbstractApplicationContext.refresh(AbstractApplicationContext.java:627)
	at org.springframework.boot.SpringApplication.refresh(SpringApplication.java:752)
	at org.springframework.boot.SpringApplication.refreshContext(SpringApplication.java:439)
	at org.springframework.boot.SpringApplication.run(SpringApplication.java:318)
	at org.springframework.boot.test.context.SpringBootContextLoader.lambda$loadContext$3(SpringBootContextLoader.java:137)
	at org.springframework.util.function.ThrowingSupplier.get(ThrowingSupplier.java:58)
	at org.springframework.util.function.ThrowingSupplier.get(ThrowingSupplier.java:46)
	at org.springframework.boot.SpringApplication.withHook(SpringApplication.java:1461)
	at org.springframework.boot.test.context.SpringBootContextLoader$ContextLoaderHook.run(SpringBootContextLoader.java:553)
	at org.springframework.boot.test.context.SpringBootContextLoader.loadContext(SpringBootContextLoader.java:137)
	at org.springframework.boot.test.context.SpringBootContextLoader.loadContext(SpringBootContextLoader.java:108)
	at org.springframework.test.context.cache.DefaultCacheAwareContextLoaderDelegate.loadContextInternal(DefaultCacheAwareContextLoaderDelegate.java:225)
	at org.springframework.test.context.cache.DefaultCacheAwareContextLoaderDelegate.loadContext(DefaultCacheAwareContextLoaderDelegate.java:152)
	at org.springframework.test.context.support.DefaultTestContext.getApplicationContext(DefaultTestContext.java:130)
	at org.springframework.test.context.bean.override.BeanOverrideTestExecutionListener.injectFields(BeanOverrideTestExecutionListener.java:87)
	at org.springframework.test.context.bean.override.BeanOverrideTestExecutionListener.prepareTestInstance(BeanOverrideTestExecutionListener.java:58)
	at org.springframework.test.context.TestContextManager.prepareTestInstance(TestContextManager.java:260)
	at org.springframework.test.context.junit.jupiter.SpringExtension.postProcessTestInstance(SpringExtension.java:160)
	at org.junit.jupiter.engine.descriptor.ClassBasedTestDescriptor.lambda$invokeTestInstancePostProcessors$11(ClassBasedTestDescriptor.java:378)
	at org.junit.jupiter.engine.descriptor.ClassBasedTestDescriptor.executeAndMaskThrowable(ClassBasedTestDescriptor.java:383)
	at org.junit.jupiter.engine.descriptor.ClassBasedTestDescriptor.lambda$invokeTestInstancePostProcessors$12(ClassBasedTestDescriptor.java:378)
	at java.base/java.util.stream.ForEachOps$ForEachOp$OfRef.accept(ForEachOps.java:183)
	at java.base/java.util.stream.ReferencePipeline$3$1.accept(ReferencePipeline.java:197)
	at java.base/java.util.stream.ReferencePipeline$2$1.accept(ReferencePipeline.java:179)
	at java.base/java.util.stream.ReferencePipeline$3$1.accept(ReferencePipeline.java:197)
	at java.base/java.util.ArrayList$ArrayListSpliterator.forEachRemaining(ArrayList.java:1625)
	at java.base/java.util.stream.AbstractPipeline.copyInto(AbstractPipeline.java:509)
	at java.base/java.util.stream.AbstractPipeline.wrapAndCopyInto(AbstractPipeline.java:499)
	at java.base/java.util.stream.ForEachOps$ForEachOp.evaluateSequential(ForEachOps.java:150)
	at java.base/java.util.stream.ForEachOps$ForEachOp$OfRef.evaluateSequential(ForEachOps.java:173)
	at java.base/java.util.stream.AbstractPipeline.evaluate(AbstractPipeline.java:234)
	at java.base/java.util.stream.ReferencePipeline.forEach(ReferencePipeline.java:596)
	at org.junit.jupiter.engine.descriptor.ClassBasedTestDescriptor.invokeTestInstancePostProcessors(ClassBasedTestDescriptor.java:377)
	at org.junit.jupiter.engine.descriptor.ClassBasedTestDescriptor.lambda$instantiateAndPostProcessTestInstance$7(ClassBasedTestDescriptor.java:290)
	at org.junit.platform.engine.support.hierarchical.ThrowableCollector.execute(ThrowableCollector.java:73)
	at org.junit.jupiter.engine.descriptor.ClassBasedTestDescriptor.instantiateAndPostProcessTestInstance(ClassBasedTestDescriptor.java:289)
	at org.junit.jupiter.engine.descriptor.ClassBasedTestDescriptor.lambda$testInstancesProvider$5(ClassBasedTestDescriptor.java:279)
	at java.base/java.util.Optional.orElseGet(Optional.java:364)
	at org.junit.jupiter.engine.descriptor.ClassBasedTestDescriptor.lambda$testInstancesProvider$6(ClassBasedTestDescriptor.java:278)
	at org.junit.jupiter.engine.execution.TestInstancesProvider.getTestInstances(TestInstancesProvider.java:31)
	at org.junit.jupiter.engine.descriptor.TestMethodTestDescriptor.lambda$prepare$1(TestMethodTestDescriptor.java:105)
	at org.junit.platform.engine.support.hierarchical.ThrowableCollector.execute(ThrowableCollector.java:73)
	at org.junit.jupiter.engine.descriptor.TestMethodTestDescriptor.prepare(TestMethodTestDescriptor.java:104)
	at org.junit.jupiter.engine.descriptor.TestMethodTestDescriptor.prepare(TestMethodTestDescriptor.java:68)
	at org.junit.platform.engine.support.hierarchical.NodeTestTask.lambda$prepare$2(NodeTestTask.java:128)
	at org.junit.platform.engine.support.hierarchical.ThrowableCollector.execute(ThrowableCollector.java:73)
	at org.junit.platform.engine.support.hierarchical.NodeTestTask.prepare(NodeTestTask.java:128)
	at org.junit.platform.engine.support.hierarchical.NodeTestTask.execute(NodeTestTask.java:95)
	at java.base/java.util.ArrayList.forEach(ArrayList.java:1511)
	at org.junit.platform.engine.support.hierarchical.SameThreadHierarchicalTestExecutorService.invokeAll(SameThreadHierarchicalTestExecutorService.java:41)
	at org.junit.platform.engine.support.hierarchical.NodeTestTask.lambda$executeRecursively$6(NodeTestTask.java:160)
	at org.junit.platform.engine.support.hierarchical.ThrowableCollector.execute(ThrowableCollector.java:73)
	at org.junit.platform.engine.support.hierarchical.NodeTestTask.lambda$executeRecursively$8(NodeTestTask.java:146)
	at org.junit.platform.engine.support.hierarchical.Node.around(Node.java:137)
	at org.junit.platform.engine.support.hierarchical.NodeTestTask.lambda$executeRecursively$9(NodeTestTask.java:144)
	at org.junit.platform.engine.support.hierarchical.ThrowableCollector.execute(ThrowableCollector.java:73)
	at org.junit.platform.engine.support.hierarchical.NodeTestTask.executeRecursively(NodeTestTask.java:143)
	at org.junit.platform.engine.support.hierarchical.NodeTestTask.execute(NodeTestTask.java:100)
	at java.base/java.util.ArrayList.forEach(ArrayList.java:1511)
	at org.junit.platform.engine.support.hierarchical.SameThreadHierarchicalTestExecutorService.invokeAll(SameThreadHierarchicalTestExecutorService.java:41)
	at org.junit.platform.engine.support.hierarchical.NodeTestTask.lambda$executeRecursively$6(NodeTestTask.java:160)
	at org.junit.platform.engine.support.hierarchical.ThrowableCollector.execute(ThrowableCollector.java:73)
	at org.junit.platform.engine.support.hierarchical.NodeTestTask.lambda$executeRecursively$8(NodeTestTask.java:146)
	at org.junit.platform.engine.support.hierarchical.Node.around(Node.java:137)
	at org.junit.platform.engine.support.hierarchical.NodeTestTask.lambda$executeRecursively$9(NodeTestTask.java:144)
	at org.junit.platform.engine.support.hierarchical.ThrowableCollector.execute(ThrowableCollector.java:73)
	at org.junit.platform.engine.support.hierarchical.NodeTestTask.executeRecursively(NodeTestTask.java:143)
	at org.junit.platform.engine.support.hierarchical.NodeTestTask.execute(NodeTestTask.java:100)
	at org.junit.platform.engine.support.hierarchical.SameThreadHierarchicalTestExecutorService.submit(SameThreadHierarchicalTestExecutorService.java:35)
	at org.junit.platform.engine.support.hierarchical.HierarchicalTestExecutor.execute(HierarchicalTestExecutor.java:57)
	at org.junit.platform.engine.support.hierarchical.HierarchicalTestEngine.execute(HierarchicalTestEngine.java:54)
	at org.junit.platform.launcher.core.EngineExecutionOrchestrator.execute(EngineExecutionOrchestrator.java:198)
	at org.junit.platform.launcher.core.EngineExecutionOrchestrator.execute(EngineExecutionOrchestrator.java:169)
	at org.junit.platform.launcher.core.EngineExecutionOrchestrator.execute(EngineExecutionOrchestrator.java:93)
	at org.junit.platform.launcher.core.EngineExecutionOrchestrator.lambda$execute$0(EngineExecutionOrchestrator.java:58)
	at org.junit.platform.launcher.core.EngineExecutionOrchestrator.withInterceptedStreams(EngineExecutionOrchestrator.java:141)
	at org.junit.platform.launcher.core.EngineExecutionOrchestrator.execute(EngineExecutionOrchestrator.java:57)
	at org.junit.platform.launcher.core.DefaultLauncher.execute(DefaultLauncher.java:103)
	at org.junit.platform.launcher.core.DefaultLauncher.execute(DefaultLauncher.java:85)
	at org.junit.platform.launcher.core.DelegatingLauncher.execute(DelegatingLauncher.java:47)
	at org.gradle.api.internal.tasks.testing.junitplatform.JUnitPlatformTestClassProcessor$CollectAllTestClassesExecutor.processAllTestClasses(JUnitPlatformTestClassProcessor.java:124)
	at org.gradle.api.internal.tasks.testing.junitplatform.JUnitPlatformTestClassProcessor$CollectAllTestClassesExecutor.access$000(JUnitPlatformTestClassProcessor.java:99)
	at org.gradle.api.internal.tasks.testing.junitplatform.JUnitPlatformTestClassProcessor.stop(JUnitPlatformTestClassProcessor.java:94)
	at org.gradle.api.internal.tasks.testing.SuiteTestClassProcessor.stop(SuiteTestClassProcessor.java:63)
	at java.base/jdk.internal.reflect.NativeMethodAccessorImpl.invoke0(Native Method)
	at java.base/jdk.internal.reflect.NativeMethodAccessorImpl.invoke(NativeMethodAccessorImpl.java:77)
	at java.base/jdk.internal.reflect.DelegatingMethodAccessorImpl.invoke(DelegatingMethodAccessorImpl.java:43)
	at java.base/java.lang.reflect.Method.invoke(Method.java:569)
	at org.gradle.internal.dispatch.ReflectionDispatch.dispatch(ReflectionDispatch.java:36)
	at org.gradle.internal.dispatch.ReflectionDispatch.dispatch(ReflectionDispatch.java:24)
	at org.gradle.internal.dispatch.ContextClassLoaderDispatch.dispatch(ContextClassLoaderDispatch.java:33)
	at org.gradle.internal.dispatch.ProxyDispatchAdapter$DispatchingInvocationHandler.invoke(ProxyDispatchAdapter.java:92)
	at jdk.proxy1/jdk.proxy1.$Proxy4.stop(Unknown Source)
	at org.gradle.api.internal.tasks.testing.worker.TestWorker$3.run(TestWorker.java:200)
	at org.gradle.api.internal.tasks.testing.worker.TestWorker.executeAndMaintainThreadName(TestWorker.java:132)
	at org.gradle.api.internal.tasks.testing.worker.TestWorker.execute(TestWorker.java:103)
	at org.gradle.api.internal.tasks.testing.worker.TestWorker.execute(TestWorker.java:63)
	at org.gradle.process.internal.worker.child.ActionExecutionWorker.execute(ActionExecutionWorker.java:56)
	at org.gradle.process.internal.worker.child.SystemApplicationClassLoaderWorker.call(SystemApplicationClassLoaderWorker.java:121)
	at org.gradle.process.internal.worker.child.SystemApplicationClassLoaderWorker.call(SystemApplicationClassLoaderWorker.java:71)
	at worker.org.gradle.process.internal.worker.GradleWorkerMain.run(GradleWorkerMain.java:69)
	at worker.org.gradle.process.internal.worker.GradleWorkerMain.main(GradleWorkerMain.java:74)
Caused by: org.springframework.beans.factory.BeanCreationException: Error creating bean with name 'jpaMappingContext': JPA metamodel must not be empty
	at org.springframework.beans.factory.support.AbstractAutowireCapableBeanFactory.initializeBean(AbstractAutowireCapableBeanFactory.java:1802)
	at org.springframework.beans.factory.support.AbstractAutowireCapableBeanFactory.doCreateBean(AbstractAutowireCapableBeanFactory.java:601)
	at org.springframework.beans.factory.support.AbstractAutowireCapableBeanFactory.createBean(AbstractAutowireCapableBeanFactory.java:523)
	at org.springframework.beans.factory.support.AbstractBeanFactory.lambda$doGetBean$0(AbstractBeanFactory.java:336)
	at org.springframework.beans.factory.support.DefaultSingletonBeanRegistry.getSingleton(DefaultSingletonBeanRegistry.java:288)
	at org.springframework.beans.factory.support.AbstractBeanFactory.doGetBean(AbstractBeanFactory.java:334)
	at org.springframework.beans.factory.support.AbstractBeanFactory.getBean(AbstractBeanFactory.java:199)
	at org.springframework.beans.factory.support.BeanDefinitionValueResolver.resolveReference(BeanDefinitionValueResolver.java:365)
	... 117 common frames omitted
Caused by: java.lang.IllegalArgumentException: JPA metamodel must not be empty
	at org.springframework.util.Assert.notEmpty(Assert.java:398)
	at org.springframework.data.jpa.mapping.JpaMetamodelMappingContext.<init>(JpaMetamodelMappingContext.java:57)
	at org.springframework.data.jpa.repository.config.JpaMetamodelMappingContextFactoryBean.createInstance(JpaMetamodelMappingContextFactoryBean.java:68)
	at org.springframework.data.jpa.repository.config.JpaMetamodelMappingContextFactoryBean.createInstance(JpaMetamodelMappingContextFactoryBean.java:1)
	at org.springframework.beans.factory.config.AbstractFactoryBean.afterPropertiesSet(AbstractFactoryBean.java:142)
	at org.springframework.beans.factory.support.AbstractAutowireCapableBeanFactory.invokeInitMethods(AbstractAutowireCapableBeanFactory.java:1849)
	at org.springframework.beans.factory.support.AbstractAutowireCapableBeanFactory.initializeBean(AbstractAutowireCapableBeanFactory.java:1798)
	... 124 common frames omitted
26-06-07 22:12:40.781 [Test worker] WARN  o.s.test.context.TestContextManager  - Caught exception while allowing TestExecutionListener [org.springframework.test.context.bean.override.BeanOverrideTestExecutionListener] to prepare test instance [com.sprint.mission.discodeit.controller.ChannelControllerTest@4e457978]
java.lang.IllegalStateException: Failed to load ApplicationContext for [WebMergedContextConfiguration@75bedaca testClass = com.sprint.mission.discodeit.controller.ChannelControllerTest, locations = [], classes = [com.sprint.mission.discodeit.DiscodeitApplication], contextInitializerClasses = [], activeProfiles = [], propertySourceDescriptors = [], propertySourceProperties = ["org.springframework.boot.test.autoconfigure.web.servlet.WebMvcTestContextBootstrapper=true"], contextCustomizers = [org.springframework.boot.test.autoconfigure.OnFailureConditionReportContextCustomizerFactory$OnFailureConditionReportContextCustomizer@54e22bdd, org.springframework.boot.test.autoconfigure.OverrideAutoConfigurationContextCustomizerFactory$DisableAutoConfigurationContextCustomizer@4a187041, org.springframework.boot.test.autoconfigure.actuate.observability.ObservabilityContextCustomizerFactory$DisableObservabilityContextCustomizer@1f, org.springframework.boot.test.autoconfigure.filter.TypeExcludeFiltersContextCustomizer@6ccf3f13, org.springframework.boot.test.autoconfigure.properties.PropertyMappingContextCustomizer@d3493c4d, org.springframework.boot.test.autoconfigure.web.servlet.WebDriverContextCustomizer@315f43d5, [ImportsContextCustomizer@2bd8b110 key = [org.springframework.boot.autoconfigure.task.TaskExecutionAutoConfiguration, org.springframework.boot.autoconfigure.cache.CacheAutoConfiguration, org.springframework.boot.autoconfigure.web.servlet.HttpEncodingAutoConfiguration, org.springframework.boot.autoconfigure.validation.ValidationAutoConfiguration, org.springframework.boot.autoconfigure.context.MessageSourceAutoConfiguration, org.springframework.boot.autoconfigure.hateoas.HypermediaAutoConfiguration, org.springframework.boot.autoconfigure.jackson.JacksonAutoConfiguration, org.springframework.boot.autoconfigure.data.web.SpringDataWebAutoConfiguration, org.springframework.boot.test.autoconfigure.web.reactive.WebTestClientAutoConfiguration, org.springframework.boot.autoconfigure.web.servlet.error.ErrorMvcAutoConfiguration, org.springframework.boot.test.autoconfigure.web.servlet.MockMvcAutoConfiguration, com.sprint.mission.discodeit.exception.GlobalExceptionHandler, org.springframework.boot.autoconfigure.security.servlet.SecurityAutoConfiguration, org.springframework.boot.autoconfigure.security.servlet.SecurityFilterAutoConfiguration, org.springframework.boot.autoconfigure.http.HttpMessageConvertersAutoConfiguration, org.springframework.boot.autoconfigure.security.oauth2.client.servlet.OAuth2ClientAutoConfiguration, org.springframework.boot.test.autoconfigure.web.servlet.MockMvcSecurityConfiguration, org.springframework.boot.test.autoconfigure.web.servlet.MockMvcWebClientAutoConfiguration, org.springframework.boot.test.autoconfigure.web.servlet.MockMvcWebDriverAutoConfiguration, org.springframework.boot.autoconfigure.thymeleaf.ThymeleafAutoConfiguration, org.springframework.boot.autoconfigure.gson.GsonAutoConfiguration, org.springframework.boot.autoconfigure.jsonb.JsonbAutoConfiguration, org.springframework.boot.autoconfigure.freemarker.FreeMarkerAutoConfiguration, org.springframework.boot.autoconfigure.web.servlet.WebMvcAutoConfiguration, org.springframework.boot.autoconfigure.security.servlet.UserDetailsServiceAutoConfiguration, org.springframework.boot.autoconfigure.security.oauth2.resource.servlet.OAuth2ResourceServerAutoConfiguration, org.springframework.boot.autoconfigure.groovy.template.GroovyTemplateAutoConfiguration, org.springframework.boot.autoconfigure.mustache.MustacheAutoConfiguration]], org.springframework.boot.test.context.filter.ExcludeFilterContextCustomizer@2f05be7f, org.springframework.boot.test.json.DuplicateJsonObjectContextCustomizerFactory$DuplicateJsonObjectContextCustomizer@64a8c844, org.springframework.boot.test.mock.mockito.MockitoContextCustomizer@0, org.springframework.boot.test.web.reactor.netty.DisableReactorResourceFactoryGlobalResourcesContextCustomizerFactory$DisableReactorResourceFactoryGlobalResourcesContextCustomizerCustomizer@19553973, org.springframework.test.context.bean.override.BeanOverrideContextCustomizer@1aa2eb62, org.springframework.test.context.support.DynamicPropertiesContextCustomizer@0, org.springframework.boot.test.context.SpringBootTestAnnotation@c948181f], resourceBasePath = "src/main/webapp", contextLoader = org.springframework.boot.test.context.SpringBootContextLoader, parent = null]
	at org.springframework.test.context.cache.DefaultCacheAwareContextLoaderDelegate.loadContext(DefaultCacheAwareContextLoaderDelegate.java:180)
	at org.springframework.test.context.support.DefaultTestContext.getApplicationContext(DefaultTestContext.java:130)
	at org.springframework.test.context.bean.override.BeanOverrideTestExecutionListener.injectFields(BeanOverrideTestExecutionListener.java:87)
	at org.springframework.test.context.bean.override.BeanOverrideTestExecutionListener.prepareTestInstance(BeanOverrideTestExecutionListener.java:58)
	at org.springframework.test.context.TestContextManager.prepareTestInstance(TestContextManager.java:260)
	at org.springframework.test.context.junit.jupiter.SpringExtension.postProcessTestInstance(SpringExtension.java:160)
	at org.junit.jupiter.engine.descriptor.ClassBasedTestDescriptor.lambda$invokeTestInstancePostProcessors$11(ClassBasedTestDescriptor.java:378)
	at org.junit.jupiter.engine.descriptor.ClassBasedTestDescriptor.executeAndMaskThrowable(ClassBasedTestDescriptor.java:383)
	at org.junit.jupiter.engine.descriptor.ClassBasedTestDescriptor.lambda$invokeTestInstancePostProcessors$12(ClassBasedTestDescriptor.java:378)
	at java.base/java.util.stream.ForEachOps$ForEachOp$OfRef.accept(ForEachOps.java:183)
	at java.base/java.util.stream.ReferencePipeline$3$1.accept(ReferencePipeline.java:197)
	at java.base/java.util.stream.ReferencePipeline$2$1.accept(ReferencePipeline.java:179)
	at java.base/java.util.stream.ReferencePipeline$3$1.accept(ReferencePipeline.java:197)
	at java.base/java.util.ArrayList$ArrayListSpliterator.forEachRemaining(ArrayList.java:1625)
	at java.base/java.util.stream.AbstractPipeline.copyInto(AbstractPipeline.java:509)
	at java.base/java.util.stream.AbstractPipeline.wrapAndCopyInto(AbstractPipeline.java:499)
	at java.base/java.util.stream.ForEachOps$ForEachOp.evaluateSequential(ForEachOps.java:150)
	at java.base/java.util.stream.ForEachOps$ForEachOp$OfRef.evaluateSequential(ForEachOps.java:173)
	at java.base/java.util.stream.AbstractPipeline.evaluate(AbstractPipeline.java:234)
	at java.base/java.util.stream.ReferencePipeline.forEach(ReferencePipeline.java:596)
	at org.junit.jupiter.engine.descriptor.ClassBasedTestDescriptor.invokeTestInstancePostProcessors(ClassBasedTestDescriptor.java:377)
	at org.junit.jupiter.engine.descriptor.ClassBasedTestDescriptor.lambda$instantiateAndPostProcessTestInstance$7(ClassBasedTestDescriptor.java:290)
	at org.junit.platform.engine.support.hierarchical.ThrowableCollector.execute(ThrowableCollector.java:73)
	at org.junit.jupiter.engine.descriptor.ClassBasedTestDescriptor.instantiateAndPostProcessTestInstance(ClassBasedTestDescriptor.java:289)
	at org.junit.jupiter.engine.descriptor.ClassBasedTestDescriptor.lambda$testInstancesProvider$5(ClassBasedTestDescriptor.java:279)
	at java.base/java.util.Optional.orElseGet(Optional.java:364)
	at org.junit.jupiter.engine.descriptor.ClassBasedTestDescriptor.lambda$testInstancesProvider$6(ClassBasedTestDescriptor.java:278)
	at org.junit.jupiter.engine.execution.TestInstancesProvider.getTestInstances(TestInstancesProvider.java:31)
	at org.junit.jupiter.engine.descriptor.TestMethodTestDescriptor.lambda$prepare$1(TestMethodTestDescriptor.java:105)
	at org.junit.platform.engine.support.hierarchical.ThrowableCollector.execute(ThrowableCollector.java:73)
	at org.junit.jupiter.engine.descriptor.TestMethodTestDescriptor.prepare(TestMethodTestDescriptor.java:104)
	at org.junit.jupiter.engine.descriptor.TestMethodTestDescriptor.prepare(TestMethodTestDescriptor.java:68)
	at org.junit.platform.engine.support.hierarchical.NodeTestTask.lambda$prepare$2(NodeTestTask.java:128)
	at org.junit.platform.engine.support.hierarchical.ThrowableCollector.execute(ThrowableCollector.java:73)
	at org.junit.platform.engine.support.hierarchical.NodeTestTask.prepare(NodeTestTask.java:128)
	at org.junit.platform.engine.support.hierarchical.NodeTestTask.execute(NodeTestTask.java:95)
	at java.base/java.util.ArrayList.forEach(ArrayList.java:1511)
	at org.junit.platform.engine.support.hierarchical.SameThreadHierarchicalTestExecutorService.invokeAll(SameThreadHierarchicalTestExecutorService.java:41)
	at org.junit.platform.engine.support.hierarchical.NodeTestTask.lambda$executeRecursively$6(NodeTestTask.java:160)
	at org.junit.platform.engine.support.hierarchical.ThrowableCollector.execute(ThrowableCollector.java:73)
	at org.junit.platform.engine.support.hierarchical.NodeTestTask.lambda$executeRecursively$8(NodeTestTask.java:146)
	at org.junit.platform.engine.support.hierarchical.Node.around(Node.java:137)
	at org.junit.platform.engine.support.hierarchical.NodeTestTask.lambda$executeRecursively$9(NodeTestTask.java:144)
	at org.junit.platform.engine.support.hierarchical.ThrowableCollector.execute(ThrowableCollector.java:73)
	at org.junit.platform.engine.support.hierarchical.NodeTestTask.executeRecursively(NodeTestTask.java:143)
	at org.junit.platform.engine.support.hierarchical.NodeTestTask.execute(NodeTestTask.java:100)
	at java.base/java.util.ArrayList.forEach(ArrayList.java:1511)
	at org.junit.platform.engine.support.hierarchical.SameThreadHierarchicalTestExecutorService.invokeAll(SameThreadHierarchicalTestExecutorService.java:41)
	at org.junit.platform.engine.support.hierarchical.NodeTestTask.lambda$executeRecursively$6(NodeTestTask.java:160)
	at org.junit.platform.engine.support.hierarchical.ThrowableCollector.execute(ThrowableCollector.java:73)
	at org.junit.platform.engine.support.hierarchical.NodeTestTask.lambda$executeRecursively$8(NodeTestTask.java:146)
	at org.junit.platform.engine.support.hierarchical.Node.around(Node.java:137)
	at org.junit.platform.engine.support.hierarchical.NodeTestTask.lambda$executeRecursively$9(NodeTestTask.java:144)
	at org.junit.platform.engine.support.hierarchical.ThrowableCollector.execute(ThrowableCollector.java:73)
	at org.junit.platform.engine.support.hierarchical.NodeTestTask.executeRecursively(NodeTestTask.java:143)
	at org.junit.platform.engine.support.hierarchical.NodeTestTask.execute(NodeTestTask.java:100)
	at org.junit.platform.engine.support.hierarchical.SameThreadHierarchicalTestExecutorService.submit(SameThreadHierarchicalTestExecutorService.java:35)
	at org.junit.platform.engine.support.hierarchical.HierarchicalTestExecutor.execute(HierarchicalTestExecutor.java:57)
	at org.junit.platform.engine.support.hierarchical.HierarchicalTestEngine.execute(HierarchicalTestEngine.java:54)
	at org.junit.platform.launcher.core.EngineExecutionOrchestrator.execute(EngineExecutionOrchestrator.java:198)
	at org.junit.platform.launcher.core.EngineExecutionOrchestrator.execute(EngineExecutionOrchestrator.java:169)
	at org.junit.platform.launcher.core.EngineExecutionOrchestrator.execute(EngineExecutionOrchestrator.java:93)
	at org.junit.platform.launcher.core.EngineExecutionOrchestrator.lambda$execute$0(EngineExecutionOrchestrator.java:58)
	at org.junit.platform.launcher.core.EngineExecutionOrchestrator.withInterceptedStreams(EngineExecutionOrchestrator.java:141)
	at org.junit.platform.launcher.core.EngineExecutionOrchestrator.execute(EngineExecutionOrchestrator.java:57)
	at org.junit.platform.launcher.core.DefaultLauncher.execute(DefaultLauncher.java:103)
	at org.junit.platform.launcher.core.DefaultLauncher.execute(DefaultLauncher.java:85)
	at org.junit.platform.launcher.core.DelegatingLauncher.execute(DelegatingLauncher.java:47)
	at org.gradle.api.internal.tasks.testing.junitplatform.JUnitPlatformTestClassProcessor$CollectAllTestClassesExecutor.processAllTestClasses(JUnitPlatformTestClassProcessor.java:124)
	at org.gradle.api.internal.tasks.testing.junitplatform.JUnitPlatformTestClassProcessor$CollectAllTestClassesExecutor.access$000(JUnitPlatformTestClassProcessor.java:99)
	at org.gradle.api.internal.tasks.testing.junitplatform.JUnitPlatformTestClassProcessor.stop(JUnitPlatformTestClassProcessor.java:94)
	at org.gradle.api.internal.tasks.testing.SuiteTestClassProcessor.stop(SuiteTestClassProcessor.java:63)
	at java.base/jdk.internal.reflect.NativeMethodAccessorImpl.invoke0(Native Method)
	at java.base/jdk.internal.reflect.NativeMethodAccessorImpl.invoke(NativeMethodAccessorImpl.java:77)
	at java.base/jdk.internal.reflect.DelegatingMethodAccessorImpl.invoke(DelegatingMethodAccessorImpl.java:43)
	at java.base/java.lang.reflect.Method.invoke(Method.java:569)
	at org.gradle.internal.dispatch.ReflectionDispatch.dispatch(ReflectionDispatch.java:36)
	at org.gradle.internal.dispatch.ReflectionDispatch.dispatch(ReflectionDispatch.java:24)
	at org.gradle.internal.dispatch.ContextClassLoaderDispatch.dispatch(ContextClassLoaderDispatch.java:33)
	at org.gradle.internal.dispatch.ProxyDispatchAdapter$DispatchingInvocationHandler.invoke(ProxyDispatchAdapter.java:92)
	at jdk.proxy1/jdk.proxy1.$Proxy4.stop(Unknown Source)
	at org.gradle.api.internal.tasks.testing.worker.TestWorker$3.run(TestWorker.java:200)
	at org.gradle.api.internal.tasks.testing.worker.TestWorker.executeAndMaintainThreadName(TestWorker.java:132)
	at org.gradle.api.internal.tasks.testing.worker.TestWorker.execute(TestWorker.java:103)
	at org.gradle.api.internal.tasks.testing.worker.TestWorker.execute(TestWorker.java:63)
	at org.gradle.process.internal.worker.child.ActionExecutionWorker.execute(ActionExecutionWorker.java:56)
	at org.gradle.process.internal.worker.child.SystemApplicationClassLoaderWorker.call(SystemApplicationClassLoaderWorker.java:121)
	at org.gradle.process.internal.worker.child.SystemApplicationClassLoaderWorker.call(SystemApplicationClassLoaderWorker.java:71)
	at worker.org.gradle.process.internal.worker.GradleWorkerMain.run(GradleWorkerMain.java:69)
	at worker.org.gradle.process.internal.worker.GradleWorkerMain.main(GradleWorkerMain.java:74)
Caused by: org.springframework.beans.factory.BeanCreationException: Error creating bean with name 'jpaAuditingHandler': Cannot resolve reference to bean 'jpaMappingContext' while setting constructor argument
	at org.springframework.beans.factory.support.BeanDefinitionValueResolver.resolveReference(BeanDefinitionValueResolver.java:377)
	at org.springframework.beans.factory.support.BeanDefinitionValueResolver.resolveValueIfNecessary(BeanDefinitionValueResolver.java:135)
	at org.springframework.beans.factory.support.ConstructorResolver.resolveConstructorArguments(ConstructorResolver.java:691)
	at org.springframework.beans.factory.support.ConstructorResolver.instantiateUsingFactoryMethod(ConstructorResolver.java:513)
	at org.springframework.beans.factory.support.AbstractAutowireCapableBeanFactory.instantiateUsingFactoryMethod(AbstractAutowireCapableBeanFactory.java:1351)
	at org.springframework.beans.factory.support.AbstractAutowireCapableBeanFactory.createBeanInstance(AbstractAutowireCapableBeanFactory.java:1181)
	at org.springframework.beans.factory.support.AbstractAutowireCapableBeanFactory.doCreateBean(AbstractAutowireCapableBeanFactory.java:563)
	at org.springframework.beans.factory.support.AbstractAutowireCapableBeanFactory.createBean(AbstractAutowireCapableBeanFactory.java:523)
	at org.springframework.beans.factory.support.AbstractBeanFactory.lambda$doGetBean$0(AbstractBeanFactory.java:336)
	at org.springframework.beans.factory.support.DefaultSingletonBeanRegistry.getSingleton(DefaultSingletonBeanRegistry.java:288)
	at org.springframework.beans.factory.support.AbstractBeanFactory.doGetBean(AbstractBeanFactory.java:334)
	at org.springframework.beans.factory.support.AbstractBeanFactory.getBean(AbstractBeanFactory.java:199)
	at org.springframework.beans.factory.support.DefaultListableBeanFactory.instantiateSingleton(DefaultListableBeanFactory.java:1122)
	at org.springframework.beans.factory.support.DefaultListableBeanFactory.preInstantiateSingleton(DefaultListableBeanFactory.java:1093)
	at org.springframework.beans.factory.support.DefaultListableBeanFactory.preInstantiateSingletons(DefaultListableBeanFactory.java:1030)
	at org.springframework.context.support.AbstractApplicationContext.finishBeanFactoryInitialization(AbstractApplicationContext.java:987)
	at org.springframework.context.support.AbstractApplicationContext.refresh(AbstractApplicationContext.java:627)
	at org.springframework.boot.SpringApplication.refresh(SpringApplication.java:752)
	at org.springframework.boot.SpringApplication.refreshContext(SpringApplication.java:439)
	at org.springframework.boot.SpringApplication.run(SpringApplication.java:318)
	at org.springframework.boot.test.context.SpringBootContextLoader.lambda$loadContext$3(SpringBootContextLoader.java:137)
	at org.springframework.util.function.ThrowingSupplier.get(ThrowingSupplier.java:58)
	at org.springframework.util.function.ThrowingSupplier.get(ThrowingSupplier.java:46)
	at org.springframework.boot.SpringApplication.withHook(SpringApplication.java:1461)
	at org.springframework.boot.test.context.SpringBootContextLoader$ContextLoaderHook.run(SpringBootContextLoader.java:553)
	at org.springframework.boot.test.context.SpringBootContextLoader.loadContext(SpringBootContextLoader.java:137)
	at org.springframework.boot.test.context.SpringBootContextLoader.loadContext(SpringBootContextLoader.java:108)
	at org.springframework.test.context.cache.DefaultCacheAwareContextLoaderDelegate.loadContextInternal(DefaultCacheAwareContextLoaderDelegate.java:225)
	at org.springframework.test.context.cache.DefaultCacheAwareContextLoaderDelegate.loadContext(DefaultCacheAwareContextLoaderDelegate.java:152)
	... 89 common frames omitted
Caused by: org.springframework.beans.factory.BeanCreationException: Error creating bean with name 'jpaMappingContext': JPA metamodel must not be empty
	at org.springframework.beans.factory.support.AbstractAutowireCapableBeanFactory.initializeBean(AbstractAutowireCapableBeanFactory.java:1802)
	at org.springframework.beans.factory.support.AbstractAutowireCapableBeanFactory.doCreateBean(AbstractAutowireCapableBeanFactory.java:601)
	at org.springframework.beans.factory.support.AbstractAutowireCapableBeanFactory.createBean(AbstractAutowireCapableBeanFactory.java:523)
	at org.springframework.beans.factory.support.AbstractBeanFactory.lambda$doGetBean$0(AbstractBeanFactory.java:336)
	at org.springframework.beans.factory.support.DefaultSingletonBeanRegistry.getSingleton(DefaultSingletonBeanRegistry.java:288)
	at org.springframework.beans.factory.support.AbstractBeanFactory.doGetBean(AbstractBeanFactory.java:334)
	at org.springframework.beans.factory.support.AbstractBeanFactory.getBean(AbstractBeanFactory.java:199)
	at org.springframework.beans.factory.support.BeanDefinitionValueResolver.resolveReference(BeanDefinitionValueResolver.java:365)
	... 117 common frames omitted
Caused by: java.lang.IllegalArgumentException: JPA metamodel must not be empty
	at org.springframework.util.Assert.notEmpty(Assert.java:398)
	at org.springframework.data.jpa.mapping.JpaMetamodelMappingContext.<init>(JpaMetamodelMappingContext.java:57)
	at org.springframework.data.jpa.repository.config.JpaMetamodelMappingContextFactoryBean.createInstance(JpaMetamodelMappingContextFactoryBean.java:68)
	at org.springframework.data.jpa.repository.config.JpaMetamodelMappingContextFactoryBean.createInstance(JpaMetamodelMappingContextFactoryBean.java:1)
	at org.springframework.beans.factory.config.AbstractFactoryBean.afterPropertiesSet(AbstractFactoryBean.java:142)
	at org.springframework.beans.factory.support.AbstractAutowireCapableBeanFactory.invokeInitMethods(AbstractAutowireCapableBeanFactory.java:1849)
	at org.springframework.beans.factory.support.AbstractAutowireCapableBeanFactory.initializeBean(AbstractAutowireCapableBeanFactory.java:1798)
	... 124 common frames omitted
26-06-07 22:12:40.796 [Test worker] WARN  o.s.test.context.TestContextManager  - Caught exception while allowing TestExecutionListener [org.springframework.test.context.bean.override.BeanOverrideTestExecutionListener] to prepare test instance [com.sprint.mission.discodeit.controller.ChannelControllerTest@162ba19b]
java.lang.IllegalStateException: ApplicationContext failure threshold (1) exceeded: skipping repeated attempt to load context for [WebMergedContextConfiguration@75bedaca testClass = com.sprint.mission.discodeit.controller.ChannelControllerTest, locations = [], classes = [com.sprint.mission.discodeit.DiscodeitApplication], contextInitializerClasses = [], activeProfiles = [], propertySourceDescriptors = [], propertySourceProperties = ["org.springframework.boot.test.autoconfigure.web.servlet.WebMvcTestContextBootstrapper=true"], contextCustomizers = [org.springframework.boot.test.autoconfigure.OnFailureConditionReportContextCustomizerFactory$OnFailureConditionReportContextCustomizer@54e22bdd, org.springframework.boot.test.autoconfigure.OverrideAutoConfigurationContextCustomizerFactory$DisableAutoConfigurationContextCustomizer@4a187041, org.springframework.boot.test.autoconfigure.actuate.observability.ObservabilityContextCustomizerFactory$DisableObservabilityContextCustomizer@1f, org.springframework.boot.test.autoconfigure.filter.TypeExcludeFiltersContextCustomizer@6ccf3f13, org.springframework.boot.test.autoconfigure.properties.PropertyMappingContextCustomizer@d3493c4d, org.springframework.boot.test.autoconfigure.web.servlet.WebDriverContextCustomizer@315f43d5, [ImportsContextCustomizer@2bd8b110 key = [org.springframework.boot.autoconfigure.task.TaskExecutionAutoConfiguration, org.springframework.boot.autoconfigure.cache.CacheAutoConfiguration, org.springframework.boot.autoconfigure.web.servlet.HttpEncodingAutoConfiguration, org.springframework.boot.autoconfigure.validation.ValidationAutoConfiguration, org.springframework.boot.autoconfigure.context.MessageSourceAutoConfiguration, org.springframework.boot.autoconfigure.hateoas.HypermediaAutoConfiguration, org.springframework.boot.autoconfigure.jackson.JacksonAutoConfiguration, org.springframework.boot.autoconfigure.data.web.SpringDataWebAutoConfiguration, org.springframework.boot.test.autoconfigure.web.reactive.WebTestClientAutoConfiguration, org.springframework.boot.autoconfigure.web.servlet.error.ErrorMvcAutoConfiguration, org.springframework.boot.test.autoconfigure.web.servlet.MockMvcAutoConfiguration, com.sprint.mission.discodeit.exception.GlobalExceptionHandler, org.springframework.boot.autoconfigure.security.servlet.SecurityAutoConfiguration, org.springframework.boot.autoconfigure.security.servlet.SecurityFilterAutoConfiguration, org.springframework.boot.autoconfigure.http.HttpMessageConvertersAutoConfiguration, org.springframework.boot.autoconfigure.security.oauth2.client.servlet.OAuth2ClientAutoConfiguration, org.springframework.boot.test.autoconfigure.web.servlet.MockMvcSecurityConfiguration, org.springframework.boot.test.autoconfigure.web.servlet.MockMvcWebClientAutoConfiguration, org.springframework.boot.test.autoconfigure.web.servlet.MockMvcWebDriverAutoConfiguration, org.springframework.boot.autoconfigure.thymeleaf.ThymeleafAutoConfiguration, org.springframework.boot.autoconfigure.gson.GsonAutoConfiguration, org.springframework.boot.autoconfigure.jsonb.JsonbAutoConfiguration, org.springframework.boot.autoconfigure.freemarker.FreeMarkerAutoConfiguration, org.springframework.boot.autoconfigure.web.servlet.WebMvcAutoConfiguration, org.springframework.boot.autoconfigure.security.servlet.UserDetailsServiceAutoConfiguration, org.springframework.boot.autoconfigure.security.oauth2.resource.servlet.OAuth2ResourceServerAutoConfiguration, org.springframework.boot.autoconfigure.groovy.template.GroovyTemplateAutoConfiguration, org.springframework.boot.autoconfigure.mustache.MustacheAutoConfiguration]], org.springframework.boot.test.context.filter.ExcludeFilterContextCustomizer@2f05be7f, org.springframework.boot.test.json.DuplicateJsonObjectContextCustomizerFactory$DuplicateJsonObjectContextCustomizer@64a8c844, org.springframework.boot.test.mock.mockito.MockitoContextCustomizer@0, org.springframework.boot.test.web.reactor.netty.DisableReactorResourceFactoryGlobalResourcesContextCustomizerFactory$DisableReactorResourceFactoryGlobalResourcesContextCustomizerCustomizer@19553973, org.springframework.test.context.bean.override.BeanOverrideContextCustomizer@1aa2eb62, org.springframework.test.context.support.DynamicPropertiesContextCustomizer@0, org.springframework.boot.test.context.SpringBootTestAnnotation@c948181f], resourceBasePath = "src/main/webapp", contextLoader = org.springframework.boot.test.context.SpringBootContextLoader, parent = null]
	at org.springframework.test.context.cache.DefaultCacheAwareContextLoaderDelegate.loadContext(DefaultCacheAwareContextLoaderDelegate.java:145)
	at org.springframework.test.context.support.DefaultTestContext.getApplicationContext(DefaultTestContext.java:130)
	at org.springframework.test.context.bean.override.BeanOverrideTestExecutionListener.injectFields(BeanOverrideTestExecutionListener.java:87)
	at org.springframework.test.context.bean.override.BeanOverrideTestExecutionListener.prepareTestInstance(BeanOverrideTestExecutionListener.java:58)
	at org.springframework.test.context.TestContextManager.prepareTestInstance(TestContextManager.java:260)
	at org.springframework.test.context.junit.jupiter.SpringExtension.postProcessTestInstance(SpringExtension.java:160)
	at org.junit.jupiter.engine.descriptor.ClassBasedTestDescriptor.lambda$invokeTestInstancePostProcessors$11(ClassBasedTestDescriptor.java:378)
	at org.junit.jupiter.engine.descriptor.ClassBasedTestDescriptor.executeAndMaskThrowable(ClassBasedTestDescriptor.java:383)
	at org.junit.jupiter.engine.descriptor.ClassBasedTestDescriptor.lambda$invokeTestInstancePostProcessors$12(ClassBasedTestDescriptor.java:378)
	at java.base/java.util.stream.ForEachOps$ForEachOp$OfRef.accept(ForEachOps.java:183)
	at java.base/java.util.stream.ReferencePipeline$3$1.accept(ReferencePipeline.java:197)
	at java.base/java.util.stream.ReferencePipeline$2$1.accept(ReferencePipeline.java:179)
	at java.base/java.util.stream.ReferencePipeline$3$1.accept(ReferencePipeline.java:197)
	at java.base/java.util.ArrayList$ArrayListSpliterator.forEachRemaining(ArrayList.java:1625)
	at java.base/java.util.stream.AbstractPipeline.copyInto(AbstractPipeline.java:509)
	at java.base/java.util.stream.AbstractPipeline.wrapAndCopyInto(AbstractPipeline.java:499)
	at java.base/java.util.stream.ForEachOps$ForEachOp.evaluateSequential(ForEachOps.java:150)
	at java.base/java.util.stream.ForEachOps$ForEachOp$OfRef.evaluateSequential(ForEachOps.java:173)
	at java.base/java.util.stream.AbstractPipeline.evaluate(AbstractPipeline.java:234)
	at java.base/java.util.stream.ReferencePipeline.forEach(ReferencePipeline.java:596)
	at org.junit.jupiter.engine.descriptor.ClassBasedTestDescriptor.invokeTestInstancePostProcessors(ClassBasedTestDescriptor.java:377)
	at org.junit.jupiter.engine.descriptor.ClassBasedTestDescriptor.lambda$instantiateAndPostProcessTestInstance$7(ClassBasedTestDescriptor.java:290)
	at org.junit.platform.engine.support.hierarchical.ThrowableCollector.execute(ThrowableCollector.java:73)
	at org.junit.jupiter.engine.descriptor.ClassBasedTestDescriptor.instantiateAndPostProcessTestInstance(ClassBasedTestDescriptor.java:289)
	at org.junit.jupiter.engine.descriptor.ClassBasedTestDescriptor.lambda$testInstancesProvider$5(ClassBasedTestDescriptor.java:279)
	at java.base/java.util.Optional.orElseGet(Optional.java:364)
	at org.junit.jupiter.engine.descriptor.ClassBasedTestDescriptor.lambda$testInstancesProvider$6(ClassBasedTestDescriptor.java:278)
	at org.junit.jupiter.engine.execution.TestInstancesProvider.getTestInstances(TestInstancesProvider.java:31)
	at org.junit.jupiter.engine.descriptor.TestMethodTestDescriptor.lambda$prepare$1(TestMethodTestDescriptor.java:105)
	at org.junit.platform.engine.support.hierarchical.ThrowableCollector.execute(ThrowableCollector.java:73)
	at org.junit.jupiter.engine.descriptor.TestMethodTestDescriptor.prepare(TestMethodTestDescriptor.java:104)
	at org.junit.jupiter.engine.descriptor.TestMethodTestDescriptor.prepare(TestMethodTestDescriptor.java:68)
	at org.junit.platform.engine.support.hierarchical.NodeTestTask.lambda$prepare$2(NodeTestTask.java:128)
	at org.junit.platform.engine.support.hierarchical.ThrowableCollector.execute(ThrowableCollector.java:73)
	at org.junit.platform.engine.support.hierarchical.NodeTestTask.prepare(NodeTestTask.java:128)
	at org.junit.platform.engine.support.hierarchical.NodeTestTask.execute(NodeTestTask.java:95)
	at java.base/java.util.ArrayList.forEach(ArrayList.java:1511)
	at org.junit.platform.engine.support.hierarchical.SameThreadHierarchicalTestExecutorService.invokeAll(SameThreadHierarchicalTestExecutorService.java:41)
	at org.junit.platform.engine.support.hierarchical.NodeTestTask.lambda$executeRecursively$6(NodeTestTask.java:160)
	at org.junit.platform.engine.support.hierarchical.ThrowableCollector.execute(ThrowableCollector.java:73)
	at org.junit.platform.engine.support.hierarchical.NodeTestTask.lambda$executeRecursively$8(NodeTestTask.java:146)
	at org.junit.platform.engine.support.hierarchical.Node.around(Node.java:137)
	at org.junit.platform.engine.support.hierarchical.NodeTestTask.lambda$executeRecursively$9(NodeTestTask.java:144)
	at org.junit.platform.engine.support.hierarchical.ThrowableCollector.execute(ThrowableCollector.java:73)
	at org.junit.platform.engine.support.hierarchical.NodeTestTask.executeRecursively(NodeTestTask.java:143)
	at org.junit.platform.engine.support.hierarchical.NodeTestTask.execute(NodeTestTask.java:100)
	at java.base/java.util.ArrayList.forEach(ArrayList.java:1511)
	at org.junit.platform.engine.support.hierarchical.SameThreadHierarchicalTestExecutorService.invokeAll(SameThreadHierarchicalTestExecutorService.java:41)
	at org.junit.platform.engine.support.hierarchical.NodeTestTask.lambda$executeRecursively$6(NodeTestTask.java:160)
	at org.junit.platform.engine.support.hierarchical.ThrowableCollector.execute(ThrowableCollector.java:73)
	at org.junit.platform.engine.support.hierarchical.NodeTestTask.lambda$executeRecursively$8(NodeTestTask.java:146)
	at org.junit.platform.engine.support.hierarchical.Node.around(Node.java:137)
	at org.junit.platform.engine.support.hierarchical.NodeTestTask.lambda$executeRecursively$9(NodeTestTask.java:144)
	at org.junit.platform.engine.support.hierarchical.ThrowableCollector.execute(ThrowableCollector.java:73)
	at org.junit.platform.engine.support.hierarchical.NodeTestTask.executeRecursively(NodeTestTask.java:143)
	at org.junit.platform.engine.support.hierarchical.NodeTestTask.execute(NodeTestTask.java:100)
	at org.junit.platform.engine.support.hierarchical.SameThreadHierarchicalTestExecutorService.submit(SameThreadHierarchicalTestExecutorService.java:35)
	at org.junit.platform.engine.support.hierarchical.HierarchicalTestExecutor.execute(HierarchicalTestExecutor.java:57)
	at org.junit.platform.engine.support.hierarchical.HierarchicalTestEngine.execute(HierarchicalTestEngine.java:54)
	at org.junit.platform.launcher.core.EngineExecutionOrchestrator.execute(EngineExecutionOrchestrator.java:198)
	at org.junit.platform.launcher.core.EngineExecutionOrchestrator.execute(EngineExecutionOrchestrator.java:169)
	at org.junit.platform.launcher.core.EngineExecutionOrchestrator.execute(EngineExecutionOrchestrator.java:93)
	at org.junit.platform.launcher.core.EngineExecutionOrchestrator.lambda$execute$0(EngineExecutionOrchestrator.java:58)
	at org.junit.platform.launcher.core.EngineExecutionOrchestrator.withInterceptedStreams(EngineExecutionOrchestrator.java:141)
	at org.junit.platform.launcher.core.EngineExecutionOrchestrator.execute(EngineExecutionOrchestrator.java:57)
	at org.junit.platform.launcher.core.DefaultLauncher.execute(DefaultLauncher.java:103)
	at org.junit.platform.launcher.core.DefaultLauncher.execute(DefaultLauncher.java:85)
	at org.junit.platform.launcher.core.DelegatingLauncher.execute(DelegatingLauncher.java:47)
	at org.gradle.api.internal.tasks.testing.junitplatform.JUnitPlatformTestClassProcessor$CollectAllTestClassesExecutor.processAllTestClasses(JUnitPlatformTestClassProcessor.java:124)
	at org.gradle.api.internal.tasks.testing.junitplatform.JUnitPlatformTestClassProcessor$CollectAllTestClassesExecutor.access$000(JUnitPlatformTestClassProcessor.java:99)
	at org.gradle.api.internal.tasks.testing.junitplatform.JUnitPlatformTestClassProcessor.stop(JUnitPlatformTestClassProcessor.java:94)
	at org.gradle.api.internal.tasks.testing.SuiteTestClassProcessor.stop(SuiteTestClassProcessor.java:63)
	at java.base/jdk.internal.reflect.NativeMethodAccessorImpl.invoke0(Native Method)
	at java.base/jdk.internal.reflect.NativeMethodAccessorImpl.invoke(NativeMethodAccessorImpl.java:77)
	at java.base/jdk.internal.reflect.DelegatingMethodAccessorImpl.invoke(DelegatingMethodAccessorImpl.java:43)
	at java.base/java.lang.reflect.Method.invoke(Method.java:569)
	at org.gradle.internal.dispatch.ReflectionDispatch.dispatch(ReflectionDispatch.java:36)
	at org.gradle.internal.dispatch.ReflectionDispatch.dispatch(ReflectionDispatch.java:24)
	at org.gradle.internal.dispatch.ContextClassLoaderDispatch.dispatch(ContextClassLoaderDispatch.java:33)
	at org.gradle.internal.dispatch.ProxyDispatchAdapter$DispatchingInvocationHandler.invoke(ProxyDispatchAdapter.java:92)
	at jdk.proxy1/jdk.proxy1.$Proxy4.stop(Unknown Source)
	at org.gradle.api.internal.tasks.testing.worker.TestWorker$3.run(TestWorker.java:200)
	at org.gradle.api.internal.tasks.testing.worker.TestWorker.executeAndMaintainThreadName(TestWorker.java:132)
	at org.gradle.api.internal.tasks.testing.worker.TestWorker.execute(TestWorker.java:103)
	at org.gradle.api.internal.tasks.testing.worker.TestWorker.execute(TestWorker.java:63)
	at org.gradle.process.internal.worker.child.ActionExecutionWorker.execute(ActionExecutionWorker.java:56)
	at org.gradle.process.internal.worker.child.SystemApplicationClassLoaderWorker.call(SystemApplicationClassLoaderWorker.java:121)
	at org.gradle.process.internal.worker.child.SystemApplicationClassLoaderWorker.call(SystemApplicationClassLoaderWorker.java:71)
	at worker.org.gradle.process.internal.worker.GradleWorkerMain.run(GradleWorkerMain.java:69)
	at worker.org.gradle.process.internal.worker.GradleWorkerMain.main(GradleWorkerMain.java:74)
26-06-07 22:12:40.799 [Test worker] WARN  o.s.test.context.TestContextManager  - Caught exception while allowing TestExecutionListener [org.springframework.test.context.bean.override.BeanOverrideTestExecutionListener] to prepare test instance [com.sprint.mission.discodeit.controller.ChannelControllerTest@299c20bd]
java.lang.IllegalStateException: ApplicationContext failure threshold (1) exceeded: skipping repeated attempt to load context for [WebMergedContextConfiguration@75bedaca testClass = com.sprint.mission.discodeit.controller.ChannelControllerTest, locations = [], classes = [com.sprint.mission.discodeit.DiscodeitApplication], contextInitializerClasses = [], activeProfiles = [], propertySourceDescriptors = [], propertySourceProperties = ["org.springframework.boot.test.autoconfigure.web.servlet.WebMvcTestContextBootstrapper=true"], contextCustomizers = [org.springframework.boot.test.autoconfigure.OnFailureConditionReportContextCustomizerFactory$OnFailureConditionReportContextCustomizer@54e22bdd, org.springframework.boot.test.autoconfigure.OverrideAutoConfigurationContextCustomizerFactory$DisableAutoConfigurationContextCustomizer@4a187041, org.springframework.boot.test.autoconfigure.actuate.observability.ObservabilityContextCustomizerFactory$DisableObservabilityContextCustomizer@1f, org.springframework.boot.test.autoconfigure.filter.TypeExcludeFiltersContextCustomizer@6ccf3f13, org.springframework.boot.test.autoconfigure.properties.PropertyMappingContextCustomizer@d3493c4d, org.springframework.boot.test.autoconfigure.web.servlet.WebDriverContextCustomizer@315f43d5, [ImportsContextCustomizer@2bd8b110 key = [org.springframework.boot.autoconfigure.task.TaskExecutionAutoConfiguration, org.springframework.boot.autoconfigure.cache.CacheAutoConfiguration, org.springframework.boot.autoconfigure.web.servlet.HttpEncodingAutoConfiguration, org.springframework.boot.autoconfigure.validation.ValidationAutoConfiguration, org.springframework.boot.autoconfigure.context.MessageSourceAutoConfiguration, org.springframework.boot.autoconfigure.hateoas.HypermediaAutoConfiguration, org.springframework.boot.autoconfigure.jackson.JacksonAutoConfiguration, org.springframework.boot.autoconfigure.data.web.SpringDataWebAutoConfiguration, org.springframework.boot.test.autoconfigure.web.reactive.WebTestClientAutoConfiguration, org.springframework.boot.autoconfigure.web.servlet.error.ErrorMvcAutoConfiguration, org.springframework.boot.test.autoconfigure.web.servlet.MockMvcAutoConfiguration, com.sprint.mission.discodeit.exception.GlobalExceptionHandler, org.springframework.boot.autoconfigure.security.servlet.SecurityAutoConfiguration, org.springframework.boot.autoconfigure.security.servlet.SecurityFilterAutoConfiguration, org.springframework.boot.autoconfigure.http.HttpMessageConvertersAutoConfiguration, org.springframework.boot.autoconfigure.security.oauth2.client.servlet.OAuth2ClientAutoConfiguration, org.springframework.boot.test.autoconfigure.web.servlet.MockMvcSecurityConfiguration, org.springframework.boot.test.autoconfigure.web.servlet.MockMvcWebClientAutoConfiguration, org.springframework.boot.test.autoconfigure.web.servlet.MockMvcWebDriverAutoConfiguration, org.springframework.boot.autoconfigure.thymeleaf.ThymeleafAutoConfiguration, org.springframework.boot.autoconfigure.gson.GsonAutoConfiguration, org.springframework.boot.autoconfigure.jsonb.JsonbAutoConfiguration, org.springframework.boot.autoconfigure.freemarker.FreeMarkerAutoConfiguration, org.springframework.boot.autoconfigure.web.servlet.WebMvcAutoConfiguration, org.springframework.boot.autoconfigure.security.servlet.UserDetailsServiceAutoConfiguration, org.springframework.boot.autoconfigure.security.oauth2.resource.servlet.OAuth2ResourceServerAutoConfiguration, org.springframework.boot.autoconfigure.groovy.template.GroovyTemplateAutoConfiguration, org.springframework.boot.autoconfigure.mustache.MustacheAutoConfiguration]], org.springframework.boot.test.context.filter.ExcludeFilterContextCustomizer@2f05be7f, org.springframework.boot.test.json.DuplicateJsonObjectContextCustomizerFactory$DuplicateJsonObjectContextCustomizer@64a8c844, org.springframework.boot.test.mock.mockito.MockitoContextCustomizer@0, org.springframework.boot.test.web.reactor.netty.DisableReactorResourceFactoryGlobalResourcesContextCustomizerFactory$DisableReactorResourceFactoryGlobalResourcesContextCustomizerCustomizer@19553973, org.springframework.test.context.bean.override.BeanOverrideContextCustomizer@1aa2eb62, org.springframework.test.context.support.DynamicPropertiesContextCustomizer@0, org.springframework.boot.test.context.SpringBootTestAnnotation@c948181f], resourceBasePath = "src/main/webapp", contextLoader = org.springframework.boot.test.context.SpringBootContextLoader, parent = null]
	at org.springframework.test.context.cache.DefaultCacheAwareContextLoaderDelegate.loadContext(DefaultCacheAwareContextLoaderDelegate.java:145)
	at org.springframework.test.context.support.DefaultTestContext.getApplicationContext(DefaultTestContext.java:130)
	at org.springframework.test.context.bean.override.BeanOverrideTestExecutionListener.injectFields(BeanOverrideTestExecutionListener.java:87)
	at org.springframework.test.context.bean.override.BeanOverrideTestExecutionListener.prepareTestInstance(BeanOverrideTestExecutionListener.java:58)
	at org.springframework.test.context.TestContextManager.prepareTestInstance(TestContextManager.java:260)
	at org.springframework.test.context.junit.jupiter.SpringExtension.postProcessTestInstance(SpringExtension.java:160)
	at org.junit.jupiter.engine.descriptor.ClassBasedTestDescriptor.lambda$invokeTestInstancePostProcessors$11(ClassBasedTestDescriptor.java:378)
	at org.junit.jupiter.engine.descriptor.ClassBasedTestDescriptor.executeAndMaskThrowable(ClassBasedTestDescriptor.java:383)
	at org.junit.jupiter.engine.descriptor.ClassBasedTestDescriptor.lambda$invokeTestInstancePostProcessors$12(ClassBasedTestDescriptor.java:378)
	at java.base/java.util.stream.ForEachOps$ForEachOp$OfRef.accept(ForEachOps.java:183)
	at java.base/java.util.stream.ReferencePipeline$3$1.accept(ReferencePipeline.java:197)
	at java.base/java.util.stream.ReferencePipeline$2$1.accept(ReferencePipeline.java:179)
	at java.base/java.util.stream.ReferencePipeline$3$1.accept(ReferencePipeline.java:197)
	at java.base/java.util.ArrayList$ArrayListSpliterator.forEachRemaining(ArrayList.java:1625)
	at java.base/java.util.stream.AbstractPipeline.copyInto(AbstractPipeline.java:509)
	at java.base/java.util.stream.AbstractPipeline.wrapAndCopyInto(AbstractPipeline.java:499)
	at java.base/java.util.stream.ForEachOps$ForEachOp.evaluateSequential(ForEachOps.java:150)
	at java.base/java.util.stream.ForEachOps$ForEachOp$OfRef.evaluateSequential(ForEachOps.java:173)
	at java.base/java.util.stream.AbstractPipeline.evaluate(AbstractPipeline.java:234)
	at java.base/java.util.stream.ReferencePipeline.forEach(ReferencePipeline.java:596)
	at org.junit.jupiter.engine.descriptor.ClassBasedTestDescriptor.invokeTestInstancePostProcessors(ClassBasedTestDescriptor.java:377)
	at org.junit.jupiter.engine.descriptor.ClassBasedTestDescriptor.lambda$instantiateAndPostProcessTestInstance$7(ClassBasedTestDescriptor.java:290)
	at org.junit.platform.engine.support.hierarchical.ThrowableCollector.execute(ThrowableCollector.java:73)
	at org.junit.jupiter.engine.descriptor.ClassBasedTestDescriptor.instantiateAndPostProcessTestInstance(ClassBasedTestDescriptor.java:289)
	at org.junit.jupiter.engine.descriptor.ClassBasedTestDescriptor.lambda$testInstancesProvider$5(ClassBasedTestDescriptor.java:279)
	at java.base/java.util.Optional.orElseGet(Optional.java:364)
	at org.junit.jupiter.engine.descriptor.ClassBasedTestDescriptor.lambda$testInstancesProvider$6(ClassBasedTestDescriptor.java:278)
	at org.junit.jupiter.engine.execution.TestInstancesProvider.getTestInstances(TestInstancesProvider.java:31)
	at org.junit.jupiter.engine.descriptor.TestMethodTestDescriptor.lambda$prepare$1(TestMethodTestDescriptor.java:105)
	at org.junit.platform.engine.support.hierarchical.ThrowableCollector.execute(ThrowableCollector.java:73)
	at org.junit.jupiter.engine.descriptor.TestMethodTestDescriptor.prepare(TestMethodTestDescriptor.java:104)
	at org.junit.jupiter.engine.descriptor.TestMethodTestDescriptor.prepare(TestMethodTestDescriptor.java:68)
	at org.junit.platform.engine.support.hierarchical.NodeTestTask.lambda$prepare$2(NodeTestTask.java:128)
	at org.junit.platform.engine.support.hierarchical.ThrowableCollector.execute(ThrowableCollector.java:73)
	at org.junit.platform.engine.support.hierarchical.NodeTestTask.prepare(NodeTestTask.java:128)
	at org.junit.platform.engine.support.hierarchical.NodeTestTask.execute(NodeTestTask.java:95)
	at java.base/java.util.ArrayList.forEach(ArrayList.java:1511)
	at org.junit.platform.engine.support.hierarchical.SameThreadHierarchicalTestExecutorService.invokeAll(SameThreadHierarchicalTestExecutorService.java:41)
	at org.junit.platform.engine.support.hierarchical.NodeTestTask.lambda$executeRecursively$6(NodeTestTask.java:160)
	at org.junit.platform.engine.support.hierarchical.ThrowableCollector.execute(ThrowableCollector.java:73)
	at org.junit.platform.engine.support.hierarchical.NodeTestTask.lambda$executeRecursively$8(NodeTestTask.java:146)
	at org.junit.platform.engine.support.hierarchical.Node.around(Node.java:137)
	at org.junit.platform.engine.support.hierarchical.NodeTestTask.lambda$executeRecursively$9(NodeTestTask.java:144)
	at org.junit.platform.engine.support.hierarchical.ThrowableCollector.execute(ThrowableCollector.java:73)
	at org.junit.platform.engine.support.hierarchical.NodeTestTask.executeRecursively(NodeTestTask.java:143)
	at org.junit.platform.engine.support.hierarchical.NodeTestTask.execute(NodeTestTask.java:100)
	at java.base/java.util.ArrayList.forEach(ArrayList.java:1511)
	at org.junit.platform.engine.support.hierarchical.SameThreadHierarchicalTestExecutorService.invokeAll(SameThreadHierarchicalTestExecutorService.java:41)
	at org.junit.platform.engine.support.hierarchical.NodeTestTask.lambda$executeRecursively$6(NodeTestTask.java:160)
	at org.junit.platform.engine.support.hierarchical.ThrowableCollector.execute(ThrowableCollector.java:73)
	at org.junit.platform.engine.support.hierarchical.NodeTestTask.lambda$executeRecursively$8(NodeTestTask.java:146)
	at org.junit.platform.engine.support.hierarchical.Node.around(Node.java:137)
	at org.junit.platform.engine.support.hierarchical.NodeTestTask.lambda$executeRecursively$9(NodeTestTask.java:144)
	at org.junit.platform.engine.support.hierarchical.ThrowableCollector.execute(ThrowableCollector.java:73)
	at org.junit.platform.engine.support.hierarchical.NodeTestTask.executeRecursively(NodeTestTask.java:143)
	at org.junit.platform.engine.support.hierarchical.NodeTestTask.execute(NodeTestTask.java:100)
	at org.junit.platform.engine.support.hierarchical.SameThreadHierarchicalTestExecutorService.submit(SameThreadHierarchicalTestExecutorService.java:35)
	at org.junit.platform.engine.support.hierarchical.HierarchicalTestExecutor.execute(HierarchicalTestExecutor.java:57)
	at org.junit.platform.engine.support.hierarchical.HierarchicalTestEngine.execute(HierarchicalTestEngine.java:54)
	at org.junit.platform.launcher.core.EngineExecutionOrchestrator.execute(EngineExecutionOrchestrator.java:198)
	at org.junit.platform.launcher.core.EngineExecutionOrchestrator.execute(EngineExecutionOrchestrator.java:169)
	at org.junit.platform.launcher.core.EngineExecutionOrchestrator.execute(EngineExecutionOrchestrator.java:93)
	at org.junit.platform.launcher.core.EngineExecutionOrchestrator.lambda$execute$0(EngineExecutionOrchestrator.java:58)
	at org.junit.platform.launcher.core.EngineExecutionOrchestrator.withInterceptedStreams(EngineExecutionOrchestrator.java:141)
	at org.junit.platform.launcher.core.EngineExecutionOrchestrator.execute(EngineExecutionOrchestrator.java:57)
	at org.junit.platform.launcher.core.DefaultLauncher.execute(DefaultLauncher.java:103)
	at org.junit.platform.launcher.core.DefaultLauncher.execute(DefaultLauncher.java:85)
	at org.junit.platform.launcher.core.DelegatingLauncher.execute(DelegatingLauncher.java:47)
	at org.gradle.api.internal.tasks.testing.junitplatform.JUnitPlatformTestClassProcessor$CollectAllTestClassesExecutor.processAllTestClasses(JUnitPlatformTestClassProcessor.java:124)
	at org.gradle.api.internal.tasks.testing.junitplatform.JUnitPlatformTestClassProcessor$CollectAllTestClassesExecutor.access$000(JUnitPlatformTestClassProcessor.java:99)
	at org.gradle.api.internal.tasks.testing.junitplatform.JUnitPlatformTestClassProcessor.stop(JUnitPlatformTestClassProcessor.java:94)
	at org.gradle.api.internal.tasks.testing.SuiteTestClassProcessor.stop(SuiteTestClassProcessor.java:63)
	at java.base/jdk.internal.reflect.NativeMethodAccessorImpl.invoke0(Native Method)
	at java.base/jdk.internal.reflect.NativeMethodAccessorImpl.invoke(NativeMethodAccessorImpl.java:77)
	at java.base/jdk.internal.reflect.DelegatingMethodAccessorImpl.invoke(DelegatingMethodAccessorImpl.java:43)
	at java.base/java.lang.reflect.Method.invoke(Method.java:569)
	at org.gradle.internal.dispatch.ReflectionDispatch.dispatch(ReflectionDispatch.java:36)
	at org.gradle.internal.dispatch.ReflectionDispatch.dispatch(ReflectionDispatch.java:24)
	at org.gradle.internal.dispatch.ContextClassLoaderDispatch.dispatch(ContextClassLoaderDispatch.java:33)
	at org.gradle.internal.dispatch.ProxyDispatchAdapter$DispatchingInvocationHandler.invoke(ProxyDispatchAdapter.java:92)
	at jdk.proxy1/jdk.proxy1.$Proxy4.stop(Unknown Source)
	at org.gradle.api.internal.tasks.testing.worker.TestWorker$3.run(TestWorker.java:200)
	at org.gradle.api.internal.tasks.testing.worker.TestWorker.executeAndMaintainThreadName(TestWorker.java:132)
	at org.gradle.api.internal.tasks.testing.worker.TestWorker.execute(TestWorker.java:103)
	at org.gradle.api.internal.tasks.testing.worker.TestWorker.execute(TestWorker.java:63)
	at org.gradle.process.internal.worker.child.ActionExecutionWorker.execute(ActionExecutionWorker.java:56)
	at org.gradle.process.internal.worker.child.SystemApplicationClassLoaderWorker.call(SystemApplicationClassLoaderWorker.java:121)
	at org.gradle.process.internal.worker.child.SystemApplicationClassLoaderWorker.call(SystemApplicationClassLoaderWorker.java:71)
	at worker.org.gradle.process.internal.worker.GradleWorkerMain.run(GradleWorkerMain.java:69)
	at worker.org.gradle.process.internal.worker.GradleWorkerMain.main(GradleWorkerMain.java:74)
26-06-07 22:12:40.806 [Test worker] INFO  s.AnnotationConfigContextLoaderUtils - Could not detect default configuration classes for test class [com.sprint.mission.discodeit.controller.UserControllerTest]: UserControllerTest does not declare any static, non-private, non-final, nested classes annotated with @Configuration.
26-06-07 22:12:40.816 [Test worker] INFO  .c.SpringBootTestContextBootstrapper - Found @SpringBootConfiguration com.sprint.mission.discodeit.DiscodeitApplication for test class com.sprint.mission.discodeit.controller.UserControllerTest
26-06-07 22:12:40.857 [Test worker] INFO  c.s.m.d.c.UserControllerTest         - Starting UserControllerTest using Java 17.0.18 with PID 58234 (started by yuj in /Users/yuj/java/sprint_mission)
26-06-07 22:12:40.857 [Test worker] DEBUG c.s.m.d.c.UserControllerTest         - Running with Spring Boot v3.4.0, Spring v6.2.0
26-06-07 22:12:40.857 [Test worker] INFO  c.s.m.d.c.UserControllerTest         - The following 1 profile is active: "dev"
26-06-07 22:12:40.984 [Test worker] WARN  s.w.c.s.GenericWebApplicationContext - Exception encountered during context initialization - cancelling refresh attempt: org.springframework.beans.factory.BeanCreationException: Error creating bean with name 'jpaAuditingHandler': Cannot resolve reference to bean 'jpaMappingContext' while setting constructor argument
26-06-07 22:12:40.988 [Test worker] INFO  .a.l.ConditionEvaluationReportLogger - 

Error starting ApplicationContext. To display the condition evaluation report re-run your application with 'debug' enabled.
26-06-07 22:12:40.990 [Test worker] ERROR o.s.boot.SpringApplication           - Application run failed
org.springframework.beans.factory.BeanCreationException: Error creating bean with name 'jpaAuditingHandler': Cannot resolve reference to bean 'jpaMappingContext' while setting constructor argument
	at org.springframework.beans.factory.support.BeanDefinitionValueResolver.resolveReference(BeanDefinitionValueResolver.java:377)
	at org.springframework.beans.factory.support.BeanDefinitionValueResolver.resolveValueIfNecessary(BeanDefinitionValueResolver.java:135)
	at org.springframework.beans.factory.support.ConstructorResolver.resolveConstructorArguments(ConstructorResolver.java:691)
	at org.springframework.beans.factory.support.ConstructorResolver.instantiateUsingFactoryMethod(ConstructorResolver.java:513)
	at org.springframework.beans.factory.support.AbstractAutowireCapableBeanFactory.instantiateUsingFactoryMethod(AbstractAutowireCapableBeanFactory.java:1351)
	at org.springframework.beans.factory.support.AbstractAutowireCapableBeanFactory.createBeanInstance(AbstractAutowireCapableBeanFactory.java:1181)
	at org.springframework.beans.factory.support.AbstractAutowireCapableBeanFactory.doCreateBean(AbstractAutowireCapableBeanFactory.java:563)
	at org.springframework.beans.factory.support.AbstractAutowireCapableBeanFactory.createBean(AbstractAutowireCapableBeanFactory.java:523)
	at org.springframework.beans.factory.support.AbstractBeanFactory.lambda$doGetBean$0(AbstractBeanFactory.java:336)
	at org.springframework.beans.factory.support.DefaultSingletonBeanRegistry.getSingleton(DefaultSingletonBeanRegistry.java:288)
	at org.springframework.beans.factory.support.AbstractBeanFactory.doGetBean(AbstractBeanFactory.java:334)
	at org.springframework.beans.factory.support.AbstractBeanFactory.getBean(AbstractBeanFactory.java:199)
	at org.springframework.beans.factory.support.DefaultListableBeanFactory.instantiateSingleton(DefaultListableBeanFactory.java:1122)
	at org.springframework.beans.factory.support.DefaultListableBeanFactory.preInstantiateSingleton(DefaultListableBeanFactory.java:1093)
	at org.springframework.beans.factory.support.DefaultListableBeanFactory.preInstantiateSingletons(DefaultListableBeanFactory.java:1030)
	at org.springframework.context.support.AbstractApplicationContext.finishBeanFactoryInitialization(AbstractApplicationContext.java:987)
	at org.springframework.context.support.AbstractApplicationContext.refresh(AbstractApplicationContext.java:627)
	at org.springframework.boot.SpringApplication.refresh(SpringApplication.java:752)
	at org.springframework.boot.SpringApplication.refreshContext(SpringApplication.java:439)
	at org.springframework.boot.SpringApplication.run(SpringApplication.java:318)
	at org.springframework.boot.test.context.SpringBootContextLoader.lambda$loadContext$3(SpringBootContextLoader.java:137)
	at org.springframework.util.function.ThrowingSupplier.get(ThrowingSupplier.java:58)
	at org.springframework.util.function.ThrowingSupplier.get(ThrowingSupplier.java:46)
	at org.springframework.boot.SpringApplication.withHook(SpringApplication.java:1461)
	at org.springframework.boot.test.context.SpringBootContextLoader$ContextLoaderHook.run(SpringBootContextLoader.java:553)
	at org.springframework.boot.test.context.SpringBootContextLoader.loadContext(SpringBootContextLoader.java:137)
	at org.springframework.boot.test.context.SpringBootContextLoader.loadContext(SpringBootContextLoader.java:108)
	at org.springframework.test.context.cache.DefaultCacheAwareContextLoaderDelegate.loadContextInternal(DefaultCacheAwareContextLoaderDelegate.java:225)
	at org.springframework.test.context.cache.DefaultCacheAwareContextLoaderDelegate.loadContext(DefaultCacheAwareContextLoaderDelegate.java:152)
	at org.springframework.test.context.support.DefaultTestContext.getApplicationContext(DefaultTestContext.java:130)
	at org.springframework.test.context.bean.override.BeanOverrideTestExecutionListener.injectFields(BeanOverrideTestExecutionListener.java:87)
	at org.springframework.test.context.bean.override.BeanOverrideTestExecutionListener.prepareTestInstance(BeanOverrideTestExecutionListener.java:58)
	at org.springframework.test.context.TestContextManager.prepareTestInstance(TestContextManager.java:260)
	at org.springframework.test.context.junit.jupiter.SpringExtension.postProcessTestInstance(SpringExtension.java:160)
	at org.junit.jupiter.engine.descriptor.ClassBasedTestDescriptor.lambda$invokeTestInstancePostProcessors$11(ClassBasedTestDescriptor.java:378)
	at org.junit.jupiter.engine.descriptor.ClassBasedTestDescriptor.executeAndMaskThrowable(ClassBasedTestDescriptor.java:383)
	at org.junit.jupiter.engine.descriptor.ClassBasedTestDescriptor.lambda$invokeTestInstancePostProcessors$12(ClassBasedTestDescriptor.java:378)
	at java.base/java.util.stream.ForEachOps$ForEachOp$OfRef.accept(ForEachOps.java:183)
	at java.base/java.util.stream.ReferencePipeline$3$1.accept(ReferencePipeline.java:197)
	at java.base/java.util.stream.ReferencePipeline$2$1.accept(ReferencePipeline.java:179)
	at java.base/java.util.stream.ReferencePipeline$3$1.accept(ReferencePipeline.java:197)
	at java.base/java.util.ArrayList$ArrayListSpliterator.forEachRemaining(ArrayList.java:1625)
	at java.base/java.util.stream.AbstractPipeline.copyInto(AbstractPipeline.java:509)
	at java.base/java.util.stream.AbstractPipeline.wrapAndCopyInto(AbstractPipeline.java:499)
	at java.base/java.util.stream.ForEachOps$ForEachOp.evaluateSequential(ForEachOps.java:150)
	at java.base/java.util.stream.ForEachOps$ForEachOp$OfRef.evaluateSequential(ForEachOps.java:173)
	at java.base/java.util.stream.AbstractPipeline.evaluate(AbstractPipeline.java:234)
	at java.base/java.util.stream.ReferencePipeline.forEach(ReferencePipeline.java:596)
	at org.junit.jupiter.engine.descriptor.ClassBasedTestDescriptor.invokeTestInstancePostProcessors(ClassBasedTestDescriptor.java:377)
	at org.junit.jupiter.engine.descriptor.ClassBasedTestDescriptor.lambda$instantiateAndPostProcessTestInstance$7(ClassBasedTestDescriptor.java:290)
	at org.junit.platform.engine.support.hierarchical.ThrowableCollector.execute(ThrowableCollector.java:73)
	at org.junit.jupiter.engine.descriptor.ClassBasedTestDescriptor.instantiateAndPostProcessTestInstance(ClassBasedTestDescriptor.java:289)
	at org.junit.jupiter.engine.descriptor.ClassBasedTestDescriptor.lambda$testInstancesProvider$5(ClassBasedTestDescriptor.java:279)
	at java.base/java.util.Optional.orElseGet(Optional.java:364)
	at org.junit.jupiter.engine.descriptor.ClassBasedTestDescriptor.lambda$testInstancesProvider$6(ClassBasedTestDescriptor.java:278)
	at org.junit.jupiter.engine.execution.TestInstancesProvider.getTestInstances(TestInstancesProvider.java:31)
	at org.junit.jupiter.engine.descriptor.TestMethodTestDescriptor.lambda$prepare$1(TestMethodTestDescriptor.java:105)
	at org.junit.platform.engine.support.hierarchical.ThrowableCollector.execute(ThrowableCollector.java:73)
	at org.junit.jupiter.engine.descriptor.TestMethodTestDescriptor.prepare(TestMethodTestDescriptor.java:104)
	at org.junit.jupiter.engine.descriptor.TestMethodTestDescriptor.prepare(TestMethodTestDescriptor.java:68)
	at org.junit.platform.engine.support.hierarchical.NodeTestTask.lambda$prepare$2(NodeTestTask.java:128)
	at org.junit.platform.engine.support.hierarchical.ThrowableCollector.execute(ThrowableCollector.java:73)
	at org.junit.platform.engine.support.hierarchical.NodeTestTask.prepare(NodeTestTask.java:128)
	at org.junit.platform.engine.support.hierarchical.NodeTestTask.execute(NodeTestTask.java:95)
	at java.base/java.util.ArrayList.forEach(ArrayList.java:1511)
	at org.junit.platform.engine.support.hierarchical.SameThreadHierarchicalTestExecutorService.invokeAll(SameThreadHierarchicalTestExecutorService.java:41)
	at org.junit.platform.engine.support.hierarchical.NodeTestTask.lambda$executeRecursively$6(NodeTestTask.java:160)
	at org.junit.platform.engine.support.hierarchical.ThrowableCollector.execute(ThrowableCollector.java:73)
	at org.junit.platform.engine.support.hierarchical.NodeTestTask.lambda$executeRecursively$8(NodeTestTask.java:146)
	at org.junit.platform.engine.support.hierarchical.Node.around(Node.java:137)
	at org.junit.platform.engine.support.hierarchical.NodeTestTask.lambda$executeRecursively$9(NodeTestTask.java:144)
	at org.junit.platform.engine.support.hierarchical.ThrowableCollector.execute(ThrowableCollector.java:73)
	at org.junit.platform.engine.support.hierarchical.NodeTestTask.executeRecursively(NodeTestTask.java:143)
	at org.junit.platform.engine.support.hierarchical.NodeTestTask.execute(NodeTestTask.java:100)
	at java.base/java.util.ArrayList.forEach(ArrayList.java:1511)
	at org.junit.platform.engine.support.hierarchical.SameThreadHierarchicalTestExecutorService.invokeAll(SameThreadHierarchicalTestExecutorService.java:41)
	at org.junit.platform.engine.support.hierarchical.NodeTestTask.lambda$executeRecursively$6(NodeTestTask.java:160)
	at org.junit.platform.engine.support.hierarchical.ThrowableCollector.execute(ThrowableCollector.java:73)
	at org.junit.platform.engine.support.hierarchical.NodeTestTask.lambda$executeRecursively$8(NodeTestTask.java:146)
	at org.junit.platform.engine.support.hierarchical.Node.around(Node.java:137)
	at org.junit.platform.engine.support.hierarchical.NodeTestTask.lambda$executeRecursively$9(NodeTestTask.java:144)
	at org.junit.platform.engine.support.hierarchical.ThrowableCollector.execute(ThrowableCollector.java:73)
	at org.junit.platform.engine.support.hierarchical.NodeTestTask.executeRecursively(NodeTestTask.java:143)
	at org.junit.platform.engine.support.hierarchical.NodeTestTask.execute(NodeTestTask.java:100)
	at org.junit.platform.engine.support.hierarchical.SameThreadHierarchicalTestExecutorService.submit(SameThreadHierarchicalTestExecutorService.java:35)
	at org.junit.platform.engine.support.hierarchical.HierarchicalTestExecutor.execute(HierarchicalTestExecutor.java:57)
	at org.junit.platform.engine.support.hierarchical.HierarchicalTestEngine.execute(HierarchicalTestEngine.java:54)
	at org.junit.platform.launcher.core.EngineExecutionOrchestrator.execute(EngineExecutionOrchestrator.java:198)
	at org.junit.platform.launcher.core.EngineExecutionOrchestrator.execute(EngineExecutionOrchestrator.java:169)
	at org.junit.platform.launcher.core.EngineExecutionOrchestrator.execute(EngineExecutionOrchestrator.java:93)
	at org.junit.platform.launcher.core.EngineExecutionOrchestrator.lambda$execute$0(EngineExecutionOrchestrator.java:58)
	at org.junit.platform.launcher.core.EngineExecutionOrchestrator.withInterceptedStreams(EngineExecutionOrchestrator.java:141)
	at org.junit.platform.launcher.core.EngineExecutionOrchestrator.execute(EngineExecutionOrchestrator.java:57)
	at org.junit.platform.launcher.core.DefaultLauncher.execute(DefaultLauncher.java:103)
	at org.junit.platform.launcher.core.DefaultLauncher.execute(DefaultLauncher.java:85)
	at org.junit.platform.launcher.core.DelegatingLauncher.execute(DelegatingLauncher.java:47)
	at org.gradle.api.internal.tasks.testing.junitplatform.JUnitPlatformTestClassProcessor$CollectAllTestClassesExecutor.processAllTestClasses(JUnitPlatformTestClassProcessor.java:124)
	at org.gradle.api.internal.tasks.testing.junitplatform.JUnitPlatformTestClassProcessor$CollectAllTestClassesExecutor.access$000(JUnitPlatformTestClassProcessor.java:99)
	at org.gradle.api.internal.tasks.testing.junitplatform.JUnitPlatformTestClassProcessor.stop(JUnitPlatformTestClassProcessor.java:94)
	at org.gradle.api.internal.tasks.testing.SuiteTestClassProcessor.stop(SuiteTestClassProcessor.java:63)
	at java.base/jdk.internal.reflect.NativeMethodAccessorImpl.invoke0(Native Method)
	at java.base/jdk.internal.reflect.NativeMethodAccessorImpl.invoke(NativeMethodAccessorImpl.java:77)
	at java.base/jdk.internal.reflect.DelegatingMethodAccessorImpl.invoke(DelegatingMethodAccessorImpl.java:43)
	at java.base/java.lang.reflect.Method.invoke(Method.java:569)
	at org.gradle.internal.dispatch.ReflectionDispatch.dispatch(ReflectionDispatch.java:36)
	at org.gradle.internal.dispatch.ReflectionDispatch.dispatch(ReflectionDispatch.java:24)
	at org.gradle.internal.dispatch.ContextClassLoaderDispatch.dispatch(ContextClassLoaderDispatch.java:33)
	at org.gradle.internal.dispatch.ProxyDispatchAdapter$DispatchingInvocationHandler.invoke(ProxyDispatchAdapter.java:92)
	at jdk.proxy1/jdk.proxy1.$Proxy4.stop(Unknown Source)
	at org.gradle.api.internal.tasks.testing.worker.TestWorker$3.run(TestWorker.java:200)
	at org.gradle.api.internal.tasks.testing.worker.TestWorker.executeAndMaintainThreadName(TestWorker.java:132)
	at org.gradle.api.internal.tasks.testing.worker.TestWorker.execute(TestWorker.java:103)
	at org.gradle.api.internal.tasks.testing.worker.TestWorker.execute(TestWorker.java:63)
	at org.gradle.process.internal.worker.child.ActionExecutionWorker.execute(ActionExecutionWorker.java:56)
	at org.gradle.process.internal.worker.child.SystemApplicationClassLoaderWorker.call(SystemApplicationClassLoaderWorker.java:121)
	at org.gradle.process.internal.worker.child.SystemApplicationClassLoaderWorker.call(SystemApplicationClassLoaderWorker.java:71)
	at worker.org.gradle.process.internal.worker.GradleWorkerMain.run(GradleWorkerMain.java:69)
	at worker.org.gradle.process.internal.worker.GradleWorkerMain.main(GradleWorkerMain.java:74)
Caused by: org.springframework.beans.factory.BeanCreationException: Error creating bean with name 'jpaMappingContext': JPA metamodel must not be empty
	at org.springframework.beans.factory.support.AbstractAutowireCapableBeanFactory.initializeBean(AbstractAutowireCapableBeanFactory.java:1802)
	at org.springframework.beans.factory.support.AbstractAutowireCapableBeanFactory.doCreateBean(AbstractAutowireCapableBeanFactory.java:601)
	at org.springframework.beans.factory.support.AbstractAutowireCapableBeanFactory.createBean(AbstractAutowireCapableBeanFactory.java:523)
	at org.springframework.beans.factory.support.AbstractBeanFactory.lambda$doGetBean$0(AbstractBeanFactory.java:336)
	at org.springframework.beans.factory.support.DefaultSingletonBeanRegistry.getSingleton(DefaultSingletonBeanRegistry.java:288)
	at org.springframework.beans.factory.support.AbstractBeanFactory.doGetBean(AbstractBeanFactory.java:334)
	at org.springframework.beans.factory.support.AbstractBeanFactory.getBean(AbstractBeanFactory.java:199)
	at org.springframework.beans.factory.support.BeanDefinitionValueResolver.resolveReference(BeanDefinitionValueResolver.java:365)
	... 117 common frames omitted
Caused by: java.lang.IllegalArgumentException: JPA metamodel must not be empty
	at org.springframework.util.Assert.notEmpty(Assert.java:398)
	at org.springframework.data.jpa.mapping.JpaMetamodelMappingContext.<init>(JpaMetamodelMappingContext.java:57)
	at org.springframework.data.jpa.repository.config.JpaMetamodelMappingContextFactoryBean.createInstance(JpaMetamodelMappingContextFactoryBean.java:68)
	at org.springframework.data.jpa.repository.config.JpaMetamodelMappingContextFactoryBean.createInstance(JpaMetamodelMappingContextFactoryBean.java:1)
	at org.springframework.beans.factory.config.AbstractFactoryBean.afterPropertiesSet(AbstractFactoryBean.java:142)
	at org.springframework.beans.factory.support.AbstractAutowireCapableBeanFactory.invokeInitMethods(AbstractAutowireCapableBeanFactory.java:1849)
	at org.springframework.beans.factory.support.AbstractAutowireCapableBeanFactory.initializeBean(AbstractAutowireCapableBeanFactory.java:1798)
	... 124 common frames omitted
26-06-07 22:12:40.992 [Test worker] WARN  o.s.test.context.TestContextManager  - Caught exception while allowing TestExecutionListener [org.springframework.test.context.bean.override.BeanOverrideTestExecutionListener] to prepare test instance [com.sprint.mission.discodeit.controller.UserControllerTest@643ba7ba]
java.lang.IllegalStateException: Failed to load ApplicationContext for [WebMergedContextConfiguration@5e428dde testClass = com.sprint.mission.discodeit.controller.UserControllerTest, locations = [], classes = [com.sprint.mission.discodeit.DiscodeitApplication], contextInitializerClasses = [], activeProfiles = [], propertySourceDescriptors = [], propertySourceProperties = ["org.springframework.boot.test.autoconfigure.web.servlet.WebMvcTestContextBootstrapper=true"], contextCustomizers = [org.springframework.boot.test.autoconfigure.OnFailureConditionReportContextCustomizerFactory$OnFailureConditionReportContextCustomizer@54e22bdd, org.springframework.boot.test.autoconfigure.OverrideAutoConfigurationContextCustomizerFactory$DisableAutoConfigurationContextCustomizer@4a187041, org.springframework.boot.test.autoconfigure.actuate.observability.ObservabilityContextCustomizerFactory$DisableObservabilityContextCustomizer@1f, org.springframework.boot.test.autoconfigure.filter.TypeExcludeFiltersContextCustomizer@5464e5e9, org.springframework.boot.test.autoconfigure.properties.PropertyMappingContextCustomizer@d3493c4d, org.springframework.boot.test.autoconfigure.web.servlet.WebDriverContextCustomizer@315f43d5, [ImportsContextCustomizer@927e34d key = [org.springframework.boot.autoconfigure.task.TaskExecutionAutoConfiguration, org.springframework.boot.autoconfigure.cache.CacheAutoConfiguration, org.springframework.boot.autoconfigure.web.servlet.HttpEncodingAutoConfiguration, org.springframework.boot.autoconfigure.validation.ValidationAutoConfiguration, org.springframework.boot.autoconfigure.context.MessageSourceAutoConfiguration, org.springframework.boot.autoconfigure.hateoas.HypermediaAutoConfiguration, org.springframework.boot.autoconfigure.jackson.JacksonAutoConfiguration, org.springframework.boot.autoconfigure.data.web.SpringDataWebAutoConfiguration, org.springframework.boot.test.autoconfigure.web.reactive.WebTestClientAutoConfiguration, org.springframework.boot.autoconfigure.web.servlet.error.ErrorMvcAutoConfiguration, org.springframework.boot.test.autoconfigure.web.servlet.MockMvcAutoConfiguration, com.sprint.mission.discodeit.exception.GlobalExceptionHandler, org.springframework.boot.autoconfigure.security.servlet.SecurityAutoConfiguration, org.springframework.boot.autoconfigure.security.servlet.SecurityFilterAutoConfiguration, org.springframework.boot.autoconfigure.http.HttpMessageConvertersAutoConfiguration, org.springframework.boot.autoconfigure.security.oauth2.client.servlet.OAuth2ClientAutoConfiguration, org.springframework.boot.test.autoconfigure.web.servlet.MockMvcSecurityConfiguration, org.springframework.boot.test.autoconfigure.web.servlet.MockMvcWebClientAutoConfiguration, org.springframework.boot.test.autoconfigure.web.servlet.MockMvcWebDriverAutoConfiguration, org.springframework.boot.autoconfigure.thymeleaf.ThymeleafAutoConfiguration, org.springframework.boot.autoconfigure.gson.GsonAutoConfiguration, org.springframework.boot.autoconfigure.jsonb.JsonbAutoConfiguration, org.springframework.boot.autoconfigure.freemarker.FreeMarkerAutoConfiguration, org.springframework.boot.autoconfigure.web.servlet.WebMvcAutoConfiguration, org.springframework.boot.autoconfigure.security.servlet.UserDetailsServiceAutoConfiguration, org.springframework.boot.autoconfigure.security.oauth2.resource.servlet.OAuth2ResourceServerAutoConfiguration, org.springframework.boot.autoconfigure.groovy.template.GroovyTemplateAutoConfiguration, org.springframework.boot.autoconfigure.mustache.MustacheAutoConfiguration]], org.springframework.boot.test.context.filter.ExcludeFilterContextCustomizer@2f05be7f, org.springframework.boot.test.json.DuplicateJsonObjectContextCustomizerFactory$DuplicateJsonObjectContextCustomizer@64a8c844, org.springframework.boot.test.mock.mockito.MockitoContextCustomizer@0, org.springframework.boot.test.web.reactor.netty.DisableReactorResourceFactoryGlobalResourcesContextCustomizerFactory$DisableReactorResourceFactoryGlobalResourcesContextCustomizerCustomizer@19553973, org.springframework.test.context.bean.override.BeanOverrideContextCustomizer@1a536866, org.springframework.test.context.support.DynamicPropertiesContextCustomizer@0, org.springframework.boot.test.context.SpringBootTestAnnotation@c948181f], resourceBasePath = "src/main/webapp", contextLoader = org.springframework.boot.test.context.SpringBootContextLoader, parent = null]
	at org.springframework.test.context.cache.DefaultCacheAwareContextLoaderDelegate.loadContext(DefaultCacheAwareContextLoaderDelegate.java:180)
	at org.springframework.test.context.support.DefaultTestContext.getApplicationContext(DefaultTestContext.java:130)
	at org.springframework.test.context.bean.override.BeanOverrideTestExecutionListener.injectFields(BeanOverrideTestExecutionListener.java:87)
	at org.springframework.test.context.bean.override.BeanOverrideTestExecutionListener.prepareTestInstance(BeanOverrideTestExecutionListener.java:58)
	at org.springframework.test.context.TestContextManager.prepareTestInstance(TestContextManager.java:260)
	at org.springframework.test.context.junit.jupiter.SpringExtension.postProcessTestInstance(SpringExtension.java:160)
	at org.junit.jupiter.engine.descriptor.ClassBasedTestDescriptor.lambda$invokeTestInstancePostProcessors$11(ClassBasedTestDescriptor.java:378)
	at org.junit.jupiter.engine.descriptor.ClassBasedTestDescriptor.executeAndMaskThrowable(ClassBasedTestDescriptor.java:383)
	at org.junit.jupiter.engine.descriptor.ClassBasedTestDescriptor.lambda$invokeTestInstancePostProcessors$12(ClassBasedTestDescriptor.java:378)
	at java.base/java.util.stream.ForEachOps$ForEachOp$OfRef.accept(ForEachOps.java:183)
	at java.base/java.util.stream.ReferencePipeline$3$1.accept(ReferencePipeline.java:197)
	at java.base/java.util.stream.ReferencePipeline$2$1.accept(ReferencePipeline.java:179)
	at java.base/java.util.stream.ReferencePipeline$3$1.accept(ReferencePipeline.java:197)
	at java.base/java.util.ArrayList$ArrayListSpliterator.forEachRemaining(ArrayList.java:1625)
	at java.base/java.util.stream.AbstractPipeline.copyInto(AbstractPipeline.java:509)
	at java.base/java.util.stream.AbstractPipeline.wrapAndCopyInto(AbstractPipeline.java:499)
	at java.base/java.util.stream.ForEachOps$ForEachOp.evaluateSequential(ForEachOps.java:150)
	at java.base/java.util.stream.ForEachOps$ForEachOp$OfRef.evaluateSequential(ForEachOps.java:173)
	at java.base/java.util.stream.AbstractPipeline.evaluate(AbstractPipeline.java:234)
	at java.base/java.util.stream.ReferencePipeline.forEach(ReferencePipeline.java:596)
	at org.junit.jupiter.engine.descriptor.ClassBasedTestDescriptor.invokeTestInstancePostProcessors(ClassBasedTestDescriptor.java:377)
	at org.junit.jupiter.engine.descriptor.ClassBasedTestDescriptor.lambda$instantiateAndPostProcessTestInstance$7(ClassBasedTestDescriptor.java:290)
	at org.junit.platform.engine.support.hierarchical.ThrowableCollector.execute(ThrowableCollector.java:73)
	at org.junit.jupiter.engine.descriptor.ClassBasedTestDescriptor.instantiateAndPostProcessTestInstance(ClassBasedTestDescriptor.java:289)
	at org.junit.jupiter.engine.descriptor.ClassBasedTestDescriptor.lambda$testInstancesProvider$5(ClassBasedTestDescriptor.java:279)
	at java.base/java.util.Optional.orElseGet(Optional.java:364)
	at org.junit.jupiter.engine.descriptor.ClassBasedTestDescriptor.lambda$testInstancesProvider$6(ClassBasedTestDescriptor.java:278)
	at org.junit.jupiter.engine.execution.TestInstancesProvider.getTestInstances(TestInstancesProvider.java:31)
	at org.junit.jupiter.engine.descriptor.TestMethodTestDescriptor.lambda$prepare$1(TestMethodTestDescriptor.java:105)
	at org.junit.platform.engine.support.hierarchical.ThrowableCollector.execute(ThrowableCollector.java:73)
	at org.junit.jupiter.engine.descriptor.TestMethodTestDescriptor.prepare(TestMethodTestDescriptor.java:104)
	at org.junit.jupiter.engine.descriptor.TestMethodTestDescriptor.prepare(TestMethodTestDescriptor.java:68)
	at org.junit.platform.engine.support.hierarchical.NodeTestTask.lambda$prepare$2(NodeTestTask.java:128)
	at org.junit.platform.engine.support.hierarchical.ThrowableCollector.execute(ThrowableCollector.java:73)
	at org.junit.platform.engine.support.hierarchical.NodeTestTask.prepare(NodeTestTask.java:128)
	at org.junit.platform.engine.support.hierarchical.NodeTestTask.execute(NodeTestTask.java:95)
	at java.base/java.util.ArrayList.forEach(ArrayList.java:1511)
	at org.junit.platform.engine.support.hierarchical.SameThreadHierarchicalTestExecutorService.invokeAll(SameThreadHierarchicalTestExecutorService.java:41)
	at org.junit.platform.engine.support.hierarchical.NodeTestTask.lambda$executeRecursively$6(NodeTestTask.java:160)
	at org.junit.platform.engine.support.hierarchical.ThrowableCollector.execute(ThrowableCollector.java:73)
	at org.junit.platform.engine.support.hierarchical.NodeTestTask.lambda$executeRecursively$8(NodeTestTask.java:146)
	at org.junit.platform.engine.support.hierarchical.Node.around(Node.java:137)
	at org.junit.platform.engine.support.hierarchical.NodeTestTask.lambda$executeRecursively$9(NodeTestTask.java:144)
	at org.junit.platform.engine.support.hierarchical.ThrowableCollector.execute(ThrowableCollector.java:73)
	at org.junit.platform.engine.support.hierarchical.NodeTestTask.executeRecursively(NodeTestTask.java:143)
	at org.junit.platform.engine.support.hierarchical.NodeTestTask.execute(NodeTestTask.java:100)
	at java.base/java.util.ArrayList.forEach(ArrayList.java:1511)
	at org.junit.platform.engine.support.hierarchical.SameThreadHierarchicalTestExecutorService.invokeAll(SameThreadHierarchicalTestExecutorService.java:41)
	at org.junit.platform.engine.support.hierarchical.NodeTestTask.lambda$executeRecursively$6(NodeTestTask.java:160)
	at org.junit.platform.engine.support.hierarchical.ThrowableCollector.execute(ThrowableCollector.java:73)
	at org.junit.platform.engine.support.hierarchical.NodeTestTask.lambda$executeRecursively$8(NodeTestTask.java:146)
	at org.junit.platform.engine.support.hierarchical.Node.around(Node.java:137)
	at org.junit.platform.engine.support.hierarchical.NodeTestTask.lambda$executeRecursively$9(NodeTestTask.java:144)
	at org.junit.platform.engine.support.hierarchical.ThrowableCollector.execute(ThrowableCollector.java:73)
	at org.junit.platform.engine.support.hierarchical.NodeTestTask.executeRecursively(NodeTestTask.java:143)
	at org.junit.platform.engine.support.hierarchical.NodeTestTask.execute(NodeTestTask.java:100)
	at org.junit.platform.engine.support.hierarchical.SameThreadHierarchicalTestExecutorService.submit(SameThreadHierarchicalTestExecutorService.java:35)
	at org.junit.platform.engine.support.hierarchical.HierarchicalTestExecutor.execute(HierarchicalTestExecutor.java:57)
	at org.junit.platform.engine.support.hierarchical.HierarchicalTestEngine.execute(HierarchicalTestEngine.java:54)
	at org.junit.platform.launcher.core.EngineExecutionOrchestrator.execute(EngineExecutionOrchestrator.java:198)
	at org.junit.platform.launcher.core.EngineExecutionOrchestrator.execute(EngineExecutionOrchestrator.java:169)
	at org.junit.platform.launcher.core.EngineExecutionOrchestrator.execute(EngineExecutionOrchestrator.java:93)
	at org.junit.platform.launcher.core.EngineExecutionOrchestrator.lambda$execute$0(EngineExecutionOrchestrator.java:58)
	at org.junit.platform.launcher.core.EngineExecutionOrchestrator.withInterceptedStreams(EngineExecutionOrchestrator.java:141)
	at org.junit.platform.launcher.core.EngineExecutionOrchestrator.execute(EngineExecutionOrchestrator.java:57)
	at org.junit.platform.launcher.core.DefaultLauncher.execute(DefaultLauncher.java:103)
	at org.junit.platform.launcher.core.DefaultLauncher.execute(DefaultLauncher.java:85)
	at org.junit.platform.launcher.core.DelegatingLauncher.execute(DelegatingLauncher.java:47)
	at org.gradle.api.internal.tasks.testing.junitplatform.JUnitPlatformTestClassProcessor$CollectAllTestClassesExecutor.processAllTestClasses(JUnitPlatformTestClassProcessor.java:124)
	at org.gradle.api.internal.tasks.testing.junitplatform.JUnitPlatformTestClassProcessor$CollectAllTestClassesExecutor.access$000(JUnitPlatformTestClassProcessor.java:99)
	at org.gradle.api.internal.tasks.testing.junitplatform.JUnitPlatformTestClassProcessor.stop(JUnitPlatformTestClassProcessor.java:94)
	at org.gradle.api.internal.tasks.testing.SuiteTestClassProcessor.stop(SuiteTestClassProcessor.java:63)
	at java.base/jdk.internal.reflect.NativeMethodAccessorImpl.invoke0(Native Method)
	at java.base/jdk.internal.reflect.NativeMethodAccessorImpl.invoke(NativeMethodAccessorImpl.java:77)
	at java.base/jdk.internal.reflect.DelegatingMethodAccessorImpl.invoke(DelegatingMethodAccessorImpl.java:43)
	at java.base/java.lang.reflect.Method.invoke(Method.java:569)
	at org.gradle.internal.dispatch.ReflectionDispatch.dispatch(ReflectionDispatch.java:36)
	at org.gradle.internal.dispatch.ReflectionDispatch.dispatch(ReflectionDispatch.java:24)
	at org.gradle.internal.dispatch.ContextClassLoaderDispatch.dispatch(ContextClassLoaderDispatch.java:33)
	at org.gradle.internal.dispatch.ProxyDispatchAdapter$DispatchingInvocationHandler.invoke(ProxyDispatchAdapter.java:92)
	at jdk.proxy1/jdk.proxy1.$Proxy4.stop(Unknown Source)
	at org.gradle.api.internal.tasks.testing.worker.TestWorker$3.run(TestWorker.java:200)
	at org.gradle.api.internal.tasks.testing.worker.TestWorker.executeAndMaintainThreadName(TestWorker.java:132)
	at org.gradle.api.internal.tasks.testing.worker.TestWorker.execute(TestWorker.java:103)
	at org.gradle.api.internal.tasks.testing.worker.TestWorker.execute(TestWorker.java:63)
	at org.gradle.process.internal.worker.child.ActionExecutionWorker.execute(ActionExecutionWorker.java:56)
	at org.gradle.process.internal.worker.child.SystemApplicationClassLoaderWorker.call(SystemApplicationClassLoaderWorker.java:121)
	at org.gradle.process.internal.worker.child.SystemApplicationClassLoaderWorker.call(SystemApplicationClassLoaderWorker.java:71)
	at worker.org.gradle.process.internal.worker.GradleWorkerMain.run(GradleWorkerMain.java:69)
	at worker.org.gradle.process.internal.worker.GradleWorkerMain.main(GradleWorkerMain.java:74)
Caused by: org.springframework.beans.factory.BeanCreationException: Error creating bean with name 'jpaAuditingHandler': Cannot resolve reference to bean 'jpaMappingContext' while setting constructor argument
	at org.springframework.beans.factory.support.BeanDefinitionValueResolver.resolveReference(BeanDefinitionValueResolver.java:377)
	at org.springframework.beans.factory.support.BeanDefinitionValueResolver.resolveValueIfNecessary(BeanDefinitionValueResolver.java:135)
	at org.springframework.beans.factory.support.ConstructorResolver.resolveConstructorArguments(ConstructorResolver.java:691)
	at org.springframework.beans.factory.support.ConstructorResolver.instantiateUsingFactoryMethod(ConstructorResolver.java:513)
	at org.springframework.beans.factory.support.AbstractAutowireCapableBeanFactory.instantiateUsingFactoryMethod(AbstractAutowireCapableBeanFactory.java:1351)
	at org.springframework.beans.factory.support.AbstractAutowireCapableBeanFactory.createBeanInstance(AbstractAutowireCapableBeanFactory.java:1181)
	at org.springframework.beans.factory.support.AbstractAutowireCapableBeanFactory.doCreateBean(AbstractAutowireCapableBeanFactory.java:563)
	at org.springframework.beans.factory.support.AbstractAutowireCapableBeanFactory.createBean(AbstractAutowireCapableBeanFactory.java:523)
	at org.springframework.beans.factory.support.AbstractBeanFactory.lambda$doGetBean$0(AbstractBeanFactory.java:336)
	at org.springframework.beans.factory.support.DefaultSingletonBeanRegistry.getSingleton(DefaultSingletonBeanRegistry.java:288)
	at org.springframework.beans.factory.support.AbstractBeanFactory.doGetBean(AbstractBeanFactory.java:334)
	at org.springframework.beans.factory.support.AbstractBeanFactory.getBean(AbstractBeanFactory.java:199)
	at org.springframework.beans.factory.support.DefaultListableBeanFactory.instantiateSingleton(DefaultListableBeanFactory.java:1122)
	at org.springframework.beans.factory.support.DefaultListableBeanFactory.preInstantiateSingleton(DefaultListableBeanFactory.java:1093)
	at org.springframework.beans.factory.support.DefaultListableBeanFactory.preInstantiateSingletons(DefaultListableBeanFactory.java:1030)
	at org.springframework.context.support.AbstractApplicationContext.finishBeanFactoryInitialization(AbstractApplicationContext.java:987)
	at org.springframework.context.support.AbstractApplicationContext.refresh(AbstractApplicationContext.java:627)
	at org.springframework.boot.SpringApplication.refresh(SpringApplication.java:752)
	at org.springframework.boot.SpringApplication.refreshContext(SpringApplication.java:439)
	at org.springframework.boot.SpringApplication.run(SpringApplication.java:318)
	at org.springframework.boot.test.context.SpringBootContextLoader.lambda$loadContext$3(SpringBootContextLoader.java:137)
	at org.springframework.util.function.ThrowingSupplier.get(ThrowingSupplier.java:58)
	at org.springframework.util.function.ThrowingSupplier.get(ThrowingSupplier.java:46)
	at org.springframework.boot.SpringApplication.withHook(SpringApplication.java:1461)
	at org.springframework.boot.test.context.SpringBootContextLoader$ContextLoaderHook.run(SpringBootContextLoader.java:553)
	at org.springframework.boot.test.context.SpringBootContextLoader.loadContext(SpringBootContextLoader.java:137)
	at org.springframework.boot.test.context.SpringBootContextLoader.loadContext(SpringBootContextLoader.java:108)
	at org.springframework.test.context.cache.DefaultCacheAwareContextLoaderDelegate.loadContextInternal(DefaultCacheAwareContextLoaderDelegate.java:225)
	at org.springframework.test.context.cache.DefaultCacheAwareContextLoaderDelegate.loadContext(DefaultCacheAwareContextLoaderDelegate.java:152)
	... 89 common frames omitted
Caused by: org.springframework.beans.factory.BeanCreationException: Error creating bean with name 'jpaMappingContext': JPA metamodel must not be empty
	at org.springframework.beans.factory.support.AbstractAutowireCapableBeanFactory.initializeBean(AbstractAutowireCapableBeanFactory.java:1802)
	at org.springframework.beans.factory.support.AbstractAutowireCapableBeanFactory.doCreateBean(AbstractAutowireCapableBeanFactory.java:601)
	at org.springframework.beans.factory.support.AbstractAutowireCapableBeanFactory.createBean(AbstractAutowireCapableBeanFactory.java:523)
	at org.springframework.beans.factory.support.AbstractBeanFactory.lambda$doGetBean$0(AbstractBeanFactory.java:336)
	at org.springframework.beans.factory.support.DefaultSingletonBeanRegistry.getSingleton(DefaultSingletonBeanRegistry.java:288)
	at org.springframework.beans.factory.support.AbstractBeanFactory.doGetBean(AbstractBeanFactory.java:334)
	at org.springframework.beans.factory.support.AbstractBeanFactory.getBean(AbstractBeanFactory.java:199)
	at org.springframework.beans.factory.support.BeanDefinitionValueResolver.resolveReference(BeanDefinitionValueResolver.java:365)
	... 117 common frames omitted
Caused by: java.lang.IllegalArgumentException: JPA metamodel must not be empty
	at org.springframework.util.Assert.notEmpty(Assert.java:398)
	at org.springframework.data.jpa.mapping.JpaMetamodelMappingContext.<init>(JpaMetamodelMappingContext.java:57)
	at org.springframework.data.jpa.repository.config.JpaMetamodelMappingContextFactoryBean.createInstance(JpaMetamodelMappingContextFactoryBean.java:68)
	at org.springframework.data.jpa.repository.config.JpaMetamodelMappingContextFactoryBean.createInstance(JpaMetamodelMappingContextFactoryBean.java:1)
	at org.springframework.beans.factory.config.AbstractFactoryBean.afterPropertiesSet(AbstractFactoryBean.java:142)
	at org.springframework.beans.factory.support.AbstractAutowireCapableBeanFactory.invokeInitMethods(AbstractAutowireCapableBeanFactory.java:1849)
	at org.springframework.beans.factory.support.AbstractAutowireCapableBeanFactory.initializeBean(AbstractAutowireCapableBeanFactory.java:1798)
	... 124 common frames omitted
26-06-07 22:12:40.999 [Test worker] WARN  o.s.test.context.TestContextManager  - Caught exception while allowing TestExecutionListener [org.springframework.test.context.bean.override.BeanOverrideTestExecutionListener] to prepare test instance [com.sprint.mission.discodeit.controller.UserControllerTest@53eb6ac5]
java.lang.IllegalStateException: ApplicationContext failure threshold (1) exceeded: skipping repeated attempt to load context for [WebMergedContextConfiguration@5e428dde testClass = com.sprint.mission.discodeit.controller.UserControllerTest, locations = [], classes = [com.sprint.mission.discodeit.DiscodeitApplication], contextInitializerClasses = [], activeProfiles = [], propertySourceDescriptors = [], propertySourceProperties = ["org.springframework.boot.test.autoconfigure.web.servlet.WebMvcTestContextBootstrapper=true"], contextCustomizers = [org.springframework.boot.test.autoconfigure.OnFailureConditionReportContextCustomizerFactory$OnFailureConditionReportContextCustomizer@54e22bdd, org.springframework.boot.test.autoconfigure.OverrideAutoConfigurationContextCustomizerFactory$DisableAutoConfigurationContextCustomizer@4a187041, org.springframework.boot.test.autoconfigure.actuate.observability.ObservabilityContextCustomizerFactory$DisableObservabilityContextCustomizer@1f, org.springframework.boot.test.autoconfigure.filter.TypeExcludeFiltersContextCustomizer@5464e5e9, org.springframework.boot.test.autoconfigure.properties.PropertyMappingContextCustomizer@d3493c4d, org.springframework.boot.test.autoconfigure.web.servlet.WebDriverContextCustomizer@315f43d5, [ImportsContextCustomizer@927e34d key = [org.springframework.boot.autoconfigure.task.TaskExecutionAutoConfiguration, org.springframework.boot.autoconfigure.cache.CacheAutoConfiguration, org.springframework.boot.autoconfigure.web.servlet.HttpEncodingAutoConfiguration, org.springframework.boot.autoconfigure.validation.ValidationAutoConfiguration, org.springframework.boot.autoconfigure.context.MessageSourceAutoConfiguration, org.springframework.boot.autoconfigure.hateoas.HypermediaAutoConfiguration, org.springframework.boot.autoconfigure.jackson.JacksonAutoConfiguration, org.springframework.boot.autoconfigure.data.web.SpringDataWebAutoConfiguration, org.springframework.boot.test.autoconfigure.web.reactive.WebTestClientAutoConfiguration, org.springframework.boot.autoconfigure.web.servlet.error.ErrorMvcAutoConfiguration, org.springframework.boot.test.autoconfigure.web.servlet.MockMvcAutoConfiguration, com.sprint.mission.discodeit.exception.GlobalExceptionHandler, org.springframework.boot.autoconfigure.security.servlet.SecurityAutoConfiguration, org.springframework.boot.autoconfigure.security.servlet.SecurityFilterAutoConfiguration, org.springframework.boot.autoconfigure.http.HttpMessageConvertersAutoConfiguration, org.springframework.boot.autoconfigure.security.oauth2.client.servlet.OAuth2ClientAutoConfiguration, org.springframework.boot.test.autoconfigure.web.servlet.MockMvcSecurityConfiguration, org.springframework.boot.test.autoconfigure.web.servlet.MockMvcWebClientAutoConfiguration, org.springframework.boot.test.autoconfigure.web.servlet.MockMvcWebDriverAutoConfiguration, org.springframework.boot.autoconfigure.thymeleaf.ThymeleafAutoConfiguration, org.springframework.boot.autoconfigure.gson.GsonAutoConfiguration, org.springframework.boot.autoconfigure.jsonb.JsonbAutoConfiguration, org.springframework.boot.autoconfigure.freemarker.FreeMarkerAutoConfiguration, org.springframework.boot.autoconfigure.web.servlet.WebMvcAutoConfiguration, org.springframework.boot.autoconfigure.security.servlet.UserDetailsServiceAutoConfiguration, org.springframework.boot.autoconfigure.security.oauth2.resource.servlet.OAuth2ResourceServerAutoConfiguration, org.springframework.boot.autoconfigure.groovy.template.GroovyTemplateAutoConfiguration, org.springframework.boot.autoconfigure.mustache.MustacheAutoConfiguration]], org.springframework.boot.test.context.filter.ExcludeFilterContextCustomizer@2f05be7f, org.springframework.boot.test.json.DuplicateJsonObjectContextCustomizerFactory$DuplicateJsonObjectContextCustomizer@64a8c844, org.springframework.boot.test.mock.mockito.MockitoContextCustomizer@0, org.springframework.boot.test.web.reactor.netty.DisableReactorResourceFactoryGlobalResourcesContextCustomizerFactory$DisableReactorResourceFactoryGlobalResourcesContextCustomizerCustomizer@19553973, org.springframework.test.context.bean.override.BeanOverrideContextCustomizer@1a536866, org.springframework.test.context.support.DynamicPropertiesContextCustomizer@0, org.springframework.boot.test.context.SpringBootTestAnnotation@c948181f], resourceBasePath = "src/main/webapp", contextLoader = org.springframework.boot.test.context.SpringBootContextLoader, parent = null]
	at org.springframework.test.context.cache.DefaultCacheAwareContextLoaderDelegate.loadContext(DefaultCacheAwareContextLoaderDelegate.java:145)
	at org.springframework.test.context.support.DefaultTestContext.getApplicationContext(DefaultTestContext.java:130)
	at org.springframework.test.context.bean.override.BeanOverrideTestExecutionListener.injectFields(BeanOverrideTestExecutionListener.java:87)
	at org.springframework.test.context.bean.override.BeanOverrideTestExecutionListener.prepareTestInstance(BeanOverrideTestExecutionListener.java:58)
	at org.springframework.test.context.TestContextManager.prepareTestInstance(TestContextManager.java:260)
	at org.springframework.test.context.junit.jupiter.SpringExtension.postProcessTestInstance(SpringExtension.java:160)
	at org.junit.jupiter.engine.descriptor.ClassBasedTestDescriptor.lambda$invokeTestInstancePostProcessors$11(ClassBasedTestDescriptor.java:378)
	at org.junit.jupiter.engine.descriptor.ClassBasedTestDescriptor.executeAndMaskThrowable(ClassBasedTestDescriptor.java:383)
	at org.junit.jupiter.engine.descriptor.ClassBasedTestDescriptor.lambda$invokeTestInstancePostProcessors$12(ClassBasedTestDescriptor.java:378)
	at java.base/java.util.stream.ForEachOps$ForEachOp$OfRef.accept(ForEachOps.java:183)
	at java.base/java.util.stream.ReferencePipeline$3$1.accept(ReferencePipeline.java:197)
	at java.base/java.util.stream.ReferencePipeline$2$1.accept(ReferencePipeline.java:179)
	at java.base/java.util.stream.ReferencePipeline$3$1.accept(ReferencePipeline.java:197)
	at java.base/java.util.ArrayList$ArrayListSpliterator.forEachRemaining(ArrayList.java:1625)
	at java.base/java.util.stream.AbstractPipeline.copyInto(AbstractPipeline.java:509)
	at java.base/java.util.stream.AbstractPipeline.wrapAndCopyInto(AbstractPipeline.java:499)
	at java.base/java.util.stream.ForEachOps$ForEachOp.evaluateSequential(ForEachOps.java:150)
	at java.base/java.util.stream.ForEachOps$ForEachOp$OfRef.evaluateSequential(ForEachOps.java:173)
	at java.base/java.util.stream.AbstractPipeline.evaluate(AbstractPipeline.java:234)
	at java.base/java.util.stream.ReferencePipeline.forEach(ReferencePipeline.java:596)
	at org.junit.jupiter.engine.descriptor.ClassBasedTestDescriptor.invokeTestInstancePostProcessors(ClassBasedTestDescriptor.java:377)
	at org.junit.jupiter.engine.descriptor.ClassBasedTestDescriptor.lambda$instantiateAndPostProcessTestInstance$7(ClassBasedTestDescriptor.java:290)
	at org.junit.platform.engine.support.hierarchical.ThrowableCollector.execute(ThrowableCollector.java:73)
	at org.junit.jupiter.engine.descriptor.ClassBasedTestDescriptor.instantiateAndPostProcessTestInstance(ClassBasedTestDescriptor.java:289)
	at org.junit.jupiter.engine.descriptor.ClassBasedTestDescriptor.lambda$testInstancesProvider$5(ClassBasedTestDescriptor.java:279)
	at java.base/java.util.Optional.orElseGet(Optional.java:364)
	at org.junit.jupiter.engine.descriptor.ClassBasedTestDescriptor.lambda$testInstancesProvider$6(ClassBasedTestDescriptor.java:278)
	at org.junit.jupiter.engine.execution.TestInstancesProvider.getTestInstances(TestInstancesProvider.java:31)
	at org.junit.jupiter.engine.descriptor.TestMethodTestDescriptor.lambda$prepare$1(TestMethodTestDescriptor.java:105)
	at org.junit.platform.engine.support.hierarchical.ThrowableCollector.execute(ThrowableCollector.java:73)
	at org.junit.jupiter.engine.descriptor.TestMethodTestDescriptor.prepare(TestMethodTestDescriptor.java:104)
	at org.junit.jupiter.engine.descriptor.TestMethodTestDescriptor.prepare(TestMethodTestDescriptor.java:68)
	at org.junit.platform.engine.support.hierarchical.NodeTestTask.lambda$prepare$2(NodeTestTask.java:128)
	at org.junit.platform.engine.support.hierarchical.ThrowableCollector.execute(ThrowableCollector.java:73)
	at org.junit.platform.engine.support.hierarchical.NodeTestTask.prepare(NodeTestTask.java:128)
	at org.junit.platform.engine.support.hierarchical.NodeTestTask.execute(NodeTestTask.java:95)
	at java.base/java.util.ArrayList.forEach(ArrayList.java:1511)
	at org.junit.platform.engine.support.hierarchical.SameThreadHierarchicalTestExecutorService.invokeAll(SameThreadHierarchicalTestExecutorService.java:41)
	at org.junit.platform.engine.support.hierarchical.NodeTestTask.lambda$executeRecursively$6(NodeTestTask.java:160)
	at org.junit.platform.engine.support.hierarchical.ThrowableCollector.execute(ThrowableCollector.java:73)
	at org.junit.platform.engine.support.hierarchical.NodeTestTask.lambda$executeRecursively$8(NodeTestTask.java:146)
	at org.junit.platform.engine.support.hierarchical.Node.around(Node.java:137)
	at org.junit.platform.engine.support.hierarchical.NodeTestTask.lambda$executeRecursively$9(NodeTestTask.java:144)
	at org.junit.platform.engine.support.hierarchical.ThrowableCollector.execute(ThrowableCollector.java:73)
	at org.junit.platform.engine.support.hierarchical.NodeTestTask.executeRecursively(NodeTestTask.java:143)
	at org.junit.platform.engine.support.hierarchical.NodeTestTask.execute(NodeTestTask.java:100)
	at java.base/java.util.ArrayList.forEach(ArrayList.java:1511)
	at org.junit.platform.engine.support.hierarchical.SameThreadHierarchicalTestExecutorService.invokeAll(SameThreadHierarchicalTestExecutorService.java:41)
	at org.junit.platform.engine.support.hierarchical.NodeTestTask.lambda$executeRecursively$6(NodeTestTask.java:160)
	at org.junit.platform.engine.support.hierarchical.ThrowableCollector.execute(ThrowableCollector.java:73)
	at org.junit.platform.engine.support.hierarchical.NodeTestTask.lambda$executeRecursively$8(NodeTestTask.java:146)
	at org.junit.platform.engine.support.hierarchical.Node.around(Node.java:137)
	at org.junit.platform.engine.support.hierarchical.NodeTestTask.lambda$executeRecursively$9(NodeTestTask.java:144)
	at org.junit.platform.engine.support.hierarchical.ThrowableCollector.execute(ThrowableCollector.java:73)
	at org.junit.platform.engine.support.hierarchical.NodeTestTask.executeRecursively(NodeTestTask.java:143)
	at org.junit.platform.engine.support.hierarchical.NodeTestTask.execute(NodeTestTask.java:100)
	at org.junit.platform.engine.support.hierarchical.SameThreadHierarchicalTestExecutorService.submit(SameThreadHierarchicalTestExecutorService.java:35)
	at org.junit.platform.engine.support.hierarchical.HierarchicalTestExecutor.execute(HierarchicalTestExecutor.java:57)
	at org.junit.platform.engine.support.hierarchical.HierarchicalTestEngine.execute(HierarchicalTestEngine.java:54)
	at org.junit.platform.launcher.core.EngineExecutionOrchestrator.execute(EngineExecutionOrchestrator.java:198)
	at org.junit.platform.launcher.core.EngineExecutionOrchestrator.execute(EngineExecutionOrchestrator.java:169)
	at org.junit.platform.launcher.core.EngineExecutionOrchestrator.execute(EngineExecutionOrchestrator.java:93)
	at org.junit.platform.launcher.core.EngineExecutionOrchestrator.lambda$execute$0(EngineExecutionOrchestrator.java:58)
	at org.junit.platform.launcher.core.EngineExecutionOrchestrator.withInterceptedStreams(EngineExecutionOrchestrator.java:141)
	at org.junit.platform.launcher.core.EngineExecutionOrchestrator.execute(EngineExecutionOrchestrator.java:57)
	at org.junit.platform.launcher.core.DefaultLauncher.execute(DefaultLauncher.java:103)
	at org.junit.platform.launcher.core.DefaultLauncher.execute(DefaultLauncher.java:85)
	at org.junit.platform.launcher.core.DelegatingLauncher.execute(DelegatingLauncher.java:47)
	at org.gradle.api.internal.tasks.testing.junitplatform.JUnitPlatformTestClassProcessor$CollectAllTestClassesExecutor.processAllTestClasses(JUnitPlatformTestClassProcessor.java:124)
	at org.gradle.api.internal.tasks.testing.junitplatform.JUnitPlatformTestClassProcessor$CollectAllTestClassesExecutor.access$000(JUnitPlatformTestClassProcessor.java:99)
	at org.gradle.api.internal.tasks.testing.junitplatform.JUnitPlatformTestClassProcessor.stop(JUnitPlatformTestClassProcessor.java:94)
	at org.gradle.api.internal.tasks.testing.SuiteTestClassProcessor.stop(SuiteTestClassProcessor.java:63)
	at java.base/jdk.internal.reflect.NativeMethodAccessorImpl.invoke0(Native Method)
	at java.base/jdk.internal.reflect.NativeMethodAccessorImpl.invoke(NativeMethodAccessorImpl.java:77)
	at java.base/jdk.internal.reflect.DelegatingMethodAccessorImpl.invoke(DelegatingMethodAccessorImpl.java:43)
	at java.base/java.lang.reflect.Method.invoke(Method.java:569)
	at org.gradle.internal.dispatch.ReflectionDispatch.dispatch(ReflectionDispatch.java:36)
	at org.gradle.internal.dispatch.ReflectionDispatch.dispatch(ReflectionDispatch.java:24)
	at org.gradle.internal.dispatch.ContextClassLoaderDispatch.dispatch(ContextClassLoaderDispatch.java:33)
	at org.gradle.internal.dispatch.ProxyDispatchAdapter$DispatchingInvocationHandler.invoke(ProxyDispatchAdapter.java:92)
	at jdk.proxy1/jdk.proxy1.$Proxy4.stop(Unknown Source)
	at org.gradle.api.internal.tasks.testing.worker.TestWorker$3.run(TestWorker.java:200)
	at org.gradle.api.internal.tasks.testing.worker.TestWorker.executeAndMaintainThreadName(TestWorker.java:132)
	at org.gradle.api.internal.tasks.testing.worker.TestWorker.execute(TestWorker.java:103)
	at org.gradle.api.internal.tasks.testing.worker.TestWorker.execute(TestWorker.java:63)
	at org.gradle.process.internal.worker.child.ActionExecutionWorker.execute(ActionExecutionWorker.java:56)
	at org.gradle.process.internal.worker.child.SystemApplicationClassLoaderWorker.call(SystemApplicationClassLoaderWorker.java:121)
	at org.gradle.process.internal.worker.child.SystemApplicationClassLoaderWorker.call(SystemApplicationClassLoaderWorker.java:71)
	at worker.org.gradle.process.internal.worker.GradleWorkerMain.run(GradleWorkerMain.java:69)
	at worker.org.gradle.process.internal.worker.GradleWorkerMain.main(GradleWorkerMain.java:74)
26-06-07 22:12:41.001 [Test worker] WARN  o.s.test.context.TestContextManager  - Caught exception while allowing TestExecutionListener [org.springframework.test.context.bean.override.BeanOverrideTestExecutionListener] to prepare test instance [com.sprint.mission.discodeit.controller.UserControllerTest@6797b494]
java.lang.IllegalStateException: ApplicationContext failure threshold (1) exceeded: skipping repeated attempt to load context for [WebMergedContextConfiguration@5e428dde testClass = com.sprint.mission.discodeit.controller.UserControllerTest, locations = [], classes = [com.sprint.mission.discodeit.DiscodeitApplication], contextInitializerClasses = [], activeProfiles = [], propertySourceDescriptors = [], propertySourceProperties = ["org.springframework.boot.test.autoconfigure.web.servlet.WebMvcTestContextBootstrapper=true"], contextCustomizers = [org.springframework.boot.test.autoconfigure.OnFailureConditionReportContextCustomizerFactory$OnFailureConditionReportContextCustomizer@54e22bdd, org.springframework.boot.test.autoconfigure.OverrideAutoConfigurationContextCustomizerFactory$DisableAutoConfigurationContextCustomizer@4a187041, org.springframework.boot.test.autoconfigure.actuate.observability.ObservabilityContextCustomizerFactory$DisableObservabilityContextCustomizer@1f, org.springframework.boot.test.autoconfigure.filter.TypeExcludeFiltersContextCustomizer@5464e5e9, org.springframework.boot.test.autoconfigure.properties.PropertyMappingContextCustomizer@d3493c4d, org.springframework.boot.test.autoconfigure.web.servlet.WebDriverContextCustomizer@315f43d5, [ImportsContextCustomizer@927e34d key = [org.springframework.boot.autoconfigure.task.TaskExecutionAutoConfiguration, org.springframework.boot.autoconfigure.cache.CacheAutoConfiguration, org.springframework.boot.autoconfigure.web.servlet.HttpEncodingAutoConfiguration, org.springframework.boot.autoconfigure.validation.ValidationAutoConfiguration, org.springframework.boot.autoconfigure.context.MessageSourceAutoConfiguration, org.springframework.boot.autoconfigure.hateoas.HypermediaAutoConfiguration, org.springframework.boot.autoconfigure.jackson.JacksonAutoConfiguration, org.springframework.boot.autoconfigure.data.web.SpringDataWebAutoConfiguration, org.springframework.boot.test.autoconfigure.web.reactive.WebTestClientAutoConfiguration, org.springframework.boot.autoconfigure.web.servlet.error.ErrorMvcAutoConfiguration, org.springframework.boot.test.autoconfigure.web.servlet.MockMvcAutoConfiguration, com.sprint.mission.discodeit.exception.GlobalExceptionHandler, org.springframework.boot.autoconfigure.security.servlet.SecurityAutoConfiguration, org.springframework.boot.autoconfigure.security.servlet.SecurityFilterAutoConfiguration, org.springframework.boot.autoconfigure.http.HttpMessageConvertersAutoConfiguration, org.springframework.boot.autoconfigure.security.oauth2.client.servlet.OAuth2ClientAutoConfiguration, org.springframework.boot.test.autoconfigure.web.servlet.MockMvcSecurityConfiguration, org.springframework.boot.test.autoconfigure.web.servlet.MockMvcWebClientAutoConfiguration, org.springframework.boot.test.autoconfigure.web.servlet.MockMvcWebDriverAutoConfiguration, org.springframework.boot.autoconfigure.thymeleaf.ThymeleafAutoConfiguration, org.springframework.boot.autoconfigure.gson.GsonAutoConfiguration, org.springframework.boot.autoconfigure.jsonb.JsonbAutoConfiguration, org.springframework.boot.autoconfigure.freemarker.FreeMarkerAutoConfiguration, org.springframework.boot.autoconfigure.web.servlet.WebMvcAutoConfiguration, org.springframework.boot.autoconfigure.security.servlet.UserDetailsServiceAutoConfiguration, org.springframework.boot.autoconfigure.security.oauth2.resource.servlet.OAuth2ResourceServerAutoConfiguration, org.springframework.boot.autoconfigure.groovy.template.GroovyTemplateAutoConfiguration, org.springframework.boot.autoconfigure.mustache.MustacheAutoConfiguration]], org.springframework.boot.test.context.filter.ExcludeFilterContextCustomizer@2f05be7f, org.springframework.boot.test.json.DuplicateJsonObjectContextCustomizerFactory$DuplicateJsonObjectContextCustomizer@64a8c844, org.springframework.boot.test.mock.mockito.MockitoContextCustomizer@0, org.springframework.boot.test.web.reactor.netty.DisableReactorResourceFactoryGlobalResourcesContextCustomizerFactory$DisableReactorResourceFactoryGlobalResourcesContextCustomizerCustomizer@19553973, org.springframework.test.context.bean.override.BeanOverrideContextCustomizer@1a536866, org.springframework.test.context.support.DynamicPropertiesContextCustomizer@0, org.springframework.boot.test.context.SpringBootTestAnnotation@c948181f], resourceBasePath = "src/main/webapp", contextLoader = org.springframework.boot.test.context.SpringBootContextLoader, parent = null]
	at org.springframework.test.context.cache.DefaultCacheAwareContextLoaderDelegate.loadContext(DefaultCacheAwareContextLoaderDelegate.java:145)
	at org.springframework.test.context.support.DefaultTestContext.getApplicationContext(DefaultTestContext.java:130)
	at org.springframework.test.context.bean.override.BeanOverrideTestExecutionListener.injectFields(BeanOverrideTestExecutionListener.java:87)
	at org.springframework.test.context.bean.override.BeanOverrideTestExecutionListener.prepareTestInstance(BeanOverrideTestExecutionListener.java:58)
	at org.springframework.test.context.TestContextManager.prepareTestInstance(TestContextManager.java:260)
	at org.springframework.test.context.junit.jupiter.SpringExtension.postProcessTestInstance(SpringExtension.java:160)
	at org.junit.jupiter.engine.descriptor.ClassBasedTestDescriptor.lambda$invokeTestInstancePostProcessors$11(ClassBasedTestDescriptor.java:378)
	at org.junit.jupiter.engine.descriptor.ClassBasedTestDescriptor.executeAndMaskThrowable(ClassBasedTestDescriptor.java:383)
	at org.junit.jupiter.engine.descriptor.ClassBasedTestDescriptor.lambda$invokeTestInstancePostProcessors$12(ClassBasedTestDescriptor.java:378)
	at java.base/java.util.stream.ForEachOps$ForEachOp$OfRef.accept(ForEachOps.java:183)
	at java.base/java.util.stream.ReferencePipeline$3$1.accept(ReferencePipeline.java:197)
	at java.base/java.util.stream.ReferencePipeline$2$1.accept(ReferencePipeline.java:179)
	at java.base/java.util.stream.ReferencePipeline$3$1.accept(ReferencePipeline.java:197)
	at java.base/java.util.ArrayList$ArrayListSpliterator.forEachRemaining(ArrayList.java:1625)
	at java.base/java.util.stream.AbstractPipeline.copyInto(AbstractPipeline.java:509)
	at java.base/java.util.stream.AbstractPipeline.wrapAndCopyInto(AbstractPipeline.java:499)
	at java.base/java.util.stream.ForEachOps$ForEachOp.evaluateSequential(ForEachOps.java:150)
	at java.base/java.util.stream.ForEachOps$ForEachOp$OfRef.evaluateSequential(ForEachOps.java:173)
	at java.base/java.util.stream.AbstractPipeline.evaluate(AbstractPipeline.java:234)
	at java.base/java.util.stream.ReferencePipeline.forEach(ReferencePipeline.java:596)
	at org.junit.jupiter.engine.descriptor.ClassBasedTestDescriptor.invokeTestInstancePostProcessors(ClassBasedTestDescriptor.java:377)
	at org.junit.jupiter.engine.descriptor.ClassBasedTestDescriptor.lambda$instantiateAndPostProcessTestInstance$7(ClassBasedTestDescriptor.java:290)
	at org.junit.platform.engine.support.hierarchical.ThrowableCollector.execute(ThrowableCollector.java:73)
	at org.junit.jupiter.engine.descriptor.ClassBasedTestDescriptor.instantiateAndPostProcessTestInstance(ClassBasedTestDescriptor.java:289)
	at org.junit.jupiter.engine.descriptor.ClassBasedTestDescriptor.lambda$testInstancesProvider$5(ClassBasedTestDescriptor.java:279)
	at java.base/java.util.Optional.orElseGet(Optional.java:364)
	at org.junit.jupiter.engine.descriptor.ClassBasedTestDescriptor.lambda$testInstancesProvider$6(ClassBasedTestDescriptor.java:278)
	at org.junit.jupiter.engine.execution.TestInstancesProvider.getTestInstances(TestInstancesProvider.java:31)
	at org.junit.jupiter.engine.descriptor.TestMethodTestDescriptor.lambda$prepare$1(TestMethodTestDescriptor.java:105)
	at org.junit.platform.engine.support.hierarchical.ThrowableCollector.execute(ThrowableCollector.java:73)
	at org.junit.jupiter.engine.descriptor.TestMethodTestDescriptor.prepare(TestMethodTestDescriptor.java:104)
	at org.junit.jupiter.engine.descriptor.TestMethodTestDescriptor.prepare(TestMethodTestDescriptor.java:68)
	at org.junit.platform.engine.support.hierarchical.NodeTestTask.lambda$prepare$2(NodeTestTask.java:128)
	at org.junit.platform.engine.support.hierarchical.ThrowableCollector.execute(ThrowableCollector.java:73)
	at org.junit.platform.engine.support.hierarchical.NodeTestTask.prepare(NodeTestTask.java:128)
	at org.junit.platform.engine.support.hierarchical.NodeTestTask.execute(NodeTestTask.java:95)
	at java.base/java.util.ArrayList.forEach(ArrayList.java:1511)
	at org.junit.platform.engine.support.hierarchical.SameThreadHierarchicalTestExecutorService.invokeAll(SameThreadHierarchicalTestExecutorService.java:41)
	at org.junit.platform.engine.support.hierarchical.NodeTestTask.lambda$executeRecursively$6(NodeTestTask.java:160)
	at org.junit.platform.engine.support.hierarchical.ThrowableCollector.execute(ThrowableCollector.java:73)
	at org.junit.platform.engine.support.hierarchical.NodeTestTask.lambda$executeRecursively$8(NodeTestTask.java:146)
	at org.junit.platform.engine.support.hierarchical.Node.around(Node.java:137)
	at org.junit.platform.engine.support.hierarchical.NodeTestTask.lambda$executeRecursively$9(NodeTestTask.java:144)
	at org.junit.platform.engine.support.hierarchical.ThrowableCollector.execute(ThrowableCollector.java:73)
	at org.junit.platform.engine.support.hierarchical.NodeTestTask.executeRecursively(NodeTestTask.java:143)
	at org.junit.platform.engine.support.hierarchical.NodeTestTask.execute(NodeTestTask.java:100)
	at java.base/java.util.ArrayList.forEach(ArrayList.java:1511)
	at org.junit.platform.engine.support.hierarchical.SameThreadHierarchicalTestExecutorService.invokeAll(SameThreadHierarchicalTestExecutorService.java:41)
	at org.junit.platform.engine.support.hierarchical.NodeTestTask.lambda$executeRecursively$6(NodeTestTask.java:160)
	at org.junit.platform.engine.support.hierarchical.ThrowableCollector.execute(ThrowableCollector.java:73)
	at org.junit.platform.engine.support.hierarchical.NodeTestTask.lambda$executeRecursively$8(NodeTestTask.java:146)
	at org.junit.platform.engine.support.hierarchical.Node.around(Node.java:137)
	at org.junit.platform.engine.support.hierarchical.NodeTestTask.lambda$executeRecursively$9(NodeTestTask.java:144)
	at org.junit.platform.engine.support.hierarchical.ThrowableCollector.execute(ThrowableCollector.java:73)
	at org.junit.platform.engine.support.hierarchical.NodeTestTask.executeRecursively(NodeTestTask.java:143)
	at org.junit.platform.engine.support.hierarchical.NodeTestTask.execute(NodeTestTask.java:100)
	at org.junit.platform.engine.support.hierarchical.SameThreadHierarchicalTestExecutorService.submit(SameThreadHierarchicalTestExecutorService.java:35)
	at org.junit.platform.engine.support.hierarchical.HierarchicalTestExecutor.execute(HierarchicalTestExecutor.java:57)
	at org.junit.platform.engine.support.hierarchical.HierarchicalTestEngine.execute(HierarchicalTestEngine.java:54)
	at org.junit.platform.launcher.core.EngineExecutionOrchestrator.execute(EngineExecutionOrchestrator.java:198)
	at org.junit.platform.launcher.core.EngineExecutionOrchestrator.execute(EngineExecutionOrchestrator.java:169)
	at org.junit.platform.launcher.core.EngineExecutionOrchestrator.execute(EngineExecutionOrchestrator.java:93)
	at org.junit.platform.launcher.core.EngineExecutionOrchestrator.lambda$execute$0(EngineExecutionOrchestrator.java:58)
	at org.junit.platform.launcher.core.EngineExecutionOrchestrator.withInterceptedStreams(EngineExecutionOrchestrator.java:141)
	at org.junit.platform.launcher.core.EngineExecutionOrchestrator.execute(EngineExecutionOrchestrator.java:57)
	at org.junit.platform.launcher.core.DefaultLauncher.execute(DefaultLauncher.java:103)
	at org.junit.platform.launcher.core.DefaultLauncher.execute(DefaultLauncher.java:85)
	at org.junit.platform.launcher.core.DelegatingLauncher.execute(DelegatingLauncher.java:47)
	at org.gradle.api.internal.tasks.testing.junitplatform.JUnitPlatformTestClassProcessor$CollectAllTestClassesExecutor.processAllTestClasses(JUnitPlatformTestClassProcessor.java:124)
	at org.gradle.api.internal.tasks.testing.junitplatform.JUnitPlatformTestClassProcessor$CollectAllTestClassesExecutor.access$000(JUnitPlatformTestClassProcessor.java:99)
	at org.gradle.api.internal.tasks.testing.junitplatform.JUnitPlatformTestClassProcessor.stop(JUnitPlatformTestClassProcessor.java:94)
	at org.gradle.api.internal.tasks.testing.SuiteTestClassProcessor.stop(SuiteTestClassProcessor.java:63)
	at java.base/jdk.internal.reflect.NativeMethodAccessorImpl.invoke0(Native Method)
	at java.base/jdk.internal.reflect.NativeMethodAccessorImpl.invoke(NativeMethodAccessorImpl.java:77)
	at java.base/jdk.internal.reflect.DelegatingMethodAccessorImpl.invoke(DelegatingMethodAccessorImpl.java:43)
	at java.base/java.lang.reflect.Method.invoke(Method.java:569)
	at org.gradle.internal.dispatch.ReflectionDispatch.dispatch(ReflectionDispatch.java:36)
	at org.gradle.internal.dispatch.ReflectionDispatch.dispatch(ReflectionDispatch.java:24)
	at org.gradle.internal.dispatch.ContextClassLoaderDispatch.dispatch(ContextClassLoaderDispatch.java:33)
	at org.gradle.internal.dispatch.ProxyDispatchAdapter$DispatchingInvocationHandler.invoke(ProxyDispatchAdapter.java:92)
	at jdk.proxy1/jdk.proxy1.$Proxy4.stop(Unknown Source)
	at org.gradle.api.internal.tasks.testing.worker.TestWorker$3.run(TestWorker.java:200)
	at org.gradle.api.internal.tasks.testing.worker.TestWorker.executeAndMaintainThreadName(TestWorker.java:132)
	at org.gradle.api.internal.tasks.testing.worker.TestWorker.execute(TestWorker.java:103)
	at org.gradle.api.internal.tasks.testing.worker.TestWorker.execute(TestWorker.java:63)
	at org.gradle.process.internal.worker.child.ActionExecutionWorker.execute(ActionExecutionWorker.java:56)
	at org.gradle.process.internal.worker.child.SystemApplicationClassLoaderWorker.call(SystemApplicationClassLoaderWorker.java:121)
	at org.gradle.process.internal.worker.child.SystemApplicationClassLoaderWorker.call(SystemApplicationClassLoaderWorker.java:71)
	at worker.org.gradle.process.internal.worker.GradleWorkerMain.run(GradleWorkerMain.java:69)
	at worker.org.gradle.process.internal.worker.GradleWorkerMain.main(GradleWorkerMain.java:74)
26-06-07 22:12:41.007 [Test worker] INFO  s.AnnotationConfigContextLoaderUtils - Could not detect default configuration classes for test class [com.sprint.mission.discodeit.integration.ChannelIntegrationTest]: ChannelIntegrationTest does not declare any static, non-private, non-final, nested classes annotated with @Configuration.
26-06-07 22:12:41.014 [Test worker] INFO  .c.SpringBootTestContextBootstrapper - Found @SpringBootConfiguration com.sprint.mission.discodeit.DiscodeitApplication for test class com.sprint.mission.discodeit.integration.ChannelIntegrationTest
26-06-07 22:12:41.058 [Test worker] DEBUG org.hibernate.SQL                    - 
    select
        u1_0.id 
    from
        users u1_0 
    where
        u1_0.email=? 
    fetch
        first ? rows only
26-06-07 22:12:41.060 [Test worker] TRACE org.hibernate.orm.jdbc.bind          - binding parameter (1:VARCHAR) <- [listuser@email.com]
26-06-07 22:12:41.060 [Test worker] TRACE org.hibernate.orm.jdbc.bind          - binding parameter (2:INTEGER) <- [1]
26-06-07 22:12:41.074 [Test worker] DEBUG org.hibernate.SQL                    - 
    select
        u1_0.id 
    from
        users u1_0 
    where
        u1_0.username=? 
    fetch
        first ? rows only
26-06-07 22:12:41.075 [Test worker] TRACE org.hibernate.orm.jdbc.bind          - binding parameter (1:VARCHAR) <- [listuser]
26-06-07 22:12:41.075 [Test worker] TRACE org.hibernate.orm.jdbc.bind          - binding parameter (2:INTEGER) <- [1]
26-06-07 22:12:41.098 [Test worker] INFO  c.s.m.d.s.basic.BasicUserService     - User created: id=eaeac417-0871-448a-a9a0-9094e08006ae, username=listuser
26-06-07 22:12:41.100 [Test worker] INFO  c.s.m.d.s.basic.BasicChannelService  - Public channel created: id=97cb9c87-834c-40cf-b067-0b13e2ff98d9, name=pub1
26-06-07 22:12:41.100 [Test worker] INFO  c.s.m.d.s.basic.BasicChannelService  - Public channel created: id=655237ec-edc3-4819-82f8-a4bfba134ac6, name=pub2
26-06-07 22:12:41.106 [Test worker] DEBUG org.hibernate.SQL                    - 
    select
        rs1_0.id,
        rs1_0.channel_id,
        rs1_0.created_at,
        rs1_0.last_read_at,
        rs1_0.updated_at,
        rs1_0.user_id 
    from
        read_statuses rs1_0 
    where
        rs1_0.user_id=?
26-06-07 22:12:41.107 [Test worker] TRACE org.hibernate.orm.jdbc.bind          - binding parameter (1:UUID) <- [eaeac417-0871-448a-a9a0-9094e08006ae]
26-06-07 22:12:41.118 [Test worker] DEBUG org.hibernate.SQL                    - 
    insert 
    into
        users
        (created_at, email, password, profile_id, updated_at, username, id) 
    values
        (?, ?, ?, ?, ?, ?, ?)
26-06-07 22:12:41.119 [Test worker] TRACE org.hibernate.orm.jdbc.bind          - binding parameter (1:TIMESTAMP_UTC) <- [2026-06-07T13:12:41.084904Z]
26-06-07 22:12:41.119 [Test worker] TRACE org.hibernate.orm.jdbc.bind          - binding parameter (2:VARCHAR) <- [listuser@email.com]
26-06-07 22:12:41.119 [Test worker] TRACE org.hibernate.orm.jdbc.bind          - binding parameter (3:VARCHAR) <- [password123!]
26-06-07 22:12:41.119 [Test worker] TRACE org.hibernate.orm.jdbc.bind          - binding parameter (4:UUID) <- [null]
26-06-07 22:12:41.119 [Test worker] TRACE org.hibernate.orm.jdbc.bind          - binding parameter (5:TIMESTAMP_UTC) <- [2026-06-07T13:12:41.084904Z]
26-06-07 22:12:41.119 [Test worker] TRACE org.hibernate.orm.jdbc.bind          - binding parameter (6:VARCHAR) <- [listuser]
26-06-07 22:12:41.119 [Test worker] TRACE org.hibernate.orm.jdbc.bind          - binding parameter (7:UUID) <- [eaeac417-0871-448a-a9a0-9094e08006ae]
26-06-07 22:12:41.121 [Test worker] DEBUG org.hibernate.SQL                    - 
    insert 
    into
        user_statuses
        (created_at, last_active_at, updated_at, user_id, id) 
    values
        (?, ?, ?, ?, ?)
26-06-07 22:12:41.122 [Test worker] TRACE org.hibernate.orm.jdbc.bind          - binding parameter (1:TIMESTAMP_UTC) <- [2026-06-07T13:12:41.096419Z]
26-06-07 22:12:41.122 [Test worker] TRACE org.hibernate.orm.jdbc.bind          - binding parameter (2:TIMESTAMP_UTC) <- [2026-06-07T13:12:41.095510Z]
26-06-07 22:12:41.122 [Test worker] TRACE org.hibernate.orm.jdbc.bind          - binding parameter (3:TIMESTAMP_UTC) <- [2026-06-07T13:12:41.096419Z]
26-06-07 22:12:41.122 [Test worker] TRACE org.hibernate.orm.jdbc.bind          - binding parameter (4:UUID) <- [eaeac417-0871-448a-a9a0-9094e08006ae]
26-06-07 22:12:41.122 [Test worker] TRACE org.hibernate.orm.jdbc.bind          - binding parameter (5:UUID) <- [b6fb8074-c511-4ee3-8de9-539a92e8e411]
26-06-07 22:12:41.122 [Test worker] DEBUG org.hibernate.SQL                    - 
    insert 
    into
        channels
        (created_at, description, name, type, updated_at, id) 
    values
        (?, ?, ?, ?, ?, ?)
26-06-07 22:12:41.123 [Test worker] TRACE org.hibernate.orm.jdbc.bind          - binding parameter (1:TIMESTAMP_UTC) <- [2026-06-07T13:12:41.099134Z]
26-06-07 22:12:41.123 [Test worker] TRACE org.hibernate.orm.jdbc.bind          - binding parameter (2:VARCHAR) <- [null]
26-06-07 22:12:41.123 [Test worker] TRACE org.hibernate.orm.jdbc.bind          - binding parameter (3:VARCHAR) <- [pub1]
26-06-07 22:12:41.123 [Test worker] TRACE org.hibernate.orm.jdbc.bind          - binding parameter (4:ENUM) <- [PUBLIC]
26-06-07 22:12:41.123 [Test worker] TRACE org.hibernate.orm.jdbc.bind          - binding parameter (5:TIMESTAMP_UTC) <- [2026-06-07T13:12:41.099134Z]
26-06-07 22:12:41.123 [Test worker] TRACE org.hibernate.orm.jdbc.bind          - binding parameter (6:UUID) <- [97cb9c87-834c-40cf-b067-0b13e2ff98d9]
26-06-07 22:12:41.123 [Test worker] DEBUG org.hibernate.SQL                    - 
    insert 
    into
        channels
        (created_at, description, name, type, updated_at, id) 
    values
        (?, ?, ?, ?, ?, ?)
26-06-07 22:12:41.123 [Test worker] TRACE org.hibernate.orm.jdbc.bind          - binding parameter (1:TIMESTAMP_UTC) <- [2026-06-07T13:12:41.100542Z]
26-06-07 22:12:41.123 [Test worker] TRACE org.hibernate.orm.jdbc.bind          - binding parameter (2:VARCHAR) <- [null]
26-06-07 22:12:41.123 [Test worker] TRACE org.hibernate.orm.jdbc.bind          - binding parameter (3:VARCHAR) <- [pub2]
26-06-07 22:12:41.123 [Test worker] TRACE org.hibernate.orm.jdbc.bind          - binding parameter (4:ENUM) <- [PUBLIC]
26-06-07 22:12:41.123 [Test worker] TRACE org.hibernate.orm.jdbc.bind          - binding parameter (5:TIMESTAMP_UTC) <- [2026-06-07T13:12:41.100542Z]
26-06-07 22:12:41.123 [Test worker] TRACE org.hibernate.orm.jdbc.bind          - binding parameter (6:UUID) <- [655237ec-edc3-4819-82f8-a4bfba134ac6]
26-06-07 22:12:41.124 [Test worker] DEBUG org.hibernate.SQL                    - 
    select
        c1_0.id,
        c1_0.created_at,
        c1_0.description,
        c1_0.name,
        c1_0.type,
        c1_0.updated_at 
    from
        channels c1_0
26-06-07 22:12:41.128 [Test worker] DEBUG org.hibernate.SQL                    - 
    select
        m1_0.channel_id,
        max(m1_0.created_at) 
    from
        messages m1_0 
    where
        m1_0.channel_id in (?, ?) 
    group by
        m1_0.channel_id
26-06-07 22:12:41.128 [Test worker] TRACE org.hibernate.orm.jdbc.bind          - binding parameter (1:UUID) <- [97cb9c87-834c-40cf-b067-0b13e2ff98d9]
26-06-07 22:12:41.128 [Test worker] TRACE org.hibernate.orm.jdbc.bind          - binding parameter (2:UUID) <- [655237ec-edc3-4819-82f8-a4bfba134ac6]
26-06-07 22:12:41.134 [Test worker] DEBUG org.hibernate.SQL                    - 
    select
        rs1_0.id,
        rs1_0.channel_id,
        rs1_0.created_at,
        rs1_0.last_read_at,
        rs1_0.updated_at,
        rs1_0.user_id,
        u1_0.id,
        u1_0.created_at,
        u1_0.email,
        u1_0.password,
        p1_0.id,
        p1_0.content_type,
        p1_0.created_at,
        p1_0.file_name,
        p1_0.size,
        s1_0.id,
        s1_0.created_at,
        s1_0.last_active_at,
        s1_0.updated_at,
        s1_0.user_id,
        u1_0.updated_at,
        u1_0.username 
    from
        read_statuses rs1_0 
    join
        users u1_0 
            on u1_0.id=rs1_0.user_id 
    left join
        binary_contents p1_0 
            on p1_0.id=u1_0.profile_id 
    left join
        user_statuses s1_0 
            on u1_0.id=s1_0.user_id 
    where
        rs1_0.channel_id in (?, ?)
26-06-07 22:12:41.135 [Test worker] TRACE org.hibernate.orm.jdbc.bind          - binding parameter (1:UUID) <- [97cb9c87-834c-40cf-b067-0b13e2ff98d9]
26-06-07 22:12:41.135 [Test worker] TRACE org.hibernate.orm.jdbc.bind          - binding parameter (2:UUID) <- [655237ec-edc3-4819-82f8-a4bfba134ac6]
26-06-07 22:12:41.167 [Test worker] DEBUG org.hibernate.SQL                    - 
    select
        u1_0.id 
    from
        users u1_0 
    where
        u1_0.email=? 
    fetch
        first ? rows only
26-06-07 22:12:41.168 [Test worker] TRACE org.hibernate.orm.jdbc.bind          - binding parameter (1:VARCHAR) <- [chuser@email.com]
26-06-07 22:12:41.168 [Test worker] TRACE org.hibernate.orm.jdbc.bind          - binding parameter (2:INTEGER) <- [1]
26-06-07 22:12:41.169 [Test worker] DEBUG org.hibernate.SQL                    - 
    select
        u1_0.id 
    from
        users u1_0 
    where
        u1_0.username=? 
    fetch
        first ? rows only
26-06-07 22:12:41.169 [Test worker] TRACE org.hibernate.orm.jdbc.bind          - binding parameter (1:VARCHAR) <- [chuser]
26-06-07 22:12:41.169 [Test worker] TRACE org.hibernate.orm.jdbc.bind          - binding parameter (2:INTEGER) <- [1]
26-06-07 22:12:41.170 [Test worker] INFO  c.s.m.d.s.basic.BasicUserService     - User created: id=0829a2c7-bd41-45bd-9f3b-35dd482c41f5, username=chuser
26-06-07 22:12:41.177 [Test worker] INFO  c.s.m.d.s.basic.BasicChannelService  - Private channel created: id=12bf90d4-c713-46ad-b264-627a8012a110
26-06-07 22:12:41.184 [Test worker] INFO  c.s.m.d.s.basic.BasicChannelService  - Public channel created: id=5121d7ae-8d8d-48b8-9619-2f8e30f3730e, name=general
26-06-07 22:12:41.192 [Test worker] INFO  c.s.m.d.s.basic.BasicChannelService  - Public channel created: id=552105cb-329b-466b-add9-3ae5baedd2b2, name=temp
26-06-07 22:12:41.194 [Test worker] INFO  c.s.m.d.s.basic.BasicChannelService  - Channel deleted: id=552105cb-329b-466b-add9-3ae5baedd2b2
26-06-07 22:12:41.198 [Test worker] INFO  s.AnnotationConfigContextLoaderUtils - Could not detect default configuration classes for test class [com.sprint.mission.discodeit.integration.MessageIntegrationTest]: MessageIntegrationTest does not declare any static, non-private, non-final, nested classes annotated with @Configuration.
26-06-07 22:12:41.199 [Test worker] INFO  .c.SpringBootTestContextBootstrapper - Found @SpringBootConfiguration com.sprint.mission.discodeit.DiscodeitApplication for test class com.sprint.mission.discodeit.integration.MessageIntegrationTest
26-06-07 22:12:41.203 [Test worker] DEBUG org.hibernate.SQL                    - 
    select
        u1_0.id 
    from
        users u1_0 
    where
        u1_0.email=? 
    fetch
        first ? rows only
26-06-07 22:12:41.203 [Test worker] TRACE org.hibernate.orm.jdbc.bind          - binding parameter (1:VARCHAR) <- [msguser@email.com]
26-06-07 22:12:41.204 [Test worker] TRACE org.hibernate.orm.jdbc.bind          - binding parameter (2:INTEGER) <- [1]
26-06-07 22:12:41.205 [Test worker] DEBUG org.hibernate.SQL                    - 
    select
        u1_0.id 
    from
        users u1_0 
    where
        u1_0.username=? 
    fetch
        first ? rows only
26-06-07 22:12:41.205 [Test worker] TRACE org.hibernate.orm.jdbc.bind          - binding parameter (1:VARCHAR) <- [msguser]
26-06-07 22:12:41.205 [Test worker] TRACE org.hibernate.orm.jdbc.bind          - binding parameter (2:INTEGER) <- [1]
26-06-07 22:12:41.206 [Test worker] INFO  c.s.m.d.s.basic.BasicUserService     - User created: id=e48333fc-7237-4ff5-a5c5-21141fc3de62, username=msguser
26-06-07 22:12:41.207 [Test worker] INFO  c.s.m.d.s.basic.BasicChannelService  - Public channel created: id=d598a5fa-31a3-48e7-93e3-964eb47f4bf6, name=test-channel
26-06-07 22:12:41.212 [Test worker] INFO  c.s.m.d.s.basic.BasicMessageService  - Message created: id=e65be2b2-879d-4561-a219-fc976f76e9cc, channelId=d598a5fa-31a3-48e7-93e3-964eb47f4bf6
26-06-07 22:12:41.213 [Test worker] INFO  c.s.m.d.s.basic.BasicMessageService  - Message updated: id=e65be2b2-879d-4561-a219-fc976f76e9cc
26-06-07 22:12:41.219 [Test worker] DEBUG org.hibernate.SQL                    - 
    select
        u1_0.id 
    from
        users u1_0 
    where
        u1_0.email=? 
    fetch
        first ? rows only
26-06-07 22:12:41.219 [Test worker] TRACE org.hibernate.orm.jdbc.bind          - binding parameter (1:VARCHAR) <- [msguser@email.com]
26-06-07 22:12:41.219 [Test worker] TRACE org.hibernate.orm.jdbc.bind          - binding parameter (2:INTEGER) <- [1]
26-06-07 22:12:41.221 [Test worker] DEBUG org.hibernate.SQL                    - 
    select
        u1_0.id 
    from
        users u1_0 
    where
        u1_0.username=? 
    fetch
        first ? rows only
26-06-07 22:12:41.222 [Test worker] TRACE org.hibernate.orm.jdbc.bind          - binding parameter (1:VARCHAR) <- [msguser]
26-06-07 22:12:41.222 [Test worker] TRACE org.hibernate.orm.jdbc.bind          - binding parameter (2:INTEGER) <- [1]
26-06-07 22:12:41.223 [Test worker] INFO  c.s.m.d.s.basic.BasicUserService     - User created: id=2e03ddc9-ae16-4189-b054-bc6bd8adeae7, username=msguser
26-06-07 22:12:41.223 [Test worker] INFO  c.s.m.d.s.basic.BasicChannelService  - Public channel created: id=3636b896-5a9d-4284-ab65-0c4de57fe5ed, name=test-channel
26-06-07 22:12:41.224 [Test worker] INFO  c.s.m.d.s.basic.BasicMessageService  - Message created: id=3b87f55a-6dfc-471e-9a7f-b18dcbdeafb3, channelId=3636b896-5a9d-4284-ab65-0c4de57fe5ed
26-06-07 22:12:41.225 [Test worker] INFO  c.s.m.d.s.basic.BasicMessageService  - Message created: id=8942df9e-5ee7-49fa-a58a-1480641404b6, channelId=3636b896-5a9d-4284-ab65-0c4de57fe5ed
26-06-07 22:12:41.225 [Test worker] DEBUG c.s.m.d.s.basic.BasicMessageService  - Fetching messages for channelId=3636b896-5a9d-4284-ab65-0c4de57fe5ed, cursor=null, size=50
26-06-07 22:12:41.226 [Test worker] WARN  org.hibernate.orm.query              - HHH90003004: firstResult/maxResults specified with collection fetch; applying in memory
26-06-07 22:12:41.229 [Test worker] DEBUG org.hibernate.SQL                    - 
    insert 
    into
        users
        (created_at, email, password, profile_id, updated_at, username, id) 
    values
        (?, ?, ?, ?, ?, ?, ?)
26-06-07 22:12:41.230 [Test worker] TRACE org.hibernate.orm.jdbc.bind          - binding parameter (1:TIMESTAMP_UTC) <- [2026-06-07T13:12:41.222823Z]
26-06-07 22:12:41.230 [Test worker] TRACE org.hibernate.orm.jdbc.bind          - binding parameter (2:VARCHAR) <- [msguser@email.com]
26-06-07 22:12:41.230 [Test worker] TRACE org.hibernate.orm.jdbc.bind          - binding parameter (3:VARCHAR) <- [password123!]
26-06-07 22:12:41.230 [Test worker] TRACE org.hibernate.orm.jdbc.bind          - binding parameter (4:UUID) <- [null]
26-06-07 22:12:41.230 [Test worker] TRACE org.hibernate.orm.jdbc.bind          - binding parameter (5:TIMESTAMP_UTC) <- [2026-06-07T13:12:41.222823Z]
26-06-07 22:12:41.230 [Test worker] TRACE org.hibernate.orm.jdbc.bind          - binding parameter (6:VARCHAR) <- [msguser]
26-06-07 22:12:41.230 [Test worker] TRACE org.hibernate.orm.jdbc.bind          - binding parameter (7:UUID) <- [2e03ddc9-ae16-4189-b054-bc6bd8adeae7]
26-06-07 22:12:41.230 [Test worker] DEBUG org.hibernate.SQL                    - 
    insert 
    into
        user_statuses
        (created_at, last_active_at, updated_at, user_id, id) 
    values
        (?, ?, ?, ?, ?)
26-06-07 22:12:41.230 [Test worker] TRACE org.hibernate.orm.jdbc.bind          - binding parameter (1:TIMESTAMP_UTC) <- [2026-06-07T13:12:41.223245Z]
26-06-07 22:12:41.230 [Test worker] TRACE org.hibernate.orm.jdbc.bind          - binding parameter (2:TIMESTAMP_UTC) <- [2026-06-07T13:12:41.222986Z]
26-06-07 22:12:41.230 [Test worker] TRACE org.hibernate.orm.jdbc.bind          - binding parameter (3:TIMESTAMP_UTC) <- [2026-06-07T13:12:41.223245Z]
26-06-07 22:12:41.230 [Test worker] TRACE org.hibernate.orm.jdbc.bind          - binding parameter (4:UUID) <- [2e03ddc9-ae16-4189-b054-bc6bd8adeae7]
26-06-07 22:12:41.230 [Test worker] TRACE org.hibernate.orm.jdbc.bind          - binding parameter (5:UUID) <- [27934c16-9259-4253-81d9-a7db4de3e7c6]
26-06-07 22:12:41.231 [Test worker] DEBUG org.hibernate.SQL                    - 
    insert 
    into
        channels
        (created_at, description, name, type, updated_at, id) 
    values
        (?, ?, ?, ?, ?, ?)
26-06-07 22:12:41.231 [Test worker] TRACE org.hibernate.orm.jdbc.bind          - binding parameter (1:TIMESTAMP_UTC) <- [2026-06-07T13:12:41.223564Z]
26-06-07 22:12:41.231 [Test worker] TRACE org.hibernate.orm.jdbc.bind          - binding parameter (2:VARCHAR) <- [null]
26-06-07 22:12:41.231 [Test worker] TRACE org.hibernate.orm.jdbc.bind          - binding parameter (3:VARCHAR) <- [test-channel]
26-06-07 22:12:41.231 [Test worker] TRACE org.hibernate.orm.jdbc.bind          - binding parameter (4:ENUM) <- [PUBLIC]
26-06-07 22:12:41.231 [Test worker] TRACE org.hibernate.orm.jdbc.bind          - binding parameter (5:TIMESTAMP_UTC) <- [2026-06-07T13:12:41.223564Z]
26-06-07 22:12:41.231 [Test worker] TRACE org.hibernate.orm.jdbc.bind          - binding parameter (6:UUID) <- [3636b896-5a9d-4284-ab65-0c4de57fe5ed]
26-06-07 22:12:41.231 [Test worker] DEBUG org.hibernate.SQL                    - 
    insert 
    into
        messages
        (author_id, channel_id, content, created_at, updated_at, id) 
    values
        (?, ?, ?, ?, ?, ?)
26-06-07 22:12:41.231 [Test worker] TRACE org.hibernate.orm.jdbc.bind          - binding parameter (1:UUID) <- [2e03ddc9-ae16-4189-b054-bc6bd8adeae7]
26-06-07 22:12:41.231 [Test worker] TRACE org.hibernate.orm.jdbc.bind          - binding parameter (2:UUID) <- [3636b896-5a9d-4284-ab65-0c4de57fe5ed]
26-06-07 22:12:41.231 [Test worker] TRACE org.hibernate.orm.jdbc.bind          - binding parameter (3:VARCHAR) <- [msg1]
26-06-07 22:12:41.231 [Test worker] TRACE org.hibernate.orm.jdbc.bind          - binding parameter (4:TIMESTAMP_UTC) <- [2026-06-07T13:12:41.224341Z]
26-06-07 22:12:41.231 [Test worker] TRACE org.hibernate.orm.jdbc.bind          - binding parameter (5:TIMESTAMP_UTC) <- [2026-06-07T13:12:41.224341Z]
26-06-07 22:12:41.231 [Test worker] TRACE org.hibernate.orm.jdbc.bind          - binding parameter (6:UUID) <- [3b87f55a-6dfc-471e-9a7f-b18dcbdeafb3]
26-06-07 22:12:41.232 [Test worker] DEBUG org.hibernate.SQL                    - 
    insert 
    into
        messages
        (author_id, channel_id, content, created_at, updated_at, id) 
    values
        (?, ?, ?, ?, ?, ?)
26-06-07 22:12:41.232 [Test worker] TRACE org.hibernate.orm.jdbc.bind          - binding parameter (1:UUID) <- [2e03ddc9-ae16-4189-b054-bc6bd8adeae7]
26-06-07 22:12:41.232 [Test worker] TRACE org.hibernate.orm.jdbc.bind          - binding parameter (2:UUID) <- [3636b896-5a9d-4284-ab65-0c4de57fe5ed]
26-06-07 22:12:41.232 [Test worker] TRACE org.hibernate.orm.jdbc.bind          - binding parameter (3:VARCHAR) <- [msg2]
26-06-07 22:12:41.232 [Test worker] TRACE org.hibernate.orm.jdbc.bind          - binding parameter (4:TIMESTAMP_UTC) <- [2026-06-07T13:12:41.224885Z]
26-06-07 22:12:41.232 [Test worker] TRACE org.hibernate.orm.jdbc.bind          - binding parameter (5:TIMESTAMP_UTC) <- [2026-06-07T13:12:41.224885Z]
26-06-07 22:12:41.232 [Test worker] TRACE org.hibernate.orm.jdbc.bind          - binding parameter (6:UUID) <- [8942df9e-5ee7-49fa-a58a-1480641404b6]
26-06-07 22:12:41.234 [Test worker] DEBUG org.hibernate.SQL                    - 
    select
        m1_0.id,
        a2_0.message_id,
        a2_1.id,
        a2_1.content_type,
        a2_1.created_at,
        a2_1.file_name,
        a2_1.size,
        a1_0.id,
        a1_0.created_at,
        a1_0.email,
        a1_0.password,
        a1_0.profile_id,
        a1_0.updated_at,
        a1_0.username,
        m1_0.channel_id,
        m1_0.content,
        m1_0.created_at,
        m1_0.updated_at 
    from
        messages m1_0 
    left join
        users a1_0 
            on a1_0.id=m1_0.author_id 
    left join
        message_attachments a2_0 
            on m1_0.id=a2_0.message_id 
    left join
        binary_contents a2_1 
            on a2_1.id=a2_0.attachment_id 
    where
        m1_0.channel_id=? 
        and (
            ? is null 
            or m1_0.created_at<?
        ) 
    order by
        m1_0.created_at desc
26-06-07 22:12:41.235 [Test worker] TRACE org.hibernate.orm.jdbc.bind          - binding parameter (1:UUID) <- [3636b896-5a9d-4284-ab65-0c4de57fe5ed]
26-06-07 22:12:41.235 [Test worker] TRACE org.hibernate.orm.jdbc.bind          - binding parameter (2:TIMESTAMP_UTC) <- [null]
26-06-07 22:12:41.235 [Test worker] TRACE org.hibernate.orm.jdbc.bind          - binding parameter (3:TIMESTAMP_UTC) <- [null]
26-06-07 22:12:41.246 [Test worker] DEBUG org.hibernate.SQL                    - 
    select
        u1_0.id 
    from
        users u1_0 
    where
        u1_0.email=? 
    fetch
        first ? rows only
26-06-07 22:12:41.246 [Test worker] TRACE org.hibernate.orm.jdbc.bind          - binding parameter (1:VARCHAR) <- [msguser@email.com]
26-06-07 22:12:41.246 [Test worker] TRACE org.hibernate.orm.jdbc.bind          - binding parameter (2:INTEGER) <- [1]
26-06-07 22:12:41.247 [Test worker] DEBUG org.hibernate.SQL                    - 
    select
        u1_0.id 
    from
        users u1_0 
    where
        u1_0.username=? 
    fetch
        first ? rows only
26-06-07 22:12:41.247 [Test worker] TRACE org.hibernate.orm.jdbc.bind          - binding parameter (1:VARCHAR) <- [msguser]
26-06-07 22:12:41.247 [Test worker] TRACE org.hibernate.orm.jdbc.bind          - binding parameter (2:INTEGER) <- [1]
26-06-07 22:12:41.248 [Test worker] INFO  c.s.m.d.s.basic.BasicUserService     - User created: id=f2dfab2c-3409-4494-a462-83f8b6e32c7e, username=msguser
26-06-07 22:12:41.248 [Test worker] INFO  c.s.m.d.s.basic.BasicChannelService  - Public channel created: id=d8f186f2-5ee6-49de-90a9-03e3999f0fcd, name=test-channel
26-06-07 22:12:41.249 [Test worker] INFO  c.s.m.d.s.basic.BasicMessageService  - Message created: id=c44f34c8-b2e8-4e1e-9bce-2323dcdae238, channelId=d8f186f2-5ee6-49de-90a9-03e3999f0fcd
26-06-07 22:12:41.255 [Test worker] DEBUG org.hibernate.SQL                    - 
    select
        u1_0.id 
    from
        users u1_0 
    where
        u1_0.email=? 
    fetch
        first ? rows only
26-06-07 22:12:41.255 [Test worker] TRACE org.hibernate.orm.jdbc.bind          - binding parameter (1:VARCHAR) <- [msguser@email.com]
26-06-07 22:12:41.255 [Test worker] TRACE org.hibernate.orm.jdbc.bind          - binding parameter (2:INTEGER) <- [1]
26-06-07 22:12:41.256 [Test worker] DEBUG org.hibernate.SQL                    - 
    select
        u1_0.id 
    from
        users u1_0 
    where
        u1_0.username=? 
    fetch
        first ? rows only
26-06-07 22:12:41.256 [Test worker] TRACE org.hibernate.orm.jdbc.bind          - binding parameter (1:VARCHAR) <- [msguser]
26-06-07 22:12:41.256 [Test worker] TRACE org.hibernate.orm.jdbc.bind          - binding parameter (2:INTEGER) <- [1]
26-06-07 22:12:41.257 [Test worker] INFO  c.s.m.d.s.basic.BasicUserService     - User created: id=8df4afb4-b94a-48b8-83ce-38ab5d15c6d5, username=msguser
26-06-07 22:12:41.257 [Test worker] INFO  c.s.m.d.s.basic.BasicChannelService  - Public channel created: id=63381bb1-60de-4a99-82ee-947a6e9c2290, name=test-channel
26-06-07 22:12:41.258 [Test worker] INFO  c.s.m.d.s.basic.BasicMessageService  - Message created: id=8f76cfa0-c4ff-4418-ba05-70c92540a5d3, channelId=63381bb1-60de-4a99-82ee-947a6e9c2290
26-06-07 22:12:41.259 [Test worker] INFO  c.s.m.d.s.basic.BasicMessageService  - Message deleted: id=8f76cfa0-c4ff-4418-ba05-70c92540a5d3
26-06-07 22:12:41.263 [Test worker] INFO  s.AnnotationConfigContextLoaderUtils - Could not detect default configuration classes for test class [com.sprint.mission.discodeit.integration.UserIntegrationTest]: UserIntegrationTest does not declare any static, non-private, non-final, nested classes annotated with @Configuration.
26-06-07 22:12:41.263 [Test worker] INFO  .c.SpringBootTestContextBootstrapper - Found @SpringBootConfiguration com.sprint.mission.discodeit.DiscodeitApplication for test class com.sprint.mission.discodeit.integration.UserIntegrationTest
26-06-07 22:12:41.267 [Test worker] DEBUG org.hibernate.SQL                    - 
    select
        u1_0.id 
    from
        users u1_0 
    where
        u1_0.email=? 
    fetch
        first ? rows only
26-06-07 22:12:41.267 [Test worker] TRACE org.hibernate.orm.jdbc.bind          - binding parameter (1:VARCHAR) <- [todelete@email.com]
26-06-07 22:12:41.267 [Test worker] TRACE org.hibernate.orm.jdbc.bind          - binding parameter (2:INTEGER) <- [1]
26-06-07 22:12:41.268 [Test worker] DEBUG org.hibernate.SQL                    - 
    select
        u1_0.id 
    from
        users u1_0 
    where
        u1_0.username=? 
    fetch
        first ? rows only
26-06-07 22:12:41.270 [Test worker] TRACE org.hibernate.orm.jdbc.bind          - binding parameter (1:VARCHAR) <- [todelete]
26-06-07 22:12:41.270 [Test worker] TRACE org.hibernate.orm.jdbc.bind          - binding parameter (2:INTEGER) <- [1]
26-06-07 22:12:41.271 [Test worker] INFO  c.s.m.d.s.basic.BasicUserService     - User created: id=98e8dd6d-5898-486b-a577-88933013111c, username=todelete
26-06-07 22:12:41.273 [Test worker] INFO  c.s.m.d.s.basic.BasicUserService     - User deleted: id=98e8dd6d-5898-486b-a577-88933013111c
26-06-07 22:12:41.278 [Test worker] DEBUG org.hibernate.SQL                    - 
    select
        u1_0.id 
    from
        users u1_0 
    where
        u1_0.email=? 
    fetch
        first ? rows only
26-06-07 22:12:41.278 [Test worker] TRACE org.hibernate.orm.jdbc.bind          - binding parameter (1:VARCHAR) <- [before@email.com]
26-06-07 22:12:41.278 [Test worker] TRACE org.hibernate.orm.jdbc.bind          - binding parameter (2:INTEGER) <- [1]
26-06-07 22:12:41.279 [Test worker] DEBUG org.hibernate.SQL                    - 
    select
        u1_0.id 
    from
        users u1_0 
    where
        u1_0.username=? 
    fetch
        first ? rows only
26-06-07 22:12:41.280 [Test worker] TRACE org.hibernate.orm.jdbc.bind          - binding parameter (1:VARCHAR) <- [before]
26-06-07 22:12:41.280 [Test worker] TRACE org.hibernate.orm.jdbc.bind          - binding parameter (2:INTEGER) <- [1]
26-06-07 22:12:41.281 [Test worker] INFO  c.s.m.d.s.basic.BasicUserService     - User created: id=65c752ea-57b6-431a-b126-2bfe86ba9339, username=before
26-06-07 22:12:41.282 [Test worker] DEBUG org.hibernate.SQL                    - 
    insert 
    into
        users
        (created_at, email, password, profile_id, updated_at, username, id) 
    values
        (?, ?, ?, ?, ?, ?, ?)
26-06-07 22:12:41.282 [Test worker] TRACE org.hibernate.orm.jdbc.bind          - binding parameter (1:TIMESTAMP_UTC) <- [2026-06-07T13:12:41.280805Z]
26-06-07 22:12:41.282 [Test worker] TRACE org.hibernate.orm.jdbc.bind          - binding parameter (2:VARCHAR) <- [before@email.com]
26-06-07 22:12:41.282 [Test worker] TRACE org.hibernate.orm.jdbc.bind          - binding parameter (3:VARCHAR) <- [password123!]
26-06-07 22:12:41.282 [Test worker] TRACE org.hibernate.orm.jdbc.bind          - binding parameter (4:UUID) <- [null]
26-06-07 22:12:41.282 [Test worker] TRACE org.hibernate.orm.jdbc.bind          - binding parameter (5:TIMESTAMP_UTC) <- [2026-06-07T13:12:41.280805Z]
26-06-07 22:12:41.282 [Test worker] TRACE org.hibernate.orm.jdbc.bind          - binding parameter (6:VARCHAR) <- [before]
26-06-07 22:12:41.282 [Test worker] TRACE org.hibernate.orm.jdbc.bind          - binding parameter (7:UUID) <- [65c752ea-57b6-431a-b126-2bfe86ba9339]
26-06-07 22:12:41.283 [Test worker] DEBUG org.hibernate.SQL                    - 
    insert 
    into
        user_statuses
        (created_at, last_active_at, updated_at, user_id, id) 
    values
        (?, ?, ?, ?, ?)
26-06-07 22:12:41.283 [Test worker] TRACE org.hibernate.orm.jdbc.bind          - binding parameter (1:TIMESTAMP_UTC) <- [2026-06-07T13:12:41.281170Z]
26-06-07 22:12:41.283 [Test worker] TRACE org.hibernate.orm.jdbc.bind          - binding parameter (2:TIMESTAMP_UTC) <- [2026-06-07T13:12:41.281089Z]
26-06-07 22:12:41.283 [Test worker] TRACE org.hibernate.orm.jdbc.bind          - binding parameter (3:TIMESTAMP_UTC) <- [2026-06-07T13:12:41.281170Z]
26-06-07 22:12:41.283 [Test worker] TRACE org.hibernate.orm.jdbc.bind          - binding parameter (4:UUID) <- [65c752ea-57b6-431a-b126-2bfe86ba9339]
26-06-07 22:12:41.283 [Test worker] TRACE org.hibernate.orm.jdbc.bind          - binding parameter (5:UUID) <- [13746a47-1255-409d-8da3-28d28014b99a]
26-06-07 22:12:41.283 [Test worker] DEBUG org.hibernate.SQL                    - 
    select
        u1_0.id 
    from
        users u1_0 
    where
        u1_0.email=? 
    fetch
        first ? rows only
26-06-07 22:12:41.283 [Test worker] TRACE org.hibernate.orm.jdbc.bind          - binding parameter (1:VARCHAR) <- [after@email.com]
26-06-07 22:12:41.283 [Test worker] TRACE org.hibernate.orm.jdbc.bind          - binding parameter (2:INTEGER) <- [1]
26-06-07 22:12:41.284 [Test worker] DEBUG org.hibernate.SQL                    - 
    select
        u1_0.id 
    from
        users u1_0 
    where
        u1_0.username=? 
    fetch
        first ? rows only
26-06-07 22:12:41.284 [Test worker] TRACE org.hibernate.orm.jdbc.bind          - binding parameter (1:VARCHAR) <- [after]
26-06-07 22:12:41.284 [Test worker] TRACE org.hibernate.orm.jdbc.bind          - binding parameter (2:INTEGER) <- [1]
26-06-07 22:12:41.285 [Test worker] INFO  c.s.m.d.s.basic.BasicUserService     - User updated: id=65c752ea-57b6-431a-b126-2bfe86ba9339
26-06-07 22:12:41.296 [Test worker] DEBUG org.hibernate.SQL                    - 
    select
        u1_0.id 
    from
        users u1_0 
    where
        u1_0.email=? 
    fetch
        first ? rows only
26-06-07 22:12:41.297 [Test worker] TRACE org.hibernate.orm.jdbc.bind          - binding parameter (1:VARCHAR) <- [dup@email.com]
26-06-07 22:12:41.297 [Test worker] TRACE org.hibernate.orm.jdbc.bind          - binding parameter (2:INTEGER) <- [1]
26-06-07 22:12:41.298 [Test worker] DEBUG org.hibernate.SQL                    - 
    select
        u1_0.id 
    from
        users u1_0 
    where
        u1_0.username=? 
    fetch
        first ? rows only
26-06-07 22:12:41.298 [Test worker] TRACE org.hibernate.orm.jdbc.bind          - binding parameter (1:VARCHAR) <- [user1]
26-06-07 22:12:41.298 [Test worker] TRACE org.hibernate.orm.jdbc.bind          - binding parameter (2:INTEGER) <- [1]
26-06-07 22:12:41.299 [Test worker] INFO  c.s.m.d.s.basic.BasicUserService     - User created: id=31bfc47d-db3f-4fc1-8694-850404547636, username=user1
26-06-07 22:12:41.300 [Test worker] DEBUG org.hibernate.SQL                    - 
    insert 
    into
        users
        (created_at, email, password, profile_id, updated_at, username, id) 
    values
        (?, ?, ?, ?, ?, ?, ?)
26-06-07 22:12:41.300 [Test worker] TRACE org.hibernate.orm.jdbc.bind          - binding parameter (1:TIMESTAMP_UTC) <- [2026-06-07T13:12:41.299395Z]
26-06-07 22:12:41.300 [Test worker] TRACE org.hibernate.orm.jdbc.bind          - binding parameter (2:VARCHAR) <- [dup@email.com]
26-06-07 22:12:41.300 [Test worker] TRACE org.hibernate.orm.jdbc.bind          - binding parameter (3:VARCHAR) <- [password123!]
26-06-07 22:12:41.300 [Test worker] TRACE org.hibernate.orm.jdbc.bind          - binding parameter (4:UUID) <- [null]
26-06-07 22:12:41.300 [Test worker] TRACE org.hibernate.orm.jdbc.bind          - binding parameter (5:TIMESTAMP_UTC) <- [2026-06-07T13:12:41.299395Z]
26-06-07 22:12:41.300 [Test worker] TRACE org.hibernate.orm.jdbc.bind          - binding parameter (6:VARCHAR) <- [user1]
26-06-07 22:12:41.300 [Test worker] TRACE org.hibernate.orm.jdbc.bind          - binding parameter (7:UUID) <- [31bfc47d-db3f-4fc1-8694-850404547636]
26-06-07 22:12:41.301 [Test worker] DEBUG org.hibernate.SQL                    - 
    insert 
    into
        user_statuses
        (created_at, last_active_at, updated_at, user_id, id) 
    values
        (?, ?, ?, ?, ?)
26-06-07 22:12:41.301 [Test worker] TRACE org.hibernate.orm.jdbc.bind          - binding parameter (1:TIMESTAMP_UTC) <- [2026-06-07T13:12:41.299626Z]
26-06-07 22:12:41.301 [Test worker] TRACE org.hibernate.orm.jdbc.bind          - binding parameter (2:TIMESTAMP_UTC) <- [2026-06-07T13:12:41.299551Z]
26-06-07 22:12:41.301 [Test worker] TRACE org.hibernate.orm.jdbc.bind          - binding parameter (3:TIMESTAMP_UTC) <- [2026-06-07T13:12:41.299626Z]
26-06-07 22:12:41.301 [Test worker] TRACE org.hibernate.orm.jdbc.bind          - binding parameter (4:UUID) <- [31bfc47d-db3f-4fc1-8694-850404547636]
26-06-07 22:12:41.301 [Test worker] TRACE org.hibernate.orm.jdbc.bind          - binding parameter (5:UUID) <- [90d37853-2293-412c-9dd4-08c3d1328cc6]
26-06-07 22:12:41.307 [Test worker] DEBUG org.hibernate.SQL                    - 
    select
        u1_0.id 
    from
        users u1_0 
    where
        u1_0.email=? 
    fetch
        first ? rows only
26-06-07 22:12:41.308 [Test worker] TRACE org.hibernate.orm.jdbc.bind          - binding parameter (1:VARCHAR) <- [dup@email.com]
26-06-07 22:12:41.308 [Test worker] TRACE org.hibernate.orm.jdbc.bind          - binding parameter (2:INTEGER) <- [1]
26-06-07 22:12:41.313 [Test worker] DEBUG org.hibernate.SQL                    - 
    select
        u1_0.id 
    from
        users u1_0 
    where
        u1_0.email=? 
    fetch
        first ? rows only
26-06-07 22:12:41.314 [Test worker] TRACE org.hibernate.orm.jdbc.bind          - binding parameter (1:VARCHAR) <- [integ@email.com]
26-06-07 22:12:41.314 [Test worker] TRACE org.hibernate.orm.jdbc.bind          - binding parameter (2:INTEGER) <- [1]
26-06-07 22:12:41.314 [Test worker] DEBUG org.hibernate.SQL                    - 
    select
        u1_0.id 
    from
        users u1_0 
    where
        u1_0.username=? 
    fetch
        first ? rows only
26-06-07 22:12:41.315 [Test worker] TRACE org.hibernate.orm.jdbc.bind          - binding parameter (1:VARCHAR) <- [integuser]
26-06-07 22:12:41.315 [Test worker] TRACE org.hibernate.orm.jdbc.bind          - binding parameter (2:INTEGER) <- [1]
26-06-07 22:12:41.315 [Test worker] INFO  c.s.m.d.s.basic.BasicUserService     - User created: id=c820e752-b45b-4898-afb8-36fb0ac678e6, username=integuser
26-06-07 22:12:41.317 [Test worker] DEBUG org.hibernate.SQL                    - 
    insert 
    into
        users
        (created_at, email, password, profile_id, updated_at, username, id) 
    values
        (?, ?, ?, ?, ?, ?, ?)
26-06-07 22:12:41.317 [Test worker] TRACE org.hibernate.orm.jdbc.bind          - binding parameter (1:TIMESTAMP_UTC) <- [2026-06-07T13:12:41.315471Z]
26-06-07 22:12:41.317 [Test worker] TRACE org.hibernate.orm.jdbc.bind          - binding parameter (2:VARCHAR) <- [integ@email.com]
26-06-07 22:12:41.317 [Test worker] TRACE org.hibernate.orm.jdbc.bind          - binding parameter (3:VARCHAR) <- [password123!]
26-06-07 22:12:41.317 [Test worker] TRACE org.hibernate.orm.jdbc.bind          - binding parameter (4:UUID) <- [null]
26-06-07 22:12:41.317 [Test worker] TRACE org.hibernate.orm.jdbc.bind          - binding parameter (5:TIMESTAMP_UTC) <- [2026-06-07T13:12:41.315471Z]
26-06-07 22:12:41.317 [Test worker] TRACE org.hibernate.orm.jdbc.bind          - binding parameter (6:VARCHAR) <- [integuser]
26-06-07 22:12:41.317 [Test worker] TRACE org.hibernate.orm.jdbc.bind          - binding parameter (7:UUID) <- [c820e752-b45b-4898-afb8-36fb0ac678e6]
26-06-07 22:12:41.317 [Test worker] DEBUG org.hibernate.SQL                    - 
    insert 
    into
        user_statuses
        (created_at, last_active_at, updated_at, user_id, id) 
    values
        (?, ?, ?, ?, ?)
26-06-07 22:12:41.317 [Test worker] TRACE org.hibernate.orm.jdbc.bind          - binding parameter (1:TIMESTAMP_UTC) <- [2026-06-07T13:12:41.315730Z]
26-06-07 22:12:41.317 [Test worker] TRACE org.hibernate.orm.jdbc.bind          - binding parameter (2:TIMESTAMP_UTC) <- [2026-06-07T13:12:41.315644Z]
26-06-07 22:12:41.317 [Test worker] TRACE org.hibernate.orm.jdbc.bind          - binding parameter (3:TIMESTAMP_UTC) <- [2026-06-07T13:12:41.315730Z]
26-06-07 22:12:41.317 [Test worker] TRACE org.hibernate.orm.jdbc.bind          - binding parameter (4:UUID) <- [c820e752-b45b-4898-afb8-36fb0ac678e6]
26-06-07 22:12:41.317 [Test worker] TRACE org.hibernate.orm.jdbc.bind          - binding parameter (5:UUID) <- [3e91eb56-a7b2-4275-9c84-9347f97e0af4]
26-06-07 22:12:41.318 [Test worker] DEBUG org.hibernate.SQL                    - 
    select
        u1_0.id,
        u1_0.created_at,
        u1_0.email,
        u1_0.password,
        p1_0.id,
        p1_0.content_type,
        p1_0.created_at,
        p1_0.file_name,
        p1_0.size,
        s1_0.id,
        s1_0.created_at,
        s1_0.last_active_at,
        s1_0.updated_at,
        s1_0.user_id,
        u1_0.updated_at,
        u1_0.username 
    from
        users u1_0 
    left join
        binary_contents p1_0 
            on p1_0.id=u1_0.profile_id 
    left join
        user_statuses s1_0 
            on u1_0.id=s1_0.user_id
26-06-07 22:12:41.325 [Test worker] INFO  s.AnnotationConfigContextLoaderUtils - Could not detect default configuration classes for test class [com.sprint.mission.discodeit.repository.MessageRepositoryTest]: MessageRepositoryTest does not declare any static, non-private, non-final, nested classes annotated with @Configuration.
26-06-07 22:12:41.336 [Test worker] INFO  .c.SpringBootTestContextBootstrapper - Found @SpringBootConfiguration com.sprint.mission.discodeit.DiscodeitApplication for test class com.sprint.mission.discodeit.repository.MessageRepositoryTest
26-06-07 22:12:41.360 [Test worker] INFO  c.s.m.d.r.MessageRepositoryTest      - Starting MessageRepositoryTest using Java 17.0.18 with PID 58234 (started by yuj in /Users/yuj/java/sprint_mission)
26-06-07 22:12:41.360 [Test worker] DEBUG c.s.m.d.r.MessageRepositoryTest      - Running with Spring Boot v3.4.0, Spring v6.2.0
26-06-07 22:12:41.360 [Test worker] INFO  c.s.m.d.r.MessageRepositoryTest      - The following 1 profile is active: "test"
26-06-07 22:12:41.399 [Test worker] WARN  a.AnnotationConfigApplicationContext - Exception encountered during context initialization - cancelling refresh attempt: org.springframework.beans.factory.support.BeanDefinitionOverrideException: Invalid bean definition with name 'jpaAuditingHandler' defined in null: Cannot register bean definition [Root bean: class=org.springframework.data.auditing.AuditingHandler; scope=; abstract=false; lazyInit=null; autowireMode=2; dependencyCheck=0; autowireCandidate=true; primary=false; fallback=false; factoryBeanName=null; factoryMethodName=from; initMethodNames=null; destroyMethodNames=null] for bean 'jpaAuditingHandler' since there is already [Root bean: class=org.springframework.data.auditing.AuditingHandler; scope=; abstract=false; lazyInit=null; autowireMode=2; dependencyCheck=0; autowireCandidate=true; primary=false; fallback=false; factoryBeanName=null; factoryMethodName=from; initMethodNames=null; destroyMethodNames=null] bound.
26-06-07 22:12:41.400 [Test worker] INFO  .a.l.ConditionEvaluationReportLogger - 

Error starting ApplicationContext. To display the condition evaluation report re-run your application with 'debug' enabled.
26-06-07 22:12:41.401 [Test worker] ERROR s.b.d.LoggingFailureAnalysisReporter - 

***************************
APPLICATION FAILED TO START
***************************

Description:

The bean 'jpaAuditingHandler' could not be registered. A bean with that name has already been defined and overriding is disabled.

Action:

Consider renaming one of the beans or enabling overriding by setting spring.main.allow-bean-definition-overriding=true

26-06-07 22:12:41.401 [Test worker] WARN  o.s.test.context.TestContextManager  - Caught exception while allowing TestExecutionListener [org.springframework.test.context.support.DependencyInjectionTestExecutionListener] to prepare test instance [com.sprint.mission.discodeit.repository.MessageRepositoryTest@2d5c1ebf]
java.lang.IllegalStateException: Failed to load ApplicationContext for [MergedContextConfiguration@153de49f testClass = com.sprint.mission.discodeit.repository.MessageRepositoryTest, locations = [], classes = [com.sprint.mission.discodeit.DiscodeitApplication], contextInitializerClasses = [], activeProfiles = ["test"], propertySourceDescriptors = [], propertySourceProperties = ["org.springframework.boot.test.autoconfigure.orm.jpa.DataJpaTestContextBootstrapper=true"], contextCustomizers = [org.springframework.boot.test.autoconfigure.OnFailureConditionReportContextCustomizerFactory$OnFailureConditionReportContextCustomizer@54e22bdd, org.springframework.boot.test.autoconfigure.OverrideAutoConfigurationContextCustomizerFactory$DisableAutoConfigurationContextCustomizer@4a187041, org.springframework.boot.test.autoconfigure.actuate.observability.ObservabilityContextCustomizerFactory$DisableObservabilityContextCustomizer@1f, org.springframework.boot.test.autoconfigure.filter.TypeExcludeFiltersContextCustomizer@34be3d80, org.springframework.boot.test.autoconfigure.properties.PropertyMappingContextCustomizer@9391a5b3, org.springframework.boot.test.autoconfigure.web.servlet.WebDriverContextCustomizer@315f43d5, [ImportsContextCustomizer@18b36b93 key = [@org.springframework.boot.test.autoconfigure.orm.jpa.AutoConfigureDataJpa(), @org.springframework.boot.test.autoconfigure.orm.jpa.AutoConfigureTestEntityManager(), @org.springframework.aot.hint.annotation.Reflective(processors={org.springframework.aot.hint.annotation.SimpleReflectiveProcessor.class}, value={org.springframework.aot.hint.annotation.SimpleReflectiveProcessor.class}), @org.springframework.boot.test.autoconfigure.filter.TypeExcludeFilters(value={org.springframework.boot.test.autoconfigure.orm.jpa.DataJpaTypeExcludeFilter.class}), @org.springframework.transaction.annotation.Transactional(isolation=DEFAULT, label={}, noRollbackFor={}, noRollbackForClassName={}, propagation=REQUIRED, readOnly=false, rollbackFor={}, rollbackForClassName={}, timeout=-1, timeoutString="", transactionManager="", value=""), @org.springframework.test.context.ActiveProfiles(inheritProfiles=true, profiles={"test"}, resolver=org.springframework.test.context.ActiveProfilesResolver.class, value={"test"}), @org.springframework.boot.test.autoconfigure.orm.jpa.DataJpaTest(bootstrapMode=DEFAULT, excludeAutoConfiguration={}, excludeFilters={}, includeFilters={}, properties={}, showSql=true, useDefaultFilters=true), @org.springframework.data.jpa.repository.config.EnableJpaAuditing(auditorAwareRef="", setDates=true, modifyOnCreate=true, dateTimeProviderRef=""), @org.springframework.context.annotation.Import(value={org.springframework.data.jpa.repository.config.JpaAuditingRegistrar.class}), @org.springframework.context.annotation.Import(value={org.springframework.boot.autoconfigure.ImportAutoConfigurationImportSelector.class}), @org.springframework.boot.test.autoconfigure.properties.PropertyMapping(skip=NO, value="spring.test.database"), @org.springframework.boot.autoconfigure.ImportAutoConfiguration(classes={}, exclude={}, value={}), @org.springframework.boot.test.autoconfigure.core.AutoConfigureCache(cacheProvider=NONE), @org.springframework.test.context.BootstrapWith(value=org.springframework.boot.test.autoconfigure.orm.jpa.DataJpaTestContextBootstrapper.class), @org.springframework.boot.test.autoconfigure.OverrideAutoConfiguration(enabled=false), @org.springframework.boot.test.autoconfigure.jdbc.AutoConfigureTestDatabase(connection=NONE, replace=NON_TEST)]], org.springframework.boot.test.context.filter.ExcludeFilterContextCustomizer@2f05be7f, org.springframework.boot.test.json.DuplicateJsonObjectContextCustomizerFactory$DuplicateJsonObjectContextCustomizer@64a8c844, org.springframework.boot.test.mock.mockito.MockitoContextCustomizer@0, org.springframework.boot.test.web.reactor.netty.DisableReactorResourceFactoryGlobalResourcesContextCustomizerFactory$DisableReactorResourceFactoryGlobalResourcesContextCustomizerCustomizer@19553973, org.springframework.test.context.support.DynamicPropertiesContextCustomizer@0, org.springframework.boot.test.context.SpringBootTestAnnotation@c948181f], contextLoader = org.springframework.boot.test.context.SpringBootContextLoader, parent = null]
	at org.springframework.test.context.cache.DefaultCacheAwareContextLoaderDelegate.loadContext(DefaultCacheAwareContextLoaderDelegate.java:180)
	at org.springframework.test.context.support.DefaultTestContext.getApplicationContext(DefaultTestContext.java:130)
	at org.springframework.test.context.support.DependencyInjectionTestExecutionListener.injectDependencies(DependencyInjectionTestExecutionListener.java:142)
	at org.springframework.test.context.support.DependencyInjectionTestExecutionListener.prepareTestInstance(DependencyInjectionTestExecutionListener.java:98)
	at org.springframework.test.context.TestContextManager.prepareTestInstance(TestContextManager.java:260)
	at org.springframework.test.context.junit.jupiter.SpringExtension.postProcessTestInstance(SpringExtension.java:160)
	at org.junit.jupiter.engine.descriptor.ClassBasedTestDescriptor.lambda$invokeTestInstancePostProcessors$11(ClassBasedTestDescriptor.java:378)
	at org.junit.jupiter.engine.descriptor.ClassBasedTestDescriptor.executeAndMaskThrowable(ClassBasedTestDescriptor.java:383)
	at org.junit.jupiter.engine.descriptor.ClassBasedTestDescriptor.lambda$invokeTestInstancePostProcessors$12(ClassBasedTestDescriptor.java:378)
	at java.base/java.util.stream.ForEachOps$ForEachOp$OfRef.accept(ForEachOps.java:183)
	at java.base/java.util.stream.ReferencePipeline$3$1.accept(ReferencePipeline.java:197)
	at java.base/java.util.stream.ReferencePipeline$2$1.accept(ReferencePipeline.java:179)
	at java.base/java.util.stream.ReferencePipeline$3$1.accept(ReferencePipeline.java:197)
	at java.base/java.util.ArrayList$ArrayListSpliterator.forEachRemaining(ArrayList.java:1625)
	at java.base/java.util.stream.AbstractPipeline.copyInto(AbstractPipeline.java:509)
	at java.base/java.util.stream.AbstractPipeline.wrapAndCopyInto(AbstractPipeline.java:499)
	at java.base/java.util.stream.ForEachOps$ForEachOp.evaluateSequential(ForEachOps.java:150)
	at java.base/java.util.stream.ForEachOps$ForEachOp$OfRef.evaluateSequential(ForEachOps.java:173)
	at java.base/java.util.stream.AbstractPipeline.evaluate(AbstractPipeline.java:234)
	at java.base/java.util.stream.ReferencePipeline.forEach(ReferencePipeline.java:596)
	at org.junit.jupiter.engine.descriptor.ClassBasedTestDescriptor.invokeTestInstancePostProcessors(ClassBasedTestDescriptor.java:377)
	at org.junit.jupiter.engine.descriptor.ClassBasedTestDescriptor.lambda$instantiateAndPostProcessTestInstance$7(ClassBasedTestDescriptor.java:290)
	at org.junit.platform.engine.support.hierarchical.ThrowableCollector.execute(ThrowableCollector.java:73)
	at org.junit.jupiter.engine.descriptor.ClassBasedTestDescriptor.instantiateAndPostProcessTestInstance(ClassBasedTestDescriptor.java:289)
	at org.junit.jupiter.engine.descriptor.ClassBasedTestDescriptor.lambda$testInstancesProvider$5(ClassBasedTestDescriptor.java:279)
	at java.base/java.util.Optional.orElseGet(Optional.java:364)
	at org.junit.jupiter.engine.descriptor.ClassBasedTestDescriptor.lambda$testInstancesProvider$6(ClassBasedTestDescriptor.java:278)
	at org.junit.jupiter.engine.execution.TestInstancesProvider.getTestInstances(TestInstancesProvider.java:31)
	at org.junit.jupiter.engine.descriptor.TestMethodTestDescriptor.lambda$prepare$1(TestMethodTestDescriptor.java:105)
	at org.junit.platform.engine.support.hierarchical.ThrowableCollector.execute(ThrowableCollector.java:73)
	at org.junit.jupiter.engine.descriptor.TestMethodTestDescriptor.prepare(TestMethodTestDescriptor.java:104)
	at org.junit.jupiter.engine.descriptor.TestMethodTestDescriptor.prepare(TestMethodTestDescriptor.java:68)
	at org.junit.platform.engine.support.hierarchical.NodeTestTask.lambda$prepare$2(NodeTestTask.java:128)
	at org.junit.platform.engine.support.hierarchical.ThrowableCollector.execute(ThrowableCollector.java:73)
	at org.junit.platform.engine.support.hierarchical.NodeTestTask.prepare(NodeTestTask.java:128)
	at org.junit.platform.engine.support.hierarchical.NodeTestTask.execute(NodeTestTask.java:95)
	at java.base/java.util.ArrayList.forEach(ArrayList.java:1511)
	at org.junit.platform.engine.support.hierarchical.SameThreadHierarchicalTestExecutorService.invokeAll(SameThreadHierarchicalTestExecutorService.java:41)
	at org.junit.platform.engine.support.hierarchical.NodeTestTask.lambda$executeRecursively$6(NodeTestTask.java:160)
	at org.junit.platform.engine.support.hierarchical.ThrowableCollector.execute(ThrowableCollector.java:73)
	at org.junit.platform.engine.support.hierarchical.NodeTestTask.lambda$executeRecursively$8(NodeTestTask.java:146)
	at org.junit.platform.engine.support.hierarchical.Node.around(Node.java:137)
	at org.junit.platform.engine.support.hierarchical.NodeTestTask.lambda$executeRecursively$9(NodeTestTask.java:144)
	at org.junit.platform.engine.support.hierarchical.ThrowableCollector.execute(ThrowableCollector.java:73)
	at org.junit.platform.engine.support.hierarchical.NodeTestTask.executeRecursively(NodeTestTask.java:143)
	at org.junit.platform.engine.support.hierarchical.NodeTestTask.execute(NodeTestTask.java:100)
	at java.base/java.util.ArrayList.forEach(ArrayList.java:1511)
	at org.junit.platform.engine.support.hierarchical.SameThreadHierarchicalTestExecutorService.invokeAll(SameThreadHierarchicalTestExecutorService.java:41)
	at org.junit.platform.engine.support.hierarchical.NodeTestTask.lambda$executeRecursively$6(NodeTestTask.java:160)
	at org.junit.platform.engine.support.hierarchical.ThrowableCollector.execute(ThrowableCollector.java:73)
	at org.junit.platform.engine.support.hierarchical.NodeTestTask.lambda$executeRecursively$8(NodeTestTask.java:146)
	at org.junit.platform.engine.support.hierarchical.Node.around(Node.java:137)
	at org.junit.platform.engine.support.hierarchical.NodeTestTask.lambda$executeRecursively$9(NodeTestTask.java:144)
	at org.junit.platform.engine.support.hierarchical.ThrowableCollector.execute(ThrowableCollector.java:73)
	at org.junit.platform.engine.support.hierarchical.NodeTestTask.executeRecursively(NodeTestTask.java:143)
	at org.junit.platform.engine.support.hierarchical.NodeTestTask.execute(NodeTestTask.java:100)
	at org.junit.platform.engine.support.hierarchical.SameThreadHierarchicalTestExecutorService.submit(SameThreadHierarchicalTestExecutorService.java:35)
	at org.junit.platform.engine.support.hierarchical.HierarchicalTestExecutor.execute(HierarchicalTestExecutor.java:57)
	at org.junit.platform.engine.support.hierarchical.HierarchicalTestEngine.execute(HierarchicalTestEngine.java:54)
	at org.junit.platform.launcher.core.EngineExecutionOrchestrator.execute(EngineExecutionOrchestrator.java:198)
	at org.junit.platform.launcher.core.EngineExecutionOrchestrator.execute(EngineExecutionOrchestrator.java:169)
	at org.junit.platform.launcher.core.EngineExecutionOrchestrator.execute(EngineExecutionOrchestrator.java:93)
	at org.junit.platform.launcher.core.EngineExecutionOrchestrator.lambda$execute$0(EngineExecutionOrchestrator.java:58)
	at org.junit.platform.launcher.core.EngineExecutionOrchestrator.withInterceptedStreams(EngineExecutionOrchestrator.java:141)
	at org.junit.platform.launcher.core.EngineExecutionOrchestrator.execute(EngineExecutionOrchestrator.java:57)
	at org.junit.platform.launcher.core.DefaultLauncher.execute(DefaultLauncher.java:103)
	at org.junit.platform.launcher.core.DefaultLauncher.execute(DefaultLauncher.java:85)
	at org.junit.platform.launcher.core.DelegatingLauncher.execute(DelegatingLauncher.java:47)
	at org.gradle.api.internal.tasks.testing.junitplatform.JUnitPlatformTestClassProcessor$CollectAllTestClassesExecutor.processAllTestClasses(JUnitPlatformTestClassProcessor.java:124)
	at org.gradle.api.internal.tasks.testing.junitplatform.JUnitPlatformTestClassProcessor$CollectAllTestClassesExecutor.access$000(JUnitPlatformTestClassProcessor.java:99)
	at org.gradle.api.internal.tasks.testing.junitplatform.JUnitPlatformTestClassProcessor.stop(JUnitPlatformTestClassProcessor.java:94)
	at org.gradle.api.internal.tasks.testing.SuiteTestClassProcessor.stop(SuiteTestClassProcessor.java:63)
	at java.base/jdk.internal.reflect.NativeMethodAccessorImpl.invoke0(Native Method)
	at java.base/jdk.internal.reflect.NativeMethodAccessorImpl.invoke(NativeMethodAccessorImpl.java:77)
	at java.base/jdk.internal.reflect.DelegatingMethodAccessorImpl.invoke(DelegatingMethodAccessorImpl.java:43)
	at java.base/java.lang.reflect.Method.invoke(Method.java:569)
	at org.gradle.internal.dispatch.ReflectionDispatch.dispatch(ReflectionDispatch.java:36)
	at org.gradle.internal.dispatch.ReflectionDispatch.dispatch(ReflectionDispatch.java:24)
	at org.gradle.internal.dispatch.ContextClassLoaderDispatch.dispatch(ContextClassLoaderDispatch.java:33)
	at org.gradle.internal.dispatch.ProxyDispatchAdapter$DispatchingInvocationHandler.invoke(ProxyDispatchAdapter.java:92)
	at jdk.proxy1/jdk.proxy1.$Proxy4.stop(Unknown Source)
	at org.gradle.api.internal.tasks.testing.worker.TestWorker$3.run(TestWorker.java:200)
	at org.gradle.api.internal.tasks.testing.worker.TestWorker.executeAndMaintainThreadName(TestWorker.java:132)
	at org.gradle.api.internal.tasks.testing.worker.TestWorker.execute(TestWorker.java:103)
	at org.gradle.api.internal.tasks.testing.worker.TestWorker.execute(TestWorker.java:63)
	at org.gradle.process.internal.worker.child.ActionExecutionWorker.execute(ActionExecutionWorker.java:56)
	at org.gradle.process.internal.worker.child.SystemApplicationClassLoaderWorker.call(SystemApplicationClassLoaderWorker.java:121)
	at org.gradle.process.internal.worker.child.SystemApplicationClassLoaderWorker.call(SystemApplicationClassLoaderWorker.java:71)
	at worker.org.gradle.process.internal.worker.GradleWorkerMain.run(GradleWorkerMain.java:69)
	at worker.org.gradle.process.internal.worker.GradleWorkerMain.main(GradleWorkerMain.java:74)
Caused by: org.springframework.beans.factory.support.BeanDefinitionOverrideException: Invalid bean definition with name 'jpaAuditingHandler' defined in null: Cannot register bean definition [Root bean: class=org.springframework.data.auditing.AuditingHandler; scope=; abstract=false; lazyInit=null; autowireMode=2; dependencyCheck=0; autowireCandidate=true; primary=false; fallback=false; factoryBeanName=null; factoryMethodName=from; initMethodNames=null; destroyMethodNames=null] for bean 'jpaAuditingHandler' since there is already [Root bean: class=org.springframework.data.auditing.AuditingHandler; scope=; abstract=false; lazyInit=null; autowireMode=2; dependencyCheck=0; autowireCandidate=true; primary=false; fallback=false; factoryBeanName=null; factoryMethodName=from; initMethodNames=null; destroyMethodNames=null] bound.
	at org.springframework.beans.factory.support.DefaultListableBeanFactory.registerBeanDefinition(DefaultListableBeanFactory.java:1151)
	at org.springframework.data.auditing.config.AuditingBeanDefinitionRegistrarSupport.registerAuditHandlerBeanDefinition(AuditingBeanDefinitionRegistrarSupport.java:79)
	at org.springframework.data.auditing.config.AuditingBeanDefinitionRegistrarSupport.registerBeanDefinitions(AuditingBeanDefinitionRegistrarSupport.java:59)
	at org.springframework.data.jpa.repository.config.JpaAuditingRegistrar.registerBeanDefinitions(JpaAuditingRegistrar.java:67)
	at org.springframework.context.annotation.ImportBeanDefinitionRegistrar.registerBeanDefinitions(ImportBeanDefinitionRegistrar.java:86)
	at org.springframework.context.annotation.ConfigurationClassBeanDefinitionReader.lambda$loadBeanDefinitionsFromRegistrars$1(ConfigurationClassBeanDefinitionReader.java:387)
	at java.base/java.util.LinkedHashMap.forEach(LinkedHashMap.java:721)
	at org.springframework.context.annotation.ConfigurationClassBeanDefinitionReader.loadBeanDefinitionsFromRegistrars(ConfigurationClassBeanDefinitionReader.java:386)
	at org.springframework.context.annotation.ConfigurationClassBeanDefinitionReader.loadBeanDefinitionsForConfigurationClass(ConfigurationClassBeanDefinitionReader.java:149)
	at org.springframework.context.annotation.ConfigurationClassBeanDefinitionReader.loadBeanDefinitions(ConfigurationClassBeanDefinitionReader.java:121)
	at org.springframework.context.annotation.ConfigurationClassPostProcessor.processConfigBeanDefinitions(ConfigurationClassPostProcessor.java:430)
	at org.springframework.context.annotation.ConfigurationClassPostProcessor.postProcessBeanDefinitionRegistry(ConfigurationClassPostProcessor.java:290)
	at org.springframework.context.support.PostProcessorRegistrationDelegate.invokeBeanDefinitionRegistryPostProcessors(PostProcessorRegistrationDelegate.java:349)
	at org.springframework.context.support.PostProcessorRegistrationDelegate.invokeBeanFactoryPostProcessors(PostProcessorRegistrationDelegate.java:118)
	at org.springframework.context.support.AbstractApplicationContext.invokeBeanFactoryPostProcessors(AbstractApplicationContext.java:791)
	at org.springframework.context.support.AbstractApplicationContext.refresh(AbstractApplicationContext.java:609)
	at org.springframework.boot.SpringApplication.refresh(SpringApplication.java:752)
	at org.springframework.boot.SpringApplication.refreshContext(SpringApplication.java:439)
	at org.springframework.boot.SpringApplication.run(SpringApplication.java:318)
	at org.springframework.boot.test.context.SpringBootContextLoader.lambda$loadContext$3(SpringBootContextLoader.java:137)
	at org.springframework.util.function.ThrowingSupplier.get(ThrowingSupplier.java:58)
	at org.springframework.util.function.ThrowingSupplier.get(ThrowingSupplier.java:46)
	at org.springframework.boot.SpringApplication.withHook(SpringApplication.java:1461)
	at org.springframework.boot.test.context.SpringBootContextLoader$ContextLoaderHook.run(SpringBootContextLoader.java:553)
	at org.springframework.boot.test.context.SpringBootContextLoader.loadContext(SpringBootContextLoader.java:137)
	at org.springframework.boot.test.context.SpringBootContextLoader.loadContext(SpringBootContextLoader.java:108)
	at org.springframework.test.context.cache.DefaultCacheAwareContextLoaderDelegate.loadContextInternal(DefaultCacheAwareContextLoaderDelegate.java:225)
	at org.springframework.test.context.cache.DefaultCacheAwareContextLoaderDelegate.loadContext(DefaultCacheAwareContextLoaderDelegate.java:152)
	... 89 common frames omitted
26-06-07 22:12:41.405 [Test worker] WARN  o.s.test.context.TestContextManager  - Caught exception while allowing TestExecutionListener [org.springframework.test.context.support.DependencyInjectionTestExecutionListener] to prepare test instance [com.sprint.mission.discodeit.repository.MessageRepositoryTest@62060983]
java.lang.IllegalStateException: ApplicationContext failure threshold (1) exceeded: skipping repeated attempt to load context for [MergedContextConfiguration@153de49f testClass = com.sprint.mission.discodeit.repository.MessageRepositoryTest, locations = [], classes = [com.sprint.mission.discodeit.DiscodeitApplication], contextInitializerClasses = [], activeProfiles = ["test"], propertySourceDescriptors = [], propertySourceProperties = ["org.springframework.boot.test.autoconfigure.orm.jpa.DataJpaTestContextBootstrapper=true"], contextCustomizers = [org.springframework.boot.test.autoconfigure.OnFailureConditionReportContextCustomizerFactory$OnFailureConditionReportContextCustomizer@54e22bdd, org.springframework.boot.test.autoconfigure.OverrideAutoConfigurationContextCustomizerFactory$DisableAutoConfigurationContextCustomizer@4a187041, org.springframework.boot.test.autoconfigure.actuate.observability.ObservabilityContextCustomizerFactory$DisableObservabilityContextCustomizer@1f, org.springframework.boot.test.autoconfigure.filter.TypeExcludeFiltersContextCustomizer@34be3d80, org.springframework.boot.test.autoconfigure.properties.PropertyMappingContextCustomizer@9391a5b3, org.springframework.boot.test.autoconfigure.web.servlet.WebDriverContextCustomizer@315f43d5, [ImportsContextCustomizer@18b36b93 key = [@org.springframework.boot.test.autoconfigure.orm.jpa.AutoConfigureDataJpa(), @org.springframework.boot.test.autoconfigure.orm.jpa.AutoConfigureTestEntityManager(), @org.springframework.aot.hint.annotation.Reflective(processors={org.springframework.aot.hint.annotation.SimpleReflectiveProcessor.class}, value={org.springframework.aot.hint.annotation.SimpleReflectiveProcessor.class}), @org.springframework.boot.test.autoconfigure.filter.TypeExcludeFilters(value={org.springframework.boot.test.autoconfigure.orm.jpa.DataJpaTypeExcludeFilter.class}), @org.springframework.transaction.annotation.Transactional(isolation=DEFAULT, label={}, noRollbackFor={}, noRollbackForClassName={}, propagation=REQUIRED, readOnly=false, rollbackFor={}, rollbackForClassName={}, timeout=-1, timeoutString="", transactionManager="", value=""), @org.springframework.test.context.ActiveProfiles(inheritProfiles=true, profiles={"test"}, resolver=org.springframework.test.context.ActiveProfilesResolver.class, value={"test"}), @org.springframework.boot.test.autoconfigure.orm.jpa.DataJpaTest(bootstrapMode=DEFAULT, excludeAutoConfiguration={}, excludeFilters={}, includeFilters={}, properties={}, showSql=true, useDefaultFilters=true), @org.springframework.data.jpa.repository.config.EnableJpaAuditing(auditorAwareRef="", setDates=true, modifyOnCreate=true, dateTimeProviderRef=""), @org.springframework.context.annotation.Import(value={org.springframework.data.jpa.repository.config.JpaAuditingRegistrar.class}), @org.springframework.context.annotation.Import(value={org.springframework.boot.autoconfigure.ImportAutoConfigurationImportSelector.class}), @org.springframework.boot.test.autoconfigure.properties.PropertyMapping(skip=NO, value="spring.test.database"), @org.springframework.boot.autoconfigure.ImportAutoConfiguration(classes={}, exclude={}, value={}), @org.springframework.boot.test.autoconfigure.core.AutoConfigureCache(cacheProvider=NONE), @org.springframework.test.context.BootstrapWith(value=org.springframework.boot.test.autoconfigure.orm.jpa.DataJpaTestContextBootstrapper.class), @org.springframework.boot.test.autoconfigure.OverrideAutoConfiguration(enabled=false), @org.springframework.boot.test.autoconfigure.jdbc.AutoConfigureTestDatabase(connection=NONE, replace=NON_TEST)]], org.springframework.boot.test.context.filter.ExcludeFilterContextCustomizer@2f05be7f, org.springframework.boot.test.json.DuplicateJsonObjectContextCustomizerFactory$DuplicateJsonObjectContextCustomizer@64a8c844, org.springframework.boot.test.mock.mockito.MockitoContextCustomizer@0, org.springframework.boot.test.web.reactor.netty.DisableReactorResourceFactoryGlobalResourcesContextCustomizerFactory$DisableReactorResourceFactoryGlobalResourcesContextCustomizerCustomizer@19553973, org.springframework.test.context.support.DynamicPropertiesContextCustomizer@0, org.springframework.boot.test.context.SpringBootTestAnnotation@c948181f], contextLoader = org.springframework.boot.test.context.SpringBootContextLoader, parent = null]
	at org.springframework.test.context.cache.DefaultCacheAwareContextLoaderDelegate.loadContext(DefaultCacheAwareContextLoaderDelegate.java:145)
	at org.springframework.test.context.support.DefaultTestContext.getApplicationContext(DefaultTestContext.java:130)
	at org.springframework.test.context.support.DependencyInjectionTestExecutionListener.injectDependencies(DependencyInjectionTestExecutionListener.java:142)
	at org.springframework.test.context.support.DependencyInjectionTestExecutionListener.prepareTestInstance(DependencyInjectionTestExecutionListener.java:98)
	at org.springframework.test.context.TestContextManager.prepareTestInstance(TestContextManager.java:260)
	at org.springframework.test.context.junit.jupiter.SpringExtension.postProcessTestInstance(SpringExtension.java:160)
	at org.junit.jupiter.engine.descriptor.ClassBasedTestDescriptor.lambda$invokeTestInstancePostProcessors$11(ClassBasedTestDescriptor.java:378)
	at org.junit.jupiter.engine.descriptor.ClassBasedTestDescriptor.executeAndMaskThrowable(ClassBasedTestDescriptor.java:383)
	at org.junit.jupiter.engine.descriptor.ClassBasedTestDescriptor.lambda$invokeTestInstancePostProcessors$12(ClassBasedTestDescriptor.java:378)
	at java.base/java.util.stream.ForEachOps$ForEachOp$OfRef.accept(ForEachOps.java:183)
	at java.base/java.util.stream.ReferencePipeline$3$1.accept(ReferencePipeline.java:197)
	at java.base/java.util.stream.ReferencePipeline$2$1.accept(ReferencePipeline.java:179)
	at java.base/java.util.stream.ReferencePipeline$3$1.accept(ReferencePipeline.java:197)
	at java.base/java.util.ArrayList$ArrayListSpliterator.forEachRemaining(ArrayList.java:1625)
	at java.base/java.util.stream.AbstractPipeline.copyInto(AbstractPipeline.java:509)
	at java.base/java.util.stream.AbstractPipeline.wrapAndCopyInto(AbstractPipeline.java:499)
	at java.base/java.util.stream.ForEachOps$ForEachOp.evaluateSequential(ForEachOps.java:150)
	at java.base/java.util.stream.ForEachOps$ForEachOp$OfRef.evaluateSequential(ForEachOps.java:173)
	at java.base/java.util.stream.AbstractPipeline.evaluate(AbstractPipeline.java:234)
	at java.base/java.util.stream.ReferencePipeline.forEach(ReferencePipeline.java:596)
	at org.junit.jupiter.engine.descriptor.ClassBasedTestDescriptor.invokeTestInstancePostProcessors(ClassBasedTestDescriptor.java:377)
	at org.junit.jupiter.engine.descriptor.ClassBasedTestDescriptor.lambda$instantiateAndPostProcessTestInstance$7(ClassBasedTestDescriptor.java:290)
	at org.junit.platform.engine.support.hierarchical.ThrowableCollector.execute(ThrowableCollector.java:73)
	at org.junit.jupiter.engine.descriptor.ClassBasedTestDescriptor.instantiateAndPostProcessTestInstance(ClassBasedTestDescriptor.java:289)
	at org.junit.jupiter.engine.descriptor.ClassBasedTestDescriptor.lambda$testInstancesProvider$5(ClassBasedTestDescriptor.java:279)
	at java.base/java.util.Optional.orElseGet(Optional.java:364)
	at org.junit.jupiter.engine.descriptor.ClassBasedTestDescriptor.lambda$testInstancesProvider$6(ClassBasedTestDescriptor.java:278)
	at org.junit.jupiter.engine.execution.TestInstancesProvider.getTestInstances(TestInstancesProvider.java:31)
	at org.junit.jupiter.engine.descriptor.TestMethodTestDescriptor.lambda$prepare$1(TestMethodTestDescriptor.java:105)
	at org.junit.platform.engine.support.hierarchical.ThrowableCollector.execute(ThrowableCollector.java:73)
	at org.junit.jupiter.engine.descriptor.TestMethodTestDescriptor.prepare(TestMethodTestDescriptor.java:104)
	at org.junit.jupiter.engine.descriptor.TestMethodTestDescriptor.prepare(TestMethodTestDescriptor.java:68)
	at org.junit.platform.engine.support.hierarchical.NodeTestTask.lambda$prepare$2(NodeTestTask.java:128)
	at org.junit.platform.engine.support.hierarchical.ThrowableCollector.execute(ThrowableCollector.java:73)
	at org.junit.platform.engine.support.hierarchical.NodeTestTask.prepare(NodeTestTask.java:128)
	at org.junit.platform.engine.support.hierarchical.NodeTestTask.execute(NodeTestTask.java:95)
	at java.base/java.util.ArrayList.forEach(ArrayList.java:1511)
	at org.junit.platform.engine.support.hierarchical.SameThreadHierarchicalTestExecutorService.invokeAll(SameThreadHierarchicalTestExecutorService.java:41)
	at org.junit.platform.engine.support.hierarchical.NodeTestTask.lambda$executeRecursively$6(NodeTestTask.java:160)
	at org.junit.platform.engine.support.hierarchical.ThrowableCollector.execute(ThrowableCollector.java:73)
	at org.junit.platform.engine.support.hierarchical.NodeTestTask.lambda$executeRecursively$8(NodeTestTask.java:146)
	at org.junit.platform.engine.support.hierarchical.Node.around(Node.java:137)
	at org.junit.platform.engine.support.hierarchical.NodeTestTask.lambda$executeRecursively$9(NodeTestTask.java:144)
	at org.junit.platform.engine.support.hierarchical.ThrowableCollector.execute(ThrowableCollector.java:73)
	at org.junit.platform.engine.support.hierarchical.NodeTestTask.executeRecursively(NodeTestTask.java:143)
	at org.junit.platform.engine.support.hierarchical.NodeTestTask.execute(NodeTestTask.java:100)
	at java.base/java.util.ArrayList.forEach(ArrayList.java:1511)
	at org.junit.platform.engine.support.hierarchical.SameThreadHierarchicalTestExecutorService.invokeAll(SameThreadHierarchicalTestExecutorService.java:41)
	at org.junit.platform.engine.support.hierarchical.NodeTestTask.lambda$executeRecursively$6(NodeTestTask.java:160)
	at org.junit.platform.engine.support.hierarchical.ThrowableCollector.execute(ThrowableCollector.java:73)
	at org.junit.platform.engine.support.hierarchical.NodeTestTask.lambda$executeRecursively$8(NodeTestTask.java:146)
	at org.junit.platform.engine.support.hierarchical.Node.around(Node.java:137)
	at org.junit.platform.engine.support.hierarchical.NodeTestTask.lambda$executeRecursively$9(NodeTestTask.java:144)
	at org.junit.platform.engine.support.hierarchical.ThrowableCollector.execute(ThrowableCollector.java:73)
	at org.junit.platform.engine.support.hierarchical.NodeTestTask.executeRecursively(NodeTestTask.java:143)
	at org.junit.platform.engine.support.hierarchical.NodeTestTask.execute(NodeTestTask.java:100)
	at org.junit.platform.engine.support.hierarchical.SameThreadHierarchicalTestExecutorService.submit(SameThreadHierarchicalTestExecutorService.java:35)
	at org.junit.platform.engine.support.hierarchical.HierarchicalTestExecutor.execute(HierarchicalTestExecutor.java:57)
	at org.junit.platform.engine.support.hierarchical.HierarchicalTestEngine.execute(HierarchicalTestEngine.java:54)
	at org.junit.platform.launcher.core.EngineExecutionOrchestrator.execute(EngineExecutionOrchestrator.java:198)
	at org.junit.platform.launcher.core.EngineExecutionOrchestrator.execute(EngineExecutionOrchestrator.java:169)
	at org.junit.platform.launcher.core.EngineExecutionOrchestrator.execute(EngineExecutionOrchestrator.java:93)
	at org.junit.platform.launcher.core.EngineExecutionOrchestrator.lambda$execute$0(EngineExecutionOrchestrator.java:58)
	at org.junit.platform.launcher.core.EngineExecutionOrchestrator.withInterceptedStreams(EngineExecutionOrchestrator.java:141)
	at org.junit.platform.launcher.core.EngineExecutionOrchestrator.execute(EngineExecutionOrchestrator.java:57)
	at org.junit.platform.launcher.core.DefaultLauncher.execute(DefaultLauncher.java:103)
	at org.junit.platform.launcher.core.DefaultLauncher.execute(DefaultLauncher.java:85)
	at org.junit.platform.launcher.core.DelegatingLauncher.execute(DelegatingLauncher.java:47)
	at org.gradle.api.internal.tasks.testing.junitplatform.JUnitPlatformTestClassProcessor$CollectAllTestClassesExecutor.processAllTestClasses(JUnitPlatformTestClassProcessor.java:124)
	at org.gradle.api.internal.tasks.testing.junitplatform.JUnitPlatformTestClassProcessor$CollectAllTestClassesExecutor.access$000(JUnitPlatformTestClassProcessor.java:99)
	at org.gradle.api.internal.tasks.testing.junitplatform.JUnitPlatformTestClassProcessor.stop(JUnitPlatformTestClassProcessor.java:94)
	at org.gradle.api.internal.tasks.testing.SuiteTestClassProcessor.stop(SuiteTestClassProcessor.java:63)
	at java.base/jdk.internal.reflect.NativeMethodAccessorImpl.invoke0(Native Method)
	at java.base/jdk.internal.reflect.NativeMethodAccessorImpl.invoke(NativeMethodAccessorImpl.java:77)
	at java.base/jdk.internal.reflect.DelegatingMethodAccessorImpl.invoke(DelegatingMethodAccessorImpl.java:43)
	at java.base/java.lang.reflect.Method.invoke(Method.java:569)
	at org.gradle.internal.dispatch.ReflectionDispatch.dispatch(ReflectionDispatch.java:36)
	at org.gradle.internal.dispatch.ReflectionDispatch.dispatch(ReflectionDispatch.java:24)
	at org.gradle.internal.dispatch.ContextClassLoaderDispatch.dispatch(ContextClassLoaderDispatch.java:33)
	at org.gradle.internal.dispatch.ProxyDispatchAdapter$DispatchingInvocationHandler.invoke(ProxyDispatchAdapter.java:92)
	at jdk.proxy1/jdk.proxy1.$Proxy4.stop(Unknown Source)
	at org.gradle.api.internal.tasks.testing.worker.TestWorker$3.run(TestWorker.java:200)
	at org.gradle.api.internal.tasks.testing.worker.TestWorker.executeAndMaintainThreadName(TestWorker.java:132)
	at org.gradle.api.internal.tasks.testing.worker.TestWorker.execute(TestWorker.java:103)
	at org.gradle.api.internal.tasks.testing.worker.TestWorker.execute(TestWorker.java:63)
	at org.gradle.process.internal.worker.child.ActionExecutionWorker.execute(ActionExecutionWorker.java:56)
	at org.gradle.process.internal.worker.child.SystemApplicationClassLoaderWorker.call(SystemApplicationClassLoaderWorker.java:121)
	at org.gradle.process.internal.worker.child.SystemApplicationClassLoaderWorker.call(SystemApplicationClassLoaderWorker.java:71)
	at worker.org.gradle.process.internal.worker.GradleWorkerMain.run(GradleWorkerMain.java:69)
	at worker.org.gradle.process.internal.worker.GradleWorkerMain.main(GradleWorkerMain.java:74)
26-06-07 22:12:41.406 [Test worker] WARN  o.s.test.context.TestContextManager  - Caught exception while allowing TestExecutionListener [org.springframework.test.context.support.DependencyInjectionTestExecutionListener] to prepare test instance [com.sprint.mission.discodeit.repository.MessageRepositoryTest@23258315]
java.lang.IllegalStateException: ApplicationContext failure threshold (1) exceeded: skipping repeated attempt to load context for [MergedContextConfiguration@153de49f testClass = com.sprint.mission.discodeit.repository.MessageRepositoryTest, locations = [], classes = [com.sprint.mission.discodeit.DiscodeitApplication], contextInitializerClasses = [], activeProfiles = ["test"], propertySourceDescriptors = [], propertySourceProperties = ["org.springframework.boot.test.autoconfigure.orm.jpa.DataJpaTestContextBootstrapper=true"], contextCustomizers = [org.springframework.boot.test.autoconfigure.OnFailureConditionReportContextCustomizerFactory$OnFailureConditionReportContextCustomizer@54e22bdd, org.springframework.boot.test.autoconfigure.OverrideAutoConfigurationContextCustomizerFactory$DisableAutoConfigurationContextCustomizer@4a187041, org.springframework.boot.test.autoconfigure.actuate.observability.ObservabilityContextCustomizerFactory$DisableObservabilityContextCustomizer@1f, org.springframework.boot.test.autoconfigure.filter.TypeExcludeFiltersContextCustomizer@34be3d80, org.springframework.boot.test.autoconfigure.properties.PropertyMappingContextCustomizer@9391a5b3, org.springframework.boot.test.autoconfigure.web.servlet.WebDriverContextCustomizer@315f43d5, [ImportsContextCustomizer@18b36b93 key = [@org.springframework.boot.test.autoconfigure.orm.jpa.AutoConfigureDataJpa(), @org.springframework.boot.test.autoconfigure.orm.jpa.AutoConfigureTestEntityManager(), @org.springframework.aot.hint.annotation.Reflective(processors={org.springframework.aot.hint.annotation.SimpleReflectiveProcessor.class}, value={org.springframework.aot.hint.annotation.SimpleReflectiveProcessor.class}), @org.springframework.boot.test.autoconfigure.filter.TypeExcludeFilters(value={org.springframework.boot.test.autoconfigure.orm.jpa.DataJpaTypeExcludeFilter.class}), @org.springframework.transaction.annotation.Transactional(isolation=DEFAULT, label={}, noRollbackFor={}, noRollbackForClassName={}, propagation=REQUIRED, readOnly=false, rollbackFor={}, rollbackForClassName={}, timeout=-1, timeoutString="", transactionManager="", value=""), @org.springframework.test.context.ActiveProfiles(inheritProfiles=true, profiles={"test"}, resolver=org.springframework.test.context.ActiveProfilesResolver.class, value={"test"}), @org.springframework.boot.test.autoconfigure.orm.jpa.DataJpaTest(bootstrapMode=DEFAULT, excludeAutoConfiguration={}, excludeFilters={}, includeFilters={}, properties={}, showSql=true, useDefaultFilters=true), @org.springframework.data.jpa.repository.config.EnableJpaAuditing(auditorAwareRef="", setDates=true, modifyOnCreate=true, dateTimeProviderRef=""), @org.springframework.context.annotation.Import(value={org.springframework.data.jpa.repository.config.JpaAuditingRegistrar.class}), @org.springframework.context.annotation.Import(value={org.springframework.boot.autoconfigure.ImportAutoConfigurationImportSelector.class}), @org.springframework.boot.test.autoconfigure.properties.PropertyMapping(skip=NO, value="spring.test.database"), @org.springframework.boot.autoconfigure.ImportAutoConfiguration(classes={}, exclude={}, value={}), @org.springframework.boot.test.autoconfigure.core.AutoConfigureCache(cacheProvider=NONE), @org.springframework.test.context.BootstrapWith(value=org.springframework.boot.test.autoconfigure.orm.jpa.DataJpaTestContextBootstrapper.class), @org.springframework.boot.test.autoconfigure.OverrideAutoConfiguration(enabled=false), @org.springframework.boot.test.autoconfigure.jdbc.AutoConfigureTestDatabase(connection=NONE, replace=NON_TEST)]], org.springframework.boot.test.context.filter.ExcludeFilterContextCustomizer@2f05be7f, org.springframework.boot.test.json.DuplicateJsonObjectContextCustomizerFactory$DuplicateJsonObjectContextCustomizer@64a8c844, org.springframework.boot.test.mock.mockito.MockitoContextCustomizer@0, org.springframework.boot.test.web.reactor.netty.DisableReactorResourceFactoryGlobalResourcesContextCustomizerFactory$DisableReactorResourceFactoryGlobalResourcesContextCustomizerCustomizer@19553973, org.springframework.test.context.support.DynamicPropertiesContextCustomizer@0, org.springframework.boot.test.context.SpringBootTestAnnotation@c948181f], contextLoader = org.springframework.boot.test.context.SpringBootContextLoader, parent = null]
	at org.springframework.test.context.cache.DefaultCacheAwareContextLoaderDelegate.loadContext(DefaultCacheAwareContextLoaderDelegate.java:145)
	at org.springframework.test.context.support.DefaultTestContext.getApplicationContext(DefaultTestContext.java:130)
	at org.springframework.test.context.support.DependencyInjectionTestExecutionListener.injectDependencies(DependencyInjectionTestExecutionListener.java:142)
	at org.springframework.test.context.support.DependencyInjectionTestExecutionListener.prepareTestInstance(DependencyInjectionTestExecutionListener.java:98)
	at org.springframework.test.context.TestContextManager.prepareTestInstance(TestContextManager.java:260)
	at org.springframework.test.context.junit.jupiter.SpringExtension.postProcessTestInstance(SpringExtension.java:160)
	at org.junit.jupiter.engine.descriptor.ClassBasedTestDescriptor.lambda$invokeTestInstancePostProcessors$11(ClassBasedTestDescriptor.java:378)
	at org.junit.jupiter.engine.descriptor.ClassBasedTestDescriptor.executeAndMaskThrowable(ClassBasedTestDescriptor.java:383)
	at org.junit.jupiter.engine.descriptor.ClassBasedTestDescriptor.lambda$invokeTestInstancePostProcessors$12(ClassBasedTestDescriptor.java:378)
	at java.base/java.util.stream.ForEachOps$ForEachOp$OfRef.accept(ForEachOps.java:183)
	at java.base/java.util.stream.ReferencePipeline$3$1.accept(ReferencePipeline.java:197)
	at java.base/java.util.stream.ReferencePipeline$2$1.accept(ReferencePipeline.java:179)
	at java.base/java.util.stream.ReferencePipeline$3$1.accept(ReferencePipeline.java:197)
	at java.base/java.util.ArrayList$ArrayListSpliterator.forEachRemaining(ArrayList.java:1625)
	at java.base/java.util.stream.AbstractPipeline.copyInto(AbstractPipeline.java:509)
	at java.base/java.util.stream.AbstractPipeline.wrapAndCopyInto(AbstractPipeline.java:499)
	at java.base/java.util.stream.ForEachOps$ForEachOp.evaluateSequential(ForEachOps.java:150)
	at java.base/java.util.stream.ForEachOps$ForEachOp$OfRef.evaluateSequential(ForEachOps.java:173)
	at java.base/java.util.stream.AbstractPipeline.evaluate(AbstractPipeline.java:234)
	at java.base/java.util.stream.ReferencePipeline.forEach(ReferencePipeline.java:596)
	at org.junit.jupiter.engine.descriptor.ClassBasedTestDescriptor.invokeTestInstancePostProcessors(ClassBasedTestDescriptor.java:377)
	at org.junit.jupiter.engine.descriptor.ClassBasedTestDescriptor.lambda$instantiateAndPostProcessTestInstance$7(ClassBasedTestDescriptor.java:290)
	at org.junit.platform.engine.support.hierarchical.ThrowableCollector.execute(ThrowableCollector.java:73)
	at org.junit.jupiter.engine.descriptor.ClassBasedTestDescriptor.instantiateAndPostProcessTestInstance(ClassBasedTestDescriptor.java:289)
	at org.junit.jupiter.engine.descriptor.ClassBasedTestDescriptor.lambda$testInstancesProvider$5(ClassBasedTestDescriptor.java:279)
	at java.base/java.util.Optional.orElseGet(Optional.java:364)
	at org.junit.jupiter.engine.descriptor.ClassBasedTestDescriptor.lambda$testInstancesProvider$6(ClassBasedTestDescriptor.java:278)
	at org.junit.jupiter.engine.execution.TestInstancesProvider.getTestInstances(TestInstancesProvider.java:31)
	at org.junit.jupiter.engine.descriptor.TestMethodTestDescriptor.lambda$prepare$1(TestMethodTestDescriptor.java:105)
	at org.junit.platform.engine.support.hierarchical.ThrowableCollector.execute(ThrowableCollector.java:73)
	at org.junit.jupiter.engine.descriptor.TestMethodTestDescriptor.prepare(TestMethodTestDescriptor.java:104)
	at org.junit.jupiter.engine.descriptor.TestMethodTestDescriptor.prepare(TestMethodTestDescriptor.java:68)
	at org.junit.platform.engine.support.hierarchical.NodeTestTask.lambda$prepare$2(NodeTestTask.java:128)
	at org.junit.platform.engine.support.hierarchical.ThrowableCollector.execute(ThrowableCollector.java:73)
	at org.junit.platform.engine.support.hierarchical.NodeTestTask.prepare(NodeTestTask.java:128)
	at org.junit.platform.engine.support.hierarchical.NodeTestTask.execute(NodeTestTask.java:95)
	at java.base/java.util.ArrayList.forEach(ArrayList.java:1511)
	at org.junit.platform.engine.support.hierarchical.SameThreadHierarchicalTestExecutorService.invokeAll(SameThreadHierarchicalTestExecutorService.java:41)
	at org.junit.platform.engine.support.hierarchical.NodeTestTask.lambda$executeRecursively$6(NodeTestTask.java:160)
	at org.junit.platform.engine.support.hierarchical.ThrowableCollector.execute(ThrowableCollector.java:73)
	at org.junit.platform.engine.support.hierarchical.NodeTestTask.lambda$executeRecursively$8(NodeTestTask.java:146)
	at org.junit.platform.engine.support.hierarchical.Node.around(Node.java:137)
	at org.junit.platform.engine.support.hierarchical.NodeTestTask.lambda$executeRecursively$9(NodeTestTask.java:144)
	at org.junit.platform.engine.support.hierarchical.ThrowableCollector.execute(ThrowableCollector.java:73)
	at org.junit.platform.engine.support.hierarchical.NodeTestTask.executeRecursively(NodeTestTask.java:143)
	at org.junit.platform.engine.support.hierarchical.NodeTestTask.execute(NodeTestTask.java:100)
	at java.base/java.util.ArrayList.forEach(ArrayList.java:1511)
	at org.junit.platform.engine.support.hierarchical.SameThreadHierarchicalTestExecutorService.invokeAll(SameThreadHierarchicalTestExecutorService.java:41)
	at org.junit.platform.engine.support.hierarchical.NodeTestTask.lambda$executeRecursively$6(NodeTestTask.java:160)
	at org.junit.platform.engine.support.hierarchical.ThrowableCollector.execute(ThrowableCollector.java:73)
	at org.junit.platform.engine.support.hierarchical.NodeTestTask.lambda$executeRecursively$8(NodeTestTask.java:146)
	at org.junit.platform.engine.support.hierarchical.Node.around(Node.java:137)
	at org.junit.platform.engine.support.hierarchical.NodeTestTask.lambda$executeRecursively$9(NodeTestTask.java:144)
	at org.junit.platform.engine.support.hierarchical.ThrowableCollector.execute(ThrowableCollector.java:73)
	at org.junit.platform.engine.support.hierarchical.NodeTestTask.executeRecursively(NodeTestTask.java:143)
	at org.junit.platform.engine.support.hierarchical.NodeTestTask.execute(NodeTestTask.java:100)
	at org.junit.platform.engine.support.hierarchical.SameThreadHierarchicalTestExecutorService.submit(SameThreadHierarchicalTestExecutorService.java:35)
	at org.junit.platform.engine.support.hierarchical.HierarchicalTestExecutor.execute(HierarchicalTestExecutor.java:57)
	at org.junit.platform.engine.support.hierarchical.HierarchicalTestEngine.execute(HierarchicalTestEngine.java:54)
	at org.junit.platform.launcher.core.EngineExecutionOrchestrator.execute(EngineExecutionOrchestrator.java:198)
	at org.junit.platform.launcher.core.EngineExecutionOrchestrator.execute(EngineExecutionOrchestrator.java:169)
	at org.junit.platform.launcher.core.EngineExecutionOrchestrator.execute(EngineExecutionOrchestrator.java:93)
	at org.junit.platform.launcher.core.EngineExecutionOrchestrator.lambda$execute$0(EngineExecutionOrchestrator.java:58)
	at org.junit.platform.launcher.core.EngineExecutionOrchestrator.withInterceptedStreams(EngineExecutionOrchestrator.java:141)
	at org.junit.platform.launcher.core.EngineExecutionOrchestrator.execute(EngineExecutionOrchestrator.java:57)
	at org.junit.platform.launcher.core.DefaultLauncher.execute(DefaultLauncher.java:103)
	at org.junit.platform.launcher.core.DefaultLauncher.execute(DefaultLauncher.java:85)
	at org.junit.platform.launcher.core.DelegatingLauncher.execute(DelegatingLauncher.java:47)
	at org.gradle.api.internal.tasks.testing.junitplatform.JUnitPlatformTestClassProcessor$CollectAllTestClassesExecutor.processAllTestClasses(JUnitPlatformTestClassProcessor.java:124)
	at org.gradle.api.internal.tasks.testing.junitplatform.JUnitPlatformTestClassProcessor$CollectAllTestClassesExecutor.access$000(JUnitPlatformTestClassProcessor.java:99)
	at org.gradle.api.internal.tasks.testing.junitplatform.JUnitPlatformTestClassProcessor.stop(JUnitPlatformTestClassProcessor.java:94)
	at org.gradle.api.internal.tasks.testing.SuiteTestClassProcessor.stop(SuiteTestClassProcessor.java:63)
	at java.base/jdk.internal.reflect.NativeMethodAccessorImpl.invoke0(Native Method)
	at java.base/jdk.internal.reflect.NativeMethodAccessorImpl.invoke(NativeMethodAccessorImpl.java:77)
	at java.base/jdk.internal.reflect.DelegatingMethodAccessorImpl.invoke(DelegatingMethodAccessorImpl.java:43)
	at java.base/java.lang.reflect.Method.invoke(Method.java:569)
	at org.gradle.internal.dispatch.ReflectionDispatch.dispatch(ReflectionDispatch.java:36)
	at org.gradle.internal.dispatch.ReflectionDispatch.dispatch(ReflectionDispatch.java:24)
	at org.gradle.internal.dispatch.ContextClassLoaderDispatch.dispatch(ContextClassLoaderDispatch.java:33)
	at org.gradle.internal.dispatch.ProxyDispatchAdapter$DispatchingInvocationHandler.invoke(ProxyDispatchAdapter.java:92)
	at jdk.proxy1/jdk.proxy1.$Proxy4.stop(Unknown Source)
	at org.gradle.api.internal.tasks.testing.worker.TestWorker$3.run(TestWorker.java:200)
	at org.gradle.api.internal.tasks.testing.worker.TestWorker.executeAndMaintainThreadName(TestWorker.java:132)
	at org.gradle.api.internal.tasks.testing.worker.TestWorker.execute(TestWorker.java:103)
	at org.gradle.api.internal.tasks.testing.worker.TestWorker.execute(TestWorker.java:63)
	at org.gradle.process.internal.worker.child.ActionExecutionWorker.execute(ActionExecutionWorker.java:56)
	at org.gradle.process.internal.worker.child.SystemApplicationClassLoaderWorker.call(SystemApplicationClassLoaderWorker.java:121)
	at org.gradle.process.internal.worker.child.SystemApplicationClassLoaderWorker.call(SystemApplicationClassLoaderWorker.java:71)
	at worker.org.gradle.process.internal.worker.GradleWorkerMain.run(GradleWorkerMain.java:69)
	at worker.org.gradle.process.internal.worker.GradleWorkerMain.main(GradleWorkerMain.java:74)
26-06-07 22:12:41.407 [Test worker] WARN  o.s.test.context.TestContextManager  - Caught exception while allowing TestExecutionListener [org.springframework.test.context.support.DependencyInjectionTestExecutionListener] to prepare test instance [com.sprint.mission.discodeit.repository.MessageRepositoryTest@3353d096]
java.lang.IllegalStateException: ApplicationContext failure threshold (1) exceeded: skipping repeated attempt to load context for [MergedContextConfiguration@153de49f testClass = com.sprint.mission.discodeit.repository.MessageRepositoryTest, locations = [], classes = [com.sprint.mission.discodeit.DiscodeitApplication], contextInitializerClasses = [], activeProfiles = ["test"], propertySourceDescriptors = [], propertySourceProperties = ["org.springframework.boot.test.autoconfigure.orm.jpa.DataJpaTestContextBootstrapper=true"], contextCustomizers = [org.springframework.boot.test.autoconfigure.OnFailureConditionReportContextCustomizerFactory$OnFailureConditionReportContextCustomizer@54e22bdd, org.springframework.boot.test.autoconfigure.OverrideAutoConfigurationContextCustomizerFactory$DisableAutoConfigurationContextCustomizer@4a187041, org.springframework.boot.test.autoconfigure.actuate.observability.ObservabilityContextCustomizerFactory$DisableObservabilityContextCustomizer@1f, org.springframework.boot.test.autoconfigure.filter.TypeExcludeFiltersContextCustomizer@34be3d80, org.springframework.boot.test.autoconfigure.properties.PropertyMappingContextCustomizer@9391a5b3, org.springframework.boot.test.autoconfigure.web.servlet.WebDriverContextCustomizer@315f43d5, [ImportsContextCustomizer@18b36b93 key = [@org.springframework.boot.test.autoconfigure.orm.jpa.AutoConfigureDataJpa(), @org.springframework.boot.test.autoconfigure.orm.jpa.AutoConfigureTestEntityManager(), @org.springframework.aot.hint.annotation.Reflective(processors={org.springframework.aot.hint.annotation.SimpleReflectiveProcessor.class}, value={org.springframework.aot.hint.annotation.SimpleReflectiveProcessor.class}), @org.springframework.boot.test.autoconfigure.filter.TypeExcludeFilters(value={org.springframework.boot.test.autoconfigure.orm.jpa.DataJpaTypeExcludeFilter.class}), @org.springframework.transaction.annotation.Transactional(isolation=DEFAULT, label={}, noRollbackFor={}, noRollbackForClassName={}, propagation=REQUIRED, readOnly=false, rollbackFor={}, rollbackForClassName={}, timeout=-1, timeoutString="", transactionManager="", value=""), @org.springframework.test.context.ActiveProfiles(inheritProfiles=true, profiles={"test"}, resolver=org.springframework.test.context.ActiveProfilesResolver.class, value={"test"}), @org.springframework.boot.test.autoconfigure.orm.jpa.DataJpaTest(bootstrapMode=DEFAULT, excludeAutoConfiguration={}, excludeFilters={}, includeFilters={}, properties={}, showSql=true, useDefaultFilters=true), @org.springframework.data.jpa.repository.config.EnableJpaAuditing(auditorAwareRef="", setDates=true, modifyOnCreate=true, dateTimeProviderRef=""), @org.springframework.context.annotation.Import(value={org.springframework.data.jpa.repository.config.JpaAuditingRegistrar.class}), @org.springframework.context.annotation.Import(value={org.springframework.boot.autoconfigure.ImportAutoConfigurationImportSelector.class}), @org.springframework.boot.test.autoconfigure.properties.PropertyMapping(skip=NO, value="spring.test.database"), @org.springframework.boot.autoconfigure.ImportAutoConfiguration(classes={}, exclude={}, value={}), @org.springframework.boot.test.autoconfigure.core.AutoConfigureCache(cacheProvider=NONE), @org.springframework.test.context.BootstrapWith(value=org.springframework.boot.test.autoconfigure.orm.jpa.DataJpaTestContextBootstrapper.class), @org.springframework.boot.test.autoconfigure.OverrideAutoConfiguration(enabled=false), @org.springframework.boot.test.autoconfigure.jdbc.AutoConfigureTestDatabase(connection=NONE, replace=NON_TEST)]], org.springframework.boot.test.context.filter.ExcludeFilterContextCustomizer@2f05be7f, org.springframework.boot.test.json.DuplicateJsonObjectContextCustomizerFactory$DuplicateJsonObjectContextCustomizer@64a8c844, org.springframework.boot.test.mock.mockito.MockitoContextCustomizer@0, org.springframework.boot.test.web.reactor.netty.DisableReactorResourceFactoryGlobalResourcesContextCustomizerFactory$DisableReactorResourceFactoryGlobalResourcesContextCustomizerCustomizer@19553973, org.springframework.test.context.support.DynamicPropertiesContextCustomizer@0, org.springframework.boot.test.context.SpringBootTestAnnotation@c948181f], contextLoader = org.springframework.boot.test.context.SpringBootContextLoader, parent = null]
	at org.springframework.test.context.cache.DefaultCacheAwareContextLoaderDelegate.loadContext(DefaultCacheAwareContextLoaderDelegate.java:145)
	at org.springframework.test.context.support.DefaultTestContext.getApplicationContext(DefaultTestContext.java:130)
	at org.springframework.test.context.support.DependencyInjectionTestExecutionListener.injectDependencies(DependencyInjectionTestExecutionListener.java:142)
	at org.springframework.test.context.support.DependencyInjectionTestExecutionListener.prepareTestInstance(DependencyInjectionTestExecutionListener.java:98)
	at org.springframework.test.context.TestContextManager.prepareTestInstance(TestContextManager.java:260)
	at org.springframework.test.context.junit.jupiter.SpringExtension.postProcessTestInstance(SpringExtension.java:160)
	at org.junit.jupiter.engine.descriptor.ClassBasedTestDescriptor.lambda$invokeTestInstancePostProcessors$11(ClassBasedTestDescriptor.java:378)
	at org.junit.jupiter.engine.descriptor.ClassBasedTestDescriptor.executeAndMaskThrowable(ClassBasedTestDescriptor.java:383)
	at org.junit.jupiter.engine.descriptor.ClassBasedTestDescriptor.lambda$invokeTestInstancePostProcessors$12(ClassBasedTestDescriptor.java:378)
	at java.base/java.util.stream.ForEachOps$ForEachOp$OfRef.accept(ForEachOps.java:183)
	at java.base/java.util.stream.ReferencePipeline$3$1.accept(ReferencePipeline.java:197)
	at java.base/java.util.stream.ReferencePipeline$2$1.accept(ReferencePipeline.java:179)
	at java.base/java.util.stream.ReferencePipeline$3$1.accept(ReferencePipeline.java:197)
	at java.base/java.util.ArrayList$ArrayListSpliterator.forEachRemaining(ArrayList.java:1625)
	at java.base/java.util.stream.AbstractPipeline.copyInto(AbstractPipeline.java:509)
	at java.base/java.util.stream.AbstractPipeline.wrapAndCopyInto(AbstractPipeline.java:499)
	at java.base/java.util.stream.ForEachOps$ForEachOp.evaluateSequential(ForEachOps.java:150)
	at java.base/java.util.stream.ForEachOps$ForEachOp$OfRef.evaluateSequential(ForEachOps.java:173)
	at java.base/java.util.stream.AbstractPipeline.evaluate(AbstractPipeline.java:234)
	at java.base/java.util.stream.ReferencePipeline.forEach(ReferencePipeline.java:596)
	at org.junit.jupiter.engine.descriptor.ClassBasedTestDescriptor.invokeTestInstancePostProcessors(ClassBasedTestDescriptor.java:377)
	at org.junit.jupiter.engine.descriptor.ClassBasedTestDescriptor.lambda$instantiateAndPostProcessTestInstance$7(ClassBasedTestDescriptor.java:290)
	at org.junit.platform.engine.support.hierarchical.ThrowableCollector.execute(ThrowableCollector.java:73)
	at org.junit.jupiter.engine.descriptor.ClassBasedTestDescriptor.instantiateAndPostProcessTestInstance(ClassBasedTestDescriptor.java:289)
	at org.junit.jupiter.engine.descriptor.ClassBasedTestDescriptor.lambda$testInstancesProvider$5(ClassBasedTestDescriptor.java:279)
	at java.base/java.util.Optional.orElseGet(Optional.java:364)
	at org.junit.jupiter.engine.descriptor.ClassBasedTestDescriptor.lambda$testInstancesProvider$6(ClassBasedTestDescriptor.java:278)
	at org.junit.jupiter.engine.execution.TestInstancesProvider.getTestInstances(TestInstancesProvider.java:31)
	at org.junit.jupiter.engine.descriptor.TestMethodTestDescriptor.lambda$prepare$1(TestMethodTestDescriptor.java:105)
	at org.junit.platform.engine.support.hierarchical.ThrowableCollector.execute(ThrowableCollector.java:73)
	at org.junit.jupiter.engine.descriptor.TestMethodTestDescriptor.prepare(TestMethodTestDescriptor.java:104)
	at org.junit.jupiter.engine.descriptor.TestMethodTestDescriptor.prepare(TestMethodTestDescriptor.java:68)
	at org.junit.platform.engine.support.hierarchical.NodeTestTask.lambda$prepare$2(NodeTestTask.java:128)
	at org.junit.platform.engine.support.hierarchical.ThrowableCollector.execute(ThrowableCollector.java:73)
	at org.junit.platform.engine.support.hierarchical.NodeTestTask.prepare(NodeTestTask.java:128)
	at org.junit.platform.engine.support.hierarchical.NodeTestTask.execute(NodeTestTask.java:95)
	at java.base/java.util.ArrayList.forEach(ArrayList.java:1511)
	at org.junit.platform.engine.support.hierarchical.SameThreadHierarchicalTestExecutorService.invokeAll(SameThreadHierarchicalTestExecutorService.java:41)
	at org.junit.platform.engine.support.hierarchical.NodeTestTask.lambda$executeRecursively$6(NodeTestTask.java:160)
	at org.junit.platform.engine.support.hierarchical.ThrowableCollector.execute(ThrowableCollector.java:73)
	at org.junit.platform.engine.support.hierarchical.NodeTestTask.lambda$executeRecursively$8(NodeTestTask.java:146)
	at org.junit.platform.engine.support.hierarchical.Node.around(Node.java:137)
	at org.junit.platform.engine.support.hierarchical.NodeTestTask.lambda$executeRecursively$9(NodeTestTask.java:144)
	at org.junit.platform.engine.support.hierarchical.ThrowableCollector.execute(ThrowableCollector.java:73)
	at org.junit.platform.engine.support.hierarchical.NodeTestTask.executeRecursively(NodeTestTask.java:143)
	at org.junit.platform.engine.support.hierarchical.NodeTestTask.execute(NodeTestTask.java:100)
	at java.base/java.util.ArrayList.forEach(ArrayList.java:1511)
	at org.junit.platform.engine.support.hierarchical.SameThreadHierarchicalTestExecutorService.invokeAll(SameThreadHierarchicalTestExecutorService.java:41)
	at org.junit.platform.engine.support.hierarchical.NodeTestTask.lambda$executeRecursively$6(NodeTestTask.java:160)
	at org.junit.platform.engine.support.hierarchical.ThrowableCollector.execute(ThrowableCollector.java:73)
	at org.junit.platform.engine.support.hierarchical.NodeTestTask.lambda$executeRecursively$8(NodeTestTask.java:146)
	at org.junit.platform.engine.support.hierarchical.Node.around(Node.java:137)
	at org.junit.platform.engine.support.hierarchical.NodeTestTask.lambda$executeRecursively$9(NodeTestTask.java:144)
	at org.junit.platform.engine.support.hierarchical.ThrowableCollector.execute(ThrowableCollector.java:73)
	at org.junit.platform.engine.support.hierarchical.NodeTestTask.executeRecursively(NodeTestTask.java:143)
	at org.junit.platform.engine.support.hierarchical.NodeTestTask.execute(NodeTestTask.java:100)
	at org.junit.platform.engine.support.hierarchical.SameThreadHierarchicalTestExecutorService.submit(SameThreadHierarchicalTestExecutorService.java:35)
	at org.junit.platform.engine.support.hierarchical.HierarchicalTestExecutor.execute(HierarchicalTestExecutor.java:57)
	at org.junit.platform.engine.support.hierarchical.HierarchicalTestEngine.execute(HierarchicalTestEngine.java:54)
	at org.junit.platform.launcher.core.EngineExecutionOrchestrator.execute(EngineExecutionOrchestrator.java:198)
	at org.junit.platform.launcher.core.EngineExecutionOrchestrator.execute(EngineExecutionOrchestrator.java:169)
	at org.junit.platform.launcher.core.EngineExecutionOrchestrator.execute(EngineExecutionOrchestrator.java:93)
	at org.junit.platform.launcher.core.EngineExecutionOrchestrator.lambda$execute$0(EngineExecutionOrchestrator.java:58)
	at org.junit.platform.launcher.core.EngineExecutionOrchestrator.withInterceptedStreams(EngineExecutionOrchestrator.java:141)
	at org.junit.platform.launcher.core.EngineExecutionOrchestrator.execute(EngineExecutionOrchestrator.java:57)
	at org.junit.platform.launcher.core.DefaultLauncher.execute(DefaultLauncher.java:103)
	at org.junit.platform.launcher.core.DefaultLauncher.execute(DefaultLauncher.java:85)
	at org.junit.platform.launcher.core.DelegatingLauncher.execute(DelegatingLauncher.java:47)
	at org.gradle.api.internal.tasks.testing.junitplatform.JUnitPlatformTestClassProcessor$CollectAllTestClassesExecutor.processAllTestClasses(JUnitPlatformTestClassProcessor.java:124)
	at org.gradle.api.internal.tasks.testing.junitplatform.JUnitPlatformTestClassProcessor$CollectAllTestClassesExecutor.access$000(JUnitPlatformTestClassProcessor.java:99)
	at org.gradle.api.internal.tasks.testing.junitplatform.JUnitPlatformTestClassProcessor.stop(JUnitPlatformTestClassProcessor.java:94)
	at org.gradle.api.internal.tasks.testing.SuiteTestClassProcessor.stop(SuiteTestClassProcessor.java:63)
	at java.base/jdk.internal.reflect.NativeMethodAccessorImpl.invoke0(Native Method)
	at java.base/jdk.internal.reflect.NativeMethodAccessorImpl.invoke(NativeMethodAccessorImpl.java:77)
	at java.base/jdk.internal.reflect.DelegatingMethodAccessorImpl.invoke(DelegatingMethodAccessorImpl.java:43)
	at java.base/java.lang.reflect.Method.invoke(Method.java:569)
	at org.gradle.internal.dispatch.ReflectionDispatch.dispatch(ReflectionDispatch.java:36)
	at org.gradle.internal.dispatch.ReflectionDispatch.dispatch(ReflectionDispatch.java:24)
	at org.gradle.internal.dispatch.ContextClassLoaderDispatch.dispatch(ContextClassLoaderDispatch.java:33)
	at org.gradle.internal.dispatch.ProxyDispatchAdapter$DispatchingInvocationHandler.invoke(ProxyDispatchAdapter.java:92)
	at jdk.proxy1/jdk.proxy1.$Proxy4.stop(Unknown Source)
	at org.gradle.api.internal.tasks.testing.worker.TestWorker$3.run(TestWorker.java:200)
	at org.gradle.api.internal.tasks.testing.worker.TestWorker.executeAndMaintainThreadName(TestWorker.java:132)
	at org.gradle.api.internal.tasks.testing.worker.TestWorker.execute(TestWorker.java:103)
	at org.gradle.api.internal.tasks.testing.worker.TestWorker.execute(TestWorker.java:63)
	at org.gradle.process.internal.worker.child.ActionExecutionWorker.execute(ActionExecutionWorker.java:56)
	at org.gradle.process.internal.worker.child.SystemApplicationClassLoaderWorker.call(SystemApplicationClassLoaderWorker.java:121)
	at org.gradle.process.internal.worker.child.SystemApplicationClassLoaderWorker.call(SystemApplicationClassLoaderWorker.java:71)
	at worker.org.gradle.process.internal.worker.GradleWorkerMain.run(GradleWorkerMain.java:69)
	at worker.org.gradle.process.internal.worker.GradleWorkerMain.main(GradleWorkerMain.java:74)
26-06-07 22:12:41.410 [Test worker] INFO  s.AnnotationConfigContextLoaderUtils - Could not detect default configuration classes for test class [com.sprint.mission.discodeit.repository.UserRepositoryTest]: UserRepositoryTest does not declare any static, non-private, non-final, nested classes annotated with @Configuration.
26-06-07 22:12:41.412 [Test worker] INFO  .c.SpringBootTestContextBootstrapper - Found @SpringBootConfiguration com.sprint.mission.discodeit.DiscodeitApplication for test class com.sprint.mission.discodeit.repository.UserRepositoryTest
26-06-07 22:12:41.413 [Test worker] WARN  o.s.test.context.TestContextManager  - Caught exception while allowing TestExecutionListener [org.springframework.test.context.support.DependencyInjectionTestExecutionListener] to prepare test instance [com.sprint.mission.discodeit.repository.UserRepositoryTest@71f8d094]
java.lang.IllegalStateException: ApplicationContext failure threshold (1) exceeded: skipping repeated attempt to load context for [MergedContextConfiguration@69596a73 testClass = com.sprint.mission.discodeit.repository.UserRepositoryTest, locations = [], classes = [com.sprint.mission.discodeit.DiscodeitApplication], contextInitializerClasses = [], activeProfiles = ["test"], propertySourceDescriptors = [], propertySourceProperties = ["org.springframework.boot.test.autoconfigure.orm.jpa.DataJpaTestContextBootstrapper=true"], contextCustomizers = [org.springframework.boot.test.autoconfigure.OnFailureConditionReportContextCustomizerFactory$OnFailureConditionReportContextCustomizer@54e22bdd, org.springframework.boot.test.autoconfigure.OverrideAutoConfigurationContextCustomizerFactory$DisableAutoConfigurationContextCustomizer@4a187041, org.springframework.boot.test.autoconfigure.actuate.observability.ObservabilityContextCustomizerFactory$DisableObservabilityContextCustomizer@1f, org.springframework.boot.test.autoconfigure.filter.TypeExcludeFiltersContextCustomizer@34be3d80, org.springframework.boot.test.autoconfigure.properties.PropertyMappingContextCustomizer@9391a5b3, org.springframework.boot.test.autoconfigure.web.servlet.WebDriverContextCustomizer@315f43d5, [ImportsContextCustomizer@ba9a098 key = [@org.springframework.boot.test.autoconfigure.orm.jpa.AutoConfigureDataJpa(), @org.springframework.boot.test.autoconfigure.orm.jpa.AutoConfigureTestEntityManager(), @org.springframework.aot.hint.annotation.Reflective(processors={org.springframework.aot.hint.annotation.SimpleReflectiveProcessor.class}, value={org.springframework.aot.hint.annotation.SimpleReflectiveProcessor.class}), @org.springframework.boot.test.autoconfigure.filter.TypeExcludeFilters(value={org.springframework.boot.test.autoconfigure.orm.jpa.DataJpaTypeExcludeFilter.class}), @org.springframework.transaction.annotation.Transactional(isolation=DEFAULT, label={}, noRollbackFor={}, noRollbackForClassName={}, propagation=REQUIRED, readOnly=false, rollbackFor={}, rollbackForClassName={}, timeout=-1, timeoutString="", transactionManager="", value=""), @org.springframework.test.context.ActiveProfiles(inheritProfiles=true, profiles={"test"}, resolver=org.springframework.test.context.ActiveProfilesResolver.class, value={"test"}), @org.springframework.boot.test.autoconfigure.orm.jpa.DataJpaTest(bootstrapMode=DEFAULT, excludeAutoConfiguration={}, excludeFilters={}, includeFilters={}, properties={}, showSql=true, useDefaultFilters=true), @org.springframework.data.jpa.repository.config.EnableJpaAuditing(auditorAwareRef="", setDates=true, modifyOnCreate=true, dateTimeProviderRef=""), @org.springframework.context.annotation.Import(value={org.springframework.data.jpa.repository.config.JpaAuditingRegistrar.class}), @org.springframework.context.annotation.Import(value={org.springframework.boot.autoconfigure.ImportAutoConfigurationImportSelector.class}), @org.springframework.boot.test.autoconfigure.properties.PropertyMapping(skip=NO, value="spring.test.database"), @org.springframework.boot.autoconfigure.ImportAutoConfiguration(classes={}, exclude={}, value={}), @org.springframework.boot.test.autoconfigure.core.AutoConfigureCache(cacheProvider=NONE), @org.springframework.test.context.BootstrapWith(value=org.springframework.boot.test.autoconfigure.orm.jpa.DataJpaTestContextBootstrapper.class), @org.springframework.boot.test.autoconfigure.OverrideAutoConfiguration(enabled=false), @org.springframework.boot.test.autoconfigure.jdbc.AutoConfigureTestDatabase(connection=NONE, replace=NON_TEST)]], org.springframework.boot.test.context.filter.ExcludeFilterContextCustomizer@2f05be7f, org.springframework.boot.test.json.DuplicateJsonObjectContextCustomizerFactory$DuplicateJsonObjectContextCustomizer@64a8c844, org.springframework.boot.test.mock.mockito.MockitoContextCustomizer@0, org.springframework.boot.test.web.reactor.netty.DisableReactorResourceFactoryGlobalResourcesContextCustomizerFactory$DisableReactorResourceFactoryGlobalResourcesContextCustomizerCustomizer@19553973, org.springframework.test.context.support.DynamicPropertiesContextCustomizer@0, org.springframework.boot.test.context.SpringBootTestAnnotation@c948181f], contextLoader = org.springframework.boot.test.context.SpringBootContextLoader, parent = null]
	at org.springframework.test.context.cache.DefaultCacheAwareContextLoaderDelegate.loadContext(DefaultCacheAwareContextLoaderDelegate.java:145)
	at org.springframework.test.context.support.DefaultTestContext.getApplicationContext(DefaultTestContext.java:130)
	at org.springframework.test.context.support.DependencyInjectionTestExecutionListener.injectDependencies(DependencyInjectionTestExecutionListener.java:142)
	at org.springframework.test.context.support.DependencyInjectionTestExecutionListener.prepareTestInstance(DependencyInjectionTestExecutionListener.java:98)
	at org.springframework.test.context.TestContextManager.prepareTestInstance(TestContextManager.java:260)
	at org.springframework.test.context.junit.jupiter.SpringExtension.postProcessTestInstance(SpringExtension.java:160)
	at org.junit.jupiter.engine.descriptor.ClassBasedTestDescriptor.lambda$invokeTestInstancePostProcessors$11(ClassBasedTestDescriptor.java:378)
	at org.junit.jupiter.engine.descriptor.ClassBasedTestDescriptor.executeAndMaskThrowable(ClassBasedTestDescriptor.java:383)
	at org.junit.jupiter.engine.descriptor.ClassBasedTestDescriptor.lambda$invokeTestInstancePostProcessors$12(ClassBasedTestDescriptor.java:378)
	at java.base/java.util.stream.ForEachOps$ForEachOp$OfRef.accept(ForEachOps.java:183)
	at java.base/java.util.stream.ReferencePipeline$3$1.accept(ReferencePipeline.java:197)
	at java.base/java.util.stream.ReferencePipeline$2$1.accept(ReferencePipeline.java:179)
	at java.base/java.util.stream.ReferencePipeline$3$1.accept(ReferencePipeline.java:197)
	at java.base/java.util.ArrayList$ArrayListSpliterator.forEachRemaining(ArrayList.java:1625)
	at java.base/java.util.stream.AbstractPipeline.copyInto(AbstractPipeline.java:509)
	at java.base/java.util.stream.AbstractPipeline.wrapAndCopyInto(AbstractPipeline.java:499)
	at java.base/java.util.stream.ForEachOps$ForEachOp.evaluateSequential(ForEachOps.java:150)
	at java.base/java.util.stream.ForEachOps$ForEachOp$OfRef.evaluateSequential(ForEachOps.java:173)
	at java.base/java.util.stream.AbstractPipeline.evaluate(AbstractPipeline.java:234)
	at java.base/java.util.stream.ReferencePipeline.forEach(ReferencePipeline.java:596)
	at org.junit.jupiter.engine.descriptor.ClassBasedTestDescriptor.invokeTestInstancePostProcessors(ClassBasedTestDescriptor.java:377)
	at org.junit.jupiter.engine.descriptor.ClassBasedTestDescriptor.lambda$instantiateAndPostProcessTestInstance$7(ClassBasedTestDescriptor.java:290)
	at org.junit.platform.engine.support.hierarchical.ThrowableCollector.execute(ThrowableCollector.java:73)
	at org.junit.jupiter.engine.descriptor.ClassBasedTestDescriptor.instantiateAndPostProcessTestInstance(ClassBasedTestDescriptor.java:289)
	at org.junit.jupiter.engine.descriptor.ClassBasedTestDescriptor.lambda$testInstancesProvider$5(ClassBasedTestDescriptor.java:279)
	at java.base/java.util.Optional.orElseGet(Optional.java:364)
	at org.junit.jupiter.engine.descriptor.ClassBasedTestDescriptor.lambda$testInstancesProvider$6(ClassBasedTestDescriptor.java:278)
	at org.junit.jupiter.engine.execution.TestInstancesProvider.getTestInstances(TestInstancesProvider.java:31)
	at org.junit.jupiter.engine.descriptor.TestMethodTestDescriptor.lambda$prepare$1(TestMethodTestDescriptor.java:105)
	at org.junit.platform.engine.support.hierarchical.ThrowableCollector.execute(ThrowableCollector.java:73)
	at org.junit.jupiter.engine.descriptor.TestMethodTestDescriptor.prepare(TestMethodTestDescriptor.java:104)
	at org.junit.jupiter.engine.descriptor.TestMethodTestDescriptor.prepare(TestMethodTestDescriptor.java:68)
	at org.junit.platform.engine.support.hierarchical.NodeTestTask.lambda$prepare$2(NodeTestTask.java:128)
	at org.junit.platform.engine.support.hierarchical.ThrowableCollector.execute(ThrowableCollector.java:73)
	at org.junit.platform.engine.support.hierarchical.NodeTestTask.prepare(NodeTestTask.java:128)
	at org.junit.platform.engine.support.hierarchical.NodeTestTask.execute(NodeTestTask.java:95)
	at java.base/java.util.ArrayList.forEach(ArrayList.java:1511)
	at org.junit.platform.engine.support.hierarchical.SameThreadHierarchicalTestExecutorService.invokeAll(SameThreadHierarchicalTestExecutorService.java:41)
	at org.junit.platform.engine.support.hierarchical.NodeTestTask.lambda$executeRecursively$6(NodeTestTask.java:160)
	at org.junit.platform.engine.support.hierarchical.ThrowableCollector.execute(ThrowableCollector.java:73)
	at org.junit.platform.engine.support.hierarchical.NodeTestTask.lambda$executeRecursively$8(NodeTestTask.java:146)
	at org.junit.platform.engine.support.hierarchical.Node.around(Node.java:137)
	at org.junit.platform.engine.support.hierarchical.NodeTestTask.lambda$executeRecursively$9(NodeTestTask.java:144)
	at org.junit.platform.engine.support.hierarchical.ThrowableCollector.execute(ThrowableCollector.java:73)
	at org.junit.platform.engine.support.hierarchical.NodeTestTask.executeRecursively(NodeTestTask.java:143)
	at org.junit.platform.engine.support.hierarchical.NodeTestTask.execute(NodeTestTask.java:100)
	at java.base/java.util.ArrayList.forEach(ArrayList.java:1511)
	at org.junit.platform.engine.support.hierarchical.SameThreadHierarchicalTestExecutorService.invokeAll(SameThreadHierarchicalTestExecutorService.java:41)
	at org.junit.platform.engine.support.hierarchical.NodeTestTask.lambda$executeRecursively$6(NodeTestTask.java:160)
	at org.junit.platform.engine.support.hierarchical.ThrowableCollector.execute(ThrowableCollector.java:73)
	at org.junit.platform.engine.support.hierarchical.NodeTestTask.lambda$executeRecursively$8(NodeTestTask.java:146)
	at org.junit.platform.engine.support.hierarchical.Node.around(Node.java:137)
	at org.junit.platform.engine.support.hierarchical.NodeTestTask.lambda$executeRecursively$9(NodeTestTask.java:144)
	at org.junit.platform.engine.support.hierarchical.ThrowableCollector.execute(ThrowableCollector.java:73)
	at org.junit.platform.engine.support.hierarchical.NodeTestTask.executeRecursively(NodeTestTask.java:143)
	at org.junit.platform.engine.support.hierarchical.NodeTestTask.execute(NodeTestTask.java:100)
	at org.junit.platform.engine.support.hierarchical.SameThreadHierarchicalTestExecutorService.submit(SameThreadHierarchicalTestExecutorService.java:35)
	at org.junit.platform.engine.support.hierarchical.HierarchicalTestExecutor.execute(HierarchicalTestExecutor.java:57)
	at org.junit.platform.engine.support.hierarchical.HierarchicalTestEngine.execute(HierarchicalTestEngine.java:54)
	at org.junit.platform.launcher.core.EngineExecutionOrchestrator.execute(EngineExecutionOrchestrator.java:198)
	at org.junit.platform.launcher.core.EngineExecutionOrchestrator.execute(EngineExecutionOrchestrator.java:169)
	at org.junit.platform.launcher.core.EngineExecutionOrchestrator.execute(EngineExecutionOrchestrator.java:93)
	at org.junit.platform.launcher.core.EngineExecutionOrchestrator.lambda$execute$0(EngineExecutionOrchestrator.java:58)
	at org.junit.platform.launcher.core.EngineExecutionOrchestrator.withInterceptedStreams(EngineExecutionOrchestrator.java:141)
	at org.junit.platform.launcher.core.EngineExecutionOrchestrator.execute(EngineExecutionOrchestrator.java:57)
	at org.junit.platform.launcher.core.DefaultLauncher.execute(DefaultLauncher.java:103)
	at org.junit.platform.launcher.core.DefaultLauncher.execute(DefaultLauncher.java:85)
	at org.junit.platform.launcher.core.DelegatingLauncher.execute(DelegatingLauncher.java:47)
	at org.gradle.api.internal.tasks.testing.junitplatform.JUnitPlatformTestClassProcessor$CollectAllTestClassesExecutor.processAllTestClasses(JUnitPlatformTestClassProcessor.java:124)
	at org.gradle.api.internal.tasks.testing.junitplatform.JUnitPlatformTestClassProcessor$CollectAllTestClassesExecutor.access$000(JUnitPlatformTestClassProcessor.java:99)
	at org.gradle.api.internal.tasks.testing.junitplatform.JUnitPlatformTestClassProcessor.stop(JUnitPlatformTestClassProcessor.java:94)
	at org.gradle.api.internal.tasks.testing.SuiteTestClassProcessor.stop(SuiteTestClassProcessor.java:63)
	at java.base/jdk.internal.reflect.NativeMethodAccessorImpl.invoke0(Native Method)
	at java.base/jdk.internal.reflect.NativeMethodAccessorImpl.invoke(NativeMethodAccessorImpl.java:77)
	at java.base/jdk.internal.reflect.DelegatingMethodAccessorImpl.invoke(DelegatingMethodAccessorImpl.java:43)
	at java.base/java.lang.reflect.Method.invoke(Method.java:569)
	at org.gradle.internal.dispatch.ReflectionDispatch.dispatch(ReflectionDispatch.java:36)
	at org.gradle.internal.dispatch.ReflectionDispatch.dispatch(ReflectionDispatch.java:24)
	at org.gradle.internal.dispatch.ContextClassLoaderDispatch.dispatch(ContextClassLoaderDispatch.java:33)
	at org.gradle.internal.dispatch.ProxyDispatchAdapter$DispatchingInvocationHandler.invoke(ProxyDispatchAdapter.java:92)
	at jdk.proxy1/jdk.proxy1.$Proxy4.stop(Unknown Source)
	at org.gradle.api.internal.tasks.testing.worker.TestWorker$3.run(TestWorker.java:200)
	at org.gradle.api.internal.tasks.testing.worker.TestWorker.executeAndMaintainThreadName(TestWorker.java:132)
	at org.gradle.api.internal.tasks.testing.worker.TestWorker.execute(TestWorker.java:103)
	at org.gradle.api.internal.tasks.testing.worker.TestWorker.execute(TestWorker.java:63)
	at org.gradle.process.internal.worker.child.ActionExecutionWorker.execute(ActionExecutionWorker.java:56)
	at org.gradle.process.internal.worker.child.SystemApplicationClassLoaderWorker.call(SystemApplicationClassLoaderWorker.java:121)
	at org.gradle.process.internal.worker.child.SystemApplicationClassLoaderWorker.call(SystemApplicationClassLoaderWorker.java:71)
	at worker.org.gradle.process.internal.worker.GradleWorkerMain.run(GradleWorkerMain.java:69)
	at worker.org.gradle.process.internal.worker.GradleWorkerMain.main(GradleWorkerMain.java:74)
26-06-07 22:12:41.414 [Test worker] WARN  o.s.test.context.TestContextManager  - Caught exception while allowing TestExecutionListener [org.springframework.test.context.support.DependencyInjectionTestExecutionListener] to prepare test instance [com.sprint.mission.discodeit.repository.UserRepositoryTest@72435def]
java.lang.IllegalStateException: ApplicationContext failure threshold (1) exceeded: skipping repeated attempt to load context for [MergedContextConfiguration@69596a73 testClass = com.sprint.mission.discodeit.repository.UserRepositoryTest, locations = [], classes = [com.sprint.mission.discodeit.DiscodeitApplication], contextInitializerClasses = [], activeProfiles = ["test"], propertySourceDescriptors = [], propertySourceProperties = ["org.springframework.boot.test.autoconfigure.orm.jpa.DataJpaTestContextBootstrapper=true"], contextCustomizers = [org.springframework.boot.test.autoconfigure.OnFailureConditionReportContextCustomizerFactory$OnFailureConditionReportContextCustomizer@54e22bdd, org.springframework.boot.test.autoconfigure.OverrideAutoConfigurationContextCustomizerFactory$DisableAutoConfigurationContextCustomizer@4a187041, org.springframework.boot.test.autoconfigure.actuate.observability.ObservabilityContextCustomizerFactory$DisableObservabilityContextCustomizer@1f, org.springframework.boot.test.autoconfigure.filter.TypeExcludeFiltersContextCustomizer@34be3d80, org.springframework.boot.test.autoconfigure.properties.PropertyMappingContextCustomizer@9391a5b3, org.springframework.boot.test.autoconfigure.web.servlet.WebDriverContextCustomizer@315f43d5, [ImportsContextCustomizer@ba9a098 key = [@org.springframework.boot.test.autoconfigure.orm.jpa.AutoConfigureDataJpa(), @org.springframework.boot.test.autoconfigure.orm.jpa.AutoConfigureTestEntityManager(), @org.springframework.aot.hint.annotation.Reflective(processors={org.springframework.aot.hint.annotation.SimpleReflectiveProcessor.class}, value={org.springframework.aot.hint.annotation.SimpleReflectiveProcessor.class}), @org.springframework.boot.test.autoconfigure.filter.TypeExcludeFilters(value={org.springframework.boot.test.autoconfigure.orm.jpa.DataJpaTypeExcludeFilter.class}), @org.springframework.transaction.annotation.Transactional(isolation=DEFAULT, label={}, noRollbackFor={}, noRollbackForClassName={}, propagation=REQUIRED, readOnly=false, rollbackFor={}, rollbackForClassName={}, timeout=-1, timeoutString="", transactionManager="", value=""), @org.springframework.test.context.ActiveProfiles(inheritProfiles=true, profiles={"test"}, resolver=org.springframework.test.context.ActiveProfilesResolver.class, value={"test"}), @org.springframework.boot.test.autoconfigure.orm.jpa.DataJpaTest(bootstrapMode=DEFAULT, excludeAutoConfiguration={}, excludeFilters={}, includeFilters={}, properties={}, showSql=true, useDefaultFilters=true), @org.springframework.data.jpa.repository.config.EnableJpaAuditing(auditorAwareRef="", setDates=true, modifyOnCreate=true, dateTimeProviderRef=""), @org.springframework.context.annotation.Import(value={org.springframework.data.jpa.repository.config.JpaAuditingRegistrar.class}), @org.springframework.context.annotation.Import(value={org.springframework.boot.autoconfigure.ImportAutoConfigurationImportSelector.class}), @org.springframework.boot.test.autoconfigure.properties.PropertyMapping(skip=NO, value="spring.test.database"), @org.springframework.boot.autoconfigure.ImportAutoConfiguration(classes={}, exclude={}, value={}), @org.springframework.boot.test.autoconfigure.core.AutoConfigureCache(cacheProvider=NONE), @org.springframework.test.context.BootstrapWith(value=org.springframework.boot.test.autoconfigure.orm.jpa.DataJpaTestContextBootstrapper.class), @org.springframework.boot.test.autoconfigure.OverrideAutoConfiguration(enabled=false), @org.springframework.boot.test.autoconfigure.jdbc.AutoConfigureTestDatabase(connection=NONE, replace=NON_TEST)]], org.springframework.boot.test.context.filter.ExcludeFilterContextCustomizer@2f05be7f, org.springframework.boot.test.json.DuplicateJsonObjectContextCustomizerFactory$DuplicateJsonObjectContextCustomizer@64a8c844, org.springframework.boot.test.mock.mockito.MockitoContextCustomizer@0, org.springframework.boot.test.web.reactor.netty.DisableReactorResourceFactoryGlobalResourcesContextCustomizerFactory$DisableReactorResourceFactoryGlobalResourcesContextCustomizerCustomizer@19553973, org.springframework.test.context.support.DynamicPropertiesContextCustomizer@0, org.springframework.boot.test.context.SpringBootTestAnnotation@c948181f], contextLoader = org.springframework.boot.test.context.SpringBootContextLoader, parent = null]
	at org.springframework.test.context.cache.DefaultCacheAwareContextLoaderDelegate.loadContext(DefaultCacheAwareContextLoaderDelegate.java:145)
	at org.springframework.test.context.support.DefaultTestContext.getApplicationContext(DefaultTestContext.java:130)
	at org.springframework.test.context.support.DependencyInjectionTestExecutionListener.injectDependencies(DependencyInjectionTestExecutionListener.java:142)
	at org.springframework.test.context.support.DependencyInjectionTestExecutionListener.prepareTestInstance(DependencyInjectionTestExecutionListener.java:98)
	at org.springframework.test.context.TestContextManager.prepareTestInstance(TestContextManager.java:260)
	at org.springframework.test.context.junit.jupiter.SpringExtension.postProcessTestInstance(SpringExtension.java:160)
	at org.junit.jupiter.engine.descriptor.ClassBasedTestDescriptor.lambda$invokeTestInstancePostProcessors$11(ClassBasedTestDescriptor.java:378)
	at org.junit.jupiter.engine.descriptor.ClassBasedTestDescriptor.executeAndMaskThrowable(ClassBasedTestDescriptor.java:383)
	at org.junit.jupiter.engine.descriptor.ClassBasedTestDescriptor.lambda$invokeTestInstancePostProcessors$12(ClassBasedTestDescriptor.java:378)
	at java.base/java.util.stream.ForEachOps$ForEachOp$OfRef.accept(ForEachOps.java:183)
	at java.base/java.util.stream.ReferencePipeline$3$1.accept(ReferencePipeline.java:197)
	at java.base/java.util.stream.ReferencePipeline$2$1.accept(ReferencePipeline.java:179)
	at java.base/java.util.stream.ReferencePipeline$3$1.accept(ReferencePipeline.java:197)
	at java.base/java.util.ArrayList$ArrayListSpliterator.forEachRemaining(ArrayList.java:1625)
	at java.base/java.util.stream.AbstractPipeline.copyInto(AbstractPipeline.java:509)
	at java.base/java.util.stream.AbstractPipeline.wrapAndCopyInto(AbstractPipeline.java:499)
	at java.base/java.util.stream.ForEachOps$ForEachOp.evaluateSequential(ForEachOps.java:150)
	at java.base/java.util.stream.ForEachOps$ForEachOp$OfRef.evaluateSequential(ForEachOps.java:173)
	at java.base/java.util.stream.AbstractPipeline.evaluate(AbstractPipeline.java:234)
	at java.base/java.util.stream.ReferencePipeline.forEach(ReferencePipeline.java:596)
	at org.junit.jupiter.engine.descriptor.ClassBasedTestDescriptor.invokeTestInstancePostProcessors(ClassBasedTestDescriptor.java:377)
	at org.junit.jupiter.engine.descriptor.ClassBasedTestDescriptor.lambda$instantiateAndPostProcessTestInstance$7(ClassBasedTestDescriptor.java:290)
	at org.junit.platform.engine.support.hierarchical.ThrowableCollector.execute(ThrowableCollector.java:73)
	at org.junit.jupiter.engine.descriptor.ClassBasedTestDescriptor.instantiateAndPostProcessTestInstance(ClassBasedTestDescriptor.java:289)
	at org.junit.jupiter.engine.descriptor.ClassBasedTestDescriptor.lambda$testInstancesProvider$5(ClassBasedTestDescriptor.java:279)
	at java.base/java.util.Optional.orElseGet(Optional.java:364)
	at org.junit.jupiter.engine.descriptor.ClassBasedTestDescriptor.lambda$testInstancesProvider$6(ClassBasedTestDescriptor.java:278)
	at org.junit.jupiter.engine.execution.TestInstancesProvider.getTestInstances(TestInstancesProvider.java:31)
	at org.junit.jupiter.engine.descriptor.TestMethodTestDescriptor.lambda$prepare$1(TestMethodTestDescriptor.java:105)
	at org.junit.platform.engine.support.hierarchical.ThrowableCollector.execute(ThrowableCollector.java:73)
	at org.junit.jupiter.engine.descriptor.TestMethodTestDescriptor.prepare(TestMethodTestDescriptor.java:104)
	at org.junit.jupiter.engine.descriptor.TestMethodTestDescriptor.prepare(TestMethodTestDescriptor.java:68)
	at org.junit.platform.engine.support.hierarchical.NodeTestTask.lambda$prepare$2(NodeTestTask.java:128)
	at org.junit.platform.engine.support.hierarchical.ThrowableCollector.execute(ThrowableCollector.java:73)
	at org.junit.platform.engine.support.hierarchical.NodeTestTask.prepare(NodeTestTask.java:128)
	at org.junit.platform.engine.support.hierarchical.NodeTestTask.execute(NodeTestTask.java:95)
	at java.base/java.util.ArrayList.forEach(ArrayList.java:1511)
	at org.junit.platform.engine.support.hierarchical.SameThreadHierarchicalTestExecutorService.invokeAll(SameThreadHierarchicalTestExecutorService.java:41)
	at org.junit.platform.engine.support.hierarchical.NodeTestTask.lambda$executeRecursively$6(NodeTestTask.java:160)
	at org.junit.platform.engine.support.hierarchical.ThrowableCollector.execute(ThrowableCollector.java:73)
	at org.junit.platform.engine.support.hierarchical.NodeTestTask.lambda$executeRecursively$8(NodeTestTask.java:146)
	at org.junit.platform.engine.support.hierarchical.Node.around(Node.java:137)
	at org.junit.platform.engine.support.hierarchical.NodeTestTask.lambda$executeRecursively$9(NodeTestTask.java:144)
	at org.junit.platform.engine.support.hierarchical.ThrowableCollector.execute(ThrowableCollector.java:73)
	at org.junit.platform.engine.support.hierarchical.NodeTestTask.executeRecursively(NodeTestTask.java:143)
	at org.junit.platform.engine.support.hierarchical.NodeTestTask.execute(NodeTestTask.java:100)
	at java.base/java.util.ArrayList.forEach(ArrayList.java:1511)
	at org.junit.platform.engine.support.hierarchical.SameThreadHierarchicalTestExecutorService.invokeAll(SameThreadHierarchicalTestExecutorService.java:41)
	at org.junit.platform.engine.support.hierarchical.NodeTestTask.lambda$executeRecursively$6(NodeTestTask.java:160)
	at org.junit.platform.engine.support.hierarchical.ThrowableCollector.execute(ThrowableCollector.java:73)
	at org.junit.platform.engine.support.hierarchical.NodeTestTask.lambda$executeRecursively$8(NodeTestTask.java:146)
	at org.junit.platform.engine.support.hierarchical.Node.around(Node.java:137)
	at org.junit.platform.engine.support.hierarchical.NodeTestTask.lambda$executeRecursively$9(NodeTestTask.java:144)
	at org.junit.platform.engine.support.hierarchical.ThrowableCollector.execute(ThrowableCollector.java:73)
	at org.junit.platform.engine.support.hierarchical.NodeTestTask.executeRecursively(NodeTestTask.java:143)
	at org.junit.platform.engine.support.hierarchical.NodeTestTask.execute(NodeTestTask.java:100)
	at org.junit.platform.engine.support.hierarchical.SameThreadHierarchicalTestExecutorService.submit(SameThreadHierarchicalTestExecutorService.java:35)
	at org.junit.platform.engine.support.hierarchical.HierarchicalTestExecutor.execute(HierarchicalTestExecutor.java:57)
	at org.junit.platform.engine.support.hierarchical.HierarchicalTestEngine.execute(HierarchicalTestEngine.java:54)
	at org.junit.platform.launcher.core.EngineExecutionOrchestrator.execute(EngineExecutionOrchestrator.java:198)
	at org.junit.platform.launcher.core.EngineExecutionOrchestrator.execute(EngineExecutionOrchestrator.java:169)
	at org.junit.platform.launcher.core.EngineExecutionOrchestrator.execute(EngineExecutionOrchestrator.java:93)
	at org.junit.platform.launcher.core.EngineExecutionOrchestrator.lambda$execute$0(EngineExecutionOrchestrator.java:58)
	at org.junit.platform.launcher.core.EngineExecutionOrchestrator.withInterceptedStreams(EngineExecutionOrchestrator.java:141)
	at org.junit.platform.launcher.core.EngineExecutionOrchestrator.execute(EngineExecutionOrchestrator.java:57)
	at org.junit.platform.launcher.core.DefaultLauncher.execute(DefaultLauncher.java:103)
	at org.junit.platform.launcher.core.DefaultLauncher.execute(DefaultLauncher.java:85)
	at org.junit.platform.launcher.core.DelegatingLauncher.execute(DelegatingLauncher.java:47)
	at org.gradle.api.internal.tasks.testing.junitplatform.JUnitPlatformTestClassProcessor$CollectAllTestClassesExecutor.processAllTestClasses(JUnitPlatformTestClassProcessor.java:124)
	at org.gradle.api.internal.tasks.testing.junitplatform.JUnitPlatformTestClassProcessor$CollectAllTestClassesExecutor.access$000(JUnitPlatformTestClassProcessor.java:99)
	at org.gradle.api.internal.tasks.testing.junitplatform.JUnitPlatformTestClassProcessor.stop(JUnitPlatformTestClassProcessor.java:94)
	at org.gradle.api.internal.tasks.testing.SuiteTestClassProcessor.stop(SuiteTestClassProcessor.java:63)
	at java.base/jdk.internal.reflect.NativeMethodAccessorImpl.invoke0(Native Method)
	at java.base/jdk.internal.reflect.NativeMethodAccessorImpl.invoke(NativeMethodAccessorImpl.java:77)
	at java.base/jdk.internal.reflect.DelegatingMethodAccessorImpl.invoke(DelegatingMethodAccessorImpl.java:43)
	at java.base/java.lang.reflect.Method.invoke(Method.java:569)
	at org.gradle.internal.dispatch.ReflectionDispatch.dispatch(ReflectionDispatch.java:36)
	at org.gradle.internal.dispatch.ReflectionDispatch.dispatch(ReflectionDispatch.java:24)
	at org.gradle.internal.dispatch.ContextClassLoaderDispatch.dispatch(ContextClassLoaderDispatch.java:33)
	at org.gradle.internal.dispatch.ProxyDispatchAdapter$DispatchingInvocationHandler.invoke(ProxyDispatchAdapter.java:92)
	at jdk.proxy1/jdk.proxy1.$Proxy4.stop(Unknown Source)
	at org.gradle.api.internal.tasks.testing.worker.TestWorker$3.run(TestWorker.java:200)
	at org.gradle.api.internal.tasks.testing.worker.TestWorker.executeAndMaintainThreadName(TestWorker.java:132)
	at org.gradle.api.internal.tasks.testing.worker.TestWorker.execute(TestWorker.java:103)
	at org.gradle.api.internal.tasks.testing.worker.TestWorker.execute(TestWorker.java:63)
	at org.gradle.process.internal.worker.child.ActionExecutionWorker.execute(ActionExecutionWorker.java:56)
	at org.gradle.process.internal.worker.child.SystemApplicationClassLoaderWorker.call(SystemApplicationClassLoaderWorker.java:121)
	at org.gradle.process.internal.worker.child.SystemApplicationClassLoaderWorker.call(SystemApplicationClassLoaderWorker.java:71)
	at worker.org.gradle.process.internal.worker.GradleWorkerMain.run(GradleWorkerMain.java:69)
	at worker.org.gradle.process.internal.worker.GradleWorkerMain.main(GradleWorkerMain.java:74)
26-06-07 22:12:41.416 [Test worker] WARN  o.s.test.context.TestContextManager  - Caught exception while allowing TestExecutionListener [org.springframework.test.context.support.DependencyInjectionTestExecutionListener] to prepare test instance [com.sprint.mission.discodeit.repository.UserRepositoryTest@363843e]
java.lang.IllegalStateException: ApplicationContext failure threshold (1) exceeded: skipping repeated attempt to load context for [MergedContextConfiguration@69596a73 testClass = com.sprint.mission.discodeit.repository.UserRepositoryTest, locations = [], classes = [com.sprint.mission.discodeit.DiscodeitApplication], contextInitializerClasses = [], activeProfiles = ["test"], propertySourceDescriptors = [], propertySourceProperties = ["org.springframework.boot.test.autoconfigure.orm.jpa.DataJpaTestContextBootstrapper=true"], contextCustomizers = [org.springframework.boot.test.autoconfigure.OnFailureConditionReportContextCustomizerFactory$OnFailureConditionReportContextCustomizer@54e22bdd, org.springframework.boot.test.autoconfigure.OverrideAutoConfigurationContextCustomizerFactory$DisableAutoConfigurationContextCustomizer@4a187041, org.springframework.boot.test.autoconfigure.actuate.observability.ObservabilityContextCustomizerFactory$DisableObservabilityContextCustomizer@1f, org.springframework.boot.test.autoconfigure.filter.TypeExcludeFiltersContextCustomizer@34be3d80, org.springframework.boot.test.autoconfigure.properties.PropertyMappingContextCustomizer@9391a5b3, org.springframework.boot.test.autoconfigure.web.servlet.WebDriverContextCustomizer@315f43d5, [ImportsContextCustomizer@ba9a098 key = [@org.springframework.boot.test.autoconfigure.orm.jpa.AutoConfigureDataJpa(), @org.springframework.boot.test.autoconfigure.orm.jpa.AutoConfigureTestEntityManager(), @org.springframework.aot.hint.annotation.Reflective(processors={org.springframework.aot.hint.annotation.SimpleReflectiveProcessor.class}, value={org.springframework.aot.hint.annotation.SimpleReflectiveProcessor.class}), @org.springframework.boot.test.autoconfigure.filter.TypeExcludeFilters(value={org.springframework.boot.test.autoconfigure.orm.jpa.DataJpaTypeExcludeFilter.class}), @org.springframework.transaction.annotation.Transactional(isolation=DEFAULT, label={}, noRollbackFor={}, noRollbackForClassName={}, propagation=REQUIRED, readOnly=false, rollbackFor={}, rollbackForClassName={}, timeout=-1, timeoutString="", transactionManager="", value=""), @org.springframework.test.context.ActiveProfiles(inheritProfiles=true, profiles={"test"}, resolver=org.springframework.test.context.ActiveProfilesResolver.class, value={"test"}), @org.springframework.boot.test.autoconfigure.orm.jpa.DataJpaTest(bootstrapMode=DEFAULT, excludeAutoConfiguration={}, excludeFilters={}, includeFilters={}, properties={}, showSql=true, useDefaultFilters=true), @org.springframework.data.jpa.repository.config.EnableJpaAuditing(auditorAwareRef="", setDates=true, modifyOnCreate=true, dateTimeProviderRef=""), @org.springframework.context.annotation.Import(value={org.springframework.data.jpa.repository.config.JpaAuditingRegistrar.class}), @org.springframework.context.annotation.Import(value={org.springframework.boot.autoconfigure.ImportAutoConfigurationImportSelector.class}), @org.springframework.boot.test.autoconfigure.properties.PropertyMapping(skip=NO, value="spring.test.database"), @org.springframework.boot.autoconfigure.ImportAutoConfiguration(classes={}, exclude={}, value={}), @org.springframework.boot.test.autoconfigure.core.AutoConfigureCache(cacheProvider=NONE), @org.springframework.test.context.BootstrapWith(value=org.springframework.boot.test.autoconfigure.orm.jpa.DataJpaTestContextBootstrapper.class), @org.springframework.boot.test.autoconfigure.OverrideAutoConfiguration(enabled=false), @org.springframework.boot.test.autoconfigure.jdbc.AutoConfigureTestDatabase(connection=NONE, replace=NON_TEST)]], org.springframework.boot.test.context.filter.ExcludeFilterContextCustomizer@2f05be7f, org.springframework.boot.test.json.DuplicateJsonObjectContextCustomizerFactory$DuplicateJsonObjectContextCustomizer@64a8c844, org.springframework.boot.test.mock.mockito.MockitoContextCustomizer@0, org.springframework.boot.test.web.reactor.netty.DisableReactorResourceFactoryGlobalResourcesContextCustomizerFactory$DisableReactorResourceFactoryGlobalResourcesContextCustomizerCustomizer@19553973, org.springframework.test.context.support.DynamicPropertiesContextCustomizer@0, org.springframework.boot.test.context.SpringBootTestAnnotation@c948181f], contextLoader = org.springframework.boot.test.context.SpringBootContextLoader, parent = null]
	at org.springframework.test.context.cache.DefaultCacheAwareContextLoaderDelegate.loadContext(DefaultCacheAwareContextLoaderDelegate.java:145)
	at org.springframework.test.context.support.DefaultTestContext.getApplicationContext(DefaultTestContext.java:130)
	at org.springframework.test.context.support.DependencyInjectionTestExecutionListener.injectDependencies(DependencyInjectionTestExecutionListener.java:142)
	at org.springframework.test.context.support.DependencyInjectionTestExecutionListener.prepareTestInstance(DependencyInjectionTestExecutionListener.java:98)
	at org.springframework.test.context.TestContextManager.prepareTestInstance(TestContextManager.java:260)
	at org.springframework.test.context.junit.jupiter.SpringExtension.postProcessTestInstance(SpringExtension.java:160)
	at org.junit.jupiter.engine.descriptor.ClassBasedTestDescriptor.lambda$invokeTestInstancePostProcessors$11(ClassBasedTestDescriptor.java:378)
	at org.junit.jupiter.engine.descriptor.ClassBasedTestDescriptor.executeAndMaskThrowable(ClassBasedTestDescriptor.java:383)
	at org.junit.jupiter.engine.descriptor.ClassBasedTestDescriptor.lambda$invokeTestInstancePostProcessors$12(ClassBasedTestDescriptor.java:378)
	at java.base/java.util.stream.ForEachOps$ForEachOp$OfRef.accept(ForEachOps.java:183)
	at java.base/java.util.stream.ReferencePipeline$3$1.accept(ReferencePipeline.java:197)
	at java.base/java.util.stream.ReferencePipeline$2$1.accept(ReferencePipeline.java:179)
	at java.base/java.util.stream.ReferencePipeline$3$1.accept(ReferencePipeline.java:197)
	at java.base/java.util.ArrayList$ArrayListSpliterator.forEachRemaining(ArrayList.java:1625)
	at java.base/java.util.stream.AbstractPipeline.copyInto(AbstractPipeline.java:509)
	at java.base/java.util.stream.AbstractPipeline.wrapAndCopyInto(AbstractPipeline.java:499)
	at java.base/java.util.stream.ForEachOps$ForEachOp.evaluateSequential(ForEachOps.java:150)
	at java.base/java.util.stream.ForEachOps$ForEachOp$OfRef.evaluateSequential(ForEachOps.java:173)
	at java.base/java.util.stream.AbstractPipeline.evaluate(AbstractPipeline.java:234)
	at java.base/java.util.stream.ReferencePipeline.forEach(ReferencePipeline.java:596)
	at org.junit.jupiter.engine.descriptor.ClassBasedTestDescriptor.invokeTestInstancePostProcessors(ClassBasedTestDescriptor.java:377)
	at org.junit.jupiter.engine.descriptor.ClassBasedTestDescriptor.lambda$instantiateAndPostProcessTestInstance$7(ClassBasedTestDescriptor.java:290)
	at org.junit.platform.engine.support.hierarchical.ThrowableCollector.execute(ThrowableCollector.java:73)
	at org.junit.jupiter.engine.descriptor.ClassBasedTestDescriptor.instantiateAndPostProcessTestInstance(ClassBasedTestDescriptor.java:289)
	at org.junit.jupiter.engine.descriptor.ClassBasedTestDescriptor.lambda$testInstancesProvider$5(ClassBasedTestDescriptor.java:279)
	at java.base/java.util.Optional.orElseGet(Optional.java:364)
	at org.junit.jupiter.engine.descriptor.ClassBasedTestDescriptor.lambda$testInstancesProvider$6(ClassBasedTestDescriptor.java:278)
	at org.junit.jupiter.engine.execution.TestInstancesProvider.getTestInstances(TestInstancesProvider.java:31)
	at org.junit.jupiter.engine.descriptor.TestMethodTestDescriptor.lambda$prepare$1(TestMethodTestDescriptor.java:105)
	at org.junit.platform.engine.support.hierarchical.ThrowableCollector.execute(ThrowableCollector.java:73)
	at org.junit.jupiter.engine.descriptor.TestMethodTestDescriptor.prepare(TestMethodTestDescriptor.java:104)
	at org.junit.jupiter.engine.descriptor.TestMethodTestDescriptor.prepare(TestMethodTestDescriptor.java:68)
	at org.junit.platform.engine.support.hierarchical.NodeTestTask.lambda$prepare$2(NodeTestTask.java:128)
	at org.junit.platform.engine.support.hierarchical.ThrowableCollector.execute(ThrowableCollector.java:73)
	at org.junit.platform.engine.support.hierarchical.NodeTestTask.prepare(NodeTestTask.java:128)
	at org.junit.platform.engine.support.hierarchical.NodeTestTask.execute(NodeTestTask.java:95)
	at java.base/java.util.ArrayList.forEach(ArrayList.java:1511)
	at org.junit.platform.engine.support.hierarchical.SameThreadHierarchicalTestExecutorService.invokeAll(SameThreadHierarchicalTestExecutorService.java:41)
	at org.junit.platform.engine.support.hierarchical.NodeTestTask.lambda$executeRecursively$6(NodeTestTask.java:160)
	at org.junit.platform.engine.support.hierarchical.ThrowableCollector.execute(ThrowableCollector.java:73)
	at org.junit.platform.engine.support.hierarchical.NodeTestTask.lambda$executeRecursively$8(NodeTestTask.java:146)
	at org.junit.platform.engine.support.hierarchical.Node.around(Node.java:137)
	at org.junit.platform.engine.support.hierarchical.NodeTestTask.lambda$executeRecursively$9(NodeTestTask.java:144)
	at org.junit.platform.engine.support.hierarchical.ThrowableCollector.execute(ThrowableCollector.java:73)
	at org.junit.platform.engine.support.hierarchical.NodeTestTask.executeRecursively(NodeTestTask.java:143)
	at org.junit.platform.engine.support.hierarchical.NodeTestTask.execute(NodeTestTask.java:100)
	at java.base/java.util.ArrayList.forEach(ArrayList.java:1511)
	at org.junit.platform.engine.support.hierarchical.SameThreadHierarchicalTestExecutorService.invokeAll(SameThreadHierarchicalTestExecutorService.java:41)
	at org.junit.platform.engine.support.hierarchical.NodeTestTask.lambda$executeRecursively$6(NodeTestTask.java:160)
	at org.junit.platform.engine.support.hierarchical.ThrowableCollector.execute(ThrowableCollector.java:73)
	at org.junit.platform.engine.support.hierarchical.NodeTestTask.lambda$executeRecursively$8(NodeTestTask.java:146)
	at org.junit.platform.engine.support.hierarchical.Node.around(Node.java:137)
	at org.junit.platform.engine.support.hierarchical.NodeTestTask.lambda$executeRecursively$9(NodeTestTask.java:144)
	at org.junit.platform.engine.support.hierarchical.ThrowableCollector.execute(ThrowableCollector.java:73)
	at org.junit.platform.engine.support.hierarchical.NodeTestTask.executeRecursively(NodeTestTask.java:143)
	at org.junit.platform.engine.support.hierarchical.NodeTestTask.execute(NodeTestTask.java:100)
	at org.junit.platform.engine.support.hierarchical.SameThreadHierarchicalTestExecutorService.submit(SameThreadHierarchicalTestExecutorService.java:35)
	at org.junit.platform.engine.support.hierarchical.HierarchicalTestExecutor.execute(HierarchicalTestExecutor.java:57)
	at org.junit.platform.engine.support.hierarchical.HierarchicalTestEngine.execute(HierarchicalTestEngine.java:54)
	at org.junit.platform.launcher.core.EngineExecutionOrchestrator.execute(EngineExecutionOrchestrator.java:198)
	at org.junit.platform.launcher.core.EngineExecutionOrchestrator.execute(EngineExecutionOrchestrator.java:169)
	at org.junit.platform.launcher.core.EngineExecutionOrchestrator.execute(EngineExecutionOrchestrator.java:93)
	at org.junit.platform.launcher.core.EngineExecutionOrchestrator.lambda$execute$0(EngineExecutionOrchestrator.java:58)
	at org.junit.platform.launcher.core.EngineExecutionOrchestrator.withInterceptedStreams(EngineExecutionOrchestrator.java:141)
	at org.junit.platform.launcher.core.EngineExecutionOrchestrator.execute(EngineExecutionOrchestrator.java:57)
	at org.junit.platform.launcher.core.DefaultLauncher.execute(DefaultLauncher.java:103)
	at org.junit.platform.launcher.core.DefaultLauncher.execute(DefaultLauncher.java:85)
	at org.junit.platform.launcher.core.DelegatingLauncher.execute(DelegatingLauncher.java:47)
	at org.gradle.api.internal.tasks.testing.junitplatform.JUnitPlatformTestClassProcessor$CollectAllTestClassesExecutor.processAllTestClasses(JUnitPlatformTestClassProcessor.java:124)
	at org.gradle.api.internal.tasks.testing.junitplatform.JUnitPlatformTestClassProcessor$CollectAllTestClassesExecutor.access$000(JUnitPlatformTestClassProcessor.java:99)
	at org.gradle.api.internal.tasks.testing.junitplatform.JUnitPlatformTestClassProcessor.stop(JUnitPlatformTestClassProcessor.java:94)
	at org.gradle.api.internal.tasks.testing.SuiteTestClassProcessor.stop(SuiteTestClassProcessor.java:63)
	at java.base/jdk.internal.reflect.NativeMethodAccessorImpl.invoke0(Native Method)
	at java.base/jdk.internal.reflect.NativeMethodAccessorImpl.invoke(NativeMethodAccessorImpl.java:77)
	at java.base/jdk.internal.reflect.DelegatingMethodAccessorImpl.invoke(DelegatingMethodAccessorImpl.java:43)
	at java.base/java.lang.reflect.Method.invoke(Method.java:569)
	at org.gradle.internal.dispatch.ReflectionDispatch.dispatch(ReflectionDispatch.java:36)
	at org.gradle.internal.dispatch.ReflectionDispatch.dispatch(ReflectionDispatch.java:24)
	at org.gradle.internal.dispatch.ContextClassLoaderDispatch.dispatch(ContextClassLoaderDispatch.java:33)
	at org.gradle.internal.dispatch.ProxyDispatchAdapter$DispatchingInvocationHandler.invoke(ProxyDispatchAdapter.java:92)
	at jdk.proxy1/jdk.proxy1.$Proxy4.stop(Unknown Source)
	at org.gradle.api.internal.tasks.testing.worker.TestWorker$3.run(TestWorker.java:200)
	at org.gradle.api.internal.tasks.testing.worker.TestWorker.executeAndMaintainThreadName(TestWorker.java:132)
	at org.gradle.api.internal.tasks.testing.worker.TestWorker.execute(TestWorker.java:103)
	at org.gradle.api.internal.tasks.testing.worker.TestWorker.execute(TestWorker.java:63)
	at org.gradle.process.internal.worker.child.ActionExecutionWorker.execute(ActionExecutionWorker.java:56)
	at org.gradle.process.internal.worker.child.SystemApplicationClassLoaderWorker.call(SystemApplicationClassLoaderWorker.java:121)
	at org.gradle.process.internal.worker.child.SystemApplicationClassLoaderWorker.call(SystemApplicationClassLoaderWorker.java:71)
	at worker.org.gradle.process.internal.worker.GradleWorkerMain.run(GradleWorkerMain.java:69)
	at worker.org.gradle.process.internal.worker.GradleWorkerMain.main(GradleWorkerMain.java:74)
26-06-07 22:12:41.418 [Test worker] WARN  o.s.test.context.TestContextManager  - Caught exception while allowing TestExecutionListener [org.springframework.test.context.support.DependencyInjectionTestExecutionListener] to prepare test instance [com.sprint.mission.discodeit.repository.UserRepositoryTest@663a2b13]
java.lang.IllegalStateException: ApplicationContext failure threshold (1) exceeded: skipping repeated attempt to load context for [MergedContextConfiguration@69596a73 testClass = com.sprint.mission.discodeit.repository.UserRepositoryTest, locations = [], classes = [com.sprint.mission.discodeit.DiscodeitApplication], contextInitializerClasses = [], activeProfiles = ["test"], propertySourceDescriptors = [], propertySourceProperties = ["org.springframework.boot.test.autoconfigure.orm.jpa.DataJpaTestContextBootstrapper=true"], contextCustomizers = [org.springframework.boot.test.autoconfigure.OnFailureConditionReportContextCustomizerFactory$OnFailureConditionReportContextCustomizer@54e22bdd, org.springframework.boot.test.autoconfigure.OverrideAutoConfigurationContextCustomizerFactory$DisableAutoConfigurationContextCustomizer@4a187041, org.springframework.boot.test.autoconfigure.actuate.observability.ObservabilityContextCustomizerFactory$DisableObservabilityContextCustomizer@1f, org.springframework.boot.test.autoconfigure.filter.TypeExcludeFiltersContextCustomizer@34be3d80, org.springframework.boot.test.autoconfigure.properties.PropertyMappingContextCustomizer@9391a5b3, org.springframework.boot.test.autoconfigure.web.servlet.WebDriverContextCustomizer@315f43d5, [ImportsContextCustomizer@ba9a098 key = [@org.springframework.boot.test.autoconfigure.orm.jpa.AutoConfigureDataJpa(), @org.springframework.boot.test.autoconfigure.orm.jpa.AutoConfigureTestEntityManager(), @org.springframework.aot.hint.annotation.Reflective(processors={org.springframework.aot.hint.annotation.SimpleReflectiveProcessor.class}, value={org.springframework.aot.hint.annotation.SimpleReflectiveProcessor.class}), @org.springframework.boot.test.autoconfigure.filter.TypeExcludeFilters(value={org.springframework.boot.test.autoconfigure.orm.jpa.DataJpaTypeExcludeFilter.class}), @org.springframework.transaction.annotation.Transactional(isolation=DEFAULT, label={}, noRollbackFor={}, noRollbackForClassName={}, propagation=REQUIRED, readOnly=false, rollbackFor={}, rollbackForClassName={}, timeout=-1, timeoutString="", transactionManager="", value=""), @org.springframework.test.context.ActiveProfiles(inheritProfiles=true, profiles={"test"}, resolver=org.springframework.test.context.ActiveProfilesResolver.class, value={"test"}), @org.springframework.boot.test.autoconfigure.orm.jpa.DataJpaTest(bootstrapMode=DEFAULT, excludeAutoConfiguration={}, excludeFilters={}, includeFilters={}, properties={}, showSql=true, useDefaultFilters=true), @org.springframework.data.jpa.repository.config.EnableJpaAuditing(auditorAwareRef="", setDates=true, modifyOnCreate=true, dateTimeProviderRef=""), @org.springframework.context.annotation.Import(value={org.springframework.data.jpa.repository.config.JpaAuditingRegistrar.class}), @org.springframework.context.annotation.Import(value={org.springframework.boot.autoconfigure.ImportAutoConfigurationImportSelector.class}), @org.springframework.boot.test.autoconfigure.properties.PropertyMapping(skip=NO, value="spring.test.database"), @org.springframework.boot.autoconfigure.ImportAutoConfiguration(classes={}, exclude={}, value={}), @org.springframework.boot.test.autoconfigure.core.AutoConfigureCache(cacheProvider=NONE), @org.springframework.test.context.BootstrapWith(value=org.springframework.boot.test.autoconfigure.orm.jpa.DataJpaTestContextBootstrapper.class), @org.springframework.boot.test.autoconfigure.OverrideAutoConfiguration(enabled=false), @org.springframework.boot.test.autoconfigure.jdbc.AutoConfigureTestDatabase(connection=NONE, replace=NON_TEST)]], org.springframework.boot.test.context.filter.ExcludeFilterContextCustomizer@2f05be7f, org.springframework.boot.test.json.DuplicateJsonObjectContextCustomizerFactory$DuplicateJsonObjectContextCustomizer@64a8c844, org.springframework.boot.test.mock.mockito.MockitoContextCustomizer@0, org.springframework.boot.test.web.reactor.netty.DisableReactorResourceFactoryGlobalResourcesContextCustomizerFactory$DisableReactorResourceFactoryGlobalResourcesContextCustomizerCustomizer@19553973, org.springframework.test.context.support.DynamicPropertiesContextCustomizer@0, org.springframework.boot.test.context.SpringBootTestAnnotation@c948181f], contextLoader = org.springframework.boot.test.context.SpringBootContextLoader, parent = null]
	at org.springframework.test.context.cache.DefaultCacheAwareContextLoaderDelegate.loadContext(DefaultCacheAwareContextLoaderDelegate.java:145)
	at org.springframework.test.context.support.DefaultTestContext.getApplicationContext(DefaultTestContext.java:130)
	at org.springframework.test.context.support.DependencyInjectionTestExecutionListener.injectDependencies(DependencyInjectionTestExecutionListener.java:142)
	at org.springframework.test.context.support.DependencyInjectionTestExecutionListener.prepareTestInstance(DependencyInjectionTestExecutionListener.java:98)
	at org.springframework.test.context.TestContextManager.prepareTestInstance(TestContextManager.java:260)
	at org.springframework.test.context.junit.jupiter.SpringExtension.postProcessTestInstance(SpringExtension.java:160)
	at org.junit.jupiter.engine.descriptor.ClassBasedTestDescriptor.lambda$invokeTestInstancePostProcessors$11(ClassBasedTestDescriptor.java:378)
	at org.junit.jupiter.engine.descriptor.ClassBasedTestDescriptor.executeAndMaskThrowable(ClassBasedTestDescriptor.java:383)
	at org.junit.jupiter.engine.descriptor.ClassBasedTestDescriptor.lambda$invokeTestInstancePostProcessors$12(ClassBasedTestDescriptor.java:378)
	at java.base/java.util.stream.ForEachOps$ForEachOp$OfRef.accept(ForEachOps.java:183)
	at java.base/java.util.stream.ReferencePipeline$3$1.accept(ReferencePipeline.java:197)
	at java.base/java.util.stream.ReferencePipeline$2$1.accept(ReferencePipeline.java:179)
	at java.base/java.util.stream.ReferencePipeline$3$1.accept(ReferencePipeline.java:197)
	at java.base/java.util.ArrayList$ArrayListSpliterator.forEachRemaining(ArrayList.java:1625)
	at java.base/java.util.stream.AbstractPipeline.copyInto(AbstractPipeline.java:509)
	at java.base/java.util.stream.AbstractPipeline.wrapAndCopyInto(AbstractPipeline.java:499)
	at java.base/java.util.stream.ForEachOps$ForEachOp.evaluateSequential(ForEachOps.java:150)
	at java.base/java.util.stream.ForEachOps$ForEachOp$OfRef.evaluateSequential(ForEachOps.java:173)
	at java.base/java.util.stream.AbstractPipeline.evaluate(AbstractPipeline.java:234)
	at java.base/java.util.stream.ReferencePipeline.forEach(ReferencePipeline.java:596)
	at org.junit.jupiter.engine.descriptor.ClassBasedTestDescriptor.invokeTestInstancePostProcessors(ClassBasedTestDescriptor.java:377)
	at org.junit.jupiter.engine.descriptor.ClassBasedTestDescriptor.lambda$instantiateAndPostProcessTestInstance$7(ClassBasedTestDescriptor.java:290)
	at org.junit.platform.engine.support.hierarchical.ThrowableCollector.execute(ThrowableCollector.java:73)
	at org.junit.jupiter.engine.descriptor.ClassBasedTestDescriptor.instantiateAndPostProcessTestInstance(ClassBasedTestDescriptor.java:289)
	at org.junit.jupiter.engine.descriptor.ClassBasedTestDescriptor.lambda$testInstancesProvider$5(ClassBasedTestDescriptor.java:279)
	at java.base/java.util.Optional.orElseGet(Optional.java:364)
	at org.junit.jupiter.engine.descriptor.ClassBasedTestDescriptor.lambda$testInstancesProvider$6(ClassBasedTestDescriptor.java:278)
	at org.junit.jupiter.engine.execution.TestInstancesProvider.getTestInstances(TestInstancesProvider.java:31)
	at org.junit.jupiter.engine.descriptor.TestMethodTestDescriptor.lambda$prepare$1(TestMethodTestDescriptor.java:105)
	at org.junit.platform.engine.support.hierarchical.ThrowableCollector.execute(ThrowableCollector.java:73)
	at org.junit.jupiter.engine.descriptor.TestMethodTestDescriptor.prepare(TestMethodTestDescriptor.java:104)
	at org.junit.jupiter.engine.descriptor.TestMethodTestDescriptor.prepare(TestMethodTestDescriptor.java:68)
	at org.junit.platform.engine.support.hierarchical.NodeTestTask.lambda$prepare$2(NodeTestTask.java:128)
	at org.junit.platform.engine.support.hierarchical.ThrowableCollector.execute(ThrowableCollector.java:73)
	at org.junit.platform.engine.support.hierarchical.NodeTestTask.prepare(NodeTestTask.java:128)
	at org.junit.platform.engine.support.hierarchical.NodeTestTask.execute(NodeTestTask.java:95)
	at java.base/java.util.ArrayList.forEach(ArrayList.java:1511)
	at org.junit.platform.engine.support.hierarchical.SameThreadHierarchicalTestExecutorService.invokeAll(SameThreadHierarchicalTestExecutorService.java:41)
	at org.junit.platform.engine.support.hierarchical.NodeTestTask.lambda$executeRecursively$6(NodeTestTask.java:160)
	at org.junit.platform.engine.support.hierarchical.ThrowableCollector.execute(ThrowableCollector.java:73)
	at org.junit.platform.engine.support.hierarchical.NodeTestTask.lambda$executeRecursively$8(NodeTestTask.java:146)
	at org.junit.platform.engine.support.hierarchical.Node.around(Node.java:137)
	at org.junit.platform.engine.support.hierarchical.NodeTestTask.lambda$executeRecursively$9(NodeTestTask.java:144)
	at org.junit.platform.engine.support.hierarchical.ThrowableCollector.execute(ThrowableCollector.java:73)
	at org.junit.platform.engine.support.hierarchical.NodeTestTask.executeRecursively(NodeTestTask.java:143)
	at org.junit.platform.engine.support.hierarchical.NodeTestTask.execute(NodeTestTask.java:100)
	at java.base/java.util.ArrayList.forEach(ArrayList.java:1511)
	at org.junit.platform.engine.support.hierarchical.SameThreadHierarchicalTestExecutorService.invokeAll(SameThreadHierarchicalTestExecutorService.java:41)
	at org.junit.platform.engine.support.hierarchical.NodeTestTask.lambda$executeRecursively$6(NodeTestTask.java:160)
	at org.junit.platform.engine.support.hierarchical.ThrowableCollector.execute(ThrowableCollector.java:73)
	at org.junit.platform.engine.support.hierarchical.NodeTestTask.lambda$executeRecursively$8(NodeTestTask.java:146)
	at org.junit.platform.engine.support.hierarchical.Node.around(Node.java:137)
	at org.junit.platform.engine.support.hierarchical.NodeTestTask.lambda$executeRecursively$9(NodeTestTask.java:144)
	at org.junit.platform.engine.support.hierarchical.ThrowableCollector.execute(ThrowableCollector.java:73)
	at org.junit.platform.engine.support.hierarchical.NodeTestTask.executeRecursively(NodeTestTask.java:143)
	at org.junit.platform.engine.support.hierarchical.NodeTestTask.execute(NodeTestTask.java:100)
	at org.junit.platform.engine.support.hierarchical.SameThreadHierarchicalTestExecutorService.submit(SameThreadHierarchicalTestExecutorService.java:35)
	at org.junit.platform.engine.support.hierarchical.HierarchicalTestExecutor.execute(HierarchicalTestExecutor.java:57)
	at org.junit.platform.engine.support.hierarchical.HierarchicalTestEngine.execute(HierarchicalTestEngine.java:54)
	at org.junit.platform.launcher.core.EngineExecutionOrchestrator.execute(EngineExecutionOrchestrator.java:198)
	at org.junit.platform.launcher.core.EngineExecutionOrchestrator.execute(EngineExecutionOrchestrator.java:169)
	at org.junit.platform.launcher.core.EngineExecutionOrchestrator.execute(EngineExecutionOrchestrator.java:93)
	at org.junit.platform.launcher.core.EngineExecutionOrchestrator.lambda$execute$0(EngineExecutionOrchestrator.java:58)
	at org.junit.platform.launcher.core.EngineExecutionOrchestrator.withInterceptedStreams(EngineExecutionOrchestrator.java:141)
	at org.junit.platform.launcher.core.EngineExecutionOrchestrator.execute(EngineExecutionOrchestrator.java:57)
	at org.junit.platform.launcher.core.DefaultLauncher.execute(DefaultLauncher.java:103)
	at org.junit.platform.launcher.core.DefaultLauncher.execute(DefaultLauncher.java:85)
	at org.junit.platform.launcher.core.DelegatingLauncher.execute(DelegatingLauncher.java:47)
	at org.gradle.api.internal.tasks.testing.junitplatform.JUnitPlatformTestClassProcessor$CollectAllTestClassesExecutor.processAllTestClasses(JUnitPlatformTestClassProcessor.java:124)
	at org.gradle.api.internal.tasks.testing.junitplatform.JUnitPlatformTestClassProcessor$CollectAllTestClassesExecutor.access$000(JUnitPlatformTestClassProcessor.java:99)
	at org.gradle.api.internal.tasks.testing.junitplatform.JUnitPlatformTestClassProcessor.stop(JUnitPlatformTestClassProcessor.java:94)
	at org.gradle.api.internal.tasks.testing.SuiteTestClassProcessor.stop(SuiteTestClassProcessor.java:63)
	at java.base/jdk.internal.reflect.NativeMethodAccessorImpl.invoke0(Native Method)
	at java.base/jdk.internal.reflect.NativeMethodAccessorImpl.invoke(NativeMethodAccessorImpl.java:77)
	at java.base/jdk.internal.reflect.DelegatingMethodAccessorImpl.invoke(DelegatingMethodAccessorImpl.java:43)
	at java.base/java.lang.reflect.Method.invoke(Method.java:569)
	at org.gradle.internal.dispatch.ReflectionDispatch.dispatch(ReflectionDispatch.java:36)
	at org.gradle.internal.dispatch.ReflectionDispatch.dispatch(ReflectionDispatch.java:24)
	at org.gradle.internal.dispatch.ContextClassLoaderDispatch.dispatch(ContextClassLoaderDispatch.java:33)
	at org.gradle.internal.dispatch.ProxyDispatchAdapter$DispatchingInvocationHandler.invoke(ProxyDispatchAdapter.java:92)
	at jdk.proxy1/jdk.proxy1.$Proxy4.stop(Unknown Source)
	at org.gradle.api.internal.tasks.testing.worker.TestWorker$3.run(TestWorker.java:200)
	at org.gradle.api.internal.tasks.testing.worker.TestWorker.executeAndMaintainThreadName(TestWorker.java:132)
	at org.gradle.api.internal.tasks.testing.worker.TestWorker.execute(TestWorker.java:103)
	at org.gradle.api.internal.tasks.testing.worker.TestWorker.execute(TestWorker.java:63)
	at org.gradle.process.internal.worker.child.ActionExecutionWorker.execute(ActionExecutionWorker.java:56)
	at org.gradle.process.internal.worker.child.SystemApplicationClassLoaderWorker.call(SystemApplicationClassLoaderWorker.java:121)
	at org.gradle.process.internal.worker.child.SystemApplicationClassLoaderWorker.call(SystemApplicationClassLoaderWorker.java:71)
	at worker.org.gradle.process.internal.worker.GradleWorkerMain.run(GradleWorkerMain.java:69)
	at worker.org.gradle.process.internal.worker.GradleWorkerMain.main(GradleWorkerMain.java:74)
26-06-07 22:12:41.419 [Test worker] WARN  o.s.test.context.TestContextManager  - Caught exception while allowing TestExecutionListener [org.springframework.test.context.support.DependencyInjectionTestExecutionListener] to prepare test instance [com.sprint.mission.discodeit.repository.UserRepositoryTest@9cdbf65]
java.lang.IllegalStateException: ApplicationContext failure threshold (1) exceeded: skipping repeated attempt to load context for [MergedContextConfiguration@69596a73 testClass = com.sprint.mission.discodeit.repository.UserRepositoryTest, locations = [], classes = [com.sprint.mission.discodeit.DiscodeitApplication], contextInitializerClasses = [], activeProfiles = ["test"], propertySourceDescriptors = [], propertySourceProperties = ["org.springframework.boot.test.autoconfigure.orm.jpa.DataJpaTestContextBootstrapper=true"], contextCustomizers = [org.springframework.boot.test.autoconfigure.OnFailureConditionReportContextCustomizerFactory$OnFailureConditionReportContextCustomizer@54e22bdd, org.springframework.boot.test.autoconfigure.OverrideAutoConfigurationContextCustomizerFactory$DisableAutoConfigurationContextCustomizer@4a187041, org.springframework.boot.test.autoconfigure.actuate.observability.ObservabilityContextCustomizerFactory$DisableObservabilityContextCustomizer@1f, org.springframework.boot.test.autoconfigure.filter.TypeExcludeFiltersContextCustomizer@34be3d80, org.springframework.boot.test.autoconfigure.properties.PropertyMappingContextCustomizer@9391a5b3, org.springframework.boot.test.autoconfigure.web.servlet.WebDriverContextCustomizer@315f43d5, [ImportsContextCustomizer@ba9a098 key = [@org.springframework.boot.test.autoconfigure.orm.jpa.AutoConfigureDataJpa(), @org.springframework.boot.test.autoconfigure.orm.jpa.AutoConfigureTestEntityManager(), @org.springframework.aot.hint.annotation.Reflective(processors={org.springframework.aot.hint.annotation.SimpleReflectiveProcessor.class}, value={org.springframework.aot.hint.annotation.SimpleReflectiveProcessor.class}), @org.springframework.boot.test.autoconfigure.filter.TypeExcludeFilters(value={org.springframework.boot.test.autoconfigure.orm.jpa.DataJpaTypeExcludeFilter.class}), @org.springframework.transaction.annotation.Transactional(isolation=DEFAULT, label={}, noRollbackFor={}, noRollbackForClassName={}, propagation=REQUIRED, readOnly=false, rollbackFor={}, rollbackForClassName={}, timeout=-1, timeoutString="", transactionManager="", value=""), @org.springframework.test.context.ActiveProfiles(inheritProfiles=true, profiles={"test"}, resolver=org.springframework.test.context.ActiveProfilesResolver.class, value={"test"}), @org.springframework.boot.test.autoconfigure.orm.jpa.DataJpaTest(bootstrapMode=DEFAULT, excludeAutoConfiguration={}, excludeFilters={}, includeFilters={}, properties={}, showSql=true, useDefaultFilters=true), @org.springframework.data.jpa.repository.config.EnableJpaAuditing(auditorAwareRef="", setDates=true, modifyOnCreate=true, dateTimeProviderRef=""), @org.springframework.context.annotation.Import(value={org.springframework.data.jpa.repository.config.JpaAuditingRegistrar.class}), @org.springframework.context.annotation.Import(value={org.springframework.boot.autoconfigure.ImportAutoConfigurationImportSelector.class}), @org.springframework.boot.test.autoconfigure.properties.PropertyMapping(skip=NO, value="spring.test.database"), @org.springframework.boot.autoconfigure.ImportAutoConfiguration(classes={}, exclude={}, value={}), @org.springframework.boot.test.autoconfigure.core.AutoConfigureCache(cacheProvider=NONE), @org.springframework.test.context.BootstrapWith(value=org.springframework.boot.test.autoconfigure.orm.jpa.DataJpaTestContextBootstrapper.class), @org.springframework.boot.test.autoconfigure.OverrideAutoConfiguration(enabled=false), @org.springframework.boot.test.autoconfigure.jdbc.AutoConfigureTestDatabase(connection=NONE, replace=NON_TEST)]], org.springframework.boot.test.context.filter.ExcludeFilterContextCustomizer@2f05be7f, org.springframework.boot.test.json.DuplicateJsonObjectContextCustomizerFactory$DuplicateJsonObjectContextCustomizer@64a8c844, org.springframework.boot.test.mock.mockito.MockitoContextCustomizer@0, org.springframework.boot.test.web.reactor.netty.DisableReactorResourceFactoryGlobalResourcesContextCustomizerFactory$DisableReactorResourceFactoryGlobalResourcesContextCustomizerCustomizer@19553973, org.springframework.test.context.support.DynamicPropertiesContextCustomizer@0, org.springframework.boot.test.context.SpringBootTestAnnotation@c948181f], contextLoader = org.springframework.boot.test.context.SpringBootContextLoader, parent = null]
	at org.springframework.test.context.cache.DefaultCacheAwareContextLoaderDelegate.loadContext(DefaultCacheAwareContextLoaderDelegate.java:145)
	at org.springframework.test.context.support.DefaultTestContext.getApplicationContext(DefaultTestContext.java:130)
	at org.springframework.test.context.support.DependencyInjectionTestExecutionListener.injectDependencies(DependencyInjectionTestExecutionListener.java:142)
	at org.springframework.test.context.support.DependencyInjectionTestExecutionListener.prepareTestInstance(DependencyInjectionTestExecutionListener.java:98)
	at org.springframework.test.context.TestContextManager.prepareTestInstance(TestContextManager.java:260)
	at org.springframework.test.context.junit.jupiter.SpringExtension.postProcessTestInstance(SpringExtension.java:160)
	at org.junit.jupiter.engine.descriptor.ClassBasedTestDescriptor.lambda$invokeTestInstancePostProcessors$11(ClassBasedTestDescriptor.java:378)
	at org.junit.jupiter.engine.descriptor.ClassBasedTestDescriptor.executeAndMaskThrowable(ClassBasedTestDescriptor.java:383)
	at org.junit.jupiter.engine.descriptor.ClassBasedTestDescriptor.lambda$invokeTestInstancePostProcessors$12(ClassBasedTestDescriptor.java:378)
	at java.base/java.util.stream.ForEachOps$ForEachOp$OfRef.accept(ForEachOps.java:183)
	at java.base/java.util.stream.ReferencePipeline$3$1.accept(ReferencePipeline.java:197)
	at java.base/java.util.stream.ReferencePipeline$2$1.accept(ReferencePipeline.java:179)
	at java.base/java.util.stream.ReferencePipeline$3$1.accept(ReferencePipeline.java:197)
	at java.base/java.util.ArrayList$ArrayListSpliterator.forEachRemaining(ArrayList.java:1625)
	at java.base/java.util.stream.AbstractPipeline.copyInto(AbstractPipeline.java:509)
	at java.base/java.util.stream.AbstractPipeline.wrapAndCopyInto(AbstractPipeline.java:499)
	at java.base/java.util.stream.ForEachOps$ForEachOp.evaluateSequential(ForEachOps.java:150)
	at java.base/java.util.stream.ForEachOps$ForEachOp$OfRef.evaluateSequential(ForEachOps.java:173)
	at java.base/java.util.stream.AbstractPipeline.evaluate(AbstractPipeline.java:234)
	at java.base/java.util.stream.ReferencePipeline.forEach(ReferencePipeline.java:596)
	at org.junit.jupiter.engine.descriptor.ClassBasedTestDescriptor.invokeTestInstancePostProcessors(ClassBasedTestDescriptor.java:377)
	at org.junit.jupiter.engine.descriptor.ClassBasedTestDescriptor.lambda$instantiateAndPostProcessTestInstance$7(ClassBasedTestDescriptor.java:290)
	at org.junit.platform.engine.support.hierarchical.ThrowableCollector.execute(ThrowableCollector.java:73)
	at org.junit.jupiter.engine.descriptor.ClassBasedTestDescriptor.instantiateAndPostProcessTestInstance(ClassBasedTestDescriptor.java:289)
	at org.junit.jupiter.engine.descriptor.ClassBasedTestDescriptor.lambda$testInstancesProvider$5(ClassBasedTestDescriptor.java:279)
	at java.base/java.util.Optional.orElseGet(Optional.java:364)
	at org.junit.jupiter.engine.descriptor.ClassBasedTestDescriptor.lambda$testInstancesProvider$6(ClassBasedTestDescriptor.java:278)
	at org.junit.jupiter.engine.execution.TestInstancesProvider.getTestInstances(TestInstancesProvider.java:31)
	at org.junit.jupiter.engine.descriptor.TestMethodTestDescriptor.lambda$prepare$1(TestMethodTestDescriptor.java:105)
	at org.junit.platform.engine.support.hierarchical.ThrowableCollector.execute(ThrowableCollector.java:73)
	at org.junit.jupiter.engine.descriptor.TestMethodTestDescriptor.prepare(TestMethodTestDescriptor.java:104)
	at org.junit.jupiter.engine.descriptor.TestMethodTestDescriptor.prepare(TestMethodTestDescriptor.java:68)
	at org.junit.platform.engine.support.hierarchical.NodeTestTask.lambda$prepare$2(NodeTestTask.java:128)
	at org.junit.platform.engine.support.hierarchical.ThrowableCollector.execute(ThrowableCollector.java:73)
	at org.junit.platform.engine.support.hierarchical.NodeTestTask.prepare(NodeTestTask.java:128)
	at org.junit.platform.engine.support.hierarchical.NodeTestTask.execute(NodeTestTask.java:95)
	at java.base/java.util.ArrayList.forEach(ArrayList.java:1511)
	at org.junit.platform.engine.support.hierarchical.SameThreadHierarchicalTestExecutorService.invokeAll(SameThreadHierarchicalTestExecutorService.java:41)
	at org.junit.platform.engine.support.hierarchical.NodeTestTask.lambda$executeRecursively$6(NodeTestTask.java:160)
	at org.junit.platform.engine.support.hierarchical.ThrowableCollector.execute(ThrowableCollector.java:73)
	at org.junit.platform.engine.support.hierarchical.NodeTestTask.lambda$executeRecursively$8(NodeTestTask.java:146)
	at org.junit.platform.engine.support.hierarchical.Node.around(Node.java:137)
	at org.junit.platform.engine.support.hierarchical.NodeTestTask.lambda$executeRecursively$9(NodeTestTask.java:144)
	at org.junit.platform.engine.support.hierarchical.ThrowableCollector.execute(ThrowableCollector.java:73)
	at org.junit.platform.engine.support.hierarchical.NodeTestTask.executeRecursively(NodeTestTask.java:143)
	at org.junit.platform.engine.support.hierarchical.NodeTestTask.execute(NodeTestTask.java:100)
	at java.base/java.util.ArrayList.forEach(ArrayList.java:1511)
	at org.junit.platform.engine.support.hierarchical.SameThreadHierarchicalTestExecutorService.invokeAll(SameThreadHierarchicalTestExecutorService.java:41)
	at org.junit.platform.engine.support.hierarchical.NodeTestTask.lambda$executeRecursively$6(NodeTestTask.java:160)
	at org.junit.platform.engine.support.hierarchical.ThrowableCollector.execute(ThrowableCollector.java:73)
	at org.junit.platform.engine.support.hierarchical.NodeTestTask.lambda$executeRecursively$8(NodeTestTask.java:146)
	at org.junit.platform.engine.support.hierarchical.Node.around(Node.java:137)
	at org.junit.platform.engine.support.hierarchical.NodeTestTask.lambda$executeRecursively$9(NodeTestTask.java:144)
	at org.junit.platform.engine.support.hierarchical.ThrowableCollector.execute(ThrowableCollector.java:73)
	at org.junit.platform.engine.support.hierarchical.NodeTestTask.executeRecursively(NodeTestTask.java:143)
	at org.junit.platform.engine.support.hierarchical.NodeTestTask.execute(NodeTestTask.java:100)
	at org.junit.platform.engine.support.hierarchical.SameThreadHierarchicalTestExecutorService.submit(SameThreadHierarchicalTestExecutorService.java:35)
	at org.junit.platform.engine.support.hierarchical.HierarchicalTestExecutor.execute(HierarchicalTestExecutor.java:57)
	at org.junit.platform.engine.support.hierarchical.HierarchicalTestEngine.execute(HierarchicalTestEngine.java:54)
	at org.junit.platform.launcher.core.EngineExecutionOrchestrator.execute(EngineExecutionOrchestrator.java:198)
	at org.junit.platform.launcher.core.EngineExecutionOrchestrator.execute(EngineExecutionOrchestrator.java:169)
	at org.junit.platform.launcher.core.EngineExecutionOrchestrator.execute(EngineExecutionOrchestrator.java:93)
	at org.junit.platform.launcher.core.EngineExecutionOrchestrator.lambda$execute$0(EngineExecutionOrchestrator.java:58)
	at org.junit.platform.launcher.core.EngineExecutionOrchestrator.withInterceptedStreams(EngineExecutionOrchestrator.java:141)
	at org.junit.platform.launcher.core.EngineExecutionOrchestrator.execute(EngineExecutionOrchestrator.java:57)
	at org.junit.platform.launcher.core.DefaultLauncher.execute(DefaultLauncher.java:103)
	at org.junit.platform.launcher.core.DefaultLauncher.execute(DefaultLauncher.java:85)
	at org.junit.platform.launcher.core.DelegatingLauncher.execute(DelegatingLauncher.java:47)
	at org.gradle.api.internal.tasks.testing.junitplatform.JUnitPlatformTestClassProcessor$CollectAllTestClassesExecutor.processAllTestClasses(JUnitPlatformTestClassProcessor.java:124)
	at org.gradle.api.internal.tasks.testing.junitplatform.JUnitPlatformTestClassProcessor$CollectAllTestClassesExecutor.access$000(JUnitPlatformTestClassProcessor.java:99)
	at org.gradle.api.internal.tasks.testing.junitplatform.JUnitPlatformTestClassProcessor.stop(JUnitPlatformTestClassProcessor.java:94)
	at org.gradle.api.internal.tasks.testing.SuiteTestClassProcessor.stop(SuiteTestClassProcessor.java:63)
	at java.base/jdk.internal.reflect.NativeMethodAccessorImpl.invoke0(Native Method)
	at java.base/jdk.internal.reflect.NativeMethodAccessorImpl.invoke(NativeMethodAccessorImpl.java:77)
	at java.base/jdk.internal.reflect.DelegatingMethodAccessorImpl.invoke(DelegatingMethodAccessorImpl.java:43)
	at java.base/java.lang.reflect.Method.invoke(Method.java:569)
	at org.gradle.internal.dispatch.ReflectionDispatch.dispatch(ReflectionDispatch.java:36)
	at org.gradle.internal.dispatch.ReflectionDispatch.dispatch(ReflectionDispatch.java:24)
	at org.gradle.internal.dispatch.ContextClassLoaderDispatch.dispatch(ContextClassLoaderDispatch.java:33)
	at org.gradle.internal.dispatch.ProxyDispatchAdapter$DispatchingInvocationHandler.invoke(ProxyDispatchAdapter.java:92)
	at jdk.proxy1/jdk.proxy1.$Proxy4.stop(Unknown Source)
	at org.gradle.api.internal.tasks.testing.worker.TestWorker$3.run(TestWorker.java:200)
	at org.gradle.api.internal.tasks.testing.worker.TestWorker.executeAndMaintainThreadName(TestWorker.java:132)
	at org.gradle.api.internal.tasks.testing.worker.TestWorker.execute(TestWorker.java:103)
	at org.gradle.api.internal.tasks.testing.worker.TestWorker.execute(TestWorker.java:63)
	at org.gradle.process.internal.worker.child.ActionExecutionWorker.execute(ActionExecutionWorker.java:56)
	at org.gradle.process.internal.worker.child.SystemApplicationClassLoaderWorker.call(SystemApplicationClassLoaderWorker.java:121)
	at org.gradle.process.internal.worker.child.SystemApplicationClassLoaderWorker.call(SystemApplicationClassLoaderWorker.java:71)
	at worker.org.gradle.process.internal.worker.GradleWorkerMain.run(GradleWorkerMain.java:69)
	at worker.org.gradle.process.internal.worker.GradleWorkerMain.main(GradleWorkerMain.java:74)
26-06-07 22:12:41.423 [Test worker] WARN  o.s.test.context.TestContextManager  - Caught exception while allowing TestExecutionListener [org.springframework.test.context.support.DependencyInjectionTestExecutionListener] to prepare test instance [com.sprint.mission.discodeit.repository.UserRepositoryTest@45050433]
java.lang.IllegalStateException: ApplicationContext failure threshold (1) exceeded: skipping repeated attempt to load context for [MergedContextConfiguration@69596a73 testClass = com.sprint.mission.discodeit.repository.UserRepositoryTest, locations = [], classes = [com.sprint.mission.discodeit.DiscodeitApplication], contextInitializerClasses = [], activeProfiles = ["test"], propertySourceDescriptors = [], propertySourceProperties = ["org.springframework.boot.test.autoconfigure.orm.jpa.DataJpaTestContextBootstrapper=true"], contextCustomizers = [org.springframework.boot.test.autoconfigure.OnFailureConditionReportContextCustomizerFactory$OnFailureConditionReportContextCustomizer@54e22bdd, org.springframework.boot.test.autoconfigure.OverrideAutoConfigurationContextCustomizerFactory$DisableAutoConfigurationContextCustomizer@4a187041, org.springframework.boot.test.autoconfigure.actuate.observability.ObservabilityContextCustomizerFactory$DisableObservabilityContextCustomizer@1f, org.springframework.boot.test.autoconfigure.filter.TypeExcludeFiltersContextCustomizer@34be3d80, org.springframework.boot.test.autoconfigure.properties.PropertyMappingContextCustomizer@9391a5b3, org.springframework.boot.test.autoconfigure.web.servlet.WebDriverContextCustomizer@315f43d5, [ImportsContextCustomizer@ba9a098 key = [@org.springframework.boot.test.autoconfigure.orm.jpa.AutoConfigureDataJpa(), @org.springframework.boot.test.autoconfigure.orm.jpa.AutoConfigureTestEntityManager(), @org.springframework.aot.hint.annotation.Reflective(processors={org.springframework.aot.hint.annotation.SimpleReflectiveProcessor.class}, value={org.springframework.aot.hint.annotation.SimpleReflectiveProcessor.class}), @org.springframework.boot.test.autoconfigure.filter.TypeExcludeFilters(value={org.springframework.boot.test.autoconfigure.orm.jpa.DataJpaTypeExcludeFilter.class}), @org.springframework.transaction.annotation.Transactional(isolation=DEFAULT, label={}, noRollbackFor={}, noRollbackForClassName={}, propagation=REQUIRED, readOnly=false, rollbackFor={}, rollbackForClassName={}, timeout=-1, timeoutString="", transactionManager="", value=""), @org.springframework.test.context.ActiveProfiles(inheritProfiles=true, profiles={"test"}, resolver=org.springframework.test.context.ActiveProfilesResolver.class, value={"test"}), @org.springframework.boot.test.autoconfigure.orm.jpa.DataJpaTest(bootstrapMode=DEFAULT, excludeAutoConfiguration={}, excludeFilters={}, includeFilters={}, properties={}, showSql=true, useDefaultFilters=true), @org.springframework.data.jpa.repository.config.EnableJpaAuditing(auditorAwareRef="", setDates=true, modifyOnCreate=true, dateTimeProviderRef=""), @org.springframework.context.annotation.Import(value={org.springframework.data.jpa.repository.config.JpaAuditingRegistrar.class}), @org.springframework.context.annotation.Import(value={org.springframework.boot.autoconfigure.ImportAutoConfigurationImportSelector.class}), @org.springframework.boot.test.autoconfigure.properties.PropertyMapping(skip=NO, value="spring.test.database"), @org.springframework.boot.autoconfigure.ImportAutoConfiguration(classes={}, exclude={}, value={}), @org.springframework.boot.test.autoconfigure.core.AutoConfigureCache(cacheProvider=NONE), @org.springframework.test.context.BootstrapWith(value=org.springframework.boot.test.autoconfigure.orm.jpa.DataJpaTestContextBootstrapper.class), @org.springframework.boot.test.autoconfigure.OverrideAutoConfiguration(enabled=false), @org.springframework.boot.test.autoconfigure.jdbc.AutoConfigureTestDatabase(connection=NONE, replace=NON_TEST)]], org.springframework.boot.test.context.filter.ExcludeFilterContextCustomizer@2f05be7f, org.springframework.boot.test.json.DuplicateJsonObjectContextCustomizerFactory$DuplicateJsonObjectContextCustomizer@64a8c844, org.springframework.boot.test.mock.mockito.MockitoContextCustomizer@0, org.springframework.boot.test.web.reactor.netty.DisableReactorResourceFactoryGlobalResourcesContextCustomizerFactory$DisableReactorResourceFactoryGlobalResourcesContextCustomizerCustomizer@19553973, org.springframework.test.context.support.DynamicPropertiesContextCustomizer@0, org.springframework.boot.test.context.SpringBootTestAnnotation@c948181f], contextLoader = org.springframework.boot.test.context.SpringBootContextLoader, parent = null]
	at org.springframework.test.context.cache.DefaultCacheAwareContextLoaderDelegate.loadContext(DefaultCacheAwareContextLoaderDelegate.java:145)
	at org.springframework.test.context.support.DefaultTestContext.getApplicationContext(DefaultTestContext.java:130)
	at org.springframework.test.context.support.DependencyInjectionTestExecutionListener.injectDependencies(DependencyInjectionTestExecutionListener.java:142)
	at org.springframework.test.context.support.DependencyInjectionTestExecutionListener.prepareTestInstance(DependencyInjectionTestExecutionListener.java:98)
	at org.springframework.test.context.TestContextManager.prepareTestInstance(TestContextManager.java:260)
	at org.springframework.test.context.junit.jupiter.SpringExtension.postProcessTestInstance(SpringExtension.java:160)
	at org.junit.jupiter.engine.descriptor.ClassBasedTestDescriptor.lambda$invokeTestInstancePostProcessors$11(ClassBasedTestDescriptor.java:378)
	at org.junit.jupiter.engine.descriptor.ClassBasedTestDescriptor.executeAndMaskThrowable(ClassBasedTestDescriptor.java:383)
	at org.junit.jupiter.engine.descriptor.ClassBasedTestDescriptor.lambda$invokeTestInstancePostProcessors$12(ClassBasedTestDescriptor.java:378)
	at java.base/java.util.stream.ForEachOps$ForEachOp$OfRef.accept(ForEachOps.java:183)
	at java.base/java.util.stream.ReferencePipeline$3$1.accept(ReferencePipeline.java:197)
	at java.base/java.util.stream.ReferencePipeline$2$1.accept(ReferencePipeline.java:179)
	at java.base/java.util.stream.ReferencePipeline$3$1.accept(ReferencePipeline.java:197)
	at java.base/java.util.ArrayList$ArrayListSpliterator.forEachRemaining(ArrayList.java:1625)
	at java.base/java.util.stream.AbstractPipeline.copyInto(AbstractPipeline.java:509)
	at java.base/java.util.stream.AbstractPipeline.wrapAndCopyInto(AbstractPipeline.java:499)
	at java.base/java.util.stream.ForEachOps$ForEachOp.evaluateSequential(ForEachOps.java:150)
	at java.base/java.util.stream.ForEachOps$ForEachOp$OfRef.evaluateSequential(ForEachOps.java:173)
	at java.base/java.util.stream.AbstractPipeline.evaluate(AbstractPipeline.java:234)
	at java.base/java.util.stream.ReferencePipeline.forEach(ReferencePipeline.java:596)
	at org.junit.jupiter.engine.descriptor.ClassBasedTestDescriptor.invokeTestInstancePostProcessors(ClassBasedTestDescriptor.java:377)
	at org.junit.jupiter.engine.descriptor.ClassBasedTestDescriptor.lambda$instantiateAndPostProcessTestInstance$7(ClassBasedTestDescriptor.java:290)
	at org.junit.platform.engine.support.hierarchical.ThrowableCollector.execute(ThrowableCollector.java:73)
	at org.junit.jupiter.engine.descriptor.ClassBasedTestDescriptor.instantiateAndPostProcessTestInstance(ClassBasedTestDescriptor.java:289)
	at org.junit.jupiter.engine.descriptor.ClassBasedTestDescriptor.lambda$testInstancesProvider$5(ClassBasedTestDescriptor.java:279)
	at java.base/java.util.Optional.orElseGet(Optional.java:364)
	at org.junit.jupiter.engine.descriptor.ClassBasedTestDescriptor.lambda$testInstancesProvider$6(ClassBasedTestDescriptor.java:278)
	at org.junit.jupiter.engine.execution.TestInstancesProvider.getTestInstances(TestInstancesProvider.java:31)
	at org.junit.jupiter.engine.descriptor.TestMethodTestDescriptor.lambda$prepare$1(TestMethodTestDescriptor.java:105)
	at org.junit.platform.engine.support.hierarchical.ThrowableCollector.execute(ThrowableCollector.java:73)
	at org.junit.jupiter.engine.descriptor.TestMethodTestDescriptor.prepare(TestMethodTestDescriptor.java:104)
	at org.junit.jupiter.engine.descriptor.TestMethodTestDescriptor.prepare(TestMethodTestDescriptor.java:68)
	at org.junit.platform.engine.support.hierarchical.NodeTestTask.lambda$prepare$2(NodeTestTask.java:128)
	at org.junit.platform.engine.support.hierarchical.ThrowableCollector.execute(ThrowableCollector.java:73)
	at org.junit.platform.engine.support.hierarchical.NodeTestTask.prepare(NodeTestTask.java:128)
	at org.junit.platform.engine.support.hierarchical.NodeTestTask.execute(NodeTestTask.java:95)
	at java.base/java.util.ArrayList.forEach(ArrayList.java:1511)
	at org.junit.platform.engine.support.hierarchical.SameThreadHierarchicalTestExecutorService.invokeAll(SameThreadHierarchicalTestExecutorService.java:41)
	at org.junit.platform.engine.support.hierarchical.NodeTestTask.lambda$executeRecursively$6(NodeTestTask.java:160)
	at org.junit.platform.engine.support.hierarchical.ThrowableCollector.execute(ThrowableCollector.java:73)
	at org.junit.platform.engine.support.hierarchical.NodeTestTask.lambda$executeRecursively$8(NodeTestTask.java:146)
	at org.junit.platform.engine.support.hierarchical.Node.around(Node.java:137)
	at org.junit.platform.engine.support.hierarchical.NodeTestTask.lambda$executeRecursively$9(NodeTestTask.java:144)
	at org.junit.platform.engine.support.hierarchical.ThrowableCollector.execute(ThrowableCollector.java:73)
	at org.junit.platform.engine.support.hierarchical.NodeTestTask.executeRecursively(NodeTestTask.java:143)
	at org.junit.platform.engine.support.hierarchical.NodeTestTask.execute(NodeTestTask.java:100)
	at java.base/java.util.ArrayList.forEach(ArrayList.java:1511)
	at org.junit.platform.engine.support.hierarchical.SameThreadHierarchicalTestExecutorService.invokeAll(SameThreadHierarchicalTestExecutorService.java:41)
	at org.junit.platform.engine.support.hierarchical.NodeTestTask.lambda$executeRecursively$6(NodeTestTask.java:160)
	at org.junit.platform.engine.support.hierarchical.ThrowableCollector.execute(ThrowableCollector.java:73)
	at org.junit.platform.engine.support.hierarchical.NodeTestTask.lambda$executeRecursively$8(NodeTestTask.java:146)
	at org.junit.platform.engine.support.hierarchical.Node.around(Node.java:137)
	at org.junit.platform.engine.support.hierarchical.NodeTestTask.lambda$executeRecursively$9(NodeTestTask.java:144)
	at org.junit.platform.engine.support.hierarchical.ThrowableCollector.execute(ThrowableCollector.java:73)
	at org.junit.platform.engine.support.hierarchical.NodeTestTask.executeRecursively(NodeTestTask.java:143)
	at org.junit.platform.engine.support.hierarchical.NodeTestTask.execute(NodeTestTask.java:100)
	at org.junit.platform.engine.support.hierarchical.SameThreadHierarchicalTestExecutorService.submit(SameThreadHierarchicalTestExecutorService.java:35)
	at org.junit.platform.engine.support.hierarchical.HierarchicalTestExecutor.execute(HierarchicalTestExecutor.java:57)
	at org.junit.platform.engine.support.hierarchical.HierarchicalTestEngine.execute(HierarchicalTestEngine.java:54)
	at org.junit.platform.launcher.core.EngineExecutionOrchestrator.execute(EngineExecutionOrchestrator.java:198)
	at org.junit.platform.launcher.core.EngineExecutionOrchestrator.execute(EngineExecutionOrchestrator.java:169)
	at org.junit.platform.launcher.core.EngineExecutionOrchestrator.execute(EngineExecutionOrchestrator.java:93)
	at org.junit.platform.launcher.core.EngineExecutionOrchestrator.lambda$execute$0(EngineExecutionOrchestrator.java:58)
	at org.junit.platform.launcher.core.EngineExecutionOrchestrator.withInterceptedStreams(EngineExecutionOrchestrator.java:141)
	at org.junit.platform.launcher.core.EngineExecutionOrchestrator.execute(EngineExecutionOrchestrator.java:57)
	at org.junit.platform.launcher.core.DefaultLauncher.execute(DefaultLauncher.java:103)
	at org.junit.platform.launcher.core.DefaultLauncher.execute(DefaultLauncher.java:85)
	at org.junit.platform.launcher.core.DelegatingLauncher.execute(DelegatingLauncher.java:47)
	at org.gradle.api.internal.tasks.testing.junitplatform.JUnitPlatformTestClassProcessor$CollectAllTestClassesExecutor.processAllTestClasses(JUnitPlatformTestClassProcessor.java:124)
	at org.gradle.api.internal.tasks.testing.junitplatform.JUnitPlatformTestClassProcessor$CollectAllTestClassesExecutor.access$000(JUnitPlatformTestClassProcessor.java:99)
	at org.gradle.api.internal.tasks.testing.junitplatform.JUnitPlatformTestClassProcessor.stop(JUnitPlatformTestClassProcessor.java:94)
	at org.gradle.api.internal.tasks.testing.SuiteTestClassProcessor.stop(SuiteTestClassProcessor.java:63)
	at java.base/jdk.internal.reflect.NativeMethodAccessorImpl.invoke0(Native Method)
	at java.base/jdk.internal.reflect.NativeMethodAccessorImpl.invoke(NativeMethodAccessorImpl.java:77)
	at java.base/jdk.internal.reflect.DelegatingMethodAccessorImpl.invoke(DelegatingMethodAccessorImpl.java:43)
	at java.base/java.lang.reflect.Method.invoke(Method.java:569)
	at org.gradle.internal.dispatch.ReflectionDispatch.dispatch(ReflectionDispatch.java:36)
	at org.gradle.internal.dispatch.ReflectionDispatch.dispatch(ReflectionDispatch.java:24)
	at org.gradle.internal.dispatch.ContextClassLoaderDispatch.dispatch(ContextClassLoaderDispatch.java:33)
	at org.gradle.internal.dispatch.ProxyDispatchAdapter$DispatchingInvocationHandler.invoke(ProxyDispatchAdapter.java:92)
	at jdk.proxy1/jdk.proxy1.$Proxy4.stop(Unknown Source)
	at org.gradle.api.internal.tasks.testing.worker.TestWorker$3.run(TestWorker.java:200)
	at org.gradle.api.internal.tasks.testing.worker.TestWorker.executeAndMaintainThreadName(TestWorker.java:132)
	at org.gradle.api.internal.tasks.testing.worker.TestWorker.execute(TestWorker.java:103)
	at org.gradle.api.internal.tasks.testing.worker.TestWorker.execute(TestWorker.java:63)
	at org.gradle.process.internal.worker.child.ActionExecutionWorker.execute(ActionExecutionWorker.java:56)
	at org.gradle.process.internal.worker.child.SystemApplicationClassLoaderWorker.call(SystemApplicationClassLoaderWorker.java:121)
	at org.gradle.process.internal.worker.child.SystemApplicationClassLoaderWorker.call(SystemApplicationClassLoaderWorker.java:71)
	at worker.org.gradle.process.internal.worker.GradleWorkerMain.run(GradleWorkerMain.java:69)
	at worker.org.gradle.process.internal.worker.GradleWorkerMain.main(GradleWorkerMain.java:74)
26-06-07 22:12:41.643 [Test worker] INFO  c.s.m.d.s.basic.BasicChannelService  - Channel deleted: id=ff136d7c-01a2-4e5c-97e9-8df6357a5ec0
26-06-07 22:12:41.648 [Test worker] INFO  c.s.m.d.s.basic.BasicChannelService  - Public channel created: id=null, name=general
26-06-07 22:12:41.651 [Test worker] INFO  c.s.m.d.s.basic.BasicChannelService  - Private channel created: id=null
26-06-07 22:12:41.654 [Test worker] INFO  c.s.m.d.s.basic.BasicChannelService  - Channel updated: id=04e8efef-cee7-4653-a8ee-4518197049cc
26-06-07 22:12:41.756 [Test worker] INFO  c.s.m.d.s.basic.BasicMessageService  - Message deleted: id=eb094b5c-e665-46e3-8c81-112d9fc0386f
26-06-07 22:12:41.759 [Test worker] DEBUG c.s.m.d.s.basic.BasicMessageService  - Fetching messages for channelId=8c25990c-6c69-4191-8683-3a6edd136395, cursor=null, size=50
26-06-07 22:12:41.765 [Test worker] DEBUG c.s.m.d.s.basic.BasicMessageService  - Fetching messages for channelId=74fc1cf3-401b-47f9-ab67-0c58ca5d6b1b, cursor=2026-06-07T13:12:41.765231Z, size=2
26-06-07 22:12:41.767 [Test worker] INFO  c.s.m.d.s.basic.BasicMessageService  - Message updated: id=7a2f0e01-b37e-4160-be6e-94af104a909f
26-06-07 22:12:41.768 [Test worker] INFO  c.s.m.d.s.basic.BasicMessageService  - Message created: id=null, channelId=60990d35-2a90-4fc5-92c9-bad5dcac5158
26-06-07 22:12:41.807 [Test worker] INFO  c.s.m.d.s.basic.BasicUserService     - User deleted: id=eaa283a7-1d00-4eb2-b5f3-63aebbad6a88
26-06-07 22:12:41.812 [Test worker] INFO  c.s.m.d.s.basic.BasicUserService     - User updated: id=dfd188c3-7eb6-4d15-9b05-626c20850132
26-06-07 22:12:41.813 [Test worker] INFO  c.s.m.d.s.basic.BasicUserService     - User created: id=null, username=testuser
26-06-07 22:12:41.825 [SpringApplicationShutdownHook] INFO  calContainerEntityManagerFactoryBean - Closing JPA EntityManagerFactory for persistence unit 'default'
26-06-07 22:12:41.825 [SpringApplicationShutdownHook] DEBUG org.hibernate.SQL                    - 
    drop table if exists binary_contents cascade 
26-06-07 22:12:41.826 [SpringApplicationShutdownHook] DEBUG org.hibernate.SQL                    - 
    drop table if exists channels cascade 
26-06-07 22:12:41.826 [SpringApplicationShutdownHook] DEBUG org.hibernate.SQL                    - 
    drop table if exists message_attachments cascade 
26-06-07 22:12:41.827 [SpringApplicationShutdownHook] DEBUG org.hibernate.SQL                    - 
    drop table if exists messages cascade 
26-06-07 22:12:41.827 [SpringApplicationShutdownHook] DEBUG org.hibernate.SQL                    - 
    drop table if exists read_statuses cascade 
26-06-07 22:12:41.827 [SpringApplicationShutdownHook] DEBUG org.hibernate.SQL                    - 
    drop table if exists user_statuses cascade 
26-06-07 22:12:41.828 [SpringApplicationShutdownHook] DEBUG org.hibernate.SQL                    - 
    drop table if exists users cascade 
26-06-07 22:12:41.829 [SpringApplicationShutdownHook] INFO  com.zaxxer.hikari.HikariDataSource   - HikariPool-1 - Shutdown initiated...
26-06-07 22:12:41.831 [SpringApplicationShutdownHook] INFO  com.zaxxer.hikari.HikariDataSource   - HikariPool-1 - Shutdown completed.
26-06-07 22:14:01.935 [background-preinit] INFO  o.h.validator.internal.util.Version  - HV000001: Hibernate Validator 8.0.1.Final
26-06-07 22:14:01.959 [Test worker] INFO  c.s.m.d.c.ChannelControllerTest      - Starting ChannelControllerTest using Java 17.0.18 with PID 58589 (started by yuj in /Users/yuj/java/sprint_mission)
26-06-07 22:14:01.959 [Test worker] DEBUG c.s.m.d.c.ChannelControllerTest      - Running with Spring Boot v3.4.0, Spring v6.2.0
26-06-07 22:14:01.959 [Test worker] INFO  c.s.m.d.c.ChannelControllerTest      - The following 1 profile is active: "dev"
26-06-07 22:14:02.716 [Test worker] WARN  s.w.c.s.GenericWebApplicationContext - Exception encountered during context initialization - cancelling refresh attempt: org.springframework.beans.factory.BeanCreationException: Error creating bean with name 'jpaAuditingHandler': Cannot resolve reference to bean 'jpaMappingContext' while setting constructor argument
26-06-07 22:14:02.726 [Test worker] INFO  .a.l.ConditionEvaluationReportLogger - 

Error starting ApplicationContext. To display the condition evaluation report re-run your application with 'debug' enabled.
26-06-07 22:14:02.738 [Test worker] ERROR o.s.boot.SpringApplication           - Application run failed
org.springframework.beans.factory.BeanCreationException: Error creating bean with name 'jpaAuditingHandler': Cannot resolve reference to bean 'jpaMappingContext' while setting constructor argument
	at org.springframework.beans.factory.support.BeanDefinitionValueResolver.resolveReference(BeanDefinitionValueResolver.java:377)
	at org.springframework.beans.factory.support.BeanDefinitionValueResolver.resolveValueIfNecessary(BeanDefinitionValueResolver.java:135)
	at org.springframework.beans.factory.support.ConstructorResolver.resolveConstructorArguments(ConstructorResolver.java:691)
	at org.springframework.beans.factory.support.ConstructorResolver.instantiateUsingFactoryMethod(ConstructorResolver.java:513)
	at org.springframework.beans.factory.support.AbstractAutowireCapableBeanFactory.instantiateUsingFactoryMethod(AbstractAutowireCapableBeanFactory.java:1351)
	at org.springframework.beans.factory.support.AbstractAutowireCapableBeanFactory.createBeanInstance(AbstractAutowireCapableBeanFactory.java:1181)
	at org.springframework.beans.factory.support.AbstractAutowireCapableBeanFactory.doCreateBean(AbstractAutowireCapableBeanFactory.java:563)
	at org.springframework.beans.factory.support.AbstractAutowireCapableBeanFactory.createBean(AbstractAutowireCapableBeanFactory.java:523)
	at org.springframework.beans.factory.support.AbstractBeanFactory.lambda$doGetBean$0(AbstractBeanFactory.java:336)
	at org.springframework.beans.factory.support.DefaultSingletonBeanRegistry.getSingleton(DefaultSingletonBeanRegistry.java:288)
	at org.springframework.beans.factory.support.AbstractBeanFactory.doGetBean(AbstractBeanFactory.java:334)
	at org.springframework.beans.factory.support.AbstractBeanFactory.getBean(AbstractBeanFactory.java:199)
	at org.springframework.beans.factory.support.DefaultListableBeanFactory.instantiateSingleton(DefaultListableBeanFactory.java:1122)
	at org.springframework.beans.factory.support.DefaultListableBeanFactory.preInstantiateSingleton(DefaultListableBeanFactory.java:1093)
	at org.springframework.beans.factory.support.DefaultListableBeanFactory.preInstantiateSingletons(DefaultListableBeanFactory.java:1030)
	at org.springframework.context.support.AbstractApplicationContext.finishBeanFactoryInitialization(AbstractApplicationContext.java:987)
	at org.springframework.context.support.AbstractApplicationContext.refresh(AbstractApplicationContext.java:627)
	at org.springframework.boot.SpringApplication.refresh(SpringApplication.java:752)
	at org.springframework.boot.SpringApplication.refreshContext(SpringApplication.java:439)
	at org.springframework.boot.SpringApplication.run(SpringApplication.java:318)
	at org.springframework.boot.test.context.SpringBootContextLoader.lambda$loadContext$3(SpringBootContextLoader.java:137)
	at org.springframework.util.function.ThrowingSupplier.get(ThrowingSupplier.java:58)
	at org.springframework.util.function.ThrowingSupplier.get(ThrowingSupplier.java:46)
	at org.springframework.boot.SpringApplication.withHook(SpringApplication.java:1461)
	at org.springframework.boot.test.context.SpringBootContextLoader$ContextLoaderHook.run(SpringBootContextLoader.java:553)
	at org.springframework.boot.test.context.SpringBootContextLoader.loadContext(SpringBootContextLoader.java:137)
	at org.springframework.boot.test.context.SpringBootContextLoader.loadContext(SpringBootContextLoader.java:108)
	at org.springframework.test.context.cache.DefaultCacheAwareContextLoaderDelegate.loadContextInternal(DefaultCacheAwareContextLoaderDelegate.java:225)
	at org.springframework.test.context.cache.DefaultCacheAwareContextLoaderDelegate.loadContext(DefaultCacheAwareContextLoaderDelegate.java:152)
	at org.springframework.test.context.support.DefaultTestContext.getApplicationContext(DefaultTestContext.java:130)
	at org.springframework.test.context.bean.override.BeanOverrideTestExecutionListener.injectFields(BeanOverrideTestExecutionListener.java:87)
	at org.springframework.test.context.bean.override.BeanOverrideTestExecutionListener.prepareTestInstance(BeanOverrideTestExecutionListener.java:58)
	at org.springframework.test.context.TestContextManager.prepareTestInstance(TestContextManager.java:260)
	at org.springframework.test.context.junit.jupiter.SpringExtension.postProcessTestInstance(SpringExtension.java:160)
	at org.junit.jupiter.engine.descriptor.ClassBasedTestDescriptor.lambda$invokeTestInstancePostProcessors$11(ClassBasedTestDescriptor.java:378)
	at org.junit.jupiter.engine.descriptor.ClassBasedTestDescriptor.executeAndMaskThrowable(ClassBasedTestDescriptor.java:383)
	at org.junit.jupiter.engine.descriptor.ClassBasedTestDescriptor.lambda$invokeTestInstancePostProcessors$12(ClassBasedTestDescriptor.java:378)
	at java.base/java.util.stream.ForEachOps$ForEachOp$OfRef.accept(ForEachOps.java:183)
	at java.base/java.util.stream.ReferencePipeline$3$1.accept(ReferencePipeline.java:197)
	at java.base/java.util.stream.ReferencePipeline$2$1.accept(ReferencePipeline.java:179)
	at java.base/java.util.stream.ReferencePipeline$3$1.accept(ReferencePipeline.java:197)
	at java.base/java.util.ArrayList$ArrayListSpliterator.forEachRemaining(ArrayList.java:1625)
	at java.base/java.util.stream.AbstractPipeline.copyInto(AbstractPipeline.java:509)
	at java.base/java.util.stream.AbstractPipeline.wrapAndCopyInto(AbstractPipeline.java:499)
	at java.base/java.util.stream.ForEachOps$ForEachOp.evaluateSequential(ForEachOps.java:150)
	at java.base/java.util.stream.ForEachOps$ForEachOp$OfRef.evaluateSequential(ForEachOps.java:173)
	at java.base/java.util.stream.AbstractPipeline.evaluate(AbstractPipeline.java:234)
	at java.base/java.util.stream.ReferencePipeline.forEach(ReferencePipeline.java:596)
	at org.junit.jupiter.engine.descriptor.ClassBasedTestDescriptor.invokeTestInstancePostProcessors(ClassBasedTestDescriptor.java:377)
	at org.junit.jupiter.engine.descriptor.ClassBasedTestDescriptor.lambda$instantiateAndPostProcessTestInstance$7(ClassBasedTestDescriptor.java:290)
	at org.junit.platform.engine.support.hierarchical.ThrowableCollector.execute(ThrowableCollector.java:73)
	at org.junit.jupiter.engine.descriptor.ClassBasedTestDescriptor.instantiateAndPostProcessTestInstance(ClassBasedTestDescriptor.java:289)
	at org.junit.jupiter.engine.descriptor.ClassBasedTestDescriptor.lambda$testInstancesProvider$5(ClassBasedTestDescriptor.java:279)
	at java.base/java.util.Optional.orElseGet(Optional.java:364)
	at org.junit.jupiter.engine.descriptor.ClassBasedTestDescriptor.lambda$testInstancesProvider$6(ClassBasedTestDescriptor.java:278)
	at org.junit.jupiter.engine.execution.TestInstancesProvider.getTestInstances(TestInstancesProvider.java:31)
	at org.junit.jupiter.engine.descriptor.TestMethodTestDescriptor.lambda$prepare$1(TestMethodTestDescriptor.java:105)
	at org.junit.platform.engine.support.hierarchical.ThrowableCollector.execute(ThrowableCollector.java:73)
	at org.junit.jupiter.engine.descriptor.TestMethodTestDescriptor.prepare(TestMethodTestDescriptor.java:104)
	at org.junit.jupiter.engine.descriptor.TestMethodTestDescriptor.prepare(TestMethodTestDescriptor.java:68)
	at org.junit.platform.engine.support.hierarchical.NodeTestTask.lambda$prepare$2(NodeTestTask.java:128)
	at org.junit.platform.engine.support.hierarchical.ThrowableCollector.execute(ThrowableCollector.java:73)
	at org.junit.platform.engine.support.hierarchical.NodeTestTask.prepare(NodeTestTask.java:128)
	at org.junit.platform.engine.support.hierarchical.NodeTestTask.execute(NodeTestTask.java:95)
	at java.base/java.util.ArrayList.forEach(ArrayList.java:1511)
	at org.junit.platform.engine.support.hierarchical.SameThreadHierarchicalTestExecutorService.invokeAll(SameThreadHierarchicalTestExecutorService.java:41)
	at org.junit.platform.engine.support.hierarchical.NodeTestTask.lambda$executeRecursively$6(NodeTestTask.java:160)
	at org.junit.platform.engine.support.hierarchical.ThrowableCollector.execute(ThrowableCollector.java:73)
	at org.junit.platform.engine.support.hierarchical.NodeTestTask.lambda$executeRecursively$8(NodeTestTask.java:146)
	at org.junit.platform.engine.support.hierarchical.Node.around(Node.java:137)
	at org.junit.platform.engine.support.hierarchical.NodeTestTask.lambda$executeRecursively$9(NodeTestTask.java:144)
	at org.junit.platform.engine.support.hierarchical.ThrowableCollector.execute(ThrowableCollector.java:73)
	at org.junit.platform.engine.support.hierarchical.NodeTestTask.executeRecursively(NodeTestTask.java:143)
	at org.junit.platform.engine.support.hierarchical.NodeTestTask.execute(NodeTestTask.java:100)
	at java.base/java.util.ArrayList.forEach(ArrayList.java:1511)
	at org.junit.platform.engine.support.hierarchical.SameThreadHierarchicalTestExecutorService.invokeAll(SameThreadHierarchicalTestExecutorService.java:41)
	at org.junit.platform.engine.support.hierarchical.NodeTestTask.lambda$executeRecursively$6(NodeTestTask.java:160)
	at org.junit.platform.engine.support.hierarchical.ThrowableCollector.execute(ThrowableCollector.java:73)
	at org.junit.platform.engine.support.hierarchical.NodeTestTask.lambda$executeRecursively$8(NodeTestTask.java:146)
	at org.junit.platform.engine.support.hierarchical.Node.around(Node.java:137)
	at org.junit.platform.engine.support.hierarchical.NodeTestTask.lambda$executeRecursively$9(NodeTestTask.java:144)
	at org.junit.platform.engine.support.hierarchical.ThrowableCollector.execute(ThrowableCollector.java:73)
	at org.junit.platform.engine.support.hierarchical.NodeTestTask.executeRecursively(NodeTestTask.java:143)
	at org.junit.platform.engine.support.hierarchical.NodeTestTask.execute(NodeTestTask.java:100)
	at org.junit.platform.engine.support.hierarchical.SameThreadHierarchicalTestExecutorService.submit(SameThreadHierarchicalTestExecutorService.java:35)
	at org.junit.platform.engine.support.hierarchical.HierarchicalTestExecutor.execute(HierarchicalTestExecutor.java:57)
	at org.junit.platform.engine.support.hierarchical.HierarchicalTestEngine.execute(HierarchicalTestEngine.java:54)
	at org.junit.platform.launcher.core.EngineExecutionOrchestrator.execute(EngineExecutionOrchestrator.java:198)
	at org.junit.platform.launcher.core.EngineExecutionOrchestrator.execute(EngineExecutionOrchestrator.java:169)
	at org.junit.platform.launcher.core.EngineExecutionOrchestrator.execute(EngineExecutionOrchestrator.java:93)
	at org.junit.platform.launcher.core.EngineExecutionOrchestrator.lambda$execute$0(EngineExecutionOrchestrator.java:58)
	at org.junit.platform.launcher.core.EngineExecutionOrchestrator.withInterceptedStreams(EngineExecutionOrchestrator.java:141)
	at org.junit.platform.launcher.core.EngineExecutionOrchestrator.execute(EngineExecutionOrchestrator.java:57)
	at org.junit.platform.launcher.core.DefaultLauncher.execute(DefaultLauncher.java:103)
	at org.junit.platform.launcher.core.DefaultLauncher.execute(DefaultLauncher.java:85)
	at org.junit.platform.launcher.core.DelegatingLauncher.execute(DelegatingLauncher.java:47)
	at org.gradle.api.internal.tasks.testing.junitplatform.JUnitPlatformTestClassProcessor$CollectAllTestClassesExecutor.processAllTestClasses(JUnitPlatformTestClassProcessor.java:124)
	at org.gradle.api.internal.tasks.testing.junitplatform.JUnitPlatformTestClassProcessor$CollectAllTestClassesExecutor.access$000(JUnitPlatformTestClassProcessor.java:99)
	at org.gradle.api.internal.tasks.testing.junitplatform.JUnitPlatformTestClassProcessor.stop(JUnitPlatformTestClassProcessor.java:94)
	at org.gradle.api.internal.tasks.testing.SuiteTestClassProcessor.stop(SuiteTestClassProcessor.java:63)
	at java.base/jdk.internal.reflect.NativeMethodAccessorImpl.invoke0(Native Method)
	at java.base/jdk.internal.reflect.NativeMethodAccessorImpl.invoke(NativeMethodAccessorImpl.java:77)
	at java.base/jdk.internal.reflect.DelegatingMethodAccessorImpl.invoke(DelegatingMethodAccessorImpl.java:43)
	at java.base/java.lang.reflect.Method.invoke(Method.java:569)
	at org.gradle.internal.dispatch.ReflectionDispatch.dispatch(ReflectionDispatch.java:36)
	at org.gradle.internal.dispatch.ReflectionDispatch.dispatch(ReflectionDispatch.java:24)
	at org.gradle.internal.dispatch.ContextClassLoaderDispatch.dispatch(ContextClassLoaderDispatch.java:33)
	at org.gradle.internal.dispatch.ProxyDispatchAdapter$DispatchingInvocationHandler.invoke(ProxyDispatchAdapter.java:92)
	at jdk.proxy1/jdk.proxy1.$Proxy4.stop(Unknown Source)
	at org.gradle.api.internal.tasks.testing.worker.TestWorker$3.run(TestWorker.java:200)
	at org.gradle.api.internal.tasks.testing.worker.TestWorker.executeAndMaintainThreadName(TestWorker.java:132)
	at org.gradle.api.internal.tasks.testing.worker.TestWorker.execute(TestWorker.java:103)
	at org.gradle.api.internal.tasks.testing.worker.TestWorker.execute(TestWorker.java:63)
	at org.gradle.process.internal.worker.child.ActionExecutionWorker.execute(ActionExecutionWorker.java:56)
	at org.gradle.process.internal.worker.child.SystemApplicationClassLoaderWorker.call(SystemApplicationClassLoaderWorker.java:121)
	at org.gradle.process.internal.worker.child.SystemApplicationClassLoaderWorker.call(SystemApplicationClassLoaderWorker.java:71)
	at worker.org.gradle.process.internal.worker.GradleWorkerMain.run(GradleWorkerMain.java:69)
	at worker.org.gradle.process.internal.worker.GradleWorkerMain.main(GradleWorkerMain.java:74)
Caused by: org.springframework.beans.factory.BeanCreationException: Error creating bean with name 'jpaMappingContext': JPA metamodel must not be empty
	at org.springframework.beans.factory.support.AbstractAutowireCapableBeanFactory.initializeBean(AbstractAutowireCapableBeanFactory.java:1802)
	at org.springframework.beans.factory.support.AbstractAutowireCapableBeanFactory.doCreateBean(AbstractAutowireCapableBeanFactory.java:601)
	at org.springframework.beans.factory.support.AbstractAutowireCapableBeanFactory.createBean(AbstractAutowireCapableBeanFactory.java:523)
	at org.springframework.beans.factory.support.AbstractBeanFactory.lambda$doGetBean$0(AbstractBeanFactory.java:336)
	at org.springframework.beans.factory.support.DefaultSingletonBeanRegistry.getSingleton(DefaultSingletonBeanRegistry.java:288)
	at org.springframework.beans.factory.support.AbstractBeanFactory.doGetBean(AbstractBeanFactory.java:334)
	at org.springframework.beans.factory.support.AbstractBeanFactory.getBean(AbstractBeanFactory.java:199)
	at org.springframework.beans.factory.support.BeanDefinitionValueResolver.resolveReference(BeanDefinitionValueResolver.java:365)
	... 117 common frames omitted
Caused by: java.lang.IllegalArgumentException: JPA metamodel must not be empty
	at org.springframework.util.Assert.notEmpty(Assert.java:398)
	at org.springframework.data.jpa.mapping.JpaMetamodelMappingContext.<init>(JpaMetamodelMappingContext.java:57)
	at org.springframework.data.jpa.repository.config.JpaMetamodelMappingContextFactoryBean.createInstance(JpaMetamodelMappingContextFactoryBean.java:68)
	at org.springframework.data.jpa.repository.config.JpaMetamodelMappingContextFactoryBean.createInstance(JpaMetamodelMappingContextFactoryBean.java:1)
	at org.springframework.beans.factory.config.AbstractFactoryBean.afterPropertiesSet(AbstractFactoryBean.java:142)
	at org.springframework.beans.factory.support.AbstractAutowireCapableBeanFactory.invokeInitMethods(AbstractAutowireCapableBeanFactory.java:1849)
	at org.springframework.beans.factory.support.AbstractAutowireCapableBeanFactory.initializeBean(AbstractAutowireCapableBeanFactory.java:1798)
	... 124 common frames omitted
26-06-07 22:14:02.742 [Test worker] WARN  o.s.test.context.TestContextManager  - Caught exception while allowing TestExecutionListener [org.springframework.test.context.bean.override.BeanOverrideTestExecutionListener] to prepare test instance [com.sprint.mission.discodeit.controller.ChannelControllerTest@984de01]
java.lang.IllegalStateException: Failed to load ApplicationContext for [WebMergedContextConfiguration@5fde1d64 testClass = com.sprint.mission.discodeit.controller.ChannelControllerTest, locations = [], classes = [com.sprint.mission.discodeit.DiscodeitApplication], contextInitializerClasses = [], activeProfiles = [], propertySourceDescriptors = [], propertySourceProperties = ["org.springframework.boot.test.autoconfigure.web.servlet.WebMvcTestContextBootstrapper=true"], contextCustomizers = [org.springframework.boot.test.autoconfigure.OnFailureConditionReportContextCustomizerFactory$OnFailureConditionReportContextCustomizer@33aeca0b, org.springframework.boot.test.autoconfigure.OverrideAutoConfigurationContextCustomizerFactory$DisableAutoConfigurationContextCustomizer@4ba302e0, org.springframework.boot.test.autoconfigure.actuate.observability.ObservabilityContextCustomizerFactory$DisableObservabilityContextCustomizer@1f, org.springframework.boot.test.autoconfigure.filter.TypeExcludeFiltersContextCustomizer@1c07ccc0, org.springframework.boot.test.autoconfigure.properties.PropertyMappingContextCustomizer@1368bf5d, org.springframework.boot.test.autoconfigure.web.servlet.WebDriverContextCustomizer@2313052e, [ImportsContextCustomizer@5350ab17 key = [org.springframework.boot.autoconfigure.task.TaskExecutionAutoConfiguration, org.springframework.boot.autoconfigure.cache.CacheAutoConfiguration, org.springframework.boot.autoconfigure.web.servlet.HttpEncodingAutoConfiguration, org.springframework.boot.autoconfigure.validation.ValidationAutoConfiguration, org.springframework.boot.autoconfigure.context.MessageSourceAutoConfiguration, org.springframework.boot.autoconfigure.hateoas.HypermediaAutoConfiguration, org.springframework.boot.autoconfigure.jackson.JacksonAutoConfiguration, org.springframework.boot.autoconfigure.data.web.SpringDataWebAutoConfiguration, org.springframework.boot.test.autoconfigure.web.reactive.WebTestClientAutoConfiguration, org.springframework.boot.autoconfigure.web.servlet.error.ErrorMvcAutoConfiguration, org.springframework.boot.test.autoconfigure.web.servlet.MockMvcAutoConfiguration, com.sprint.mission.discodeit.exception.GlobalExceptionHandler, org.springframework.boot.autoconfigure.security.servlet.SecurityAutoConfiguration, org.springframework.boot.autoconfigure.security.servlet.SecurityFilterAutoConfiguration, org.springframework.boot.autoconfigure.http.HttpMessageConvertersAutoConfiguration, org.springframework.boot.autoconfigure.security.oauth2.client.servlet.OAuth2ClientAutoConfiguration, org.springframework.boot.test.autoconfigure.web.servlet.MockMvcSecurityConfiguration, org.springframework.boot.test.autoconfigure.web.servlet.MockMvcWebClientAutoConfiguration, org.springframework.boot.test.autoconfigure.web.servlet.MockMvcWebDriverAutoConfiguration, org.springframework.boot.autoconfigure.thymeleaf.ThymeleafAutoConfiguration, org.springframework.boot.autoconfigure.gson.GsonAutoConfiguration, org.springframework.boot.autoconfigure.jsonb.JsonbAutoConfiguration, org.springframework.boot.autoconfigure.freemarker.FreeMarkerAutoConfiguration, org.springframework.boot.autoconfigure.web.servlet.WebMvcAutoConfiguration, org.springframework.boot.autoconfigure.security.servlet.UserDetailsServiceAutoConfiguration, org.springframework.boot.autoconfigure.security.oauth2.resource.servlet.OAuth2ResourceServerAutoConfiguration, org.springframework.boot.autoconfigure.groovy.template.GroovyTemplateAutoConfiguration, org.springframework.boot.autoconfigure.mustache.MustacheAutoConfiguration]], org.springframework.boot.test.context.filter.ExcludeFilterContextCustomizer@354fc8f0, org.springframework.boot.test.json.DuplicateJsonObjectContextCustomizerFactory$DuplicateJsonObjectContextCustomizer@5b43fbf6, org.springframework.boot.test.mock.mockito.MockitoContextCustomizer@0, org.springframework.boot.test.web.reactor.netty.DisableReactorResourceFactoryGlobalResourcesContextCustomizerFactory$DisableReactorResourceFactoryGlobalResourcesContextCustomizerCustomizer@3dddefd8, org.springframework.test.context.bean.override.BeanOverrideContextCustomizer@210db62, org.springframework.test.context.support.DynamicPropertiesContextCustomizer@0, org.springframework.boot.test.context.SpringBootTestAnnotation@f44ea2f], resourceBasePath = "src/main/webapp", contextLoader = org.springframework.boot.test.context.SpringBootContextLoader, parent = null]
	at org.springframework.test.context.cache.DefaultCacheAwareContextLoaderDelegate.loadContext(DefaultCacheAwareContextLoaderDelegate.java:180)
	at org.springframework.test.context.support.DefaultTestContext.getApplicationContext(DefaultTestContext.java:130)
	at org.springframework.test.context.bean.override.BeanOverrideTestExecutionListener.injectFields(BeanOverrideTestExecutionListener.java:87)
	at org.springframework.test.context.bean.override.BeanOverrideTestExecutionListener.prepareTestInstance(BeanOverrideTestExecutionListener.java:58)
	at org.springframework.test.context.TestContextManager.prepareTestInstance(TestContextManager.java:260)
	at org.springframework.test.context.junit.jupiter.SpringExtension.postProcessTestInstance(SpringExtension.java:160)
	at org.junit.jupiter.engine.descriptor.ClassBasedTestDescriptor.lambda$invokeTestInstancePostProcessors$11(ClassBasedTestDescriptor.java:378)
	at org.junit.jupiter.engine.descriptor.ClassBasedTestDescriptor.executeAndMaskThrowable(ClassBasedTestDescriptor.java:383)
	at org.junit.jupiter.engine.descriptor.ClassBasedTestDescriptor.lambda$invokeTestInstancePostProcessors$12(ClassBasedTestDescriptor.java:378)
	at java.base/java.util.stream.ForEachOps$ForEachOp$OfRef.accept(ForEachOps.java:183)
	at java.base/java.util.stream.ReferencePipeline$3$1.accept(ReferencePipeline.java:197)
	at java.base/java.util.stream.ReferencePipeline$2$1.accept(ReferencePipeline.java:179)
	at java.base/java.util.stream.ReferencePipeline$3$1.accept(ReferencePipeline.java:197)
	at java.base/java.util.ArrayList$ArrayListSpliterator.forEachRemaining(ArrayList.java:1625)
	at java.base/java.util.stream.AbstractPipeline.copyInto(AbstractPipeline.java:509)
	at java.base/java.util.stream.AbstractPipeline.wrapAndCopyInto(AbstractPipeline.java:499)
	at java.base/java.util.stream.ForEachOps$ForEachOp.evaluateSequential(ForEachOps.java:150)
	at java.base/java.util.stream.ForEachOps$ForEachOp$OfRef.evaluateSequential(ForEachOps.java:173)
	at java.base/java.util.stream.AbstractPipeline.evaluate(AbstractPipeline.java:234)
	at java.base/java.util.stream.ReferencePipeline.forEach(ReferencePipeline.java:596)
	at org.junit.jupiter.engine.descriptor.ClassBasedTestDescriptor.invokeTestInstancePostProcessors(ClassBasedTestDescriptor.java:377)
	at org.junit.jupiter.engine.descriptor.ClassBasedTestDescriptor.lambda$instantiateAndPostProcessTestInstance$7(ClassBasedTestDescriptor.java:290)
	at org.junit.platform.engine.support.hierarchical.ThrowableCollector.execute(ThrowableCollector.java:73)
	at org.junit.jupiter.engine.descriptor.ClassBasedTestDescriptor.instantiateAndPostProcessTestInstance(ClassBasedTestDescriptor.java:289)
	at org.junit.jupiter.engine.descriptor.ClassBasedTestDescriptor.lambda$testInstancesProvider$5(ClassBasedTestDescriptor.java:279)
	at java.base/java.util.Optional.orElseGet(Optional.java:364)
	at org.junit.jupiter.engine.descriptor.ClassBasedTestDescriptor.lambda$testInstancesProvider$6(ClassBasedTestDescriptor.java:278)
	at org.junit.jupiter.engine.execution.TestInstancesProvider.getTestInstances(TestInstancesProvider.java:31)
	at org.junit.jupiter.engine.descriptor.TestMethodTestDescriptor.lambda$prepare$1(TestMethodTestDescriptor.java:105)
	at org.junit.platform.engine.support.hierarchical.ThrowableCollector.execute(ThrowableCollector.java:73)
	at org.junit.jupiter.engine.descriptor.TestMethodTestDescriptor.prepare(TestMethodTestDescriptor.java:104)
	at org.junit.jupiter.engine.descriptor.TestMethodTestDescriptor.prepare(TestMethodTestDescriptor.java:68)
	at org.junit.platform.engine.support.hierarchical.NodeTestTask.lambda$prepare$2(NodeTestTask.java:128)
	at org.junit.platform.engine.support.hierarchical.ThrowableCollector.execute(ThrowableCollector.java:73)
	at org.junit.platform.engine.support.hierarchical.NodeTestTask.prepare(NodeTestTask.java:128)
	at org.junit.platform.engine.support.hierarchical.NodeTestTask.execute(NodeTestTask.java:95)
	at java.base/java.util.ArrayList.forEach(ArrayList.java:1511)
	at org.junit.platform.engine.support.hierarchical.SameThreadHierarchicalTestExecutorService.invokeAll(SameThreadHierarchicalTestExecutorService.java:41)
	at org.junit.platform.engine.support.hierarchical.NodeTestTask.lambda$executeRecursively$6(NodeTestTask.java:160)
	at org.junit.platform.engine.support.hierarchical.ThrowableCollector.execute(ThrowableCollector.java:73)
	at org.junit.platform.engine.support.hierarchical.NodeTestTask.lambda$executeRecursively$8(NodeTestTask.java:146)
	at org.junit.platform.engine.support.hierarchical.Node.around(Node.java:137)
	at org.junit.platform.engine.support.hierarchical.NodeTestTask.lambda$executeRecursively$9(NodeTestTask.java:144)
	at org.junit.platform.engine.support.hierarchical.ThrowableCollector.execute(ThrowableCollector.java:73)
	at org.junit.platform.engine.support.hierarchical.NodeTestTask.executeRecursively(NodeTestTask.java:143)
	at org.junit.platform.engine.support.hierarchical.NodeTestTask.execute(NodeTestTask.java:100)
	at java.base/java.util.ArrayList.forEach(ArrayList.java:1511)
	at org.junit.platform.engine.support.hierarchical.SameThreadHierarchicalTestExecutorService.invokeAll(SameThreadHierarchicalTestExecutorService.java:41)
	at org.junit.platform.engine.support.hierarchical.NodeTestTask.lambda$executeRecursively$6(NodeTestTask.java:160)
	at org.junit.platform.engine.support.hierarchical.ThrowableCollector.execute(ThrowableCollector.java:73)
	at org.junit.platform.engine.support.hierarchical.NodeTestTask.lambda$executeRecursively$8(NodeTestTask.java:146)
	at org.junit.platform.engine.support.hierarchical.Node.around(Node.java:137)
	at org.junit.platform.engine.support.hierarchical.NodeTestTask.lambda$executeRecursively$9(NodeTestTask.java:144)
	at org.junit.platform.engine.support.hierarchical.ThrowableCollector.execute(ThrowableCollector.java:73)
	at org.junit.platform.engine.support.hierarchical.NodeTestTask.executeRecursively(NodeTestTask.java:143)
	at org.junit.platform.engine.support.hierarchical.NodeTestTask.execute(NodeTestTask.java:100)
	at org.junit.platform.engine.support.hierarchical.SameThreadHierarchicalTestExecutorService.submit(SameThreadHierarchicalTestExecutorService.java:35)
	at org.junit.platform.engine.support.hierarchical.HierarchicalTestExecutor.execute(HierarchicalTestExecutor.java:57)
	at org.junit.platform.engine.support.hierarchical.HierarchicalTestEngine.execute(HierarchicalTestEngine.java:54)
	at org.junit.platform.launcher.core.EngineExecutionOrchestrator.execute(EngineExecutionOrchestrator.java:198)
	at org.junit.platform.launcher.core.EngineExecutionOrchestrator.execute(EngineExecutionOrchestrator.java:169)
	at org.junit.platform.launcher.core.EngineExecutionOrchestrator.execute(EngineExecutionOrchestrator.java:93)
	at org.junit.platform.launcher.core.EngineExecutionOrchestrator.lambda$execute$0(EngineExecutionOrchestrator.java:58)
	at org.junit.platform.launcher.core.EngineExecutionOrchestrator.withInterceptedStreams(EngineExecutionOrchestrator.java:141)
	at org.junit.platform.launcher.core.EngineExecutionOrchestrator.execute(EngineExecutionOrchestrator.java:57)
	at org.junit.platform.launcher.core.DefaultLauncher.execute(DefaultLauncher.java:103)
	at org.junit.platform.launcher.core.DefaultLauncher.execute(DefaultLauncher.java:85)
	at org.junit.platform.launcher.core.DelegatingLauncher.execute(DelegatingLauncher.java:47)
	at org.gradle.api.internal.tasks.testing.junitplatform.JUnitPlatformTestClassProcessor$CollectAllTestClassesExecutor.processAllTestClasses(JUnitPlatformTestClassProcessor.java:124)
	at org.gradle.api.internal.tasks.testing.junitplatform.JUnitPlatformTestClassProcessor$CollectAllTestClassesExecutor.access$000(JUnitPlatformTestClassProcessor.java:99)
	at org.gradle.api.internal.tasks.testing.junitplatform.JUnitPlatformTestClassProcessor.stop(JUnitPlatformTestClassProcessor.java:94)
	at org.gradle.api.internal.tasks.testing.SuiteTestClassProcessor.stop(SuiteTestClassProcessor.java:63)
	at java.base/jdk.internal.reflect.NativeMethodAccessorImpl.invoke0(Native Method)
	at java.base/jdk.internal.reflect.NativeMethodAccessorImpl.invoke(NativeMethodAccessorImpl.java:77)
	at java.base/jdk.internal.reflect.DelegatingMethodAccessorImpl.invoke(DelegatingMethodAccessorImpl.java:43)
	at java.base/java.lang.reflect.Method.invoke(Method.java:569)
	at org.gradle.internal.dispatch.ReflectionDispatch.dispatch(ReflectionDispatch.java:36)
	at org.gradle.internal.dispatch.ReflectionDispatch.dispatch(ReflectionDispatch.java:24)
	at org.gradle.internal.dispatch.ContextClassLoaderDispatch.dispatch(ContextClassLoaderDispatch.java:33)
	at org.gradle.internal.dispatch.ProxyDispatchAdapter$DispatchingInvocationHandler.invoke(ProxyDispatchAdapter.java:92)
	at jdk.proxy1/jdk.proxy1.$Proxy4.stop(Unknown Source)
	at org.gradle.api.internal.tasks.testing.worker.TestWorker$3.run(TestWorker.java:200)
	at org.gradle.api.internal.tasks.testing.worker.TestWorker.executeAndMaintainThreadName(TestWorker.java:132)
	at org.gradle.api.internal.tasks.testing.worker.TestWorker.execute(TestWorker.java:103)
	at org.gradle.api.internal.tasks.testing.worker.TestWorker.execute(TestWorker.java:63)
	at org.gradle.process.internal.worker.child.ActionExecutionWorker.execute(ActionExecutionWorker.java:56)
	at org.gradle.process.internal.worker.child.SystemApplicationClassLoaderWorker.call(SystemApplicationClassLoaderWorker.java:121)
	at org.gradle.process.internal.worker.child.SystemApplicationClassLoaderWorker.call(SystemApplicationClassLoaderWorker.java:71)
	at worker.org.gradle.process.internal.worker.GradleWorkerMain.run(GradleWorkerMain.java:69)
	at worker.org.gradle.process.internal.worker.GradleWorkerMain.main(GradleWorkerMain.java:74)
Caused by: org.springframework.beans.factory.BeanCreationException: Error creating bean with name 'jpaAuditingHandler': Cannot resolve reference to bean 'jpaMappingContext' while setting constructor argument
	at org.springframework.beans.factory.support.BeanDefinitionValueResolver.resolveReference(BeanDefinitionValueResolver.java:377)
	at org.springframework.beans.factory.support.BeanDefinitionValueResolver.resolveValueIfNecessary(BeanDefinitionValueResolver.java:135)
	at org.springframework.beans.factory.support.ConstructorResolver.resolveConstructorArguments(ConstructorResolver.java:691)
	at org.springframework.beans.factory.support.ConstructorResolver.instantiateUsingFactoryMethod(ConstructorResolver.java:513)
	at org.springframework.beans.factory.support.AbstractAutowireCapableBeanFactory.instantiateUsingFactoryMethod(AbstractAutowireCapableBeanFactory.java:1351)
	at org.springframework.beans.factory.support.AbstractAutowireCapableBeanFactory.createBeanInstance(AbstractAutowireCapableBeanFactory.java:1181)
	at org.springframework.beans.factory.support.AbstractAutowireCapableBeanFactory.doCreateBean(AbstractAutowireCapableBeanFactory.java:563)
	at org.springframework.beans.factory.support.AbstractAutowireCapableBeanFactory.createBean(AbstractAutowireCapableBeanFactory.java:523)
	at org.springframework.beans.factory.support.AbstractBeanFactory.lambda$doGetBean$0(AbstractBeanFactory.java:336)
	at org.springframework.beans.factory.support.DefaultSingletonBeanRegistry.getSingleton(DefaultSingletonBeanRegistry.java:288)
	at org.springframework.beans.factory.support.AbstractBeanFactory.doGetBean(AbstractBeanFactory.java:334)
	at org.springframework.beans.factory.support.AbstractBeanFactory.getBean(AbstractBeanFactory.java:199)
	at org.springframework.beans.factory.support.DefaultListableBeanFactory.instantiateSingleton(DefaultListableBeanFactory.java:1122)
	at org.springframework.beans.factory.support.DefaultListableBeanFactory.preInstantiateSingleton(DefaultListableBeanFactory.java:1093)
	at org.springframework.beans.factory.support.DefaultListableBeanFactory.preInstantiateSingletons(DefaultListableBeanFactory.java:1030)
	at org.springframework.context.support.AbstractApplicationContext.finishBeanFactoryInitialization(AbstractApplicationContext.java:987)
	at org.springframework.context.support.AbstractApplicationContext.refresh(AbstractApplicationContext.java:627)
	at org.springframework.boot.SpringApplication.refresh(SpringApplication.java:752)
	at org.springframework.boot.SpringApplication.refreshContext(SpringApplication.java:439)
	at org.springframework.boot.SpringApplication.run(SpringApplication.java:318)
	at org.springframework.boot.test.context.SpringBootContextLoader.lambda$loadContext$3(SpringBootContextLoader.java:137)
	at org.springframework.util.function.ThrowingSupplier.get(ThrowingSupplier.java:58)
	at org.springframework.util.function.ThrowingSupplier.get(ThrowingSupplier.java:46)
	at org.springframework.boot.SpringApplication.withHook(SpringApplication.java:1461)
	at org.springframework.boot.test.context.SpringBootContextLoader$ContextLoaderHook.run(SpringBootContextLoader.java:553)
	at org.springframework.boot.test.context.SpringBootContextLoader.loadContext(SpringBootContextLoader.java:137)
	at org.springframework.boot.test.context.SpringBootContextLoader.loadContext(SpringBootContextLoader.java:108)
	at org.springframework.test.context.cache.DefaultCacheAwareContextLoaderDelegate.loadContextInternal(DefaultCacheAwareContextLoaderDelegate.java:225)
	at org.springframework.test.context.cache.DefaultCacheAwareContextLoaderDelegate.loadContext(DefaultCacheAwareContextLoaderDelegate.java:152)
	... 89 common frames omitted
Caused by: org.springframework.beans.factory.BeanCreationException: Error creating bean with name 'jpaMappingContext': JPA metamodel must not be empty
	at org.springframework.beans.factory.support.AbstractAutowireCapableBeanFactory.initializeBean(AbstractAutowireCapableBeanFactory.java:1802)
	at org.springframework.beans.factory.support.AbstractAutowireCapableBeanFactory.doCreateBean(AbstractAutowireCapableBeanFactory.java:601)
	at org.springframework.beans.factory.support.AbstractAutowireCapableBeanFactory.createBean(AbstractAutowireCapableBeanFactory.java:523)
	at org.springframework.beans.factory.support.AbstractBeanFactory.lambda$doGetBean$0(AbstractBeanFactory.java:336)
	at org.springframework.beans.factory.support.DefaultSingletonBeanRegistry.getSingleton(DefaultSingletonBeanRegistry.java:288)
	at org.springframework.beans.factory.support.AbstractBeanFactory.doGetBean(AbstractBeanFactory.java:334)
	at org.springframework.beans.factory.support.AbstractBeanFactory.getBean(AbstractBeanFactory.java:199)
	at org.springframework.beans.factory.support.BeanDefinitionValueResolver.resolveReference(BeanDefinitionValueResolver.java:365)
	... 117 common frames omitted
Caused by: java.lang.IllegalArgumentException: JPA metamodel must not be empty
	at org.springframework.util.Assert.notEmpty(Assert.java:398)
	at org.springframework.data.jpa.mapping.JpaMetamodelMappingContext.<init>(JpaMetamodelMappingContext.java:57)
	at org.springframework.data.jpa.repository.config.JpaMetamodelMappingContextFactoryBean.createInstance(JpaMetamodelMappingContextFactoryBean.java:68)
	at org.springframework.data.jpa.repository.config.JpaMetamodelMappingContextFactoryBean.createInstance(JpaMetamodelMappingContextFactoryBean.java:1)
	at org.springframework.beans.factory.config.AbstractFactoryBean.afterPropertiesSet(AbstractFactoryBean.java:142)
	at org.springframework.beans.factory.support.AbstractAutowireCapableBeanFactory.invokeInitMethods(AbstractAutowireCapableBeanFactory.java:1849)
	at org.springframework.beans.factory.support.AbstractAutowireCapableBeanFactory.initializeBean(AbstractAutowireCapableBeanFactory.java:1798)
	... 124 common frames omitted
26-06-07 22:14:02.759 [Test worker] WARN  o.s.test.context.TestContextManager  - Caught exception while allowing TestExecutionListener [org.springframework.test.context.bean.override.BeanOverrideTestExecutionListener] to prepare test instance [com.sprint.mission.discodeit.controller.ChannelControllerTest@134abd78]
java.lang.IllegalStateException: ApplicationContext failure threshold (1) exceeded: skipping repeated attempt to load context for [WebMergedContextConfiguration@5fde1d64 testClass = com.sprint.mission.discodeit.controller.ChannelControllerTest, locations = [], classes = [com.sprint.mission.discodeit.DiscodeitApplication], contextInitializerClasses = [], activeProfiles = [], propertySourceDescriptors = [], propertySourceProperties = ["org.springframework.boot.test.autoconfigure.web.servlet.WebMvcTestContextBootstrapper=true"], contextCustomizers = [org.springframework.boot.test.autoconfigure.OnFailureConditionReportContextCustomizerFactory$OnFailureConditionReportContextCustomizer@33aeca0b, org.springframework.boot.test.autoconfigure.OverrideAutoConfigurationContextCustomizerFactory$DisableAutoConfigurationContextCustomizer@4ba302e0, org.springframework.boot.test.autoconfigure.actuate.observability.ObservabilityContextCustomizerFactory$DisableObservabilityContextCustomizer@1f, org.springframework.boot.test.autoconfigure.filter.TypeExcludeFiltersContextCustomizer@1c07ccc0, org.springframework.boot.test.autoconfigure.properties.PropertyMappingContextCustomizer@1368bf5d, org.springframework.boot.test.autoconfigure.web.servlet.WebDriverContextCustomizer@2313052e, [ImportsContextCustomizer@5350ab17 key = [org.springframework.boot.autoconfigure.task.TaskExecutionAutoConfiguration, org.springframework.boot.autoconfigure.cache.CacheAutoConfiguration, org.springframework.boot.autoconfigure.web.servlet.HttpEncodingAutoConfiguration, org.springframework.boot.autoconfigure.validation.ValidationAutoConfiguration, org.springframework.boot.autoconfigure.context.MessageSourceAutoConfiguration, org.springframework.boot.autoconfigure.hateoas.HypermediaAutoConfiguration, org.springframework.boot.autoconfigure.jackson.JacksonAutoConfiguration, org.springframework.boot.autoconfigure.data.web.SpringDataWebAutoConfiguration, org.springframework.boot.test.autoconfigure.web.reactive.WebTestClientAutoConfiguration, org.springframework.boot.autoconfigure.web.servlet.error.ErrorMvcAutoConfiguration, org.springframework.boot.test.autoconfigure.web.servlet.MockMvcAutoConfiguration, com.sprint.mission.discodeit.exception.GlobalExceptionHandler, org.springframework.boot.autoconfigure.security.servlet.SecurityAutoConfiguration, org.springframework.boot.autoconfigure.security.servlet.SecurityFilterAutoConfiguration, org.springframework.boot.autoconfigure.http.HttpMessageConvertersAutoConfiguration, org.springframework.boot.autoconfigure.security.oauth2.client.servlet.OAuth2ClientAutoConfiguration, org.springframework.boot.test.autoconfigure.web.servlet.MockMvcSecurityConfiguration, org.springframework.boot.test.autoconfigure.web.servlet.MockMvcWebClientAutoConfiguration, org.springframework.boot.test.autoconfigure.web.servlet.MockMvcWebDriverAutoConfiguration, org.springframework.boot.autoconfigure.thymeleaf.ThymeleafAutoConfiguration, org.springframework.boot.autoconfigure.gson.GsonAutoConfiguration, org.springframework.boot.autoconfigure.jsonb.JsonbAutoConfiguration, org.springframework.boot.autoconfigure.freemarker.FreeMarkerAutoConfiguration, org.springframework.boot.autoconfigure.web.servlet.WebMvcAutoConfiguration, org.springframework.boot.autoconfigure.security.servlet.UserDetailsServiceAutoConfiguration, org.springframework.boot.autoconfigure.security.oauth2.resource.servlet.OAuth2ResourceServerAutoConfiguration, org.springframework.boot.autoconfigure.groovy.template.GroovyTemplateAutoConfiguration, org.springframework.boot.autoconfigure.mustache.MustacheAutoConfiguration]], org.springframework.boot.test.context.filter.ExcludeFilterContextCustomizer@354fc8f0, org.springframework.boot.test.json.DuplicateJsonObjectContextCustomizerFactory$DuplicateJsonObjectContextCustomizer@5b43fbf6, org.springframework.boot.test.mock.mockito.MockitoContextCustomizer@0, org.springframework.boot.test.web.reactor.netty.DisableReactorResourceFactoryGlobalResourcesContextCustomizerFactory$DisableReactorResourceFactoryGlobalResourcesContextCustomizerCustomizer@3dddefd8, org.springframework.test.context.bean.override.BeanOverrideContextCustomizer@210db62, org.springframework.test.context.support.DynamicPropertiesContextCustomizer@0, org.springframework.boot.test.context.SpringBootTestAnnotation@f44ea2f], resourceBasePath = "src/main/webapp", contextLoader = org.springframework.boot.test.context.SpringBootContextLoader, parent = null]
	at org.springframework.test.context.cache.DefaultCacheAwareContextLoaderDelegate.loadContext(DefaultCacheAwareContextLoaderDelegate.java:145)
	at org.springframework.test.context.support.DefaultTestContext.getApplicationContext(DefaultTestContext.java:130)
	at org.springframework.test.context.bean.override.BeanOverrideTestExecutionListener.injectFields(BeanOverrideTestExecutionListener.java:87)
	at org.springframework.test.context.bean.override.BeanOverrideTestExecutionListener.prepareTestInstance(BeanOverrideTestExecutionListener.java:58)
	at org.springframework.test.context.TestContextManager.prepareTestInstance(TestContextManager.java:260)
	at org.springframework.test.context.junit.jupiter.SpringExtension.postProcessTestInstance(SpringExtension.java:160)
	at org.junit.jupiter.engine.descriptor.ClassBasedTestDescriptor.lambda$invokeTestInstancePostProcessors$11(ClassBasedTestDescriptor.java:378)
	at org.junit.jupiter.engine.descriptor.ClassBasedTestDescriptor.executeAndMaskThrowable(ClassBasedTestDescriptor.java:383)
	at org.junit.jupiter.engine.descriptor.ClassBasedTestDescriptor.lambda$invokeTestInstancePostProcessors$12(ClassBasedTestDescriptor.java:378)
	at java.base/java.util.stream.ForEachOps$ForEachOp$OfRef.accept(ForEachOps.java:183)
	at java.base/java.util.stream.ReferencePipeline$3$1.accept(ReferencePipeline.java:197)
	at java.base/java.util.stream.ReferencePipeline$2$1.accept(ReferencePipeline.java:179)
	at java.base/java.util.stream.ReferencePipeline$3$1.accept(ReferencePipeline.java:197)
	at java.base/java.util.ArrayList$ArrayListSpliterator.forEachRemaining(ArrayList.java:1625)
	at java.base/java.util.stream.AbstractPipeline.copyInto(AbstractPipeline.java:509)
	at java.base/java.util.stream.AbstractPipeline.wrapAndCopyInto(AbstractPipeline.java:499)
	at java.base/java.util.stream.ForEachOps$ForEachOp.evaluateSequential(ForEachOps.java:150)
	at java.base/java.util.stream.ForEachOps$ForEachOp$OfRef.evaluateSequential(ForEachOps.java:173)
	at java.base/java.util.stream.AbstractPipeline.evaluate(AbstractPipeline.java:234)
	at java.base/java.util.stream.ReferencePipeline.forEach(ReferencePipeline.java:596)
	at org.junit.jupiter.engine.descriptor.ClassBasedTestDescriptor.invokeTestInstancePostProcessors(ClassBasedTestDescriptor.java:377)
	at org.junit.jupiter.engine.descriptor.ClassBasedTestDescriptor.lambda$instantiateAndPostProcessTestInstance$7(ClassBasedTestDescriptor.java:290)
	at org.junit.platform.engine.support.hierarchical.ThrowableCollector.execute(ThrowableCollector.java:73)
	at org.junit.jupiter.engine.descriptor.ClassBasedTestDescriptor.instantiateAndPostProcessTestInstance(ClassBasedTestDescriptor.java:289)
	at org.junit.jupiter.engine.descriptor.ClassBasedTestDescriptor.lambda$testInstancesProvider$5(ClassBasedTestDescriptor.java:279)
	at java.base/java.util.Optional.orElseGet(Optional.java:364)
	at org.junit.jupiter.engine.descriptor.ClassBasedTestDescriptor.lambda$testInstancesProvider$6(ClassBasedTestDescriptor.java:278)
	at org.junit.jupiter.engine.execution.TestInstancesProvider.getTestInstances(TestInstancesProvider.java:31)
	at org.junit.jupiter.engine.descriptor.TestMethodTestDescriptor.lambda$prepare$1(TestMethodTestDescriptor.java:105)
	at org.junit.platform.engine.support.hierarchical.ThrowableCollector.execute(ThrowableCollector.java:73)
	at org.junit.jupiter.engine.descriptor.TestMethodTestDescriptor.prepare(TestMethodTestDescriptor.java:104)
	at org.junit.jupiter.engine.descriptor.TestMethodTestDescriptor.prepare(TestMethodTestDescriptor.java:68)
	at org.junit.platform.engine.support.hierarchical.NodeTestTask.lambda$prepare$2(NodeTestTask.java:128)
	at org.junit.platform.engine.support.hierarchical.ThrowableCollector.execute(ThrowableCollector.java:73)
	at org.junit.platform.engine.support.hierarchical.NodeTestTask.prepare(NodeTestTask.java:128)
	at org.junit.platform.engine.support.hierarchical.NodeTestTask.execute(NodeTestTask.java:95)
	at java.base/java.util.ArrayList.forEach(ArrayList.java:1511)
	at org.junit.platform.engine.support.hierarchical.SameThreadHierarchicalTestExecutorService.invokeAll(SameThreadHierarchicalTestExecutorService.java:41)
	at org.junit.platform.engine.support.hierarchical.NodeTestTask.lambda$executeRecursively$6(NodeTestTask.java:160)
	at org.junit.platform.engine.support.hierarchical.ThrowableCollector.execute(ThrowableCollector.java:73)
	at org.junit.platform.engine.support.hierarchical.NodeTestTask.lambda$executeRecursively$8(NodeTestTask.java:146)
	at org.junit.platform.engine.support.hierarchical.Node.around(Node.java:137)
	at org.junit.platform.engine.support.hierarchical.NodeTestTask.lambda$executeRecursively$9(NodeTestTask.java:144)
	at org.junit.platform.engine.support.hierarchical.ThrowableCollector.execute(ThrowableCollector.java:73)
	at org.junit.platform.engine.support.hierarchical.NodeTestTask.executeRecursively(NodeTestTask.java:143)
	at org.junit.platform.engine.support.hierarchical.NodeTestTask.execute(NodeTestTask.java:100)
	at java.base/java.util.ArrayList.forEach(ArrayList.java:1511)
	at org.junit.platform.engine.support.hierarchical.SameThreadHierarchicalTestExecutorService.invokeAll(SameThreadHierarchicalTestExecutorService.java:41)
	at org.junit.platform.engine.support.hierarchical.NodeTestTask.lambda$executeRecursively$6(NodeTestTask.java:160)
	at org.junit.platform.engine.support.hierarchical.ThrowableCollector.execute(ThrowableCollector.java:73)
	at org.junit.platform.engine.support.hierarchical.NodeTestTask.lambda$executeRecursively$8(NodeTestTask.java:146)
	at org.junit.platform.engine.support.hierarchical.Node.around(Node.java:137)
	at org.junit.platform.engine.support.hierarchical.NodeTestTask.lambda$executeRecursively$9(NodeTestTask.java:144)
	at org.junit.platform.engine.support.hierarchical.ThrowableCollector.execute(ThrowableCollector.java:73)
	at org.junit.platform.engine.support.hierarchical.NodeTestTask.executeRecursively(NodeTestTask.java:143)
	at org.junit.platform.engine.support.hierarchical.NodeTestTask.execute(NodeTestTask.java:100)
	at org.junit.platform.engine.support.hierarchical.SameThreadHierarchicalTestExecutorService.submit(SameThreadHierarchicalTestExecutorService.java:35)
	at org.junit.platform.engine.support.hierarchical.HierarchicalTestExecutor.execute(HierarchicalTestExecutor.java:57)
	at org.junit.platform.engine.support.hierarchical.HierarchicalTestEngine.execute(HierarchicalTestEngine.java:54)
	at org.junit.platform.launcher.core.EngineExecutionOrchestrator.execute(EngineExecutionOrchestrator.java:198)
	at org.junit.platform.launcher.core.EngineExecutionOrchestrator.execute(EngineExecutionOrchestrator.java:169)
	at org.junit.platform.launcher.core.EngineExecutionOrchestrator.execute(EngineExecutionOrchestrator.java:93)
	at org.junit.platform.launcher.core.EngineExecutionOrchestrator.lambda$execute$0(EngineExecutionOrchestrator.java:58)
	at org.junit.platform.launcher.core.EngineExecutionOrchestrator.withInterceptedStreams(EngineExecutionOrchestrator.java:141)
	at org.junit.platform.launcher.core.EngineExecutionOrchestrator.execute(EngineExecutionOrchestrator.java:57)
	at org.junit.platform.launcher.core.DefaultLauncher.execute(DefaultLauncher.java:103)
	at org.junit.platform.launcher.core.DefaultLauncher.execute(DefaultLauncher.java:85)
	at org.junit.platform.launcher.core.DelegatingLauncher.execute(DelegatingLauncher.java:47)
	at org.gradle.api.internal.tasks.testing.junitplatform.JUnitPlatformTestClassProcessor$CollectAllTestClassesExecutor.processAllTestClasses(JUnitPlatformTestClassProcessor.java:124)
	at org.gradle.api.internal.tasks.testing.junitplatform.JUnitPlatformTestClassProcessor$CollectAllTestClassesExecutor.access$000(JUnitPlatformTestClassProcessor.java:99)
	at org.gradle.api.internal.tasks.testing.junitplatform.JUnitPlatformTestClassProcessor.stop(JUnitPlatformTestClassProcessor.java:94)
	at org.gradle.api.internal.tasks.testing.SuiteTestClassProcessor.stop(SuiteTestClassProcessor.java:63)
	at java.base/jdk.internal.reflect.NativeMethodAccessorImpl.invoke0(Native Method)
	at java.base/jdk.internal.reflect.NativeMethodAccessorImpl.invoke(NativeMethodAccessorImpl.java:77)
	at java.base/jdk.internal.reflect.DelegatingMethodAccessorImpl.invoke(DelegatingMethodAccessorImpl.java:43)
	at java.base/java.lang.reflect.Method.invoke(Method.java:569)
	at org.gradle.internal.dispatch.ReflectionDispatch.dispatch(ReflectionDispatch.java:36)
	at org.gradle.internal.dispatch.ReflectionDispatch.dispatch(ReflectionDispatch.java:24)
	at org.gradle.internal.dispatch.ContextClassLoaderDispatch.dispatch(ContextClassLoaderDispatch.java:33)
	at org.gradle.internal.dispatch.ProxyDispatchAdapter$DispatchingInvocationHandler.invoke(ProxyDispatchAdapter.java:92)
	at jdk.proxy1/jdk.proxy1.$Proxy4.stop(Unknown Source)
	at org.gradle.api.internal.tasks.testing.worker.TestWorker$3.run(TestWorker.java:200)
	at org.gradle.api.internal.tasks.testing.worker.TestWorker.executeAndMaintainThreadName(TestWorker.java:132)
	at org.gradle.api.internal.tasks.testing.worker.TestWorker.execute(TestWorker.java:103)
	at org.gradle.api.internal.tasks.testing.worker.TestWorker.execute(TestWorker.java:63)
	at org.gradle.process.internal.worker.child.ActionExecutionWorker.execute(ActionExecutionWorker.java:56)
	at org.gradle.process.internal.worker.child.SystemApplicationClassLoaderWorker.call(SystemApplicationClassLoaderWorker.java:121)
	at org.gradle.process.internal.worker.child.SystemApplicationClassLoaderWorker.call(SystemApplicationClassLoaderWorker.java:71)
	at worker.org.gradle.process.internal.worker.GradleWorkerMain.run(GradleWorkerMain.java:69)
	at worker.org.gradle.process.internal.worker.GradleWorkerMain.main(GradleWorkerMain.java:74)
26-06-07 22:14:02.763 [Test worker] WARN  o.s.test.context.TestContextManager  - Caught exception while allowing TestExecutionListener [org.springframework.test.context.bean.override.BeanOverrideTestExecutionListener] to prepare test instance [com.sprint.mission.discodeit.controller.ChannelControllerTest@12448de1]
java.lang.IllegalStateException: ApplicationContext failure threshold (1) exceeded: skipping repeated attempt to load context for [WebMergedContextConfiguration@5fde1d64 testClass = com.sprint.mission.discodeit.controller.ChannelControllerTest, locations = [], classes = [com.sprint.mission.discodeit.DiscodeitApplication], contextInitializerClasses = [], activeProfiles = [], propertySourceDescriptors = [], propertySourceProperties = ["org.springframework.boot.test.autoconfigure.web.servlet.WebMvcTestContextBootstrapper=true"], contextCustomizers = [org.springframework.boot.test.autoconfigure.OnFailureConditionReportContextCustomizerFactory$OnFailureConditionReportContextCustomizer@33aeca0b, org.springframework.boot.test.autoconfigure.OverrideAutoConfigurationContextCustomizerFactory$DisableAutoConfigurationContextCustomizer@4ba302e0, org.springframework.boot.test.autoconfigure.actuate.observability.ObservabilityContextCustomizerFactory$DisableObservabilityContextCustomizer@1f, org.springframework.boot.test.autoconfigure.filter.TypeExcludeFiltersContextCustomizer@1c07ccc0, org.springframework.boot.test.autoconfigure.properties.PropertyMappingContextCustomizer@1368bf5d, org.springframework.boot.test.autoconfigure.web.servlet.WebDriverContextCustomizer@2313052e, [ImportsContextCustomizer@5350ab17 key = [org.springframework.boot.autoconfigure.task.TaskExecutionAutoConfiguration, org.springframework.boot.autoconfigure.cache.CacheAutoConfiguration, org.springframework.boot.autoconfigure.web.servlet.HttpEncodingAutoConfiguration, org.springframework.boot.autoconfigure.validation.ValidationAutoConfiguration, org.springframework.boot.autoconfigure.context.MessageSourceAutoConfiguration, org.springframework.boot.autoconfigure.hateoas.HypermediaAutoConfiguration, org.springframework.boot.autoconfigure.jackson.JacksonAutoConfiguration, org.springframework.boot.autoconfigure.data.web.SpringDataWebAutoConfiguration, org.springframework.boot.test.autoconfigure.web.reactive.WebTestClientAutoConfiguration, org.springframework.boot.autoconfigure.web.servlet.error.ErrorMvcAutoConfiguration, org.springframework.boot.test.autoconfigure.web.servlet.MockMvcAutoConfiguration, com.sprint.mission.discodeit.exception.GlobalExceptionHandler, org.springframework.boot.autoconfigure.security.servlet.SecurityAutoConfiguration, org.springframework.boot.autoconfigure.security.servlet.SecurityFilterAutoConfiguration, org.springframework.boot.autoconfigure.http.HttpMessageConvertersAutoConfiguration, org.springframework.boot.autoconfigure.security.oauth2.client.servlet.OAuth2ClientAutoConfiguration, org.springframework.boot.test.autoconfigure.web.servlet.MockMvcSecurityConfiguration, org.springframework.boot.test.autoconfigure.web.servlet.MockMvcWebClientAutoConfiguration, org.springframework.boot.test.autoconfigure.web.servlet.MockMvcWebDriverAutoConfiguration, org.springframework.boot.autoconfigure.thymeleaf.ThymeleafAutoConfiguration, org.springframework.boot.autoconfigure.gson.GsonAutoConfiguration, org.springframework.boot.autoconfigure.jsonb.JsonbAutoConfiguration, org.springframework.boot.autoconfigure.freemarker.FreeMarkerAutoConfiguration, org.springframework.boot.autoconfigure.web.servlet.WebMvcAutoConfiguration, org.springframework.boot.autoconfigure.security.servlet.UserDetailsServiceAutoConfiguration, org.springframework.boot.autoconfigure.security.oauth2.resource.servlet.OAuth2ResourceServerAutoConfiguration, org.springframework.boot.autoconfigure.groovy.template.GroovyTemplateAutoConfiguration, org.springframework.boot.autoconfigure.mustache.MustacheAutoConfiguration]], org.springframework.boot.test.context.filter.ExcludeFilterContextCustomizer@354fc8f0, org.springframework.boot.test.json.DuplicateJsonObjectContextCustomizerFactory$DuplicateJsonObjectContextCustomizer@5b43fbf6, org.springframework.boot.test.mock.mockito.MockitoContextCustomizer@0, org.springframework.boot.test.web.reactor.netty.DisableReactorResourceFactoryGlobalResourcesContextCustomizerFactory$DisableReactorResourceFactoryGlobalResourcesContextCustomizerCustomizer@3dddefd8, org.springframework.test.context.bean.override.BeanOverrideContextCustomizer@210db62, org.springframework.test.context.support.DynamicPropertiesContextCustomizer@0, org.springframework.boot.test.context.SpringBootTestAnnotation@f44ea2f], resourceBasePath = "src/main/webapp", contextLoader = org.springframework.boot.test.context.SpringBootContextLoader, parent = null]
	at org.springframework.test.context.cache.DefaultCacheAwareContextLoaderDelegate.loadContext(DefaultCacheAwareContextLoaderDelegate.java:145)
	at org.springframework.test.context.support.DefaultTestContext.getApplicationContext(DefaultTestContext.java:130)
	at org.springframework.test.context.bean.override.BeanOverrideTestExecutionListener.injectFields(BeanOverrideTestExecutionListener.java:87)
	at org.springframework.test.context.bean.override.BeanOverrideTestExecutionListener.prepareTestInstance(BeanOverrideTestExecutionListener.java:58)
	at org.springframework.test.context.TestContextManager.prepareTestInstance(TestContextManager.java:260)
	at org.springframework.test.context.junit.jupiter.SpringExtension.postProcessTestInstance(SpringExtension.java:160)
	at org.junit.jupiter.engine.descriptor.ClassBasedTestDescriptor.lambda$invokeTestInstancePostProcessors$11(ClassBasedTestDescriptor.java:378)
	at org.junit.jupiter.engine.descriptor.ClassBasedTestDescriptor.executeAndMaskThrowable(ClassBasedTestDescriptor.java:383)
	at org.junit.jupiter.engine.descriptor.ClassBasedTestDescriptor.lambda$invokeTestInstancePostProcessors$12(ClassBasedTestDescriptor.java:378)
	at java.base/java.util.stream.ForEachOps$ForEachOp$OfRef.accept(ForEachOps.java:183)
	at java.base/java.util.stream.ReferencePipeline$3$1.accept(ReferencePipeline.java:197)
	at java.base/java.util.stream.ReferencePipeline$2$1.accept(ReferencePipeline.java:179)
	at java.base/java.util.stream.ReferencePipeline$3$1.accept(ReferencePipeline.java:197)
	at java.base/java.util.ArrayList$ArrayListSpliterator.forEachRemaining(ArrayList.java:1625)
	at java.base/java.util.stream.AbstractPipeline.copyInto(AbstractPipeline.java:509)
	at java.base/java.util.stream.AbstractPipeline.wrapAndCopyInto(AbstractPipeline.java:499)
	at java.base/java.util.stream.ForEachOps$ForEachOp.evaluateSequential(ForEachOps.java:150)
	at java.base/java.util.stream.ForEachOps$ForEachOp$OfRef.evaluateSequential(ForEachOps.java:173)
	at java.base/java.util.stream.AbstractPipeline.evaluate(AbstractPipeline.java:234)
	at java.base/java.util.stream.ReferencePipeline.forEach(ReferencePipeline.java:596)
	at org.junit.jupiter.engine.descriptor.ClassBasedTestDescriptor.invokeTestInstancePostProcessors(ClassBasedTestDescriptor.java:377)
	at org.junit.jupiter.engine.descriptor.ClassBasedTestDescriptor.lambda$instantiateAndPostProcessTestInstance$7(ClassBasedTestDescriptor.java:290)
	at org.junit.platform.engine.support.hierarchical.ThrowableCollector.execute(ThrowableCollector.java:73)
	at org.junit.jupiter.engine.descriptor.ClassBasedTestDescriptor.instantiateAndPostProcessTestInstance(ClassBasedTestDescriptor.java:289)
	at org.junit.jupiter.engine.descriptor.ClassBasedTestDescriptor.lambda$testInstancesProvider$5(ClassBasedTestDescriptor.java:279)
	at java.base/java.util.Optional.orElseGet(Optional.java:364)
	at org.junit.jupiter.engine.descriptor.ClassBasedTestDescriptor.lambda$testInstancesProvider$6(ClassBasedTestDescriptor.java:278)
	at org.junit.jupiter.engine.execution.TestInstancesProvider.getTestInstances(TestInstancesProvider.java:31)
	at org.junit.jupiter.engine.descriptor.TestMethodTestDescriptor.lambda$prepare$1(TestMethodTestDescriptor.java:105)
	at org.junit.platform.engine.support.hierarchical.ThrowableCollector.execute(ThrowableCollector.java:73)
	at org.junit.jupiter.engine.descriptor.TestMethodTestDescriptor.prepare(TestMethodTestDescriptor.java:104)
	at org.junit.jupiter.engine.descriptor.TestMethodTestDescriptor.prepare(TestMethodTestDescriptor.java:68)
	at org.junit.platform.engine.support.hierarchical.NodeTestTask.lambda$prepare$2(NodeTestTask.java:128)
	at org.junit.platform.engine.support.hierarchical.ThrowableCollector.execute(ThrowableCollector.java:73)
	at org.junit.platform.engine.support.hierarchical.NodeTestTask.prepare(NodeTestTask.java:128)
	at org.junit.platform.engine.support.hierarchical.NodeTestTask.execute(NodeTestTask.java:95)
	at java.base/java.util.ArrayList.forEach(ArrayList.java:1511)
	at org.junit.platform.engine.support.hierarchical.SameThreadHierarchicalTestExecutorService.invokeAll(SameThreadHierarchicalTestExecutorService.java:41)
	at org.junit.platform.engine.support.hierarchical.NodeTestTask.lambda$executeRecursively$6(NodeTestTask.java:160)
	at org.junit.platform.engine.support.hierarchical.ThrowableCollector.execute(ThrowableCollector.java:73)
	at org.junit.platform.engine.support.hierarchical.NodeTestTask.lambda$executeRecursively$8(NodeTestTask.java:146)
	at org.junit.platform.engine.support.hierarchical.Node.around(Node.java:137)
	at org.junit.platform.engine.support.hierarchical.NodeTestTask.lambda$executeRecursively$9(NodeTestTask.java:144)
	at org.junit.platform.engine.support.hierarchical.ThrowableCollector.execute(ThrowableCollector.java:73)
	at org.junit.platform.engine.support.hierarchical.NodeTestTask.executeRecursively(NodeTestTask.java:143)
	at org.junit.platform.engine.support.hierarchical.NodeTestTask.execute(NodeTestTask.java:100)
	at java.base/java.util.ArrayList.forEach(ArrayList.java:1511)
	at org.junit.platform.engine.support.hierarchical.SameThreadHierarchicalTestExecutorService.invokeAll(SameThreadHierarchicalTestExecutorService.java:41)
	at org.junit.platform.engine.support.hierarchical.NodeTestTask.lambda$executeRecursively$6(NodeTestTask.java:160)
	at org.junit.platform.engine.support.hierarchical.ThrowableCollector.execute(ThrowableCollector.java:73)
	at org.junit.platform.engine.support.hierarchical.NodeTestTask.lambda$executeRecursively$8(NodeTestTask.java:146)
	at org.junit.platform.engine.support.hierarchical.Node.around(Node.java:137)
	at org.junit.platform.engine.support.hierarchical.NodeTestTask.lambda$executeRecursively$9(NodeTestTask.java:144)
	at org.junit.platform.engine.support.hierarchical.ThrowableCollector.execute(ThrowableCollector.java:73)
	at org.junit.platform.engine.support.hierarchical.NodeTestTask.executeRecursively(NodeTestTask.java:143)
	at org.junit.platform.engine.support.hierarchical.NodeTestTask.execute(NodeTestTask.java:100)
	at org.junit.platform.engine.support.hierarchical.SameThreadHierarchicalTestExecutorService.submit(SameThreadHierarchicalTestExecutorService.java:35)
	at org.junit.platform.engine.support.hierarchical.HierarchicalTestExecutor.execute(HierarchicalTestExecutor.java:57)
	at org.junit.platform.engine.support.hierarchical.HierarchicalTestEngine.execute(HierarchicalTestEngine.java:54)
	at org.junit.platform.launcher.core.EngineExecutionOrchestrator.execute(EngineExecutionOrchestrator.java:198)
	at org.junit.platform.launcher.core.EngineExecutionOrchestrator.execute(EngineExecutionOrchestrator.java:169)
	at org.junit.platform.launcher.core.EngineExecutionOrchestrator.execute(EngineExecutionOrchestrator.java:93)
	at org.junit.platform.launcher.core.EngineExecutionOrchestrator.lambda$execute$0(EngineExecutionOrchestrator.java:58)
	at org.junit.platform.launcher.core.EngineExecutionOrchestrator.withInterceptedStreams(EngineExecutionOrchestrator.java:141)
	at org.junit.platform.launcher.core.EngineExecutionOrchestrator.execute(EngineExecutionOrchestrator.java:57)
	at org.junit.platform.launcher.core.DefaultLauncher.execute(DefaultLauncher.java:103)
	at org.junit.platform.launcher.core.DefaultLauncher.execute(DefaultLauncher.java:85)
	at org.junit.platform.launcher.core.DelegatingLauncher.execute(DelegatingLauncher.java:47)
	at org.gradle.api.internal.tasks.testing.junitplatform.JUnitPlatformTestClassProcessor$CollectAllTestClassesExecutor.processAllTestClasses(JUnitPlatformTestClassProcessor.java:124)
	at org.gradle.api.internal.tasks.testing.junitplatform.JUnitPlatformTestClassProcessor$CollectAllTestClassesExecutor.access$000(JUnitPlatformTestClassProcessor.java:99)
	at org.gradle.api.internal.tasks.testing.junitplatform.JUnitPlatformTestClassProcessor.stop(JUnitPlatformTestClassProcessor.java:94)
	at org.gradle.api.internal.tasks.testing.SuiteTestClassProcessor.stop(SuiteTestClassProcessor.java:63)
	at java.base/jdk.internal.reflect.NativeMethodAccessorImpl.invoke0(Native Method)
	at java.base/jdk.internal.reflect.NativeMethodAccessorImpl.invoke(NativeMethodAccessorImpl.java:77)
	at java.base/jdk.internal.reflect.DelegatingMethodAccessorImpl.invoke(DelegatingMethodAccessorImpl.java:43)
	at java.base/java.lang.reflect.Method.invoke(Method.java:569)
	at org.gradle.internal.dispatch.ReflectionDispatch.dispatch(ReflectionDispatch.java:36)
	at org.gradle.internal.dispatch.ReflectionDispatch.dispatch(ReflectionDispatch.java:24)
	at org.gradle.internal.dispatch.ContextClassLoaderDispatch.dispatch(ContextClassLoaderDispatch.java:33)
	at org.gradle.internal.dispatch.ProxyDispatchAdapter$DispatchingInvocationHandler.invoke(ProxyDispatchAdapter.java:92)
	at jdk.proxy1/jdk.proxy1.$Proxy4.stop(Unknown Source)
	at org.gradle.api.internal.tasks.testing.worker.TestWorker$3.run(TestWorker.java:200)
	at org.gradle.api.internal.tasks.testing.worker.TestWorker.executeAndMaintainThreadName(TestWorker.java:132)
	at org.gradle.api.internal.tasks.testing.worker.TestWorker.execute(TestWorker.java:103)
	at org.gradle.api.internal.tasks.testing.worker.TestWorker.execute(TestWorker.java:63)
	at org.gradle.process.internal.worker.child.ActionExecutionWorker.execute(ActionExecutionWorker.java:56)
	at org.gradle.process.internal.worker.child.SystemApplicationClassLoaderWorker.call(SystemApplicationClassLoaderWorker.java:121)
	at org.gradle.process.internal.worker.child.SystemApplicationClassLoaderWorker.call(SystemApplicationClassLoaderWorker.java:71)
	at worker.org.gradle.process.internal.worker.GradleWorkerMain.run(GradleWorkerMain.java:69)
	at worker.org.gradle.process.internal.worker.GradleWorkerMain.main(GradleWorkerMain.java:74)
26-06-07 22:14:02.772 [Test worker] INFO  s.AnnotationConfigContextLoaderUtils - Could not detect default configuration classes for test class [com.sprint.mission.discodeit.controller.UserControllerTest]: UserControllerTest does not declare any static, non-private, non-final, nested classes annotated with @Configuration.
26-06-07 22:14:02.780 [Test worker] INFO  .c.SpringBootTestContextBootstrapper - Found @SpringBootConfiguration com.sprint.mission.discodeit.DiscodeitApplication for test class com.sprint.mission.discodeit.controller.UserControllerTest
26-06-07 22:14:02.815 [Test worker] INFO  c.s.m.d.c.UserControllerTest         - Starting UserControllerTest using Java 17.0.18 with PID 58589 (started by yuj in /Users/yuj/java/sprint_mission)
26-06-07 22:14:02.815 [Test worker] DEBUG c.s.m.d.c.UserControllerTest         - Running with Spring Boot v3.4.0, Spring v6.2.0
26-06-07 22:14:02.815 [Test worker] INFO  c.s.m.d.c.UserControllerTest         - The following 1 profile is active: "dev"
26-06-07 22:14:02.934 [Test worker] WARN  s.w.c.s.GenericWebApplicationContext - Exception encountered during context initialization - cancelling refresh attempt: org.springframework.beans.factory.BeanCreationException: Error creating bean with name 'jpaAuditingHandler': Cannot resolve reference to bean 'jpaMappingContext' while setting constructor argument
26-06-07 22:14:02.941 [Test worker] INFO  .a.l.ConditionEvaluationReportLogger - 

Error starting ApplicationContext. To display the condition evaluation report re-run your application with 'debug' enabled.
26-06-07 22:14:02.942 [Test worker] ERROR o.s.boot.SpringApplication           - Application run failed
org.springframework.beans.factory.BeanCreationException: Error creating bean with name 'jpaAuditingHandler': Cannot resolve reference to bean 'jpaMappingContext' while setting constructor argument
	at org.springframework.beans.factory.support.BeanDefinitionValueResolver.resolveReference(BeanDefinitionValueResolver.java:377)
	at org.springframework.beans.factory.support.BeanDefinitionValueResolver.resolveValueIfNecessary(BeanDefinitionValueResolver.java:135)
	at org.springframework.beans.factory.support.ConstructorResolver.resolveConstructorArguments(ConstructorResolver.java:691)
	at org.springframework.beans.factory.support.ConstructorResolver.instantiateUsingFactoryMethod(ConstructorResolver.java:513)
	at org.springframework.beans.factory.support.AbstractAutowireCapableBeanFactory.instantiateUsingFactoryMethod(AbstractAutowireCapableBeanFactory.java:1351)
	at org.springframework.beans.factory.support.AbstractAutowireCapableBeanFactory.createBeanInstance(AbstractAutowireCapableBeanFactory.java:1181)
	at org.springframework.beans.factory.support.AbstractAutowireCapableBeanFactory.doCreateBean(AbstractAutowireCapableBeanFactory.java:563)
	at org.springframework.beans.factory.support.AbstractAutowireCapableBeanFactory.createBean(AbstractAutowireCapableBeanFactory.java:523)
	at org.springframework.beans.factory.support.AbstractBeanFactory.lambda$doGetBean$0(AbstractBeanFactory.java:336)
	at org.springframework.beans.factory.support.DefaultSingletonBeanRegistry.getSingleton(DefaultSingletonBeanRegistry.java:288)
	at org.springframework.beans.factory.support.AbstractBeanFactory.doGetBean(AbstractBeanFactory.java:334)
	at org.springframework.beans.factory.support.AbstractBeanFactory.getBean(AbstractBeanFactory.java:199)
	at org.springframework.beans.factory.support.DefaultListableBeanFactory.instantiateSingleton(DefaultListableBeanFactory.java:1122)
	at org.springframework.beans.factory.support.DefaultListableBeanFactory.preInstantiateSingleton(DefaultListableBeanFactory.java:1093)
	at org.springframework.beans.factory.support.DefaultListableBeanFactory.preInstantiateSingletons(DefaultListableBeanFactory.java:1030)
	at org.springframework.context.support.AbstractApplicationContext.finishBeanFactoryInitialization(AbstractApplicationContext.java:987)
	at org.springframework.context.support.AbstractApplicationContext.refresh(AbstractApplicationContext.java:627)
	at org.springframework.boot.SpringApplication.refresh(SpringApplication.java:752)
	at org.springframework.boot.SpringApplication.refreshContext(SpringApplication.java:439)
	at org.springframework.boot.SpringApplication.run(SpringApplication.java:318)
	at org.springframework.boot.test.context.SpringBootContextLoader.lambda$loadContext$3(SpringBootContextLoader.java:137)
	at org.springframework.util.function.ThrowingSupplier.get(ThrowingSupplier.java:58)
	at org.springframework.util.function.ThrowingSupplier.get(ThrowingSupplier.java:46)
	at org.springframework.boot.SpringApplication.withHook(SpringApplication.java:1461)
	at org.springframework.boot.test.context.SpringBootContextLoader$ContextLoaderHook.run(SpringBootContextLoader.java:553)
	at org.springframework.boot.test.context.SpringBootContextLoader.loadContext(SpringBootContextLoader.java:137)
	at org.springframework.boot.test.context.SpringBootContextLoader.loadContext(SpringBootContextLoader.java:108)
	at org.springframework.test.context.cache.DefaultCacheAwareContextLoaderDelegate.loadContextInternal(DefaultCacheAwareContextLoaderDelegate.java:225)
	at org.springframework.test.context.cache.DefaultCacheAwareContextLoaderDelegate.loadContext(DefaultCacheAwareContextLoaderDelegate.java:152)
	at org.springframework.test.context.support.DefaultTestContext.getApplicationContext(DefaultTestContext.java:130)
	at org.springframework.test.context.bean.override.BeanOverrideTestExecutionListener.injectFields(BeanOverrideTestExecutionListener.java:87)
	at org.springframework.test.context.bean.override.BeanOverrideTestExecutionListener.prepareTestInstance(BeanOverrideTestExecutionListener.java:58)
	at org.springframework.test.context.TestContextManager.prepareTestInstance(TestContextManager.java:260)
	at org.springframework.test.context.junit.jupiter.SpringExtension.postProcessTestInstance(SpringExtension.java:160)
	at org.junit.jupiter.engine.descriptor.ClassBasedTestDescriptor.lambda$invokeTestInstancePostProcessors$11(ClassBasedTestDescriptor.java:378)
	at org.junit.jupiter.engine.descriptor.ClassBasedTestDescriptor.executeAndMaskThrowable(ClassBasedTestDescriptor.java:383)
	at org.junit.jupiter.engine.descriptor.ClassBasedTestDescriptor.lambda$invokeTestInstancePostProcessors$12(ClassBasedTestDescriptor.java:378)
	at java.base/java.util.stream.ForEachOps$ForEachOp$OfRef.accept(ForEachOps.java:183)
	at java.base/java.util.stream.ReferencePipeline$3$1.accept(ReferencePipeline.java:197)
	at java.base/java.util.stream.ReferencePipeline$2$1.accept(ReferencePipeline.java:179)
	at java.base/java.util.stream.ReferencePipeline$3$1.accept(ReferencePipeline.java:197)
	at java.base/java.util.ArrayList$ArrayListSpliterator.forEachRemaining(ArrayList.java:1625)
	at java.base/java.util.stream.AbstractPipeline.copyInto(AbstractPipeline.java:509)
	at java.base/java.util.stream.AbstractPipeline.wrapAndCopyInto(AbstractPipeline.java:499)
	at java.base/java.util.stream.ForEachOps$ForEachOp.evaluateSequential(ForEachOps.java:150)
	at java.base/java.util.stream.ForEachOps$ForEachOp$OfRef.evaluateSequential(ForEachOps.java:173)
	at java.base/java.util.stream.AbstractPipeline.evaluate(AbstractPipeline.java:234)
	at java.base/java.util.stream.ReferencePipeline.forEach(ReferencePipeline.java:596)
	at org.junit.jupiter.engine.descriptor.ClassBasedTestDescriptor.invokeTestInstancePostProcessors(ClassBasedTestDescriptor.java:377)
	at org.junit.jupiter.engine.descriptor.ClassBasedTestDescriptor.lambda$instantiateAndPostProcessTestInstance$7(ClassBasedTestDescriptor.java:290)
	at org.junit.platform.engine.support.hierarchical.ThrowableCollector.execute(ThrowableCollector.java:73)
	at org.junit.jupiter.engine.descriptor.ClassBasedTestDescriptor.instantiateAndPostProcessTestInstance(ClassBasedTestDescriptor.java:289)
	at org.junit.jupiter.engine.descriptor.ClassBasedTestDescriptor.lambda$testInstancesProvider$5(ClassBasedTestDescriptor.java:279)
	at java.base/java.util.Optional.orElseGet(Optional.java:364)
	at org.junit.jupiter.engine.descriptor.ClassBasedTestDescriptor.lambda$testInstancesProvider$6(ClassBasedTestDescriptor.java:278)
	at org.junit.jupiter.engine.execution.TestInstancesProvider.getTestInstances(TestInstancesProvider.java:31)
	at org.junit.jupiter.engine.descriptor.TestMethodTestDescriptor.lambda$prepare$1(TestMethodTestDescriptor.java:105)
	at org.junit.platform.engine.support.hierarchical.ThrowableCollector.execute(ThrowableCollector.java:73)
	at org.junit.jupiter.engine.descriptor.TestMethodTestDescriptor.prepare(TestMethodTestDescriptor.java:104)
	at org.junit.jupiter.engine.descriptor.TestMethodTestDescriptor.prepare(TestMethodTestDescriptor.java:68)
	at org.junit.platform.engine.support.hierarchical.NodeTestTask.lambda$prepare$2(NodeTestTask.java:128)
	at org.junit.platform.engine.support.hierarchical.ThrowableCollector.execute(ThrowableCollector.java:73)
	at org.junit.platform.engine.support.hierarchical.NodeTestTask.prepare(NodeTestTask.java:128)
	at org.junit.platform.engine.support.hierarchical.NodeTestTask.execute(NodeTestTask.java:95)
	at java.base/java.util.ArrayList.forEach(ArrayList.java:1511)
	at org.junit.platform.engine.support.hierarchical.SameThreadHierarchicalTestExecutorService.invokeAll(SameThreadHierarchicalTestExecutorService.java:41)
	at org.junit.platform.engine.support.hierarchical.NodeTestTask.lambda$executeRecursively$6(NodeTestTask.java:160)
	at org.junit.platform.engine.support.hierarchical.ThrowableCollector.execute(ThrowableCollector.java:73)
	at org.junit.platform.engine.support.hierarchical.NodeTestTask.lambda$executeRecursively$8(NodeTestTask.java:146)
	at org.junit.platform.engine.support.hierarchical.Node.around(Node.java:137)
	at org.junit.platform.engine.support.hierarchical.NodeTestTask.lambda$executeRecursively$9(NodeTestTask.java:144)
	at org.junit.platform.engine.support.hierarchical.ThrowableCollector.execute(ThrowableCollector.java:73)
	at org.junit.platform.engine.support.hierarchical.NodeTestTask.executeRecursively(NodeTestTask.java:143)
	at org.junit.platform.engine.support.hierarchical.NodeTestTask.execute(NodeTestTask.java:100)
	at java.base/java.util.ArrayList.forEach(ArrayList.java:1511)
	at org.junit.platform.engine.support.hierarchical.SameThreadHierarchicalTestExecutorService.invokeAll(SameThreadHierarchicalTestExecutorService.java:41)
	at org.junit.platform.engine.support.hierarchical.NodeTestTask.lambda$executeRecursively$6(NodeTestTask.java:160)
	at org.junit.platform.engine.support.hierarchical.ThrowableCollector.execute(ThrowableCollector.java:73)
	at org.junit.platform.engine.support.hierarchical.NodeTestTask.lambda$executeRecursively$8(NodeTestTask.java:146)
	at org.junit.platform.engine.support.hierarchical.Node.around(Node.java:137)
	at org.junit.platform.engine.support.hierarchical.NodeTestTask.lambda$executeRecursively$9(NodeTestTask.java:144)
	at org.junit.platform.engine.support.hierarchical.ThrowableCollector.execute(ThrowableCollector.java:73)
	at org.junit.platform.engine.support.hierarchical.NodeTestTask.executeRecursively(NodeTestTask.java:143)
	at org.junit.platform.engine.support.hierarchical.NodeTestTask.execute(NodeTestTask.java:100)
	at org.junit.platform.engine.support.hierarchical.SameThreadHierarchicalTestExecutorService.submit(SameThreadHierarchicalTestExecutorService.java:35)
	at org.junit.platform.engine.support.hierarchical.HierarchicalTestExecutor.execute(HierarchicalTestExecutor.java:57)
	at org.junit.platform.engine.support.hierarchical.HierarchicalTestEngine.execute(HierarchicalTestEngine.java:54)
	at org.junit.platform.launcher.core.EngineExecutionOrchestrator.execute(EngineExecutionOrchestrator.java:198)
	at org.junit.platform.launcher.core.EngineExecutionOrchestrator.execute(EngineExecutionOrchestrator.java:169)
	at org.junit.platform.launcher.core.EngineExecutionOrchestrator.execute(EngineExecutionOrchestrator.java:93)
	at org.junit.platform.launcher.core.EngineExecutionOrchestrator.lambda$execute$0(EngineExecutionOrchestrator.java:58)
	at org.junit.platform.launcher.core.EngineExecutionOrchestrator.withInterceptedStreams(EngineExecutionOrchestrator.java:141)
	at org.junit.platform.launcher.core.EngineExecutionOrchestrator.execute(EngineExecutionOrchestrator.java:57)
	at org.junit.platform.launcher.core.DefaultLauncher.execute(DefaultLauncher.java:103)
	at org.junit.platform.launcher.core.DefaultLauncher.execute(DefaultLauncher.java:85)
	at org.junit.platform.launcher.core.DelegatingLauncher.execute(DelegatingLauncher.java:47)
	at org.gradle.api.internal.tasks.testing.junitplatform.JUnitPlatformTestClassProcessor$CollectAllTestClassesExecutor.processAllTestClasses(JUnitPlatformTestClassProcessor.java:124)
	at org.gradle.api.internal.tasks.testing.junitplatform.JUnitPlatformTestClassProcessor$CollectAllTestClassesExecutor.access$000(JUnitPlatformTestClassProcessor.java:99)
	at org.gradle.api.internal.tasks.testing.junitplatform.JUnitPlatformTestClassProcessor.stop(JUnitPlatformTestClassProcessor.java:94)
	at org.gradle.api.internal.tasks.testing.SuiteTestClassProcessor.stop(SuiteTestClassProcessor.java:63)
	at java.base/jdk.internal.reflect.NativeMethodAccessorImpl.invoke0(Native Method)
	at java.base/jdk.internal.reflect.NativeMethodAccessorImpl.invoke(NativeMethodAccessorImpl.java:77)
	at java.base/jdk.internal.reflect.DelegatingMethodAccessorImpl.invoke(DelegatingMethodAccessorImpl.java:43)
	at java.base/java.lang.reflect.Method.invoke(Method.java:569)
	at org.gradle.internal.dispatch.ReflectionDispatch.dispatch(ReflectionDispatch.java:36)
	at org.gradle.internal.dispatch.ReflectionDispatch.dispatch(ReflectionDispatch.java:24)
	at org.gradle.internal.dispatch.ContextClassLoaderDispatch.dispatch(ContextClassLoaderDispatch.java:33)
	at org.gradle.internal.dispatch.ProxyDispatchAdapter$DispatchingInvocationHandler.invoke(ProxyDispatchAdapter.java:92)
	at jdk.proxy1/jdk.proxy1.$Proxy4.stop(Unknown Source)
	at org.gradle.api.internal.tasks.testing.worker.TestWorker$3.run(TestWorker.java:200)
	at org.gradle.api.internal.tasks.testing.worker.TestWorker.executeAndMaintainThreadName(TestWorker.java:132)
	at org.gradle.api.internal.tasks.testing.worker.TestWorker.execute(TestWorker.java:103)
	at org.gradle.api.internal.tasks.testing.worker.TestWorker.execute(TestWorker.java:63)
	at org.gradle.process.internal.worker.child.ActionExecutionWorker.execute(ActionExecutionWorker.java:56)
	at org.gradle.process.internal.worker.child.SystemApplicationClassLoaderWorker.call(SystemApplicationClassLoaderWorker.java:121)
	at org.gradle.process.internal.worker.child.SystemApplicationClassLoaderWorker.call(SystemApplicationClassLoaderWorker.java:71)
	at worker.org.gradle.process.internal.worker.GradleWorkerMain.run(GradleWorkerMain.java:69)
	at worker.org.gradle.process.internal.worker.GradleWorkerMain.main(GradleWorkerMain.java:74)
Caused by: org.springframework.beans.factory.BeanCreationException: Error creating bean with name 'jpaMappingContext': JPA metamodel must not be empty
	at org.springframework.beans.factory.support.AbstractAutowireCapableBeanFactory.initializeBean(AbstractAutowireCapableBeanFactory.java:1802)
	at org.springframework.beans.factory.support.AbstractAutowireCapableBeanFactory.doCreateBean(AbstractAutowireCapableBeanFactory.java:601)
	at org.springframework.beans.factory.support.AbstractAutowireCapableBeanFactory.createBean(AbstractAutowireCapableBeanFactory.java:523)
	at org.springframework.beans.factory.support.AbstractBeanFactory.lambda$doGetBean$0(AbstractBeanFactory.java:336)
	at org.springframework.beans.factory.support.DefaultSingletonBeanRegistry.getSingleton(DefaultSingletonBeanRegistry.java:288)
	at org.springframework.beans.factory.support.AbstractBeanFactory.doGetBean(AbstractBeanFactory.java:334)
	at org.springframework.beans.factory.support.AbstractBeanFactory.getBean(AbstractBeanFactory.java:199)
	at org.springframework.beans.factory.support.BeanDefinitionValueResolver.resolveReference(BeanDefinitionValueResolver.java:365)
	... 117 common frames omitted
Caused by: java.lang.IllegalArgumentException: JPA metamodel must not be empty
	at org.springframework.util.Assert.notEmpty(Assert.java:398)
	at org.springframework.data.jpa.mapping.JpaMetamodelMappingContext.<init>(JpaMetamodelMappingContext.java:57)
	at org.springframework.data.jpa.repository.config.JpaMetamodelMappingContextFactoryBean.createInstance(JpaMetamodelMappingContextFactoryBean.java:68)
	at org.springframework.data.jpa.repository.config.JpaMetamodelMappingContextFactoryBean.createInstance(JpaMetamodelMappingContextFactoryBean.java:1)
	at org.springframework.beans.factory.config.AbstractFactoryBean.afterPropertiesSet(AbstractFactoryBean.java:142)
	at org.springframework.beans.factory.support.AbstractAutowireCapableBeanFactory.invokeInitMethods(AbstractAutowireCapableBeanFactory.java:1849)
	at org.springframework.beans.factory.support.AbstractAutowireCapableBeanFactory.initializeBean(AbstractAutowireCapableBeanFactory.java:1798)
	... 124 common frames omitted
26-06-07 22:14:02.944 [Test worker] WARN  o.s.test.context.TestContextManager  - Caught exception while allowing TestExecutionListener [org.springframework.test.context.bean.override.BeanOverrideTestExecutionListener] to prepare test instance [com.sprint.mission.discodeit.controller.UserControllerTest@49e0b123]
java.lang.IllegalStateException: Failed to load ApplicationContext for [WebMergedContextConfiguration@27e21083 testClass = com.sprint.mission.discodeit.controller.UserControllerTest, locations = [], classes = [com.sprint.mission.discodeit.DiscodeitApplication], contextInitializerClasses = [], activeProfiles = [], propertySourceDescriptors = [], propertySourceProperties = ["org.springframework.boot.test.autoconfigure.web.servlet.WebMvcTestContextBootstrapper=true"], contextCustomizers = [org.springframework.boot.test.autoconfigure.OnFailureConditionReportContextCustomizerFactory$OnFailureConditionReportContextCustomizer@33aeca0b, org.springframework.boot.test.autoconfigure.OverrideAutoConfigurationContextCustomizerFactory$DisableAutoConfigurationContextCustomizer@4ba302e0, org.springframework.boot.test.autoconfigure.actuate.observability.ObservabilityContextCustomizerFactory$DisableObservabilityContextCustomizer@1f, org.springframework.boot.test.autoconfigure.filter.TypeExcludeFiltersContextCustomizer@1daaddfa, org.springframework.boot.test.autoconfigure.properties.PropertyMappingContextCustomizer@1368bf5d, org.springframework.boot.test.autoconfigure.web.servlet.WebDriverContextCustomizer@2313052e, [ImportsContextCustomizer@67a6a2d0 key = [org.springframework.boot.autoconfigure.task.TaskExecutionAutoConfiguration, org.springframework.boot.autoconfigure.cache.CacheAutoConfiguration, org.springframework.boot.autoconfigure.web.servlet.HttpEncodingAutoConfiguration, org.springframework.boot.autoconfigure.validation.ValidationAutoConfiguration, org.springframework.boot.autoconfigure.context.MessageSourceAutoConfiguration, org.springframework.boot.autoconfigure.hateoas.HypermediaAutoConfiguration, org.springframework.boot.autoconfigure.jackson.JacksonAutoConfiguration, org.springframework.boot.autoconfigure.data.web.SpringDataWebAutoConfiguration, org.springframework.boot.test.autoconfigure.web.reactive.WebTestClientAutoConfiguration, org.springframework.boot.autoconfigure.web.servlet.error.ErrorMvcAutoConfiguration, org.springframework.boot.test.autoconfigure.web.servlet.MockMvcAutoConfiguration, com.sprint.mission.discodeit.exception.GlobalExceptionHandler, org.springframework.boot.autoconfigure.security.servlet.SecurityAutoConfiguration, org.springframework.boot.autoconfigure.security.servlet.SecurityFilterAutoConfiguration, org.springframework.boot.autoconfigure.http.HttpMessageConvertersAutoConfiguration, org.springframework.boot.autoconfigure.security.oauth2.client.servlet.OAuth2ClientAutoConfiguration, org.springframework.boot.test.autoconfigure.web.servlet.MockMvcSecurityConfiguration, org.springframework.boot.test.autoconfigure.web.servlet.MockMvcWebClientAutoConfiguration, org.springframework.boot.test.autoconfigure.web.servlet.MockMvcWebDriverAutoConfiguration, org.springframework.boot.autoconfigure.thymeleaf.ThymeleafAutoConfiguration, org.springframework.boot.autoconfigure.gson.GsonAutoConfiguration, org.springframework.boot.autoconfigure.jsonb.JsonbAutoConfiguration, org.springframework.boot.autoconfigure.freemarker.FreeMarkerAutoConfiguration, org.springframework.boot.autoconfigure.web.servlet.WebMvcAutoConfiguration, org.springframework.boot.autoconfigure.security.servlet.UserDetailsServiceAutoConfiguration, org.springframework.boot.autoconfigure.security.oauth2.resource.servlet.OAuth2ResourceServerAutoConfiguration, org.springframework.boot.autoconfigure.groovy.template.GroovyTemplateAutoConfiguration, org.springframework.boot.autoconfigure.mustache.MustacheAutoConfiguration]], org.springframework.boot.test.context.filter.ExcludeFilterContextCustomizer@354fc8f0, org.springframework.boot.test.json.DuplicateJsonObjectContextCustomizerFactory$DuplicateJsonObjectContextCustomizer@5b43fbf6, org.springframework.boot.test.mock.mockito.MockitoContextCustomizer@0, org.springframework.boot.test.web.reactor.netty.DisableReactorResourceFactoryGlobalResourcesContextCustomizerFactory$DisableReactorResourceFactoryGlobalResourcesContextCustomizerCustomizer@3dddefd8, org.springframework.test.context.bean.override.BeanOverrideContextCustomizer@aa59c754, org.springframework.test.context.support.DynamicPropertiesContextCustomizer@0, org.springframework.boot.test.context.SpringBootTestAnnotation@f44ea2f], resourceBasePath = "src/main/webapp", contextLoader = org.springframework.boot.test.context.SpringBootContextLoader, parent = null]
	at org.springframework.test.context.cache.DefaultCacheAwareContextLoaderDelegate.loadContext(DefaultCacheAwareContextLoaderDelegate.java:180)
	at org.springframework.test.context.support.DefaultTestContext.getApplicationContext(DefaultTestContext.java:130)
	at org.springframework.test.context.bean.override.BeanOverrideTestExecutionListener.injectFields(BeanOverrideTestExecutionListener.java:87)
	at org.springframework.test.context.bean.override.BeanOverrideTestExecutionListener.prepareTestInstance(BeanOverrideTestExecutionListener.java:58)
	at org.springframework.test.context.TestContextManager.prepareTestInstance(TestContextManager.java:260)
	at org.springframework.test.context.junit.jupiter.SpringExtension.postProcessTestInstance(SpringExtension.java:160)
	at org.junit.jupiter.engine.descriptor.ClassBasedTestDescriptor.lambda$invokeTestInstancePostProcessors$11(ClassBasedTestDescriptor.java:378)
	at org.junit.jupiter.engine.descriptor.ClassBasedTestDescriptor.executeAndMaskThrowable(ClassBasedTestDescriptor.java:383)
	at org.junit.jupiter.engine.descriptor.ClassBasedTestDescriptor.lambda$invokeTestInstancePostProcessors$12(ClassBasedTestDescriptor.java:378)
	at java.base/java.util.stream.ForEachOps$ForEachOp$OfRef.accept(ForEachOps.java:183)
	at java.base/java.util.stream.ReferencePipeline$3$1.accept(ReferencePipeline.java:197)
	at java.base/java.util.stream.ReferencePipeline$2$1.accept(ReferencePipeline.java:179)
	at java.base/java.util.stream.ReferencePipeline$3$1.accept(ReferencePipeline.java:197)
	at java.base/java.util.ArrayList$ArrayListSpliterator.forEachRemaining(ArrayList.java:1625)
	at java.base/java.util.stream.AbstractPipeline.copyInto(AbstractPipeline.java:509)
	at java.base/java.util.stream.AbstractPipeline.wrapAndCopyInto(AbstractPipeline.java:499)
	at java.base/java.util.stream.ForEachOps$ForEachOp.evaluateSequential(ForEachOps.java:150)
	at java.base/java.util.stream.ForEachOps$ForEachOp$OfRef.evaluateSequential(ForEachOps.java:173)
	at java.base/java.util.stream.AbstractPipeline.evaluate(AbstractPipeline.java:234)
	at java.base/java.util.stream.ReferencePipeline.forEach(ReferencePipeline.java:596)
	at org.junit.jupiter.engine.descriptor.ClassBasedTestDescriptor.invokeTestInstancePostProcessors(ClassBasedTestDescriptor.java:377)
	at org.junit.jupiter.engine.descriptor.ClassBasedTestDescriptor.lambda$instantiateAndPostProcessTestInstance$7(ClassBasedTestDescriptor.java:290)
	at org.junit.platform.engine.support.hierarchical.ThrowableCollector.execute(ThrowableCollector.java:73)
	at org.junit.jupiter.engine.descriptor.ClassBasedTestDescriptor.instantiateAndPostProcessTestInstance(ClassBasedTestDescriptor.java:289)
	at org.junit.jupiter.engine.descriptor.ClassBasedTestDescriptor.lambda$testInstancesProvider$5(ClassBasedTestDescriptor.java:279)
	at java.base/java.util.Optional.orElseGet(Optional.java:364)
	at org.junit.jupiter.engine.descriptor.ClassBasedTestDescriptor.lambda$testInstancesProvider$6(ClassBasedTestDescriptor.java:278)
	at org.junit.jupiter.engine.execution.TestInstancesProvider.getTestInstances(TestInstancesProvider.java:31)
	at org.junit.jupiter.engine.descriptor.TestMethodTestDescriptor.lambda$prepare$1(TestMethodTestDescriptor.java:105)
	at org.junit.platform.engine.support.hierarchical.ThrowableCollector.execute(ThrowableCollector.java:73)
	at org.junit.jupiter.engine.descriptor.TestMethodTestDescriptor.prepare(TestMethodTestDescriptor.java:104)
	at org.junit.jupiter.engine.descriptor.TestMethodTestDescriptor.prepare(TestMethodTestDescriptor.java:68)
	at org.junit.platform.engine.support.hierarchical.NodeTestTask.lambda$prepare$2(NodeTestTask.java:128)
	at org.junit.platform.engine.support.hierarchical.ThrowableCollector.execute(ThrowableCollector.java:73)
	at org.junit.platform.engine.support.hierarchical.NodeTestTask.prepare(NodeTestTask.java:128)
	at org.junit.platform.engine.support.hierarchical.NodeTestTask.execute(NodeTestTask.java:95)
	at java.base/java.util.ArrayList.forEach(ArrayList.java:1511)
	at org.junit.platform.engine.support.hierarchical.SameThreadHierarchicalTestExecutorService.invokeAll(SameThreadHierarchicalTestExecutorService.java:41)
	at org.junit.platform.engine.support.hierarchical.NodeTestTask.lambda$executeRecursively$6(NodeTestTask.java:160)
	at org.junit.platform.engine.support.hierarchical.ThrowableCollector.execute(ThrowableCollector.java:73)
	at org.junit.platform.engine.support.hierarchical.NodeTestTask.lambda$executeRecursively$8(NodeTestTask.java:146)
	at org.junit.platform.engine.support.hierarchical.Node.around(Node.java:137)
	at org.junit.platform.engine.support.hierarchical.NodeTestTask.lambda$executeRecursively$9(NodeTestTask.java:144)
	at org.junit.platform.engine.support.hierarchical.ThrowableCollector.execute(ThrowableCollector.java:73)
	at org.junit.platform.engine.support.hierarchical.NodeTestTask.executeRecursively(NodeTestTask.java:143)
	at org.junit.platform.engine.support.hierarchical.NodeTestTask.execute(NodeTestTask.java:100)
	at java.base/java.util.ArrayList.forEach(ArrayList.java:1511)
	at org.junit.platform.engine.support.hierarchical.SameThreadHierarchicalTestExecutorService.invokeAll(SameThreadHierarchicalTestExecutorService.java:41)
	at org.junit.platform.engine.support.hierarchical.NodeTestTask.lambda$executeRecursively$6(NodeTestTask.java:160)
	at org.junit.platform.engine.support.hierarchical.ThrowableCollector.execute(ThrowableCollector.java:73)
	at org.junit.platform.engine.support.hierarchical.NodeTestTask.lambda$executeRecursively$8(NodeTestTask.java:146)
	at org.junit.platform.engine.support.hierarchical.Node.around(Node.java:137)
	at org.junit.platform.engine.support.hierarchical.NodeTestTask.lambda$executeRecursively$9(NodeTestTask.java:144)
	at org.junit.platform.engine.support.hierarchical.ThrowableCollector.execute(ThrowableCollector.java:73)
	at org.junit.platform.engine.support.hierarchical.NodeTestTask.executeRecursively(NodeTestTask.java:143)
	at org.junit.platform.engine.support.hierarchical.NodeTestTask.execute(NodeTestTask.java:100)
	at org.junit.platform.engine.support.hierarchical.SameThreadHierarchicalTestExecutorService.submit(SameThreadHierarchicalTestExecutorService.java:35)
	at org.junit.platform.engine.support.hierarchical.HierarchicalTestExecutor.execute(HierarchicalTestExecutor.java:57)
	at org.junit.platform.engine.support.hierarchical.HierarchicalTestEngine.execute(HierarchicalTestEngine.java:54)
	at org.junit.platform.launcher.core.EngineExecutionOrchestrator.execute(EngineExecutionOrchestrator.java:198)
	at org.junit.platform.launcher.core.EngineExecutionOrchestrator.execute(EngineExecutionOrchestrator.java:169)
	at org.junit.platform.launcher.core.EngineExecutionOrchestrator.execute(EngineExecutionOrchestrator.java:93)
	at org.junit.platform.launcher.core.EngineExecutionOrchestrator.lambda$execute$0(EngineExecutionOrchestrator.java:58)
	at org.junit.platform.launcher.core.EngineExecutionOrchestrator.withInterceptedStreams(EngineExecutionOrchestrator.java:141)
	at org.junit.platform.launcher.core.EngineExecutionOrchestrator.execute(EngineExecutionOrchestrator.java:57)
	at org.junit.platform.launcher.core.DefaultLauncher.execute(DefaultLauncher.java:103)
	at org.junit.platform.launcher.core.DefaultLauncher.execute(DefaultLauncher.java:85)
	at org.junit.platform.launcher.core.DelegatingLauncher.execute(DelegatingLauncher.java:47)
	at org.gradle.api.internal.tasks.testing.junitplatform.JUnitPlatformTestClassProcessor$CollectAllTestClassesExecutor.processAllTestClasses(JUnitPlatformTestClassProcessor.java:124)
	at org.gradle.api.internal.tasks.testing.junitplatform.JUnitPlatformTestClassProcessor$CollectAllTestClassesExecutor.access$000(JUnitPlatformTestClassProcessor.java:99)
	at org.gradle.api.internal.tasks.testing.junitplatform.JUnitPlatformTestClassProcessor.stop(JUnitPlatformTestClassProcessor.java:94)
	at org.gradle.api.internal.tasks.testing.SuiteTestClassProcessor.stop(SuiteTestClassProcessor.java:63)
	at java.base/jdk.internal.reflect.NativeMethodAccessorImpl.invoke0(Native Method)
	at java.base/jdk.internal.reflect.NativeMethodAccessorImpl.invoke(NativeMethodAccessorImpl.java:77)
	at java.base/jdk.internal.reflect.DelegatingMethodAccessorImpl.invoke(DelegatingMethodAccessorImpl.java:43)
	at java.base/java.lang.reflect.Method.invoke(Method.java:569)
	at org.gradle.internal.dispatch.ReflectionDispatch.dispatch(ReflectionDispatch.java:36)
	at org.gradle.internal.dispatch.ReflectionDispatch.dispatch(ReflectionDispatch.java:24)
	at org.gradle.internal.dispatch.ContextClassLoaderDispatch.dispatch(ContextClassLoaderDispatch.java:33)
	at org.gradle.internal.dispatch.ProxyDispatchAdapter$DispatchingInvocationHandler.invoke(ProxyDispatchAdapter.java:92)
	at jdk.proxy1/jdk.proxy1.$Proxy4.stop(Unknown Source)
	at org.gradle.api.internal.tasks.testing.worker.TestWorker$3.run(TestWorker.java:200)
	at org.gradle.api.internal.tasks.testing.worker.TestWorker.executeAndMaintainThreadName(TestWorker.java:132)
	at org.gradle.api.internal.tasks.testing.worker.TestWorker.execute(TestWorker.java:103)
	at org.gradle.api.internal.tasks.testing.worker.TestWorker.execute(TestWorker.java:63)
	at org.gradle.process.internal.worker.child.ActionExecutionWorker.execute(ActionExecutionWorker.java:56)
	at org.gradle.process.internal.worker.child.SystemApplicationClassLoaderWorker.call(SystemApplicationClassLoaderWorker.java:121)
	at org.gradle.process.internal.worker.child.SystemApplicationClassLoaderWorker.call(SystemApplicationClassLoaderWorker.java:71)
	at worker.org.gradle.process.internal.worker.GradleWorkerMain.run(GradleWorkerMain.java:69)
	at worker.org.gradle.process.internal.worker.GradleWorkerMain.main(GradleWorkerMain.java:74)
Caused by: org.springframework.beans.factory.BeanCreationException: Error creating bean with name 'jpaAuditingHandler': Cannot resolve reference to bean 'jpaMappingContext' while setting constructor argument
	at org.springframework.beans.factory.support.BeanDefinitionValueResolver.resolveReference(BeanDefinitionValueResolver.java:377)
	at org.springframework.beans.factory.support.BeanDefinitionValueResolver.resolveValueIfNecessary(BeanDefinitionValueResolver.java:135)
	at org.springframework.beans.factory.support.ConstructorResolver.resolveConstructorArguments(ConstructorResolver.java:691)
	at org.springframework.beans.factory.support.ConstructorResolver.instantiateUsingFactoryMethod(ConstructorResolver.java:513)
	at org.springframework.beans.factory.support.AbstractAutowireCapableBeanFactory.instantiateUsingFactoryMethod(AbstractAutowireCapableBeanFactory.java:1351)
	at org.springframework.beans.factory.support.AbstractAutowireCapableBeanFactory.createBeanInstance(AbstractAutowireCapableBeanFactory.java:1181)
	at org.springframework.beans.factory.support.AbstractAutowireCapableBeanFactory.doCreateBean(AbstractAutowireCapableBeanFactory.java:563)
	at org.springframework.beans.factory.support.AbstractAutowireCapableBeanFactory.createBean(AbstractAutowireCapableBeanFactory.java:523)
	at org.springframework.beans.factory.support.AbstractBeanFactory.lambda$doGetBean$0(AbstractBeanFactory.java:336)
	at org.springframework.beans.factory.support.DefaultSingletonBeanRegistry.getSingleton(DefaultSingletonBeanRegistry.java:288)
	at org.springframework.beans.factory.support.AbstractBeanFactory.doGetBean(AbstractBeanFactory.java:334)
	at org.springframework.beans.factory.support.AbstractBeanFactory.getBean(AbstractBeanFactory.java:199)
	at org.springframework.beans.factory.support.DefaultListableBeanFactory.instantiateSingleton(DefaultListableBeanFactory.java:1122)
	at org.springframework.beans.factory.support.DefaultListableBeanFactory.preInstantiateSingleton(DefaultListableBeanFactory.java:1093)
	at org.springframework.beans.factory.support.DefaultListableBeanFactory.preInstantiateSingletons(DefaultListableBeanFactory.java:1030)
	at org.springframework.context.support.AbstractApplicationContext.finishBeanFactoryInitialization(AbstractApplicationContext.java:987)
	at org.springframework.context.support.AbstractApplicationContext.refresh(AbstractApplicationContext.java:627)
	at org.springframework.boot.SpringApplication.refresh(SpringApplication.java:752)
	at org.springframework.boot.SpringApplication.refreshContext(SpringApplication.java:439)
	at org.springframework.boot.SpringApplication.run(SpringApplication.java:318)
	at org.springframework.boot.test.context.SpringBootContextLoader.lambda$loadContext$3(SpringBootContextLoader.java:137)
	at org.springframework.util.function.ThrowingSupplier.get(ThrowingSupplier.java:58)
	at org.springframework.util.function.ThrowingSupplier.get(ThrowingSupplier.java:46)
	at org.springframework.boot.SpringApplication.withHook(SpringApplication.java:1461)
	at org.springframework.boot.test.context.SpringBootContextLoader$ContextLoaderHook.run(SpringBootContextLoader.java:553)
	at org.springframework.boot.test.context.SpringBootContextLoader.loadContext(SpringBootContextLoader.java:137)
	at org.springframework.boot.test.context.SpringBootContextLoader.loadContext(SpringBootContextLoader.java:108)
	at org.springframework.test.context.cache.DefaultCacheAwareContextLoaderDelegate.loadContextInternal(DefaultCacheAwareContextLoaderDelegate.java:225)
	at org.springframework.test.context.cache.DefaultCacheAwareContextLoaderDelegate.loadContext(DefaultCacheAwareContextLoaderDelegate.java:152)
	... 89 common frames omitted
Caused by: org.springframework.beans.factory.BeanCreationException: Error creating bean with name 'jpaMappingContext': JPA metamodel must not be empty
	at org.springframework.beans.factory.support.AbstractAutowireCapableBeanFactory.initializeBean(AbstractAutowireCapableBeanFactory.java:1802)
	at org.springframework.beans.factory.support.AbstractAutowireCapableBeanFactory.doCreateBean(AbstractAutowireCapableBeanFactory.java:601)
	at org.springframework.beans.factory.support.AbstractAutowireCapableBeanFactory.createBean(AbstractAutowireCapableBeanFactory.java:523)
	at org.springframework.beans.factory.support.AbstractBeanFactory.lambda$doGetBean$0(AbstractBeanFactory.java:336)
	at org.springframework.beans.factory.support.DefaultSingletonBeanRegistry.getSingleton(DefaultSingletonBeanRegistry.java:288)
	at org.springframework.beans.factory.support.AbstractBeanFactory.doGetBean(AbstractBeanFactory.java:334)
	at org.springframework.beans.factory.support.AbstractBeanFactory.getBean(AbstractBeanFactory.java:199)
	at org.springframework.beans.factory.support.BeanDefinitionValueResolver.resolveReference(BeanDefinitionValueResolver.java:365)
	... 117 common frames omitted
Caused by: java.lang.IllegalArgumentException: JPA metamodel must not be empty
	at org.springframework.util.Assert.notEmpty(Assert.java:398)
	at org.springframework.data.jpa.mapping.JpaMetamodelMappingContext.<init>(JpaMetamodelMappingContext.java:57)
	at org.springframework.data.jpa.repository.config.JpaMetamodelMappingContextFactoryBean.createInstance(JpaMetamodelMappingContextFactoryBean.java:68)
	at org.springframework.data.jpa.repository.config.JpaMetamodelMappingContextFactoryBean.createInstance(JpaMetamodelMappingContextFactoryBean.java:1)
	at org.springframework.beans.factory.config.AbstractFactoryBean.afterPropertiesSet(AbstractFactoryBean.java:142)
	at org.springframework.beans.factory.support.AbstractAutowireCapableBeanFactory.invokeInitMethods(AbstractAutowireCapableBeanFactory.java:1849)
	at org.springframework.beans.factory.support.AbstractAutowireCapableBeanFactory.initializeBean(AbstractAutowireCapableBeanFactory.java:1798)
	... 124 common frames omitted
26-06-07 22:14:02.949 [Test worker] WARN  o.s.test.context.TestContextManager  - Caught exception while allowing TestExecutionListener [org.springframework.test.context.bean.override.BeanOverrideTestExecutionListener] to prepare test instance [com.sprint.mission.discodeit.controller.UserControllerTest@299a43d9]
java.lang.IllegalStateException: ApplicationContext failure threshold (1) exceeded: skipping repeated attempt to load context for [WebMergedContextConfiguration@27e21083 testClass = com.sprint.mission.discodeit.controller.UserControllerTest, locations = [], classes = [com.sprint.mission.discodeit.DiscodeitApplication], contextInitializerClasses = [], activeProfiles = [], propertySourceDescriptors = [], propertySourceProperties = ["org.springframework.boot.test.autoconfigure.web.servlet.WebMvcTestContextBootstrapper=true"], contextCustomizers = [org.springframework.boot.test.autoconfigure.OnFailureConditionReportContextCustomizerFactory$OnFailureConditionReportContextCustomizer@33aeca0b, org.springframework.boot.test.autoconfigure.OverrideAutoConfigurationContextCustomizerFactory$DisableAutoConfigurationContextCustomizer@4ba302e0, org.springframework.boot.test.autoconfigure.actuate.observability.ObservabilityContextCustomizerFactory$DisableObservabilityContextCustomizer@1f, org.springframework.boot.test.autoconfigure.filter.TypeExcludeFiltersContextCustomizer@1daaddfa, org.springframework.boot.test.autoconfigure.properties.PropertyMappingContextCustomizer@1368bf5d, org.springframework.boot.test.autoconfigure.web.servlet.WebDriverContextCustomizer@2313052e, [ImportsContextCustomizer@67a6a2d0 key = [org.springframework.boot.autoconfigure.task.TaskExecutionAutoConfiguration, org.springframework.boot.autoconfigure.cache.CacheAutoConfiguration, org.springframework.boot.autoconfigure.web.servlet.HttpEncodingAutoConfiguration, org.springframework.boot.autoconfigure.validation.ValidationAutoConfiguration, org.springframework.boot.autoconfigure.context.MessageSourceAutoConfiguration, org.springframework.boot.autoconfigure.hateoas.HypermediaAutoConfiguration, org.springframework.boot.autoconfigure.jackson.JacksonAutoConfiguration, org.springframework.boot.autoconfigure.data.web.SpringDataWebAutoConfiguration, org.springframework.boot.test.autoconfigure.web.reactive.WebTestClientAutoConfiguration, org.springframework.boot.autoconfigure.web.servlet.error.ErrorMvcAutoConfiguration, org.springframework.boot.test.autoconfigure.web.servlet.MockMvcAutoConfiguration, com.sprint.mission.discodeit.exception.GlobalExceptionHandler, org.springframework.boot.autoconfigure.security.servlet.SecurityAutoConfiguration, org.springframework.boot.autoconfigure.security.servlet.SecurityFilterAutoConfiguration, org.springframework.boot.autoconfigure.http.HttpMessageConvertersAutoConfiguration, org.springframework.boot.autoconfigure.security.oauth2.client.servlet.OAuth2ClientAutoConfiguration, org.springframework.boot.test.autoconfigure.web.servlet.MockMvcSecurityConfiguration, org.springframework.boot.test.autoconfigure.web.servlet.MockMvcWebClientAutoConfiguration, org.springframework.boot.test.autoconfigure.web.servlet.MockMvcWebDriverAutoConfiguration, org.springframework.boot.autoconfigure.thymeleaf.ThymeleafAutoConfiguration, org.springframework.boot.autoconfigure.gson.GsonAutoConfiguration, org.springframework.boot.autoconfigure.jsonb.JsonbAutoConfiguration, org.springframework.boot.autoconfigure.freemarker.FreeMarkerAutoConfiguration, org.springframework.boot.autoconfigure.web.servlet.WebMvcAutoConfiguration, org.springframework.boot.autoconfigure.security.servlet.UserDetailsServiceAutoConfiguration, org.springframework.boot.autoconfigure.security.oauth2.resource.servlet.OAuth2ResourceServerAutoConfiguration, org.springframework.boot.autoconfigure.groovy.template.GroovyTemplateAutoConfiguration, org.springframework.boot.autoconfigure.mustache.MustacheAutoConfiguration]], org.springframework.boot.test.context.filter.ExcludeFilterContextCustomizer@354fc8f0, org.springframework.boot.test.json.DuplicateJsonObjectContextCustomizerFactory$DuplicateJsonObjectContextCustomizer@5b43fbf6, org.springframework.boot.test.mock.mockito.MockitoContextCustomizer@0, org.springframework.boot.test.web.reactor.netty.DisableReactorResourceFactoryGlobalResourcesContextCustomizerFactory$DisableReactorResourceFactoryGlobalResourcesContextCustomizerCustomizer@3dddefd8, org.springframework.test.context.bean.override.BeanOverrideContextCustomizer@aa59c754, org.springframework.test.context.support.DynamicPropertiesContextCustomizer@0, org.springframework.boot.test.context.SpringBootTestAnnotation@f44ea2f], resourceBasePath = "src/main/webapp", contextLoader = org.springframework.boot.test.context.SpringBootContextLoader, parent = null]
	at org.springframework.test.context.cache.DefaultCacheAwareContextLoaderDelegate.loadContext(DefaultCacheAwareContextLoaderDelegate.java:145)
	at org.springframework.test.context.support.DefaultTestContext.getApplicationContext(DefaultTestContext.java:130)
	at org.springframework.test.context.bean.override.BeanOverrideTestExecutionListener.injectFields(BeanOverrideTestExecutionListener.java:87)
	at org.springframework.test.context.bean.override.BeanOverrideTestExecutionListener.prepareTestInstance(BeanOverrideTestExecutionListener.java:58)
	at org.springframework.test.context.TestContextManager.prepareTestInstance(TestContextManager.java:260)
	at org.springframework.test.context.junit.jupiter.SpringExtension.postProcessTestInstance(SpringExtension.java:160)
	at org.junit.jupiter.engine.descriptor.ClassBasedTestDescriptor.lambda$invokeTestInstancePostProcessors$11(ClassBasedTestDescriptor.java:378)
	at org.junit.jupiter.engine.descriptor.ClassBasedTestDescriptor.executeAndMaskThrowable(ClassBasedTestDescriptor.java:383)
	at org.junit.jupiter.engine.descriptor.ClassBasedTestDescriptor.lambda$invokeTestInstancePostProcessors$12(ClassBasedTestDescriptor.java:378)
	at java.base/java.util.stream.ForEachOps$ForEachOp$OfRef.accept(ForEachOps.java:183)
	at java.base/java.util.stream.ReferencePipeline$3$1.accept(ReferencePipeline.java:197)
	at java.base/java.util.stream.ReferencePipeline$2$1.accept(ReferencePipeline.java:179)
	at java.base/java.util.stream.ReferencePipeline$3$1.accept(ReferencePipeline.java:197)
	at java.base/java.util.ArrayList$ArrayListSpliterator.forEachRemaining(ArrayList.java:1625)
	at java.base/java.util.stream.AbstractPipeline.copyInto(AbstractPipeline.java:509)
	at java.base/java.util.stream.AbstractPipeline.wrapAndCopyInto(AbstractPipeline.java:499)
	at java.base/java.util.stream.ForEachOps$ForEachOp.evaluateSequential(ForEachOps.java:150)
	at java.base/java.util.stream.ForEachOps$ForEachOp$OfRef.evaluateSequential(ForEachOps.java:173)
	at java.base/java.util.stream.AbstractPipeline.evaluate(AbstractPipeline.java:234)
	at java.base/java.util.stream.ReferencePipeline.forEach(ReferencePipeline.java:596)
	at org.junit.jupiter.engine.descriptor.ClassBasedTestDescriptor.invokeTestInstancePostProcessors(ClassBasedTestDescriptor.java:377)
	at org.junit.jupiter.engine.descriptor.ClassBasedTestDescriptor.lambda$instantiateAndPostProcessTestInstance$7(ClassBasedTestDescriptor.java:290)
	at org.junit.platform.engine.support.hierarchical.ThrowableCollector.execute(ThrowableCollector.java:73)
	at org.junit.jupiter.engine.descriptor.ClassBasedTestDescriptor.instantiateAndPostProcessTestInstance(ClassBasedTestDescriptor.java:289)
	at org.junit.jupiter.engine.descriptor.ClassBasedTestDescriptor.lambda$testInstancesProvider$5(ClassBasedTestDescriptor.java:279)
	at java.base/java.util.Optional.orElseGet(Optional.java:364)
	at org.junit.jupiter.engine.descriptor.ClassBasedTestDescriptor.lambda$testInstancesProvider$6(ClassBasedTestDescriptor.java:278)
	at org.junit.jupiter.engine.execution.TestInstancesProvider.getTestInstances(TestInstancesProvider.java:31)
	at org.junit.jupiter.engine.descriptor.TestMethodTestDescriptor.lambda$prepare$1(TestMethodTestDescriptor.java:105)
	at org.junit.platform.engine.support.hierarchical.ThrowableCollector.execute(ThrowableCollector.java:73)
	at org.junit.jupiter.engine.descriptor.TestMethodTestDescriptor.prepare(TestMethodTestDescriptor.java:104)
	at org.junit.jupiter.engine.descriptor.TestMethodTestDescriptor.prepare(TestMethodTestDescriptor.java:68)
	at org.junit.platform.engine.support.hierarchical.NodeTestTask.lambda$prepare$2(NodeTestTask.java:128)
	at org.junit.platform.engine.support.hierarchical.ThrowableCollector.execute(ThrowableCollector.java:73)
	at org.junit.platform.engine.support.hierarchical.NodeTestTask.prepare(NodeTestTask.java:128)
	at org.junit.platform.engine.support.hierarchical.NodeTestTask.execute(NodeTestTask.java:95)
	at java.base/java.util.ArrayList.forEach(ArrayList.java:1511)
	at org.junit.platform.engine.support.hierarchical.SameThreadHierarchicalTestExecutorService.invokeAll(SameThreadHierarchicalTestExecutorService.java:41)
	at org.junit.platform.engine.support.hierarchical.NodeTestTask.lambda$executeRecursively$6(NodeTestTask.java:160)
	at org.junit.platform.engine.support.hierarchical.ThrowableCollector.execute(ThrowableCollector.java:73)
	at org.junit.platform.engine.support.hierarchical.NodeTestTask.lambda$executeRecursively$8(NodeTestTask.java:146)
	at org.junit.platform.engine.support.hierarchical.Node.around(Node.java:137)
	at org.junit.platform.engine.support.hierarchical.NodeTestTask.lambda$executeRecursively$9(NodeTestTask.java:144)
	at org.junit.platform.engine.support.hierarchical.ThrowableCollector.execute(ThrowableCollector.java:73)
	at org.junit.platform.engine.support.hierarchical.NodeTestTask.executeRecursively(NodeTestTask.java:143)
	at org.junit.platform.engine.support.hierarchical.NodeTestTask.execute(NodeTestTask.java:100)
	at java.base/java.util.ArrayList.forEach(ArrayList.java:1511)
	at org.junit.platform.engine.support.hierarchical.SameThreadHierarchicalTestExecutorService.invokeAll(SameThreadHierarchicalTestExecutorService.java:41)
	at org.junit.platform.engine.support.hierarchical.NodeTestTask.lambda$executeRecursively$6(NodeTestTask.java:160)
	at org.junit.platform.engine.support.hierarchical.ThrowableCollector.execute(ThrowableCollector.java:73)
	at org.junit.platform.engine.support.hierarchical.NodeTestTask.lambda$executeRecursively$8(NodeTestTask.java:146)
	at org.junit.platform.engine.support.hierarchical.Node.around(Node.java:137)
	at org.junit.platform.engine.support.hierarchical.NodeTestTask.lambda$executeRecursively$9(NodeTestTask.java:144)
	at org.junit.platform.engine.support.hierarchical.ThrowableCollector.execute(ThrowableCollector.java:73)
	at org.junit.platform.engine.support.hierarchical.NodeTestTask.executeRecursively(NodeTestTask.java:143)
	at org.junit.platform.engine.support.hierarchical.NodeTestTask.execute(NodeTestTask.java:100)
	at org.junit.platform.engine.support.hierarchical.SameThreadHierarchicalTestExecutorService.submit(SameThreadHierarchicalTestExecutorService.java:35)
	at org.junit.platform.engine.support.hierarchical.HierarchicalTestExecutor.execute(HierarchicalTestExecutor.java:57)
	at org.junit.platform.engine.support.hierarchical.HierarchicalTestEngine.execute(HierarchicalTestEngine.java:54)
	at org.junit.platform.launcher.core.EngineExecutionOrchestrator.execute(EngineExecutionOrchestrator.java:198)
	at org.junit.platform.launcher.core.EngineExecutionOrchestrator.execute(EngineExecutionOrchestrator.java:169)
	at org.junit.platform.launcher.core.EngineExecutionOrchestrator.execute(EngineExecutionOrchestrator.java:93)
	at org.junit.platform.launcher.core.EngineExecutionOrchestrator.lambda$execute$0(EngineExecutionOrchestrator.java:58)
	at org.junit.platform.launcher.core.EngineExecutionOrchestrator.withInterceptedStreams(EngineExecutionOrchestrator.java:141)
	at org.junit.platform.launcher.core.EngineExecutionOrchestrator.execute(EngineExecutionOrchestrator.java:57)
	at org.junit.platform.launcher.core.DefaultLauncher.execute(DefaultLauncher.java:103)
	at org.junit.platform.launcher.core.DefaultLauncher.execute(DefaultLauncher.java:85)
	at org.junit.platform.launcher.core.DelegatingLauncher.execute(DelegatingLauncher.java:47)
	at org.gradle.api.internal.tasks.testing.junitplatform.JUnitPlatformTestClassProcessor$CollectAllTestClassesExecutor.processAllTestClasses(JUnitPlatformTestClassProcessor.java:124)
	at org.gradle.api.internal.tasks.testing.junitplatform.JUnitPlatformTestClassProcessor$CollectAllTestClassesExecutor.access$000(JUnitPlatformTestClassProcessor.java:99)
	at org.gradle.api.internal.tasks.testing.junitplatform.JUnitPlatformTestClassProcessor.stop(JUnitPlatformTestClassProcessor.java:94)
	at org.gradle.api.internal.tasks.testing.SuiteTestClassProcessor.stop(SuiteTestClassProcessor.java:63)
	at java.base/jdk.internal.reflect.NativeMethodAccessorImpl.invoke0(Native Method)
	at java.base/jdk.internal.reflect.NativeMethodAccessorImpl.invoke(NativeMethodAccessorImpl.java:77)
	at java.base/jdk.internal.reflect.DelegatingMethodAccessorImpl.invoke(DelegatingMethodAccessorImpl.java:43)
	at java.base/java.lang.reflect.Method.invoke(Method.java:569)
	at org.gradle.internal.dispatch.ReflectionDispatch.dispatch(ReflectionDispatch.java:36)
	at org.gradle.internal.dispatch.ReflectionDispatch.dispatch(ReflectionDispatch.java:24)
	at org.gradle.internal.dispatch.ContextClassLoaderDispatch.dispatch(ContextClassLoaderDispatch.java:33)
	at org.gradle.internal.dispatch.ProxyDispatchAdapter$DispatchingInvocationHandler.invoke(ProxyDispatchAdapter.java:92)
	at jdk.proxy1/jdk.proxy1.$Proxy4.stop(Unknown Source)
	at org.gradle.api.internal.tasks.testing.worker.TestWorker$3.run(TestWorker.java:200)
	at org.gradle.api.internal.tasks.testing.worker.TestWorker.executeAndMaintainThreadName(TestWorker.java:132)
	at org.gradle.api.internal.tasks.testing.worker.TestWorker.execute(TestWorker.java:103)
	at org.gradle.api.internal.tasks.testing.worker.TestWorker.execute(TestWorker.java:63)
	at org.gradle.process.internal.worker.child.ActionExecutionWorker.execute(ActionExecutionWorker.java:56)
	at org.gradle.process.internal.worker.child.SystemApplicationClassLoaderWorker.call(SystemApplicationClassLoaderWorker.java:121)
	at org.gradle.process.internal.worker.child.SystemApplicationClassLoaderWorker.call(SystemApplicationClassLoaderWorker.java:71)
	at worker.org.gradle.process.internal.worker.GradleWorkerMain.run(GradleWorkerMain.java:69)
	at worker.org.gradle.process.internal.worker.GradleWorkerMain.main(GradleWorkerMain.java:74)
26-06-07 22:14:02.951 [Test worker] WARN  o.s.test.context.TestContextManager  - Caught exception while allowing TestExecutionListener [org.springframework.test.context.bean.override.BeanOverrideTestExecutionListener] to prepare test instance [com.sprint.mission.discodeit.controller.UserControllerTest@5fa5c8cf]
java.lang.IllegalStateException: ApplicationContext failure threshold (1) exceeded: skipping repeated attempt to load context for [WebMergedContextConfiguration@27e21083 testClass = com.sprint.mission.discodeit.controller.UserControllerTest, locations = [], classes = [com.sprint.mission.discodeit.DiscodeitApplication], contextInitializerClasses = [], activeProfiles = [], propertySourceDescriptors = [], propertySourceProperties = ["org.springframework.boot.test.autoconfigure.web.servlet.WebMvcTestContextBootstrapper=true"], contextCustomizers = [org.springframework.boot.test.autoconfigure.OnFailureConditionReportContextCustomizerFactory$OnFailureConditionReportContextCustomizer@33aeca0b, org.springframework.boot.test.autoconfigure.OverrideAutoConfigurationContextCustomizerFactory$DisableAutoConfigurationContextCustomizer@4ba302e0, org.springframework.boot.test.autoconfigure.actuate.observability.ObservabilityContextCustomizerFactory$DisableObservabilityContextCustomizer@1f, org.springframework.boot.test.autoconfigure.filter.TypeExcludeFiltersContextCustomizer@1daaddfa, org.springframework.boot.test.autoconfigure.properties.PropertyMappingContextCustomizer@1368bf5d, org.springframework.boot.test.autoconfigure.web.servlet.WebDriverContextCustomizer@2313052e, [ImportsContextCustomizer@67a6a2d0 key = [org.springframework.boot.autoconfigure.task.TaskExecutionAutoConfiguration, org.springframework.boot.autoconfigure.cache.CacheAutoConfiguration, org.springframework.boot.autoconfigure.web.servlet.HttpEncodingAutoConfiguration, org.springframework.boot.autoconfigure.validation.ValidationAutoConfiguration, org.springframework.boot.autoconfigure.context.MessageSourceAutoConfiguration, org.springframework.boot.autoconfigure.hateoas.HypermediaAutoConfiguration, org.springframework.boot.autoconfigure.jackson.JacksonAutoConfiguration, org.springframework.boot.autoconfigure.data.web.SpringDataWebAutoConfiguration, org.springframework.boot.test.autoconfigure.web.reactive.WebTestClientAutoConfiguration, org.springframework.boot.autoconfigure.web.servlet.error.ErrorMvcAutoConfiguration, org.springframework.boot.test.autoconfigure.web.servlet.MockMvcAutoConfiguration, com.sprint.mission.discodeit.exception.GlobalExceptionHandler, org.springframework.boot.autoconfigure.security.servlet.SecurityAutoConfiguration, org.springframework.boot.autoconfigure.security.servlet.SecurityFilterAutoConfiguration, org.springframework.boot.autoconfigure.http.HttpMessageConvertersAutoConfiguration, org.springframework.boot.autoconfigure.security.oauth2.client.servlet.OAuth2ClientAutoConfiguration, org.springframework.boot.test.autoconfigure.web.servlet.MockMvcSecurityConfiguration, org.springframework.boot.test.autoconfigure.web.servlet.MockMvcWebClientAutoConfiguration, org.springframework.boot.test.autoconfigure.web.servlet.MockMvcWebDriverAutoConfiguration, org.springframework.boot.autoconfigure.thymeleaf.ThymeleafAutoConfiguration, org.springframework.boot.autoconfigure.gson.GsonAutoConfiguration, org.springframework.boot.autoconfigure.jsonb.JsonbAutoConfiguration, org.springframework.boot.autoconfigure.freemarker.FreeMarkerAutoConfiguration, org.springframework.boot.autoconfigure.web.servlet.WebMvcAutoConfiguration, org.springframework.boot.autoconfigure.security.servlet.UserDetailsServiceAutoConfiguration, org.springframework.boot.autoconfigure.security.oauth2.resource.servlet.OAuth2ResourceServerAutoConfiguration, org.springframework.boot.autoconfigure.groovy.template.GroovyTemplateAutoConfiguration, org.springframework.boot.autoconfigure.mustache.MustacheAutoConfiguration]], org.springframework.boot.test.context.filter.ExcludeFilterContextCustomizer@354fc8f0, org.springframework.boot.test.json.DuplicateJsonObjectContextCustomizerFactory$DuplicateJsonObjectContextCustomizer@5b43fbf6, org.springframework.boot.test.mock.mockito.MockitoContextCustomizer@0, org.springframework.boot.test.web.reactor.netty.DisableReactorResourceFactoryGlobalResourcesContextCustomizerFactory$DisableReactorResourceFactoryGlobalResourcesContextCustomizerCustomizer@3dddefd8, org.springframework.test.context.bean.override.BeanOverrideContextCustomizer@aa59c754, org.springframework.test.context.support.DynamicPropertiesContextCustomizer@0, org.springframework.boot.test.context.SpringBootTestAnnotation@f44ea2f], resourceBasePath = "src/main/webapp", contextLoader = org.springframework.boot.test.context.SpringBootContextLoader, parent = null]
	at org.springframework.test.context.cache.DefaultCacheAwareContextLoaderDelegate.loadContext(DefaultCacheAwareContextLoaderDelegate.java:145)
	at org.springframework.test.context.support.DefaultTestContext.getApplicationContext(DefaultTestContext.java:130)
	at org.springframework.test.context.bean.override.BeanOverrideTestExecutionListener.injectFields(BeanOverrideTestExecutionListener.java:87)
	at org.springframework.test.context.bean.override.BeanOverrideTestExecutionListener.prepareTestInstance(BeanOverrideTestExecutionListener.java:58)
	at org.springframework.test.context.TestContextManager.prepareTestInstance(TestContextManager.java:260)
	at org.springframework.test.context.junit.jupiter.SpringExtension.postProcessTestInstance(SpringExtension.java:160)
	at org.junit.jupiter.engine.descriptor.ClassBasedTestDescriptor.lambda$invokeTestInstancePostProcessors$11(ClassBasedTestDescriptor.java:378)
	at org.junit.jupiter.engine.descriptor.ClassBasedTestDescriptor.executeAndMaskThrowable(ClassBasedTestDescriptor.java:383)
	at org.junit.jupiter.engine.descriptor.ClassBasedTestDescriptor.lambda$invokeTestInstancePostProcessors$12(ClassBasedTestDescriptor.java:378)
	at java.base/java.util.stream.ForEachOps$ForEachOp$OfRef.accept(ForEachOps.java:183)
	at java.base/java.util.stream.ReferencePipeline$3$1.accept(ReferencePipeline.java:197)
	at java.base/java.util.stream.ReferencePipeline$2$1.accept(ReferencePipeline.java:179)
	at java.base/java.util.stream.ReferencePipeline$3$1.accept(ReferencePipeline.java:197)
	at java.base/java.util.ArrayList$ArrayListSpliterator.forEachRemaining(ArrayList.java:1625)
	at java.base/java.util.stream.AbstractPipeline.copyInto(AbstractPipeline.java:509)
	at java.base/java.util.stream.AbstractPipeline.wrapAndCopyInto(AbstractPipeline.java:499)
	at java.base/java.util.stream.ForEachOps$ForEachOp.evaluateSequential(ForEachOps.java:150)
	at java.base/java.util.stream.ForEachOps$ForEachOp$OfRef.evaluateSequential(ForEachOps.java:173)
	at java.base/java.util.stream.AbstractPipeline.evaluate(AbstractPipeline.java:234)
	at java.base/java.util.stream.ReferencePipeline.forEach(ReferencePipeline.java:596)
	at org.junit.jupiter.engine.descriptor.ClassBasedTestDescriptor.invokeTestInstancePostProcessors(ClassBasedTestDescriptor.java:377)
	at org.junit.jupiter.engine.descriptor.ClassBasedTestDescriptor.lambda$instantiateAndPostProcessTestInstance$7(ClassBasedTestDescriptor.java:290)
	at org.junit.platform.engine.support.hierarchical.ThrowableCollector.execute(ThrowableCollector.java:73)
	at org.junit.jupiter.engine.descriptor.ClassBasedTestDescriptor.instantiateAndPostProcessTestInstance(ClassBasedTestDescriptor.java:289)
	at org.junit.jupiter.engine.descriptor.ClassBasedTestDescriptor.lambda$testInstancesProvider$5(ClassBasedTestDescriptor.java:279)
	at java.base/java.util.Optional.orElseGet(Optional.java:364)
	at org.junit.jupiter.engine.descriptor.ClassBasedTestDescriptor.lambda$testInstancesProvider$6(ClassBasedTestDescriptor.java:278)
	at org.junit.jupiter.engine.execution.TestInstancesProvider.getTestInstances(TestInstancesProvider.java:31)
	at org.junit.jupiter.engine.descriptor.TestMethodTestDescriptor.lambda$prepare$1(TestMethodTestDescriptor.java:105)
	at org.junit.platform.engine.support.hierarchical.ThrowableCollector.execute(ThrowableCollector.java:73)
	at org.junit.jupiter.engine.descriptor.TestMethodTestDescriptor.prepare(TestMethodTestDescriptor.java:104)
	at org.junit.jupiter.engine.descriptor.TestMethodTestDescriptor.prepare(TestMethodTestDescriptor.java:68)
	at org.junit.platform.engine.support.hierarchical.NodeTestTask.lambda$prepare$2(NodeTestTask.java:128)
	at org.junit.platform.engine.support.hierarchical.ThrowableCollector.execute(ThrowableCollector.java:73)
	at org.junit.platform.engine.support.hierarchical.NodeTestTask.prepare(NodeTestTask.java:128)
	at org.junit.platform.engine.support.hierarchical.NodeTestTask.execute(NodeTestTask.java:95)
	at java.base/java.util.ArrayList.forEach(ArrayList.java:1511)
	at org.junit.platform.engine.support.hierarchical.SameThreadHierarchicalTestExecutorService.invokeAll(SameThreadHierarchicalTestExecutorService.java:41)
	at org.junit.platform.engine.support.hierarchical.NodeTestTask.lambda$executeRecursively$6(NodeTestTask.java:160)
	at org.junit.platform.engine.support.hierarchical.ThrowableCollector.execute(ThrowableCollector.java:73)
	at org.junit.platform.engine.support.hierarchical.NodeTestTask.lambda$executeRecursively$8(NodeTestTask.java:146)
	at org.junit.platform.engine.support.hierarchical.Node.around(Node.java:137)
	at org.junit.platform.engine.support.hierarchical.NodeTestTask.lambda$executeRecursively$9(NodeTestTask.java:144)
	at org.junit.platform.engine.support.hierarchical.ThrowableCollector.execute(ThrowableCollector.java:73)
	at org.junit.platform.engine.support.hierarchical.NodeTestTask.executeRecursively(NodeTestTask.java:143)
	at org.junit.platform.engine.support.hierarchical.NodeTestTask.execute(NodeTestTask.java:100)
	at java.base/java.util.ArrayList.forEach(ArrayList.java:1511)
	at org.junit.platform.engine.support.hierarchical.SameThreadHierarchicalTestExecutorService.invokeAll(SameThreadHierarchicalTestExecutorService.java:41)
	at org.junit.platform.engine.support.hierarchical.NodeTestTask.lambda$executeRecursively$6(NodeTestTask.java:160)
	at org.junit.platform.engine.support.hierarchical.ThrowableCollector.execute(ThrowableCollector.java:73)
	at org.junit.platform.engine.support.hierarchical.NodeTestTask.lambda$executeRecursively$8(NodeTestTask.java:146)
	at org.junit.platform.engine.support.hierarchical.Node.around(Node.java:137)
	at org.junit.platform.engine.support.hierarchical.NodeTestTask.lambda$executeRecursively$9(NodeTestTask.java:144)
	at org.junit.platform.engine.support.hierarchical.ThrowableCollector.execute(ThrowableCollector.java:73)
	at org.junit.platform.engine.support.hierarchical.NodeTestTask.executeRecursively(NodeTestTask.java:143)
	at org.junit.platform.engine.support.hierarchical.NodeTestTask.execute(NodeTestTask.java:100)
	at org.junit.platform.engine.support.hierarchical.SameThreadHierarchicalTestExecutorService.submit(SameThreadHierarchicalTestExecutorService.java:35)
	at org.junit.platform.engine.support.hierarchical.HierarchicalTestExecutor.execute(HierarchicalTestExecutor.java:57)
	at org.junit.platform.engine.support.hierarchical.HierarchicalTestEngine.execute(HierarchicalTestEngine.java:54)
	at org.junit.platform.launcher.core.EngineExecutionOrchestrator.execute(EngineExecutionOrchestrator.java:198)
	at org.junit.platform.launcher.core.EngineExecutionOrchestrator.execute(EngineExecutionOrchestrator.java:169)
	at org.junit.platform.launcher.core.EngineExecutionOrchestrator.execute(EngineExecutionOrchestrator.java:93)
	at org.junit.platform.launcher.core.EngineExecutionOrchestrator.lambda$execute$0(EngineExecutionOrchestrator.java:58)
	at org.junit.platform.launcher.core.EngineExecutionOrchestrator.withInterceptedStreams(EngineExecutionOrchestrator.java:141)
	at org.junit.platform.launcher.core.EngineExecutionOrchestrator.execute(EngineExecutionOrchestrator.java:57)
	at org.junit.platform.launcher.core.DefaultLauncher.execute(DefaultLauncher.java:103)
	at org.junit.platform.launcher.core.DefaultLauncher.execute(DefaultLauncher.java:85)
	at org.junit.platform.launcher.core.DelegatingLauncher.execute(DelegatingLauncher.java:47)
	at org.gradle.api.internal.tasks.testing.junitplatform.JUnitPlatformTestClassProcessor$CollectAllTestClassesExecutor.processAllTestClasses(JUnitPlatformTestClassProcessor.java:124)
	at org.gradle.api.internal.tasks.testing.junitplatform.JUnitPlatformTestClassProcessor$CollectAllTestClassesExecutor.access$000(JUnitPlatformTestClassProcessor.java:99)
	at org.gradle.api.internal.tasks.testing.junitplatform.JUnitPlatformTestClassProcessor.stop(JUnitPlatformTestClassProcessor.java:94)
	at org.gradle.api.internal.tasks.testing.SuiteTestClassProcessor.stop(SuiteTestClassProcessor.java:63)
	at java.base/jdk.internal.reflect.NativeMethodAccessorImpl.invoke0(Native Method)
	at java.base/jdk.internal.reflect.NativeMethodAccessorImpl.invoke(NativeMethodAccessorImpl.java:77)
	at java.base/jdk.internal.reflect.DelegatingMethodAccessorImpl.invoke(DelegatingMethodAccessorImpl.java:43)
	at java.base/java.lang.reflect.Method.invoke(Method.java:569)
	at org.gradle.internal.dispatch.ReflectionDispatch.dispatch(ReflectionDispatch.java:36)
	at org.gradle.internal.dispatch.ReflectionDispatch.dispatch(ReflectionDispatch.java:24)
	at org.gradle.internal.dispatch.ContextClassLoaderDispatch.dispatch(ContextClassLoaderDispatch.java:33)
	at org.gradle.internal.dispatch.ProxyDispatchAdapter$DispatchingInvocationHandler.invoke(ProxyDispatchAdapter.java:92)
	at jdk.proxy1/jdk.proxy1.$Proxy4.stop(Unknown Source)
	at org.gradle.api.internal.tasks.testing.worker.TestWorker$3.run(TestWorker.java:200)
	at org.gradle.api.internal.tasks.testing.worker.TestWorker.executeAndMaintainThreadName(TestWorker.java:132)
	at org.gradle.api.internal.tasks.testing.worker.TestWorker.execute(TestWorker.java:103)
	at org.gradle.api.internal.tasks.testing.worker.TestWorker.execute(TestWorker.java:63)
	at org.gradle.process.internal.worker.child.ActionExecutionWorker.execute(ActionExecutionWorker.java:56)
	at org.gradle.process.internal.worker.child.SystemApplicationClassLoaderWorker.call(SystemApplicationClassLoaderWorker.java:121)
	at org.gradle.process.internal.worker.child.SystemApplicationClassLoaderWorker.call(SystemApplicationClassLoaderWorker.java:71)
	at worker.org.gradle.process.internal.worker.GradleWorkerMain.run(GradleWorkerMain.java:69)
	at worker.org.gradle.process.internal.worker.GradleWorkerMain.main(GradleWorkerMain.java:74)
26-06-07 22:14:02.962 [Test worker] INFO  s.AnnotationConfigContextLoaderUtils - Could not detect default configuration classes for test class [com.sprint.mission.discodeit.repository.MessageRepositoryTest]: MessageRepositoryTest does not declare any static, non-private, non-final, nested classes annotated with @Configuration.
26-06-07 22:14:02.972 [Test worker] INFO  .c.SpringBootTestContextBootstrapper - Found @SpringBootConfiguration com.sprint.mission.discodeit.DiscodeitApplication for test class com.sprint.mission.discodeit.repository.MessageRepositoryTest
26-06-07 22:14:02.999 [Test worker] INFO  c.s.m.d.r.MessageRepositoryTest      - Starting MessageRepositoryTest using Java 17.0.18 with PID 58589 (started by yuj in /Users/yuj/java/sprint_mission)
26-06-07 22:14:02.999 [Test worker] DEBUG c.s.m.d.r.MessageRepositoryTest      - Running with Spring Boot v3.4.0, Spring v6.2.0
26-06-07 22:14:02.999 [Test worker] INFO  c.s.m.d.r.MessageRepositoryTest      - The following 1 profile is active: "test"
26-06-07 22:14:03.059 [Test worker] WARN  a.AnnotationConfigApplicationContext - Exception encountered during context initialization - cancelling refresh attempt: org.springframework.beans.factory.support.BeanDefinitionOverrideException: Invalid bean definition with name 'jpaAuditingHandler' defined in null: Cannot register bean definition [Root bean: class=org.springframework.data.auditing.AuditingHandler; scope=; abstract=false; lazyInit=null; autowireMode=2; dependencyCheck=0; autowireCandidate=true; primary=false; fallback=false; factoryBeanName=null; factoryMethodName=from; initMethodNames=null; destroyMethodNames=null] for bean 'jpaAuditingHandler' since there is already [Root bean: class=org.springframework.data.auditing.AuditingHandler; scope=; abstract=false; lazyInit=null; autowireMode=2; dependencyCheck=0; autowireCandidate=true; primary=false; fallback=false; factoryBeanName=null; factoryMethodName=from; initMethodNames=null; destroyMethodNames=null] bound.
26-06-07 22:14:03.061 [Test worker] INFO  .a.l.ConditionEvaluationReportLogger - 

Error starting ApplicationContext. To display the condition evaluation report re-run your application with 'debug' enabled.
26-06-07 22:14:03.062 [Test worker] ERROR s.b.d.LoggingFailureAnalysisReporter - 

***************************
APPLICATION FAILED TO START
***************************

Description:

The bean 'jpaAuditingHandler' could not be registered. A bean with that name has already been defined and overriding is disabled.

Action:

Consider renaming one of the beans or enabling overriding by setting spring.main.allow-bean-definition-overriding=true

26-06-07 22:14:03.064 [Test worker] WARN  o.s.test.context.TestContextManager  - Caught exception while allowing TestExecutionListener [org.springframework.test.context.support.DependencyInjectionTestExecutionListener] to prepare test instance [com.sprint.mission.discodeit.repository.MessageRepositoryTest@69f3e556]
java.lang.IllegalStateException: Failed to load ApplicationContext for [MergedContextConfiguration@795faad testClass = com.sprint.mission.discodeit.repository.MessageRepositoryTest, locations = [], classes = [com.sprint.mission.discodeit.DiscodeitApplication], contextInitializerClasses = [], activeProfiles = ["test"], propertySourceDescriptors = [], propertySourceProperties = ["org.springframework.boot.test.autoconfigure.orm.jpa.DataJpaTestContextBootstrapper=true"], contextCustomizers = [org.springframework.boot.test.autoconfigure.OnFailureConditionReportContextCustomizerFactory$OnFailureConditionReportContextCustomizer@33aeca0b, org.springframework.boot.test.autoconfigure.OverrideAutoConfigurationContextCustomizerFactory$DisableAutoConfigurationContextCustomizer@4ba302e0, org.springframework.boot.test.autoconfigure.actuate.observability.ObservabilityContextCustomizerFactory$DisableObservabilityContextCustomizer@1f, org.springframework.boot.test.autoconfigure.filter.TypeExcludeFiltersContextCustomizer@34be3d80, org.springframework.boot.test.autoconfigure.properties.PropertyMappingContextCustomizer@78d2368, org.springframework.boot.test.autoconfigure.web.servlet.WebDriverContextCustomizer@2313052e, [ImportsContextCustomizer@17ae13d5 key = [@org.springframework.boot.test.autoconfigure.orm.jpa.AutoConfigureDataJpa(), @org.springframework.boot.test.autoconfigure.orm.jpa.AutoConfigureTestEntityManager(), @org.springframework.boot.test.autoconfigure.jdbc.AutoConfigureTestDatabase(connection=NONE, replace=NON_TEST), @org.springframework.boot.test.autoconfigure.filter.TypeExcludeFilters(value={org.springframework.boot.test.autoconfigure.orm.jpa.DataJpaTypeExcludeFilter.class}), @org.springframework.boot.test.autoconfigure.core.AutoConfigureCache(cacheProvider=NONE), @org.springframework.transaction.annotation.Transactional(isolation=DEFAULT, label={}, noRollbackFor={}, noRollbackForClassName={}, propagation=REQUIRED, readOnly=false, rollbackFor={}, rollbackForClassName={}, timeout=-1, timeoutString="", transactionManager="", value=""), @org.springframework.context.annotation.Import(value={org.springframework.data.jpa.repository.config.JpaAuditingRegistrar.class}), @org.springframework.aot.hint.annotation.Reflective(processors={org.springframework.aot.hint.annotation.SimpleReflectiveProcessor.class}, value={org.springframework.aot.hint.annotation.SimpleReflectiveProcessor.class}), @org.springframework.context.annotation.Import(value={org.springframework.boot.autoconfigure.ImportAutoConfigurationImportSelector.class}), @org.springframework.data.jpa.repository.config.EnableJpaAuditing(auditorAwareRef="", setDates=true, modifyOnCreate=true, dateTimeProviderRef=""), @org.springframework.boot.test.autoconfigure.properties.PropertyMapping(skip=NO, value="spring.test.database"), @org.springframework.test.context.BootstrapWith(value=org.springframework.boot.test.autoconfigure.orm.jpa.DataJpaTestContextBootstrapper.class), @org.springframework.boot.autoconfigure.ImportAutoConfiguration(classes={}, exclude={}, value={}), @org.springframework.boot.test.autoconfigure.orm.jpa.DataJpaTest(bootstrapMode=DEFAULT, excludeAutoConfiguration={}, excludeFilters={}, includeFilters={}, properties={}, showSql=true, useDefaultFilters=true), @org.springframework.test.context.ActiveProfiles(inheritProfiles=true, profiles={"test"}, resolver=org.springframework.test.context.ActiveProfilesResolver.class, value={"test"}), @org.springframework.boot.test.autoconfigure.OverrideAutoConfiguration(enabled=false)]], org.springframework.boot.test.context.filter.ExcludeFilterContextCustomizer@354fc8f0, org.springframework.boot.test.json.DuplicateJsonObjectContextCustomizerFactory$DuplicateJsonObjectContextCustomizer@5b43fbf6, org.springframework.boot.test.mock.mockito.MockitoContextCustomizer@0, org.springframework.boot.test.web.reactor.netty.DisableReactorResourceFactoryGlobalResourcesContextCustomizerFactory$DisableReactorResourceFactoryGlobalResourcesContextCustomizerCustomizer@3dddefd8, org.springframework.test.context.support.DynamicPropertiesContextCustomizer@0, org.springframework.boot.test.context.SpringBootTestAnnotation@f44ea2f], contextLoader = org.springframework.boot.test.context.SpringBootContextLoader, parent = null]
	at org.springframework.test.context.cache.DefaultCacheAwareContextLoaderDelegate.loadContext(DefaultCacheAwareContextLoaderDelegate.java:180)
	at org.springframework.test.context.support.DefaultTestContext.getApplicationContext(DefaultTestContext.java:130)
	at org.springframework.test.context.support.DependencyInjectionTestExecutionListener.injectDependencies(DependencyInjectionTestExecutionListener.java:142)
	at org.springframework.test.context.support.DependencyInjectionTestExecutionListener.prepareTestInstance(DependencyInjectionTestExecutionListener.java:98)
	at org.springframework.test.context.TestContextManager.prepareTestInstance(TestContextManager.java:260)
	at org.springframework.test.context.junit.jupiter.SpringExtension.postProcessTestInstance(SpringExtension.java:160)
	at org.junit.jupiter.engine.descriptor.ClassBasedTestDescriptor.lambda$invokeTestInstancePostProcessors$11(ClassBasedTestDescriptor.java:378)
	at org.junit.jupiter.engine.descriptor.ClassBasedTestDescriptor.executeAndMaskThrowable(ClassBasedTestDescriptor.java:383)
	at org.junit.jupiter.engine.descriptor.ClassBasedTestDescriptor.lambda$invokeTestInstancePostProcessors$12(ClassBasedTestDescriptor.java:378)
	at java.base/java.util.stream.ForEachOps$ForEachOp$OfRef.accept(ForEachOps.java:183)
	at java.base/java.util.stream.ReferencePipeline$3$1.accept(ReferencePipeline.java:197)
	at java.base/java.util.stream.ReferencePipeline$2$1.accept(ReferencePipeline.java:179)
	at java.base/java.util.stream.ReferencePipeline$3$1.accept(ReferencePipeline.java:197)
	at java.base/java.util.ArrayList$ArrayListSpliterator.forEachRemaining(ArrayList.java:1625)
	at java.base/java.util.stream.AbstractPipeline.copyInto(AbstractPipeline.java:509)
	at java.base/java.util.stream.AbstractPipeline.wrapAndCopyInto(AbstractPipeline.java:499)
	at java.base/java.util.stream.ForEachOps$ForEachOp.evaluateSequential(ForEachOps.java:150)
	at java.base/java.util.stream.ForEachOps$ForEachOp$OfRef.evaluateSequential(ForEachOps.java:173)
	at java.base/java.util.stream.AbstractPipeline.evaluate(AbstractPipeline.java:234)
	at java.base/java.util.stream.ReferencePipeline.forEach(ReferencePipeline.java:596)
	at org.junit.jupiter.engine.descriptor.ClassBasedTestDescriptor.invokeTestInstancePostProcessors(ClassBasedTestDescriptor.java:377)
	at org.junit.jupiter.engine.descriptor.ClassBasedTestDescriptor.lambda$instantiateAndPostProcessTestInstance$7(ClassBasedTestDescriptor.java:290)
	at org.junit.platform.engine.support.hierarchical.ThrowableCollector.execute(ThrowableCollector.java:73)
	at org.junit.jupiter.engine.descriptor.ClassBasedTestDescriptor.instantiateAndPostProcessTestInstance(ClassBasedTestDescriptor.java:289)
	at org.junit.jupiter.engine.descriptor.ClassBasedTestDescriptor.lambda$testInstancesProvider$5(ClassBasedTestDescriptor.java:279)
	at java.base/java.util.Optional.orElseGet(Optional.java:364)
	at org.junit.jupiter.engine.descriptor.ClassBasedTestDescriptor.lambda$testInstancesProvider$6(ClassBasedTestDescriptor.java:278)
	at org.junit.jupiter.engine.execution.TestInstancesProvider.getTestInstances(TestInstancesProvider.java:31)
	at org.junit.jupiter.engine.descriptor.TestMethodTestDescriptor.lambda$prepare$1(TestMethodTestDescriptor.java:105)
	at org.junit.platform.engine.support.hierarchical.ThrowableCollector.execute(ThrowableCollector.java:73)
	at org.junit.jupiter.engine.descriptor.TestMethodTestDescriptor.prepare(TestMethodTestDescriptor.java:104)
	at org.junit.jupiter.engine.descriptor.TestMethodTestDescriptor.prepare(TestMethodTestDescriptor.java:68)
	at org.junit.platform.engine.support.hierarchical.NodeTestTask.lambda$prepare$2(NodeTestTask.java:128)
	at org.junit.platform.engine.support.hierarchical.ThrowableCollector.execute(ThrowableCollector.java:73)
	at org.junit.platform.engine.support.hierarchical.NodeTestTask.prepare(NodeTestTask.java:128)
	at org.junit.platform.engine.support.hierarchical.NodeTestTask.execute(NodeTestTask.java:95)
	at java.base/java.util.ArrayList.forEach(ArrayList.java:1511)
	at org.junit.platform.engine.support.hierarchical.SameThreadHierarchicalTestExecutorService.invokeAll(SameThreadHierarchicalTestExecutorService.java:41)
	at org.junit.platform.engine.support.hierarchical.NodeTestTask.lambda$executeRecursively$6(NodeTestTask.java:160)
	at org.junit.platform.engine.support.hierarchical.ThrowableCollector.execute(ThrowableCollector.java:73)
	at org.junit.platform.engine.support.hierarchical.NodeTestTask.lambda$executeRecursively$8(NodeTestTask.java:146)
	at org.junit.platform.engine.support.hierarchical.Node.around(Node.java:137)
	at org.junit.platform.engine.support.hierarchical.NodeTestTask.lambda$executeRecursively$9(NodeTestTask.java:144)
	at org.junit.platform.engine.support.hierarchical.ThrowableCollector.execute(ThrowableCollector.java:73)
	at org.junit.platform.engine.support.hierarchical.NodeTestTask.executeRecursively(NodeTestTask.java:143)
	at org.junit.platform.engine.support.hierarchical.NodeTestTask.execute(NodeTestTask.java:100)
	at java.base/java.util.ArrayList.forEach(ArrayList.java:1511)
	at org.junit.platform.engine.support.hierarchical.SameThreadHierarchicalTestExecutorService.invokeAll(SameThreadHierarchicalTestExecutorService.java:41)
	at org.junit.platform.engine.support.hierarchical.NodeTestTask.lambda$executeRecursively$6(NodeTestTask.java:160)
	at org.junit.platform.engine.support.hierarchical.ThrowableCollector.execute(ThrowableCollector.java:73)
	at org.junit.platform.engine.support.hierarchical.NodeTestTask.lambda$executeRecursively$8(NodeTestTask.java:146)
	at org.junit.platform.engine.support.hierarchical.Node.around(Node.java:137)
	at org.junit.platform.engine.support.hierarchical.NodeTestTask.lambda$executeRecursively$9(NodeTestTask.java:144)
	at org.junit.platform.engine.support.hierarchical.ThrowableCollector.execute(ThrowableCollector.java:73)
	at org.junit.platform.engine.support.hierarchical.NodeTestTask.executeRecursively(NodeTestTask.java:143)
	at org.junit.platform.engine.support.hierarchical.NodeTestTask.execute(NodeTestTask.java:100)
	at org.junit.platform.engine.support.hierarchical.SameThreadHierarchicalTestExecutorService.submit(SameThreadHierarchicalTestExecutorService.java:35)
	at org.junit.platform.engine.support.hierarchical.HierarchicalTestExecutor.execute(HierarchicalTestExecutor.java:57)
	at org.junit.platform.engine.support.hierarchical.HierarchicalTestEngine.execute(HierarchicalTestEngine.java:54)
	at org.junit.platform.launcher.core.EngineExecutionOrchestrator.execute(EngineExecutionOrchestrator.java:198)
	at org.junit.platform.launcher.core.EngineExecutionOrchestrator.execute(EngineExecutionOrchestrator.java:169)
	at org.junit.platform.launcher.core.EngineExecutionOrchestrator.execute(EngineExecutionOrchestrator.java:93)
	at org.junit.platform.launcher.core.EngineExecutionOrchestrator.lambda$execute$0(EngineExecutionOrchestrator.java:58)
	at org.junit.platform.launcher.core.EngineExecutionOrchestrator.withInterceptedStreams(EngineExecutionOrchestrator.java:141)
	at org.junit.platform.launcher.core.EngineExecutionOrchestrator.execute(EngineExecutionOrchestrator.java:57)
	at org.junit.platform.launcher.core.DefaultLauncher.execute(DefaultLauncher.java:103)
	at org.junit.platform.launcher.core.DefaultLauncher.execute(DefaultLauncher.java:85)
	at org.junit.platform.launcher.core.DelegatingLauncher.execute(DelegatingLauncher.java:47)
	at org.gradle.api.internal.tasks.testing.junitplatform.JUnitPlatformTestClassProcessor$CollectAllTestClassesExecutor.processAllTestClasses(JUnitPlatformTestClassProcessor.java:124)
	at org.gradle.api.internal.tasks.testing.junitplatform.JUnitPlatformTestClassProcessor$CollectAllTestClassesExecutor.access$000(JUnitPlatformTestClassProcessor.java:99)
	at org.gradle.api.internal.tasks.testing.junitplatform.JUnitPlatformTestClassProcessor.stop(JUnitPlatformTestClassProcessor.java:94)
	at org.gradle.api.internal.tasks.testing.SuiteTestClassProcessor.stop(SuiteTestClassProcessor.java:63)
	at java.base/jdk.internal.reflect.NativeMethodAccessorImpl.invoke0(Native Method)
	at java.base/jdk.internal.reflect.NativeMethodAccessorImpl.invoke(NativeMethodAccessorImpl.java:77)
	at java.base/jdk.internal.reflect.DelegatingMethodAccessorImpl.invoke(DelegatingMethodAccessorImpl.java:43)
	at java.base/java.lang.reflect.Method.invoke(Method.java:569)
	at org.gradle.internal.dispatch.ReflectionDispatch.dispatch(ReflectionDispatch.java:36)
	at org.gradle.internal.dispatch.ReflectionDispatch.dispatch(ReflectionDispatch.java:24)
	at org.gradle.internal.dispatch.ContextClassLoaderDispatch.dispatch(ContextClassLoaderDispatch.java:33)
	at org.gradle.internal.dispatch.ProxyDispatchAdapter$DispatchingInvocationHandler.invoke(ProxyDispatchAdapter.java:92)
	at jdk.proxy1/jdk.proxy1.$Proxy4.stop(Unknown Source)
	at org.gradle.api.internal.tasks.testing.worker.TestWorker$3.run(TestWorker.java:200)
	at org.gradle.api.internal.tasks.testing.worker.TestWorker.executeAndMaintainThreadName(TestWorker.java:132)
	at org.gradle.api.internal.tasks.testing.worker.TestWorker.execute(TestWorker.java:103)
	at org.gradle.api.internal.tasks.testing.worker.TestWorker.execute(TestWorker.java:63)
	at org.gradle.process.internal.worker.child.ActionExecutionWorker.execute(ActionExecutionWorker.java:56)
	at org.gradle.process.internal.worker.child.SystemApplicationClassLoaderWorker.call(SystemApplicationClassLoaderWorker.java:121)
	at org.gradle.process.internal.worker.child.SystemApplicationClassLoaderWorker.call(SystemApplicationClassLoaderWorker.java:71)
	at worker.org.gradle.process.internal.worker.GradleWorkerMain.run(GradleWorkerMain.java:69)
	at worker.org.gradle.process.internal.worker.GradleWorkerMain.main(GradleWorkerMain.java:74)
Caused by: org.springframework.beans.factory.support.BeanDefinitionOverrideException: Invalid bean definition with name 'jpaAuditingHandler' defined in null: Cannot register bean definition [Root bean: class=org.springframework.data.auditing.AuditingHandler; scope=; abstract=false; lazyInit=null; autowireMode=2; dependencyCheck=0; autowireCandidate=true; primary=false; fallback=false; factoryBeanName=null; factoryMethodName=from; initMethodNames=null; destroyMethodNames=null] for bean 'jpaAuditingHandler' since there is already [Root bean: class=org.springframework.data.auditing.AuditingHandler; scope=; abstract=false; lazyInit=null; autowireMode=2; dependencyCheck=0; autowireCandidate=true; primary=false; fallback=false; factoryBeanName=null; factoryMethodName=from; initMethodNames=null; destroyMethodNames=null] bound.
	at org.springframework.beans.factory.support.DefaultListableBeanFactory.registerBeanDefinition(DefaultListableBeanFactory.java:1151)
	at org.springframework.data.auditing.config.AuditingBeanDefinitionRegistrarSupport.registerAuditHandlerBeanDefinition(AuditingBeanDefinitionRegistrarSupport.java:79)
	at org.springframework.data.auditing.config.AuditingBeanDefinitionRegistrarSupport.registerBeanDefinitions(AuditingBeanDefinitionRegistrarSupport.java:59)
	at org.springframework.data.jpa.repository.config.JpaAuditingRegistrar.registerBeanDefinitions(JpaAuditingRegistrar.java:67)
	at org.springframework.context.annotation.ImportBeanDefinitionRegistrar.registerBeanDefinitions(ImportBeanDefinitionRegistrar.java:86)
	at org.springframework.context.annotation.ConfigurationClassBeanDefinitionReader.lambda$loadBeanDefinitionsFromRegistrars$1(ConfigurationClassBeanDefinitionReader.java:387)
	at java.base/java.util.LinkedHashMap.forEach(LinkedHashMap.java:721)
	at org.springframework.context.annotation.ConfigurationClassBeanDefinitionReader.loadBeanDefinitionsFromRegistrars(ConfigurationClassBeanDefinitionReader.java:386)
	at org.springframework.context.annotation.ConfigurationClassBeanDefinitionReader.loadBeanDefinitionsForConfigurationClass(ConfigurationClassBeanDefinitionReader.java:149)
	at org.springframework.context.annotation.ConfigurationClassBeanDefinitionReader.loadBeanDefinitions(ConfigurationClassBeanDefinitionReader.java:121)
	at org.springframework.context.annotation.ConfigurationClassPostProcessor.processConfigBeanDefinitions(ConfigurationClassPostProcessor.java:430)
	at org.springframework.context.annotation.ConfigurationClassPostProcessor.postProcessBeanDefinitionRegistry(ConfigurationClassPostProcessor.java:290)
	at org.springframework.context.support.PostProcessorRegistrationDelegate.invokeBeanDefinitionRegistryPostProcessors(PostProcessorRegistrationDelegate.java:349)
	at org.springframework.context.support.PostProcessorRegistrationDelegate.invokeBeanFactoryPostProcessors(PostProcessorRegistrationDelegate.java:118)
	at org.springframework.context.support.AbstractApplicationContext.invokeBeanFactoryPostProcessors(AbstractApplicationContext.java:791)
	at org.springframework.context.support.AbstractApplicationContext.refresh(AbstractApplicationContext.java:609)
	at org.springframework.boot.SpringApplication.refresh(SpringApplication.java:752)
	at org.springframework.boot.SpringApplication.refreshContext(SpringApplication.java:439)
	at org.springframework.boot.SpringApplication.run(SpringApplication.java:318)
	at org.springframework.boot.test.context.SpringBootContextLoader.lambda$loadContext$3(SpringBootContextLoader.java:137)
	at org.springframework.util.function.ThrowingSupplier.get(ThrowingSupplier.java:58)
	at org.springframework.util.function.ThrowingSupplier.get(ThrowingSupplier.java:46)
	at org.springframework.boot.SpringApplication.withHook(SpringApplication.java:1461)
	at org.springframework.boot.test.context.SpringBootContextLoader$ContextLoaderHook.run(SpringBootContextLoader.java:553)
	at org.springframework.boot.test.context.SpringBootContextLoader.loadContext(SpringBootContextLoader.java:137)
	at org.springframework.boot.test.context.SpringBootContextLoader.loadContext(SpringBootContextLoader.java:108)
	at org.springframework.test.context.cache.DefaultCacheAwareContextLoaderDelegate.loadContextInternal(DefaultCacheAwareContextLoaderDelegate.java:225)
	at org.springframework.test.context.cache.DefaultCacheAwareContextLoaderDelegate.loadContext(DefaultCacheAwareContextLoaderDelegate.java:152)
	... 89 common frames omitted
26-06-07 22:14:03.066 [Test worker] WARN  o.s.test.context.TestContextManager  - Caught exception while allowing TestExecutionListener [org.springframework.test.context.support.DependencyInjectionTestExecutionListener] to prepare test instance [com.sprint.mission.discodeit.repository.MessageRepositoryTest@1a06602f]
java.lang.IllegalStateException: ApplicationContext failure threshold (1) exceeded: skipping repeated attempt to load context for [MergedContextConfiguration@795faad testClass = com.sprint.mission.discodeit.repository.MessageRepositoryTest, locations = [], classes = [com.sprint.mission.discodeit.DiscodeitApplication], contextInitializerClasses = [], activeProfiles = ["test"], propertySourceDescriptors = [], propertySourceProperties = ["org.springframework.boot.test.autoconfigure.orm.jpa.DataJpaTestContextBootstrapper=true"], contextCustomizers = [org.springframework.boot.test.autoconfigure.OnFailureConditionReportContextCustomizerFactory$OnFailureConditionReportContextCustomizer@33aeca0b, org.springframework.boot.test.autoconfigure.OverrideAutoConfigurationContextCustomizerFactory$DisableAutoConfigurationContextCustomizer@4ba302e0, org.springframework.boot.test.autoconfigure.actuate.observability.ObservabilityContextCustomizerFactory$DisableObservabilityContextCustomizer@1f, org.springframework.boot.test.autoconfigure.filter.TypeExcludeFiltersContextCustomizer@34be3d80, org.springframework.boot.test.autoconfigure.properties.PropertyMappingContextCustomizer@78d2368, org.springframework.boot.test.autoconfigure.web.servlet.WebDriverContextCustomizer@2313052e, [ImportsContextCustomizer@17ae13d5 key = [@org.springframework.boot.test.autoconfigure.orm.jpa.AutoConfigureDataJpa(), @org.springframework.boot.test.autoconfigure.orm.jpa.AutoConfigureTestEntityManager(), @org.springframework.boot.test.autoconfigure.jdbc.AutoConfigureTestDatabase(connection=NONE, replace=NON_TEST), @org.springframework.boot.test.autoconfigure.filter.TypeExcludeFilters(value={org.springframework.boot.test.autoconfigure.orm.jpa.DataJpaTypeExcludeFilter.class}), @org.springframework.boot.test.autoconfigure.core.AutoConfigureCache(cacheProvider=NONE), @org.springframework.transaction.annotation.Transactional(isolation=DEFAULT, label={}, noRollbackFor={}, noRollbackForClassName={}, propagation=REQUIRED, readOnly=false, rollbackFor={}, rollbackForClassName={}, timeout=-1, timeoutString="", transactionManager="", value=""), @org.springframework.context.annotation.Import(value={org.springframework.data.jpa.repository.config.JpaAuditingRegistrar.class}), @org.springframework.aot.hint.annotation.Reflective(processors={org.springframework.aot.hint.annotation.SimpleReflectiveProcessor.class}, value={org.springframework.aot.hint.annotation.SimpleReflectiveProcessor.class}), @org.springframework.context.annotation.Import(value={org.springframework.boot.autoconfigure.ImportAutoConfigurationImportSelector.class}), @org.springframework.data.jpa.repository.config.EnableJpaAuditing(auditorAwareRef="", setDates=true, modifyOnCreate=true, dateTimeProviderRef=""), @org.springframework.boot.test.autoconfigure.properties.PropertyMapping(skip=NO, value="spring.test.database"), @org.springframework.test.context.BootstrapWith(value=org.springframework.boot.test.autoconfigure.orm.jpa.DataJpaTestContextBootstrapper.class), @org.springframework.boot.autoconfigure.ImportAutoConfiguration(classes={}, exclude={}, value={}), @org.springframework.boot.test.autoconfigure.orm.jpa.DataJpaTest(bootstrapMode=DEFAULT, excludeAutoConfiguration={}, excludeFilters={}, includeFilters={}, properties={}, showSql=true, useDefaultFilters=true), @org.springframework.test.context.ActiveProfiles(inheritProfiles=true, profiles={"test"}, resolver=org.springframework.test.context.ActiveProfilesResolver.class, value={"test"}), @org.springframework.boot.test.autoconfigure.OverrideAutoConfiguration(enabled=false)]], org.springframework.boot.test.context.filter.ExcludeFilterContextCustomizer@354fc8f0, org.springframework.boot.test.json.DuplicateJsonObjectContextCustomizerFactory$DuplicateJsonObjectContextCustomizer@5b43fbf6, org.springframework.boot.test.mock.mockito.MockitoContextCustomizer@0, org.springframework.boot.test.web.reactor.netty.DisableReactorResourceFactoryGlobalResourcesContextCustomizerFactory$DisableReactorResourceFactoryGlobalResourcesContextCustomizerCustomizer@3dddefd8, org.springframework.test.context.support.DynamicPropertiesContextCustomizer@0, org.springframework.boot.test.context.SpringBootTestAnnotation@f44ea2f], contextLoader = org.springframework.boot.test.context.SpringBootContextLoader, parent = null]
	at org.springframework.test.context.cache.DefaultCacheAwareContextLoaderDelegate.loadContext(DefaultCacheAwareContextLoaderDelegate.java:145)
	at org.springframework.test.context.support.DefaultTestContext.getApplicationContext(DefaultTestContext.java:130)
	at org.springframework.test.context.support.DependencyInjectionTestExecutionListener.injectDependencies(DependencyInjectionTestExecutionListener.java:142)
	at org.springframework.test.context.support.DependencyInjectionTestExecutionListener.prepareTestInstance(DependencyInjectionTestExecutionListener.java:98)
	at org.springframework.test.context.TestContextManager.prepareTestInstance(TestContextManager.java:260)
	at org.springframework.test.context.junit.jupiter.SpringExtension.postProcessTestInstance(SpringExtension.java:160)
	at org.junit.jupiter.engine.descriptor.ClassBasedTestDescriptor.lambda$invokeTestInstancePostProcessors$11(ClassBasedTestDescriptor.java:378)
	at org.junit.jupiter.engine.descriptor.ClassBasedTestDescriptor.executeAndMaskThrowable(ClassBasedTestDescriptor.java:383)
	at org.junit.jupiter.engine.descriptor.ClassBasedTestDescriptor.lambda$invokeTestInstancePostProcessors$12(ClassBasedTestDescriptor.java:378)
	at java.base/java.util.stream.ForEachOps$ForEachOp$OfRef.accept(ForEachOps.java:183)
	at java.base/java.util.stream.ReferencePipeline$3$1.accept(ReferencePipeline.java:197)
	at java.base/java.util.stream.ReferencePipeline$2$1.accept(ReferencePipeline.java:179)
	at java.base/java.util.stream.ReferencePipeline$3$1.accept(ReferencePipeline.java:197)
	at java.base/java.util.ArrayList$ArrayListSpliterator.forEachRemaining(ArrayList.java:1625)
	at java.base/java.util.stream.AbstractPipeline.copyInto(AbstractPipeline.java:509)
	at java.base/java.util.stream.AbstractPipeline.wrapAndCopyInto(AbstractPipeline.java:499)
	at java.base/java.util.stream.ForEachOps$ForEachOp.evaluateSequential(ForEachOps.java:150)
	at java.base/java.util.stream.ForEachOps$ForEachOp$OfRef.evaluateSequential(ForEachOps.java:173)
	at java.base/java.util.stream.AbstractPipeline.evaluate(AbstractPipeline.java:234)
	at java.base/java.util.stream.ReferencePipeline.forEach(ReferencePipeline.java:596)
	at org.junit.jupiter.engine.descriptor.ClassBasedTestDescriptor.invokeTestInstancePostProcessors(ClassBasedTestDescriptor.java:377)
	at org.junit.jupiter.engine.descriptor.ClassBasedTestDescriptor.lambda$instantiateAndPostProcessTestInstance$7(ClassBasedTestDescriptor.java:290)
	at org.junit.platform.engine.support.hierarchical.ThrowableCollector.execute(ThrowableCollector.java:73)
	at org.junit.jupiter.engine.descriptor.ClassBasedTestDescriptor.instantiateAndPostProcessTestInstance(ClassBasedTestDescriptor.java:289)
	at org.junit.jupiter.engine.descriptor.ClassBasedTestDescriptor.lambda$testInstancesProvider$5(ClassBasedTestDescriptor.java:279)
	at java.base/java.util.Optional.orElseGet(Optional.java:364)
	at org.junit.jupiter.engine.descriptor.ClassBasedTestDescriptor.lambda$testInstancesProvider$6(ClassBasedTestDescriptor.java:278)
	at org.junit.jupiter.engine.execution.TestInstancesProvider.getTestInstances(TestInstancesProvider.java:31)
	at org.junit.jupiter.engine.descriptor.TestMethodTestDescriptor.lambda$prepare$1(TestMethodTestDescriptor.java:105)
	at org.junit.platform.engine.support.hierarchical.ThrowableCollector.execute(ThrowableCollector.java:73)
	at org.junit.jupiter.engine.descriptor.TestMethodTestDescriptor.prepare(TestMethodTestDescriptor.java:104)
	at org.junit.jupiter.engine.descriptor.TestMethodTestDescriptor.prepare(TestMethodTestDescriptor.java:68)
	at org.junit.platform.engine.support.hierarchical.NodeTestTask.lambda$prepare$2(NodeTestTask.java:128)
	at org.junit.platform.engine.support.hierarchical.ThrowableCollector.execute(ThrowableCollector.java:73)
	at org.junit.platform.engine.support.hierarchical.NodeTestTask.prepare(NodeTestTask.java:128)
	at org.junit.platform.engine.support.hierarchical.NodeTestTask.execute(NodeTestTask.java:95)
	at java.base/java.util.ArrayList.forEach(ArrayList.java:1511)
	at org.junit.platform.engine.support.hierarchical.SameThreadHierarchicalTestExecutorService.invokeAll(SameThreadHierarchicalTestExecutorService.java:41)
	at org.junit.platform.engine.support.hierarchical.NodeTestTask.lambda$executeRecursively$6(NodeTestTask.java:160)
	at org.junit.platform.engine.support.hierarchical.ThrowableCollector.execute(ThrowableCollector.java:73)
	at org.junit.platform.engine.support.hierarchical.NodeTestTask.lambda$executeRecursively$8(NodeTestTask.java:146)
	at org.junit.platform.engine.support.hierarchical.Node.around(Node.java:137)
	at org.junit.platform.engine.support.hierarchical.NodeTestTask.lambda$executeRecursively$9(NodeTestTask.java:144)
	at org.junit.platform.engine.support.hierarchical.ThrowableCollector.execute(ThrowableCollector.java:73)
	at org.junit.platform.engine.support.hierarchical.NodeTestTask.executeRecursively(NodeTestTask.java:143)
	at org.junit.platform.engine.support.hierarchical.NodeTestTask.execute(NodeTestTask.java:100)
	at java.base/java.util.ArrayList.forEach(ArrayList.java:1511)
	at org.junit.platform.engine.support.hierarchical.SameThreadHierarchicalTestExecutorService.invokeAll(SameThreadHierarchicalTestExecutorService.java:41)
	at org.junit.platform.engine.support.hierarchical.NodeTestTask.lambda$executeRecursively$6(NodeTestTask.java:160)
	at org.junit.platform.engine.support.hierarchical.ThrowableCollector.execute(ThrowableCollector.java:73)
	at org.junit.platform.engine.support.hierarchical.NodeTestTask.lambda$executeRecursively$8(NodeTestTask.java:146)
	at org.junit.platform.engine.support.hierarchical.Node.around(Node.java:137)
	at org.junit.platform.engine.support.hierarchical.NodeTestTask.lambda$executeRecursively$9(NodeTestTask.java:144)
	at org.junit.platform.engine.support.hierarchical.ThrowableCollector.execute(ThrowableCollector.java:73)
	at org.junit.platform.engine.support.hierarchical.NodeTestTask.executeRecursively(NodeTestTask.java:143)
	at org.junit.platform.engine.support.hierarchical.NodeTestTask.execute(NodeTestTask.java:100)
	at org.junit.platform.engine.support.hierarchical.SameThreadHierarchicalTestExecutorService.submit(SameThreadHierarchicalTestExecutorService.java:35)
	at org.junit.platform.engine.support.hierarchical.HierarchicalTestExecutor.execute(HierarchicalTestExecutor.java:57)
	at org.junit.platform.engine.support.hierarchical.HierarchicalTestEngine.execute(HierarchicalTestEngine.java:54)
	at org.junit.platform.launcher.core.EngineExecutionOrchestrator.execute(EngineExecutionOrchestrator.java:198)
	at org.junit.platform.launcher.core.EngineExecutionOrchestrator.execute(EngineExecutionOrchestrator.java:169)
	at org.junit.platform.launcher.core.EngineExecutionOrchestrator.execute(EngineExecutionOrchestrator.java:93)
	at org.junit.platform.launcher.core.EngineExecutionOrchestrator.lambda$execute$0(EngineExecutionOrchestrator.java:58)
	at org.junit.platform.launcher.core.EngineExecutionOrchestrator.withInterceptedStreams(EngineExecutionOrchestrator.java:141)
	at org.junit.platform.launcher.core.EngineExecutionOrchestrator.execute(EngineExecutionOrchestrator.java:57)
	at org.junit.platform.launcher.core.DefaultLauncher.execute(DefaultLauncher.java:103)
	at org.junit.platform.launcher.core.DefaultLauncher.execute(DefaultLauncher.java:85)
	at org.junit.platform.launcher.core.DelegatingLauncher.execute(DelegatingLauncher.java:47)
	at org.gradle.api.internal.tasks.testing.junitplatform.JUnitPlatformTestClassProcessor$CollectAllTestClassesExecutor.processAllTestClasses(JUnitPlatformTestClassProcessor.java:124)
	at org.gradle.api.internal.tasks.testing.junitplatform.JUnitPlatformTestClassProcessor$CollectAllTestClassesExecutor.access$000(JUnitPlatformTestClassProcessor.java:99)
	at org.gradle.api.internal.tasks.testing.junitplatform.JUnitPlatformTestClassProcessor.stop(JUnitPlatformTestClassProcessor.java:94)
	at org.gradle.api.internal.tasks.testing.SuiteTestClassProcessor.stop(SuiteTestClassProcessor.java:63)
	at java.base/jdk.internal.reflect.NativeMethodAccessorImpl.invoke0(Native Method)
	at java.base/jdk.internal.reflect.NativeMethodAccessorImpl.invoke(NativeMethodAccessorImpl.java:77)
	at java.base/jdk.internal.reflect.DelegatingMethodAccessorImpl.invoke(DelegatingMethodAccessorImpl.java:43)
	at java.base/java.lang.reflect.Method.invoke(Method.java:569)
	at org.gradle.internal.dispatch.ReflectionDispatch.dispatch(ReflectionDispatch.java:36)
	at org.gradle.internal.dispatch.ReflectionDispatch.dispatch(ReflectionDispatch.java:24)
	at org.gradle.internal.dispatch.ContextClassLoaderDispatch.dispatch(ContextClassLoaderDispatch.java:33)
	at org.gradle.internal.dispatch.ProxyDispatchAdapter$DispatchingInvocationHandler.invoke(ProxyDispatchAdapter.java:92)
	at jdk.proxy1/jdk.proxy1.$Proxy4.stop(Unknown Source)
	at org.gradle.api.internal.tasks.testing.worker.TestWorker$3.run(TestWorker.java:200)
	at org.gradle.api.internal.tasks.testing.worker.TestWorker.executeAndMaintainThreadName(TestWorker.java:132)
	at org.gradle.api.internal.tasks.testing.worker.TestWorker.execute(TestWorker.java:103)
	at org.gradle.api.internal.tasks.testing.worker.TestWorker.execute(TestWorker.java:63)
	at org.gradle.process.internal.worker.child.ActionExecutionWorker.execute(ActionExecutionWorker.java:56)
	at org.gradle.process.internal.worker.child.SystemApplicationClassLoaderWorker.call(SystemApplicationClassLoaderWorker.java:121)
	at org.gradle.process.internal.worker.child.SystemApplicationClassLoaderWorker.call(SystemApplicationClassLoaderWorker.java:71)
	at worker.org.gradle.process.internal.worker.GradleWorkerMain.run(GradleWorkerMain.java:69)
	at worker.org.gradle.process.internal.worker.GradleWorkerMain.main(GradleWorkerMain.java:74)
26-06-07 22:14:03.069 [Test worker] WARN  o.s.test.context.TestContextManager  - Caught exception while allowing TestExecutionListener [org.springframework.test.context.support.DependencyInjectionTestExecutionListener] to prepare test instance [com.sprint.mission.discodeit.repository.MessageRepositoryTest@5b6cc344]
java.lang.IllegalStateException: ApplicationContext failure threshold (1) exceeded: skipping repeated attempt to load context for [MergedContextConfiguration@795faad testClass = com.sprint.mission.discodeit.repository.MessageRepositoryTest, locations = [], classes = [com.sprint.mission.discodeit.DiscodeitApplication], contextInitializerClasses = [], activeProfiles = ["test"], propertySourceDescriptors = [], propertySourceProperties = ["org.springframework.boot.test.autoconfigure.orm.jpa.DataJpaTestContextBootstrapper=true"], contextCustomizers = [org.springframework.boot.test.autoconfigure.OnFailureConditionReportContextCustomizerFactory$OnFailureConditionReportContextCustomizer@33aeca0b, org.springframework.boot.test.autoconfigure.OverrideAutoConfigurationContextCustomizerFactory$DisableAutoConfigurationContextCustomizer@4ba302e0, org.springframework.boot.test.autoconfigure.actuate.observability.ObservabilityContextCustomizerFactory$DisableObservabilityContextCustomizer@1f, org.springframework.boot.test.autoconfigure.filter.TypeExcludeFiltersContextCustomizer@34be3d80, org.springframework.boot.test.autoconfigure.properties.PropertyMappingContextCustomizer@78d2368, org.springframework.boot.test.autoconfigure.web.servlet.WebDriverContextCustomizer@2313052e, [ImportsContextCustomizer@17ae13d5 key = [@org.springframework.boot.test.autoconfigure.orm.jpa.AutoConfigureDataJpa(), @org.springframework.boot.test.autoconfigure.orm.jpa.AutoConfigureTestEntityManager(), @org.springframework.boot.test.autoconfigure.jdbc.AutoConfigureTestDatabase(connection=NONE, replace=NON_TEST), @org.springframework.boot.test.autoconfigure.filter.TypeExcludeFilters(value={org.springframework.boot.test.autoconfigure.orm.jpa.DataJpaTypeExcludeFilter.class}), @org.springframework.boot.test.autoconfigure.core.AutoConfigureCache(cacheProvider=NONE), @org.springframework.transaction.annotation.Transactional(isolation=DEFAULT, label={}, noRollbackFor={}, noRollbackForClassName={}, propagation=REQUIRED, readOnly=false, rollbackFor={}, rollbackForClassName={}, timeout=-1, timeoutString="", transactionManager="", value=""), @org.springframework.context.annotation.Import(value={org.springframework.data.jpa.repository.config.JpaAuditingRegistrar.class}), @org.springframework.aot.hint.annotation.Reflective(processors={org.springframework.aot.hint.annotation.SimpleReflectiveProcessor.class}, value={org.springframework.aot.hint.annotation.SimpleReflectiveProcessor.class}), @org.springframework.context.annotation.Import(value={org.springframework.boot.autoconfigure.ImportAutoConfigurationImportSelector.class}), @org.springframework.data.jpa.repository.config.EnableJpaAuditing(auditorAwareRef="", setDates=true, modifyOnCreate=true, dateTimeProviderRef=""), @org.springframework.boot.test.autoconfigure.properties.PropertyMapping(skip=NO, value="spring.test.database"), @org.springframework.test.context.BootstrapWith(value=org.springframework.boot.test.autoconfigure.orm.jpa.DataJpaTestContextBootstrapper.class), @org.springframework.boot.autoconfigure.ImportAutoConfiguration(classes={}, exclude={}, value={}), @org.springframework.boot.test.autoconfigure.orm.jpa.DataJpaTest(bootstrapMode=DEFAULT, excludeAutoConfiguration={}, excludeFilters={}, includeFilters={}, properties={}, showSql=true, useDefaultFilters=true), @org.springframework.test.context.ActiveProfiles(inheritProfiles=true, profiles={"test"}, resolver=org.springframework.test.context.ActiveProfilesResolver.class, value={"test"}), @org.springframework.boot.test.autoconfigure.OverrideAutoConfiguration(enabled=false)]], org.springframework.boot.test.context.filter.ExcludeFilterContextCustomizer@354fc8f0, org.springframework.boot.test.json.DuplicateJsonObjectContextCustomizerFactory$DuplicateJsonObjectContextCustomizer@5b43fbf6, org.springframework.boot.test.mock.mockito.MockitoContextCustomizer@0, org.springframework.boot.test.web.reactor.netty.DisableReactorResourceFactoryGlobalResourcesContextCustomizerFactory$DisableReactorResourceFactoryGlobalResourcesContextCustomizerCustomizer@3dddefd8, org.springframework.test.context.support.DynamicPropertiesContextCustomizer@0, org.springframework.boot.test.context.SpringBootTestAnnotation@f44ea2f], contextLoader = org.springframework.boot.test.context.SpringBootContextLoader, parent = null]
	at org.springframework.test.context.cache.DefaultCacheAwareContextLoaderDelegate.loadContext(DefaultCacheAwareContextLoaderDelegate.java:145)
	at org.springframework.test.context.support.DefaultTestContext.getApplicationContext(DefaultTestContext.java:130)
	at org.springframework.test.context.support.DependencyInjectionTestExecutionListener.injectDependencies(DependencyInjectionTestExecutionListener.java:142)
	at org.springframework.test.context.support.DependencyInjectionTestExecutionListener.prepareTestInstance(DependencyInjectionTestExecutionListener.java:98)
	at org.springframework.test.context.TestContextManager.prepareTestInstance(TestContextManager.java:260)
	at org.springframework.test.context.junit.jupiter.SpringExtension.postProcessTestInstance(SpringExtension.java:160)
	at org.junit.jupiter.engine.descriptor.ClassBasedTestDescriptor.lambda$invokeTestInstancePostProcessors$11(ClassBasedTestDescriptor.java:378)
	at org.junit.jupiter.engine.descriptor.ClassBasedTestDescriptor.executeAndMaskThrowable(ClassBasedTestDescriptor.java:383)
	at org.junit.jupiter.engine.descriptor.ClassBasedTestDescriptor.lambda$invokeTestInstancePostProcessors$12(ClassBasedTestDescriptor.java:378)
	at java.base/java.util.stream.ForEachOps$ForEachOp$OfRef.accept(ForEachOps.java:183)
	at java.base/java.util.stream.ReferencePipeline$3$1.accept(ReferencePipeline.java:197)
	at java.base/java.util.stream.ReferencePipeline$2$1.accept(ReferencePipeline.java:179)
	at java.base/java.util.stream.ReferencePipeline$3$1.accept(ReferencePipeline.java:197)
	at java.base/java.util.ArrayList$ArrayListSpliterator.forEachRemaining(ArrayList.java:1625)
	at java.base/java.util.stream.AbstractPipeline.copyInto(AbstractPipeline.java:509)
	at java.base/java.util.stream.AbstractPipeline.wrapAndCopyInto(AbstractPipeline.java:499)
	at java.base/java.util.stream.ForEachOps$ForEachOp.evaluateSequential(ForEachOps.java:150)
	at java.base/java.util.stream.ForEachOps$ForEachOp$OfRef.evaluateSequential(ForEachOps.java:173)
	at java.base/java.util.stream.AbstractPipeline.evaluate(AbstractPipeline.java:234)
	at java.base/java.util.stream.ReferencePipeline.forEach(ReferencePipeline.java:596)
	at org.junit.jupiter.engine.descriptor.ClassBasedTestDescriptor.invokeTestInstancePostProcessors(ClassBasedTestDescriptor.java:377)
	at org.junit.jupiter.engine.descriptor.ClassBasedTestDescriptor.lambda$instantiateAndPostProcessTestInstance$7(ClassBasedTestDescriptor.java:290)
	at org.junit.platform.engine.support.hierarchical.ThrowableCollector.execute(ThrowableCollector.java:73)
	at org.junit.jupiter.engine.descriptor.ClassBasedTestDescriptor.instantiateAndPostProcessTestInstance(ClassBasedTestDescriptor.java:289)
	at org.junit.jupiter.engine.descriptor.ClassBasedTestDescriptor.lambda$testInstancesProvider$5(ClassBasedTestDescriptor.java:279)
	at java.base/java.util.Optional.orElseGet(Optional.java:364)
	at org.junit.jupiter.engine.descriptor.ClassBasedTestDescriptor.lambda$testInstancesProvider$6(ClassBasedTestDescriptor.java:278)
	at org.junit.jupiter.engine.execution.TestInstancesProvider.getTestInstances(TestInstancesProvider.java:31)
	at org.junit.jupiter.engine.descriptor.TestMethodTestDescriptor.lambda$prepare$1(TestMethodTestDescriptor.java:105)
	at org.junit.platform.engine.support.hierarchical.ThrowableCollector.execute(ThrowableCollector.java:73)
	at org.junit.jupiter.engine.descriptor.TestMethodTestDescriptor.prepare(TestMethodTestDescriptor.java:104)
	at org.junit.jupiter.engine.descriptor.TestMethodTestDescriptor.prepare(TestMethodTestDescriptor.java:68)
	at org.junit.platform.engine.support.hierarchical.NodeTestTask.lambda$prepare$2(NodeTestTask.java:128)
	at org.junit.platform.engine.support.hierarchical.ThrowableCollector.execute(ThrowableCollector.java:73)
	at org.junit.platform.engine.support.hierarchical.NodeTestTask.prepare(NodeTestTask.java:128)
	at org.junit.platform.engine.support.hierarchical.NodeTestTask.execute(NodeTestTask.java:95)
	at java.base/java.util.ArrayList.forEach(ArrayList.java:1511)
	at org.junit.platform.engine.support.hierarchical.SameThreadHierarchicalTestExecutorService.invokeAll(SameThreadHierarchicalTestExecutorService.java:41)
	at org.junit.platform.engine.support.hierarchical.NodeTestTask.lambda$executeRecursively$6(NodeTestTask.java:160)
	at org.junit.platform.engine.support.hierarchical.ThrowableCollector.execute(ThrowableCollector.java:73)
	at org.junit.platform.engine.support.hierarchical.NodeTestTask.lambda$executeRecursively$8(NodeTestTask.java:146)
	at org.junit.platform.engine.support.hierarchical.Node.around(Node.java:137)
	at org.junit.platform.engine.support.hierarchical.NodeTestTask.lambda$executeRecursively$9(NodeTestTask.java:144)
	at org.junit.platform.engine.support.hierarchical.ThrowableCollector.execute(ThrowableCollector.java:73)
	at org.junit.platform.engine.support.hierarchical.NodeTestTask.executeRecursively(NodeTestTask.java:143)
	at org.junit.platform.engine.support.hierarchical.NodeTestTask.execute(NodeTestTask.java:100)
	at java.base/java.util.ArrayList.forEach(ArrayList.java:1511)
	at org.junit.platform.engine.support.hierarchical.SameThreadHierarchicalTestExecutorService.invokeAll(SameThreadHierarchicalTestExecutorService.java:41)
	at org.junit.platform.engine.support.hierarchical.NodeTestTask.lambda$executeRecursively$6(NodeTestTask.java:160)
	at org.junit.platform.engine.support.hierarchical.ThrowableCollector.execute(ThrowableCollector.java:73)
	at org.junit.platform.engine.support.hierarchical.NodeTestTask.lambda$executeRecursively$8(NodeTestTask.java:146)
	at org.junit.platform.engine.support.hierarchical.Node.around(Node.java:137)
	at org.junit.platform.engine.support.hierarchical.NodeTestTask.lambda$executeRecursively$9(NodeTestTask.java:144)
	at org.junit.platform.engine.support.hierarchical.ThrowableCollector.execute(ThrowableCollector.java:73)
	at org.junit.platform.engine.support.hierarchical.NodeTestTask.executeRecursively(NodeTestTask.java:143)
	at org.junit.platform.engine.support.hierarchical.NodeTestTask.execute(NodeTestTask.java:100)
	at org.junit.platform.engine.support.hierarchical.SameThreadHierarchicalTestExecutorService.submit(SameThreadHierarchicalTestExecutorService.java:35)
	at org.junit.platform.engine.support.hierarchical.HierarchicalTestExecutor.execute(HierarchicalTestExecutor.java:57)
	at org.junit.platform.engine.support.hierarchical.HierarchicalTestEngine.execute(HierarchicalTestEngine.java:54)
	at org.junit.platform.launcher.core.EngineExecutionOrchestrator.execute(EngineExecutionOrchestrator.java:198)
	at org.junit.platform.launcher.core.EngineExecutionOrchestrator.execute(EngineExecutionOrchestrator.java:169)
	at org.junit.platform.launcher.core.EngineExecutionOrchestrator.execute(EngineExecutionOrchestrator.java:93)
	at org.junit.platform.launcher.core.EngineExecutionOrchestrator.lambda$execute$0(EngineExecutionOrchestrator.java:58)
	at org.junit.platform.launcher.core.EngineExecutionOrchestrator.withInterceptedStreams(EngineExecutionOrchestrator.java:141)
	at org.junit.platform.launcher.core.EngineExecutionOrchestrator.execute(EngineExecutionOrchestrator.java:57)
	at org.junit.platform.launcher.core.DefaultLauncher.execute(DefaultLauncher.java:103)
	at org.junit.platform.launcher.core.DefaultLauncher.execute(DefaultLauncher.java:85)
	at org.junit.platform.launcher.core.DelegatingLauncher.execute(DelegatingLauncher.java:47)
	at org.gradle.api.internal.tasks.testing.junitplatform.JUnitPlatformTestClassProcessor$CollectAllTestClassesExecutor.processAllTestClasses(JUnitPlatformTestClassProcessor.java:124)
	at org.gradle.api.internal.tasks.testing.junitplatform.JUnitPlatformTestClassProcessor$CollectAllTestClassesExecutor.access$000(JUnitPlatformTestClassProcessor.java:99)
	at org.gradle.api.internal.tasks.testing.junitplatform.JUnitPlatformTestClassProcessor.stop(JUnitPlatformTestClassProcessor.java:94)
	at org.gradle.api.internal.tasks.testing.SuiteTestClassProcessor.stop(SuiteTestClassProcessor.java:63)
	at java.base/jdk.internal.reflect.NativeMethodAccessorImpl.invoke0(Native Method)
	at java.base/jdk.internal.reflect.NativeMethodAccessorImpl.invoke(NativeMethodAccessorImpl.java:77)
	at java.base/jdk.internal.reflect.DelegatingMethodAccessorImpl.invoke(DelegatingMethodAccessorImpl.java:43)
	at java.base/java.lang.reflect.Method.invoke(Method.java:569)
	at org.gradle.internal.dispatch.ReflectionDispatch.dispatch(ReflectionDispatch.java:36)
	at org.gradle.internal.dispatch.ReflectionDispatch.dispatch(ReflectionDispatch.java:24)
	at org.gradle.internal.dispatch.ContextClassLoaderDispatch.dispatch(ContextClassLoaderDispatch.java:33)
	at org.gradle.internal.dispatch.ProxyDispatchAdapter$DispatchingInvocationHandler.invoke(ProxyDispatchAdapter.java:92)
	at jdk.proxy1/jdk.proxy1.$Proxy4.stop(Unknown Source)
	at org.gradle.api.internal.tasks.testing.worker.TestWorker$3.run(TestWorker.java:200)
	at org.gradle.api.internal.tasks.testing.worker.TestWorker.executeAndMaintainThreadName(TestWorker.java:132)
	at org.gradle.api.internal.tasks.testing.worker.TestWorker.execute(TestWorker.java:103)
	at org.gradle.api.internal.tasks.testing.worker.TestWorker.execute(TestWorker.java:63)
	at org.gradle.process.internal.worker.child.ActionExecutionWorker.execute(ActionExecutionWorker.java:56)
	at org.gradle.process.internal.worker.child.SystemApplicationClassLoaderWorker.call(SystemApplicationClassLoaderWorker.java:121)
	at org.gradle.process.internal.worker.child.SystemApplicationClassLoaderWorker.call(SystemApplicationClassLoaderWorker.java:71)
	at worker.org.gradle.process.internal.worker.GradleWorkerMain.run(GradleWorkerMain.java:69)
	at worker.org.gradle.process.internal.worker.GradleWorkerMain.main(GradleWorkerMain.java:74)
26-06-07 22:14:03.071 [Test worker] WARN  o.s.test.context.TestContextManager  - Caught exception while allowing TestExecutionListener [org.springframework.test.context.support.DependencyInjectionTestExecutionListener] to prepare test instance [com.sprint.mission.discodeit.repository.MessageRepositoryTest@83e635f]
java.lang.IllegalStateException: ApplicationContext failure threshold (1) exceeded: skipping repeated attempt to load context for [MergedContextConfiguration@795faad testClass = com.sprint.mission.discodeit.repository.MessageRepositoryTest, locations = [], classes = [com.sprint.mission.discodeit.DiscodeitApplication], contextInitializerClasses = [], activeProfiles = ["test"], propertySourceDescriptors = [], propertySourceProperties = ["org.springframework.boot.test.autoconfigure.orm.jpa.DataJpaTestContextBootstrapper=true"], contextCustomizers = [org.springframework.boot.test.autoconfigure.OnFailureConditionReportContextCustomizerFactory$OnFailureConditionReportContextCustomizer@33aeca0b, org.springframework.boot.test.autoconfigure.OverrideAutoConfigurationContextCustomizerFactory$DisableAutoConfigurationContextCustomizer@4ba302e0, org.springframework.boot.test.autoconfigure.actuate.observability.ObservabilityContextCustomizerFactory$DisableObservabilityContextCustomizer@1f, org.springframework.boot.test.autoconfigure.filter.TypeExcludeFiltersContextCustomizer@34be3d80, org.springframework.boot.test.autoconfigure.properties.PropertyMappingContextCustomizer@78d2368, org.springframework.boot.test.autoconfigure.web.servlet.WebDriverContextCustomizer@2313052e, [ImportsContextCustomizer@17ae13d5 key = [@org.springframework.boot.test.autoconfigure.orm.jpa.AutoConfigureDataJpa(), @org.springframework.boot.test.autoconfigure.orm.jpa.AutoConfigureTestEntityManager(), @org.springframework.boot.test.autoconfigure.jdbc.AutoConfigureTestDatabase(connection=NONE, replace=NON_TEST), @org.springframework.boot.test.autoconfigure.filter.TypeExcludeFilters(value={org.springframework.boot.test.autoconfigure.orm.jpa.DataJpaTypeExcludeFilter.class}), @org.springframework.boot.test.autoconfigure.core.AutoConfigureCache(cacheProvider=NONE), @org.springframework.transaction.annotation.Transactional(isolation=DEFAULT, label={}, noRollbackFor={}, noRollbackForClassName={}, propagation=REQUIRED, readOnly=false, rollbackFor={}, rollbackForClassName={}, timeout=-1, timeoutString="", transactionManager="", value=""), @org.springframework.context.annotation.Import(value={org.springframework.data.jpa.repository.config.JpaAuditingRegistrar.class}), @org.springframework.aot.hint.annotation.Reflective(processors={org.springframework.aot.hint.annotation.SimpleReflectiveProcessor.class}, value={org.springframework.aot.hint.annotation.SimpleReflectiveProcessor.class}), @org.springframework.context.annotation.Import(value={org.springframework.boot.autoconfigure.ImportAutoConfigurationImportSelector.class}), @org.springframework.data.jpa.repository.config.EnableJpaAuditing(auditorAwareRef="", setDates=true, modifyOnCreate=true, dateTimeProviderRef=""), @org.springframework.boot.test.autoconfigure.properties.PropertyMapping(skip=NO, value="spring.test.database"), @org.springframework.test.context.BootstrapWith(value=org.springframework.boot.test.autoconfigure.orm.jpa.DataJpaTestContextBootstrapper.class), @org.springframework.boot.autoconfigure.ImportAutoConfiguration(classes={}, exclude={}, value={}), @org.springframework.boot.test.autoconfigure.orm.jpa.DataJpaTest(bootstrapMode=DEFAULT, excludeAutoConfiguration={}, excludeFilters={}, includeFilters={}, properties={}, showSql=true, useDefaultFilters=true), @org.springframework.test.context.ActiveProfiles(inheritProfiles=true, profiles={"test"}, resolver=org.springframework.test.context.ActiveProfilesResolver.class, value={"test"}), @org.springframework.boot.test.autoconfigure.OverrideAutoConfiguration(enabled=false)]], org.springframework.boot.test.context.filter.ExcludeFilterContextCustomizer@354fc8f0, org.springframework.boot.test.json.DuplicateJsonObjectContextCustomizerFactory$DuplicateJsonObjectContextCustomizer@5b43fbf6, org.springframework.boot.test.mock.mockito.MockitoContextCustomizer@0, org.springframework.boot.test.web.reactor.netty.DisableReactorResourceFactoryGlobalResourcesContextCustomizerFactory$DisableReactorResourceFactoryGlobalResourcesContextCustomizerCustomizer@3dddefd8, org.springframework.test.context.support.DynamicPropertiesContextCustomizer@0, org.springframework.boot.test.context.SpringBootTestAnnotation@f44ea2f], contextLoader = org.springframework.boot.test.context.SpringBootContextLoader, parent = null]
	at org.springframework.test.context.cache.DefaultCacheAwareContextLoaderDelegate.loadContext(DefaultCacheAwareContextLoaderDelegate.java:145)
	at org.springframework.test.context.support.DefaultTestContext.getApplicationContext(DefaultTestContext.java:130)
	at org.springframework.test.context.support.DependencyInjectionTestExecutionListener.injectDependencies(DependencyInjectionTestExecutionListener.java:142)
	at org.springframework.test.context.support.DependencyInjectionTestExecutionListener.prepareTestInstance(DependencyInjectionTestExecutionListener.java:98)
	at org.springframework.test.context.TestContextManager.prepareTestInstance(TestContextManager.java:260)
	at org.springframework.test.context.junit.jupiter.SpringExtension.postProcessTestInstance(SpringExtension.java:160)
	at org.junit.jupiter.engine.descriptor.ClassBasedTestDescriptor.lambda$invokeTestInstancePostProcessors$11(ClassBasedTestDescriptor.java:378)
	at org.junit.jupiter.engine.descriptor.ClassBasedTestDescriptor.executeAndMaskThrowable(ClassBasedTestDescriptor.java:383)
	at org.junit.jupiter.engine.descriptor.ClassBasedTestDescriptor.lambda$invokeTestInstancePostProcessors$12(ClassBasedTestDescriptor.java:378)
	at java.base/java.util.stream.ForEachOps$ForEachOp$OfRef.accept(ForEachOps.java:183)
	at java.base/java.util.stream.ReferencePipeline$3$1.accept(ReferencePipeline.java:197)
	at java.base/java.util.stream.ReferencePipeline$2$1.accept(ReferencePipeline.java:179)
	at java.base/java.util.stream.ReferencePipeline$3$1.accept(ReferencePipeline.java:197)
	at java.base/java.util.ArrayList$ArrayListSpliterator.forEachRemaining(ArrayList.java:1625)
	at java.base/java.util.stream.AbstractPipeline.copyInto(AbstractPipeline.java:509)
	at java.base/java.util.stream.AbstractPipeline.wrapAndCopyInto(AbstractPipeline.java:499)
	at java.base/java.util.stream.ForEachOps$ForEachOp.evaluateSequential(ForEachOps.java:150)
	at java.base/java.util.stream.ForEachOps$ForEachOp$OfRef.evaluateSequential(ForEachOps.java:173)
	at java.base/java.util.stream.AbstractPipeline.evaluate(AbstractPipeline.java:234)
	at java.base/java.util.stream.ReferencePipeline.forEach(ReferencePipeline.java:596)
	at org.junit.jupiter.engine.descriptor.ClassBasedTestDescriptor.invokeTestInstancePostProcessors(ClassBasedTestDescriptor.java:377)
	at org.junit.jupiter.engine.descriptor.ClassBasedTestDescriptor.lambda$instantiateAndPostProcessTestInstance$7(ClassBasedTestDescriptor.java:290)
	at org.junit.platform.engine.support.hierarchical.ThrowableCollector.execute(ThrowableCollector.java:73)
	at org.junit.jupiter.engine.descriptor.ClassBasedTestDescriptor.instantiateAndPostProcessTestInstance(ClassBasedTestDescriptor.java:289)
	at org.junit.jupiter.engine.descriptor.ClassBasedTestDescriptor.lambda$testInstancesProvider$5(ClassBasedTestDescriptor.java:279)
	at java.base/java.util.Optional.orElseGet(Optional.java:364)
	at org.junit.jupiter.engine.descriptor.ClassBasedTestDescriptor.lambda$testInstancesProvider$6(ClassBasedTestDescriptor.java:278)
	at org.junit.jupiter.engine.execution.TestInstancesProvider.getTestInstances(TestInstancesProvider.java:31)
	at org.junit.jupiter.engine.descriptor.TestMethodTestDescriptor.lambda$prepare$1(TestMethodTestDescriptor.java:105)
	at org.junit.platform.engine.support.hierarchical.ThrowableCollector.execute(ThrowableCollector.java:73)
	at org.junit.jupiter.engine.descriptor.TestMethodTestDescriptor.prepare(TestMethodTestDescriptor.java:104)
	at org.junit.jupiter.engine.descriptor.TestMethodTestDescriptor.prepare(TestMethodTestDescriptor.java:68)
	at org.junit.platform.engine.support.hierarchical.NodeTestTask.lambda$prepare$2(NodeTestTask.java:128)
	at org.junit.platform.engine.support.hierarchical.ThrowableCollector.execute(ThrowableCollector.java:73)
	at org.junit.platform.engine.support.hierarchical.NodeTestTask.prepare(NodeTestTask.java:128)
	at org.junit.platform.engine.support.hierarchical.NodeTestTask.execute(NodeTestTask.java:95)
	at java.base/java.util.ArrayList.forEach(ArrayList.java:1511)
	at org.junit.platform.engine.support.hierarchical.SameThreadHierarchicalTestExecutorService.invokeAll(SameThreadHierarchicalTestExecutorService.java:41)
	at org.junit.platform.engine.support.hierarchical.NodeTestTask.lambda$executeRecursively$6(NodeTestTask.java:160)
	at org.junit.platform.engine.support.hierarchical.ThrowableCollector.execute(ThrowableCollector.java:73)
	at org.junit.platform.engine.support.hierarchical.NodeTestTask.lambda$executeRecursively$8(NodeTestTask.java:146)
	at org.junit.platform.engine.support.hierarchical.Node.around(Node.java:137)
	at org.junit.platform.engine.support.hierarchical.NodeTestTask.lambda$executeRecursively$9(NodeTestTask.java:144)
	at org.junit.platform.engine.support.hierarchical.ThrowableCollector.execute(ThrowableCollector.java:73)
	at org.junit.platform.engine.support.hierarchical.NodeTestTask.executeRecursively(NodeTestTask.java:143)
	at org.junit.platform.engine.support.hierarchical.NodeTestTask.execute(NodeTestTask.java:100)
	at java.base/java.util.ArrayList.forEach(ArrayList.java:1511)
	at org.junit.platform.engine.support.hierarchical.SameThreadHierarchicalTestExecutorService.invokeAll(SameThreadHierarchicalTestExecutorService.java:41)
	at org.junit.platform.engine.support.hierarchical.NodeTestTask.lambda$executeRecursively$6(NodeTestTask.java:160)
	at org.junit.platform.engine.support.hierarchical.ThrowableCollector.execute(ThrowableCollector.java:73)
	at org.junit.platform.engine.support.hierarchical.NodeTestTask.lambda$executeRecursively$8(NodeTestTask.java:146)
	at org.junit.platform.engine.support.hierarchical.Node.around(Node.java:137)
	at org.junit.platform.engine.support.hierarchical.NodeTestTask.lambda$executeRecursively$9(NodeTestTask.java:144)
	at org.junit.platform.engine.support.hierarchical.ThrowableCollector.execute(ThrowableCollector.java:73)
	at org.junit.platform.engine.support.hierarchical.NodeTestTask.executeRecursively(NodeTestTask.java:143)
	at org.junit.platform.engine.support.hierarchical.NodeTestTask.execute(NodeTestTask.java:100)
	at org.junit.platform.engine.support.hierarchical.SameThreadHierarchicalTestExecutorService.submit(SameThreadHierarchicalTestExecutorService.java:35)
	at org.junit.platform.engine.support.hierarchical.HierarchicalTestExecutor.execute(HierarchicalTestExecutor.java:57)
	at org.junit.platform.engine.support.hierarchical.HierarchicalTestEngine.execute(HierarchicalTestEngine.java:54)
	at org.junit.platform.launcher.core.EngineExecutionOrchestrator.execute(EngineExecutionOrchestrator.java:198)
	at org.junit.platform.launcher.core.EngineExecutionOrchestrator.execute(EngineExecutionOrchestrator.java:169)
	at org.junit.platform.launcher.core.EngineExecutionOrchestrator.execute(EngineExecutionOrchestrator.java:93)
	at org.junit.platform.launcher.core.EngineExecutionOrchestrator.lambda$execute$0(EngineExecutionOrchestrator.java:58)
	at org.junit.platform.launcher.core.EngineExecutionOrchestrator.withInterceptedStreams(EngineExecutionOrchestrator.java:141)
	at org.junit.platform.launcher.core.EngineExecutionOrchestrator.execute(EngineExecutionOrchestrator.java:57)
	at org.junit.platform.launcher.core.DefaultLauncher.execute(DefaultLauncher.java:103)
	at org.junit.platform.launcher.core.DefaultLauncher.execute(DefaultLauncher.java:85)
	at org.junit.platform.launcher.core.DelegatingLauncher.execute(DelegatingLauncher.java:47)
	at org.gradle.api.internal.tasks.testing.junitplatform.JUnitPlatformTestClassProcessor$CollectAllTestClassesExecutor.processAllTestClasses(JUnitPlatformTestClassProcessor.java:124)
	at org.gradle.api.internal.tasks.testing.junitplatform.JUnitPlatformTestClassProcessor$CollectAllTestClassesExecutor.access$000(JUnitPlatformTestClassProcessor.java:99)
	at org.gradle.api.internal.tasks.testing.junitplatform.JUnitPlatformTestClassProcessor.stop(JUnitPlatformTestClassProcessor.java:94)
	at org.gradle.api.internal.tasks.testing.SuiteTestClassProcessor.stop(SuiteTestClassProcessor.java:63)
	at java.base/jdk.internal.reflect.NativeMethodAccessorImpl.invoke0(Native Method)
	at java.base/jdk.internal.reflect.NativeMethodAccessorImpl.invoke(NativeMethodAccessorImpl.java:77)
	at java.base/jdk.internal.reflect.DelegatingMethodAccessorImpl.invoke(DelegatingMethodAccessorImpl.java:43)
	at java.base/java.lang.reflect.Method.invoke(Method.java:569)
	at org.gradle.internal.dispatch.ReflectionDispatch.dispatch(ReflectionDispatch.java:36)
	at org.gradle.internal.dispatch.ReflectionDispatch.dispatch(ReflectionDispatch.java:24)
	at org.gradle.internal.dispatch.ContextClassLoaderDispatch.dispatch(ContextClassLoaderDispatch.java:33)
	at org.gradle.internal.dispatch.ProxyDispatchAdapter$DispatchingInvocationHandler.invoke(ProxyDispatchAdapter.java:92)
	at jdk.proxy1/jdk.proxy1.$Proxy4.stop(Unknown Source)
	at org.gradle.api.internal.tasks.testing.worker.TestWorker$3.run(TestWorker.java:200)
	at org.gradle.api.internal.tasks.testing.worker.TestWorker.executeAndMaintainThreadName(TestWorker.java:132)
	at org.gradle.api.internal.tasks.testing.worker.TestWorker.execute(TestWorker.java:103)
	at org.gradle.api.internal.tasks.testing.worker.TestWorker.execute(TestWorker.java:63)
	at org.gradle.process.internal.worker.child.ActionExecutionWorker.execute(ActionExecutionWorker.java:56)
	at org.gradle.process.internal.worker.child.SystemApplicationClassLoaderWorker.call(SystemApplicationClassLoaderWorker.java:121)
	at org.gradle.process.internal.worker.child.SystemApplicationClassLoaderWorker.call(SystemApplicationClassLoaderWorker.java:71)
	at worker.org.gradle.process.internal.worker.GradleWorkerMain.run(GradleWorkerMain.java:69)
	at worker.org.gradle.process.internal.worker.GradleWorkerMain.main(GradleWorkerMain.java:74)
26-06-07 22:14:03.076 [Test worker] INFO  s.AnnotationConfigContextLoaderUtils - Could not detect default configuration classes for test class [com.sprint.mission.discodeit.repository.UserRepositoryTest]: UserRepositoryTest does not declare any static, non-private, non-final, nested classes annotated with @Configuration.
26-06-07 22:14:03.078 [Test worker] INFO  .c.SpringBootTestContextBootstrapper - Found @SpringBootConfiguration com.sprint.mission.discodeit.DiscodeitApplication for test class com.sprint.mission.discodeit.repository.UserRepositoryTest
26-06-07 22:14:03.079 [Test worker] WARN  o.s.test.context.TestContextManager  - Caught exception while allowing TestExecutionListener [org.springframework.test.context.support.DependencyInjectionTestExecutionListener] to prepare test instance [com.sprint.mission.discodeit.repository.UserRepositoryTest@2dde0a34]
java.lang.IllegalStateException: ApplicationContext failure threshold (1) exceeded: skipping repeated attempt to load context for [MergedContextConfiguration@35a9e665 testClass = com.sprint.mission.discodeit.repository.UserRepositoryTest, locations = [], classes = [com.sprint.mission.discodeit.DiscodeitApplication], contextInitializerClasses = [], activeProfiles = ["test"], propertySourceDescriptors = [], propertySourceProperties = ["org.springframework.boot.test.autoconfigure.orm.jpa.DataJpaTestContextBootstrapper=true"], contextCustomizers = [org.springframework.boot.test.autoconfigure.OnFailureConditionReportContextCustomizerFactory$OnFailureConditionReportContextCustomizer@33aeca0b, org.springframework.boot.test.autoconfigure.OverrideAutoConfigurationContextCustomizerFactory$DisableAutoConfigurationContextCustomizer@4ba302e0, org.springframework.boot.test.autoconfigure.actuate.observability.ObservabilityContextCustomizerFactory$DisableObservabilityContextCustomizer@1f, org.springframework.boot.test.autoconfigure.filter.TypeExcludeFiltersContextCustomizer@34be3d80, org.springframework.boot.test.autoconfigure.properties.PropertyMappingContextCustomizer@78d2368, org.springframework.boot.test.autoconfigure.web.servlet.WebDriverContextCustomizer@2313052e, [ImportsContextCustomizer@362be0cd key = [@org.springframework.boot.test.autoconfigure.orm.jpa.AutoConfigureDataJpa(), @org.springframework.boot.test.autoconfigure.orm.jpa.AutoConfigureTestEntityManager(), @org.springframework.boot.test.autoconfigure.jdbc.AutoConfigureTestDatabase(connection=NONE, replace=NON_TEST), @org.springframework.boot.test.autoconfigure.filter.TypeExcludeFilters(value={org.springframework.boot.test.autoconfigure.orm.jpa.DataJpaTypeExcludeFilter.class}), @org.springframework.boot.test.autoconfigure.core.AutoConfigureCache(cacheProvider=NONE), @org.springframework.transaction.annotation.Transactional(isolation=DEFAULT, label={}, noRollbackFor={}, noRollbackForClassName={}, propagation=REQUIRED, readOnly=false, rollbackFor={}, rollbackForClassName={}, timeout=-1, timeoutString="", transactionManager="", value=""), @org.springframework.context.annotation.Import(value={org.springframework.data.jpa.repository.config.JpaAuditingRegistrar.class}), @org.springframework.aot.hint.annotation.Reflective(processors={org.springframework.aot.hint.annotation.SimpleReflectiveProcessor.class}, value={org.springframework.aot.hint.annotation.SimpleReflectiveProcessor.class}), @org.springframework.context.annotation.Import(value={org.springframework.boot.autoconfigure.ImportAutoConfigurationImportSelector.class}), @org.springframework.data.jpa.repository.config.EnableJpaAuditing(auditorAwareRef="", setDates=true, modifyOnCreate=true, dateTimeProviderRef=""), @org.springframework.boot.test.autoconfigure.properties.PropertyMapping(skip=NO, value="spring.test.database"), @org.springframework.test.context.BootstrapWith(value=org.springframework.boot.test.autoconfigure.orm.jpa.DataJpaTestContextBootstrapper.class), @org.springframework.boot.autoconfigure.ImportAutoConfiguration(classes={}, exclude={}, value={}), @org.springframework.boot.test.autoconfigure.orm.jpa.DataJpaTest(bootstrapMode=DEFAULT, excludeAutoConfiguration={}, excludeFilters={}, includeFilters={}, properties={}, showSql=true, useDefaultFilters=true), @org.springframework.test.context.ActiveProfiles(inheritProfiles=true, profiles={"test"}, resolver=org.springframework.test.context.ActiveProfilesResolver.class, value={"test"}), @org.springframework.boot.test.autoconfigure.OverrideAutoConfiguration(enabled=false)]], org.springframework.boot.test.context.filter.ExcludeFilterContextCustomizer@354fc8f0, org.springframework.boot.test.json.DuplicateJsonObjectContextCustomizerFactory$DuplicateJsonObjectContextCustomizer@5b43fbf6, org.springframework.boot.test.mock.mockito.MockitoContextCustomizer@0, org.springframework.boot.test.web.reactor.netty.DisableReactorResourceFactoryGlobalResourcesContextCustomizerFactory$DisableReactorResourceFactoryGlobalResourcesContextCustomizerCustomizer@3dddefd8, org.springframework.test.context.support.DynamicPropertiesContextCustomizer@0, org.springframework.boot.test.context.SpringBootTestAnnotation@f44ea2f], contextLoader = org.springframework.boot.test.context.SpringBootContextLoader, parent = null]
	at org.springframework.test.context.cache.DefaultCacheAwareContextLoaderDelegate.loadContext(DefaultCacheAwareContextLoaderDelegate.java:145)
	at org.springframework.test.context.support.DefaultTestContext.getApplicationContext(DefaultTestContext.java:130)
	at org.springframework.test.context.support.DependencyInjectionTestExecutionListener.injectDependencies(DependencyInjectionTestExecutionListener.java:142)
	at org.springframework.test.context.support.DependencyInjectionTestExecutionListener.prepareTestInstance(DependencyInjectionTestExecutionListener.java:98)
	at org.springframework.test.context.TestContextManager.prepareTestInstance(TestContextManager.java:260)
	at org.springframework.test.context.junit.jupiter.SpringExtension.postProcessTestInstance(SpringExtension.java:160)
	at org.junit.jupiter.engine.descriptor.ClassBasedTestDescriptor.lambda$invokeTestInstancePostProcessors$11(ClassBasedTestDescriptor.java:378)
	at org.junit.jupiter.engine.descriptor.ClassBasedTestDescriptor.executeAndMaskThrowable(ClassBasedTestDescriptor.java:383)
	at org.junit.jupiter.engine.descriptor.ClassBasedTestDescriptor.lambda$invokeTestInstancePostProcessors$12(ClassBasedTestDescriptor.java:378)
	at java.base/java.util.stream.ForEachOps$ForEachOp$OfRef.accept(ForEachOps.java:183)
	at java.base/java.util.stream.ReferencePipeline$3$1.accept(ReferencePipeline.java:197)
	at java.base/java.util.stream.ReferencePipeline$2$1.accept(ReferencePipeline.java:179)
	at java.base/java.util.stream.ReferencePipeline$3$1.accept(ReferencePipeline.java:197)
	at java.base/java.util.ArrayList$ArrayListSpliterator.forEachRemaining(ArrayList.java:1625)
	at java.base/java.util.stream.AbstractPipeline.copyInto(AbstractPipeline.java:509)
	at java.base/java.util.stream.AbstractPipeline.wrapAndCopyInto(AbstractPipeline.java:499)
	at java.base/java.util.stream.ForEachOps$ForEachOp.evaluateSequential(ForEachOps.java:150)
	at java.base/java.util.stream.ForEachOps$ForEachOp$OfRef.evaluateSequential(ForEachOps.java:173)
	at java.base/java.util.stream.AbstractPipeline.evaluate(AbstractPipeline.java:234)
	at java.base/java.util.stream.ReferencePipeline.forEach(ReferencePipeline.java:596)
	at org.junit.jupiter.engine.descriptor.ClassBasedTestDescriptor.invokeTestInstancePostProcessors(ClassBasedTestDescriptor.java:377)
	at org.junit.jupiter.engine.descriptor.ClassBasedTestDescriptor.lambda$instantiateAndPostProcessTestInstance$7(ClassBasedTestDescriptor.java:290)
	at org.junit.platform.engine.support.hierarchical.ThrowableCollector.execute(ThrowableCollector.java:73)
	at org.junit.jupiter.engine.descriptor.ClassBasedTestDescriptor.instantiateAndPostProcessTestInstance(ClassBasedTestDescriptor.java:289)
	at org.junit.jupiter.engine.descriptor.ClassBasedTestDescriptor.lambda$testInstancesProvider$5(ClassBasedTestDescriptor.java:279)
	at java.base/java.util.Optional.orElseGet(Optional.java:364)
	at org.junit.jupiter.engine.descriptor.ClassBasedTestDescriptor.lambda$testInstancesProvider$6(ClassBasedTestDescriptor.java:278)
	at org.junit.jupiter.engine.execution.TestInstancesProvider.getTestInstances(TestInstancesProvider.java:31)
	at org.junit.jupiter.engine.descriptor.TestMethodTestDescriptor.lambda$prepare$1(TestMethodTestDescriptor.java:105)
	at org.junit.platform.engine.support.hierarchical.ThrowableCollector.execute(ThrowableCollector.java:73)
	at org.junit.jupiter.engine.descriptor.TestMethodTestDescriptor.prepare(TestMethodTestDescriptor.java:104)
	at org.junit.jupiter.engine.descriptor.TestMethodTestDescriptor.prepare(TestMethodTestDescriptor.java:68)
	at org.junit.platform.engine.support.hierarchical.NodeTestTask.lambda$prepare$2(NodeTestTask.java:128)
	at org.junit.platform.engine.support.hierarchical.ThrowableCollector.execute(ThrowableCollector.java:73)
	at org.junit.platform.engine.support.hierarchical.NodeTestTask.prepare(NodeTestTask.java:128)
	at org.junit.platform.engine.support.hierarchical.NodeTestTask.execute(NodeTestTask.java:95)
	at java.base/java.util.ArrayList.forEach(ArrayList.java:1511)
	at org.junit.platform.engine.support.hierarchical.SameThreadHierarchicalTestExecutorService.invokeAll(SameThreadHierarchicalTestExecutorService.java:41)
	at org.junit.platform.engine.support.hierarchical.NodeTestTask.lambda$executeRecursively$6(NodeTestTask.java:160)
	at org.junit.platform.engine.support.hierarchical.ThrowableCollector.execute(ThrowableCollector.java:73)
	at org.junit.platform.engine.support.hierarchical.NodeTestTask.lambda$executeRecursively$8(NodeTestTask.java:146)
	at org.junit.platform.engine.support.hierarchical.Node.around(Node.java:137)
	at org.junit.platform.engine.support.hierarchical.NodeTestTask.lambda$executeRecursively$9(NodeTestTask.java:144)
	at org.junit.platform.engine.support.hierarchical.ThrowableCollector.execute(ThrowableCollector.java:73)
	at org.junit.platform.engine.support.hierarchical.NodeTestTask.executeRecursively(NodeTestTask.java:143)
	at org.junit.platform.engine.support.hierarchical.NodeTestTask.execute(NodeTestTask.java:100)
	at java.base/java.util.ArrayList.forEach(ArrayList.java:1511)
	at org.junit.platform.engine.support.hierarchical.SameThreadHierarchicalTestExecutorService.invokeAll(SameThreadHierarchicalTestExecutorService.java:41)
	at org.junit.platform.engine.support.hierarchical.NodeTestTask.lambda$executeRecursively$6(NodeTestTask.java:160)
	at org.junit.platform.engine.support.hierarchical.ThrowableCollector.execute(ThrowableCollector.java:73)
	at org.junit.platform.engine.support.hierarchical.NodeTestTask.lambda$executeRecursively$8(NodeTestTask.java:146)
	at org.junit.platform.engine.support.hierarchical.Node.around(Node.java:137)
	at org.junit.platform.engine.support.hierarchical.NodeTestTask.lambda$executeRecursively$9(NodeTestTask.java:144)
	at org.junit.platform.engine.support.hierarchical.ThrowableCollector.execute(ThrowableCollector.java:73)
	at org.junit.platform.engine.support.hierarchical.NodeTestTask.executeRecursively(NodeTestTask.java:143)
	at org.junit.platform.engine.support.hierarchical.NodeTestTask.execute(NodeTestTask.java:100)
	at org.junit.platform.engine.support.hierarchical.SameThreadHierarchicalTestExecutorService.submit(SameThreadHierarchicalTestExecutorService.java:35)
	at org.junit.platform.engine.support.hierarchical.HierarchicalTestExecutor.execute(HierarchicalTestExecutor.java:57)
	at org.junit.platform.engine.support.hierarchical.HierarchicalTestEngine.execute(HierarchicalTestEngine.java:54)
	at org.junit.platform.launcher.core.EngineExecutionOrchestrator.execute(EngineExecutionOrchestrator.java:198)
	at org.junit.platform.launcher.core.EngineExecutionOrchestrator.execute(EngineExecutionOrchestrator.java:169)
	at org.junit.platform.launcher.core.EngineExecutionOrchestrator.execute(EngineExecutionOrchestrator.java:93)
	at org.junit.platform.launcher.core.EngineExecutionOrchestrator.lambda$execute$0(EngineExecutionOrchestrator.java:58)
	at org.junit.platform.launcher.core.EngineExecutionOrchestrator.withInterceptedStreams(EngineExecutionOrchestrator.java:141)
	at org.junit.platform.launcher.core.EngineExecutionOrchestrator.execute(EngineExecutionOrchestrator.java:57)
	at org.junit.platform.launcher.core.DefaultLauncher.execute(DefaultLauncher.java:103)
	at org.junit.platform.launcher.core.DefaultLauncher.execute(DefaultLauncher.java:85)
	at org.junit.platform.launcher.core.DelegatingLauncher.execute(DelegatingLauncher.java:47)
	at org.gradle.api.internal.tasks.testing.junitplatform.JUnitPlatformTestClassProcessor$CollectAllTestClassesExecutor.processAllTestClasses(JUnitPlatformTestClassProcessor.java:124)
	at org.gradle.api.internal.tasks.testing.junitplatform.JUnitPlatformTestClassProcessor$CollectAllTestClassesExecutor.access$000(JUnitPlatformTestClassProcessor.java:99)
	at org.gradle.api.internal.tasks.testing.junitplatform.JUnitPlatformTestClassProcessor.stop(JUnitPlatformTestClassProcessor.java:94)
	at org.gradle.api.internal.tasks.testing.SuiteTestClassProcessor.stop(SuiteTestClassProcessor.java:63)
	at java.base/jdk.internal.reflect.NativeMethodAccessorImpl.invoke0(Native Method)
	at java.base/jdk.internal.reflect.NativeMethodAccessorImpl.invoke(NativeMethodAccessorImpl.java:77)
	at java.base/jdk.internal.reflect.DelegatingMethodAccessorImpl.invoke(DelegatingMethodAccessorImpl.java:43)
	at java.base/java.lang.reflect.Method.invoke(Method.java:569)
	at org.gradle.internal.dispatch.ReflectionDispatch.dispatch(ReflectionDispatch.java:36)
	at org.gradle.internal.dispatch.ReflectionDispatch.dispatch(ReflectionDispatch.java:24)
	at org.gradle.internal.dispatch.ContextClassLoaderDispatch.dispatch(ContextClassLoaderDispatch.java:33)
	at org.gradle.internal.dispatch.ProxyDispatchAdapter$DispatchingInvocationHandler.invoke(ProxyDispatchAdapter.java:92)
	at jdk.proxy1/jdk.proxy1.$Proxy4.stop(Unknown Source)
	at org.gradle.api.internal.tasks.testing.worker.TestWorker$3.run(TestWorker.java:200)
	at org.gradle.api.internal.tasks.testing.worker.TestWorker.executeAndMaintainThreadName(TestWorker.java:132)
	at org.gradle.api.internal.tasks.testing.worker.TestWorker.execute(TestWorker.java:103)
	at org.gradle.api.internal.tasks.testing.worker.TestWorker.execute(TestWorker.java:63)
	at org.gradle.process.internal.worker.child.ActionExecutionWorker.execute(ActionExecutionWorker.java:56)
	at org.gradle.process.internal.worker.child.SystemApplicationClassLoaderWorker.call(SystemApplicationClassLoaderWorker.java:121)
	at org.gradle.process.internal.worker.child.SystemApplicationClassLoaderWorker.call(SystemApplicationClassLoaderWorker.java:71)
	at worker.org.gradle.process.internal.worker.GradleWorkerMain.run(GradleWorkerMain.java:69)
	at worker.org.gradle.process.internal.worker.GradleWorkerMain.main(GradleWorkerMain.java:74)
26-06-07 22:14:03.082 [Test worker] WARN  o.s.test.context.TestContextManager  - Caught exception while allowing TestExecutionListener [org.springframework.test.context.support.DependencyInjectionTestExecutionListener] to prepare test instance [com.sprint.mission.discodeit.repository.UserRepositoryTest@1b632442]
java.lang.IllegalStateException: ApplicationContext failure threshold (1) exceeded: skipping repeated attempt to load context for [MergedContextConfiguration@35a9e665 testClass = com.sprint.mission.discodeit.repository.UserRepositoryTest, locations = [], classes = [com.sprint.mission.discodeit.DiscodeitApplication], contextInitializerClasses = [], activeProfiles = ["test"], propertySourceDescriptors = [], propertySourceProperties = ["org.springframework.boot.test.autoconfigure.orm.jpa.DataJpaTestContextBootstrapper=true"], contextCustomizers = [org.springframework.boot.test.autoconfigure.OnFailureConditionReportContextCustomizerFactory$OnFailureConditionReportContextCustomizer@33aeca0b, org.springframework.boot.test.autoconfigure.OverrideAutoConfigurationContextCustomizerFactory$DisableAutoConfigurationContextCustomizer@4ba302e0, org.springframework.boot.test.autoconfigure.actuate.observability.ObservabilityContextCustomizerFactory$DisableObservabilityContextCustomizer@1f, org.springframework.boot.test.autoconfigure.filter.TypeExcludeFiltersContextCustomizer@34be3d80, org.springframework.boot.test.autoconfigure.properties.PropertyMappingContextCustomizer@78d2368, org.springframework.boot.test.autoconfigure.web.servlet.WebDriverContextCustomizer@2313052e, [ImportsContextCustomizer@362be0cd key = [@org.springframework.boot.test.autoconfigure.orm.jpa.AutoConfigureDataJpa(), @org.springframework.boot.test.autoconfigure.orm.jpa.AutoConfigureTestEntityManager(), @org.springframework.boot.test.autoconfigure.jdbc.AutoConfigureTestDatabase(connection=NONE, replace=NON_TEST), @org.springframework.boot.test.autoconfigure.filter.TypeExcludeFilters(value={org.springframework.boot.test.autoconfigure.orm.jpa.DataJpaTypeExcludeFilter.class}), @org.springframework.boot.test.autoconfigure.core.AutoConfigureCache(cacheProvider=NONE), @org.springframework.transaction.annotation.Transactional(isolation=DEFAULT, label={}, noRollbackFor={}, noRollbackForClassName={}, propagation=REQUIRED, readOnly=false, rollbackFor={}, rollbackForClassName={}, timeout=-1, timeoutString="", transactionManager="", value=""), @org.springframework.context.annotation.Import(value={org.springframework.data.jpa.repository.config.JpaAuditingRegistrar.class}), @org.springframework.aot.hint.annotation.Reflective(processors={org.springframework.aot.hint.annotation.SimpleReflectiveProcessor.class}, value={org.springframework.aot.hint.annotation.SimpleReflectiveProcessor.class}), @org.springframework.context.annotation.Import(value={org.springframework.boot.autoconfigure.ImportAutoConfigurationImportSelector.class}), @org.springframework.data.jpa.repository.config.EnableJpaAuditing(auditorAwareRef="", setDates=true, modifyOnCreate=true, dateTimeProviderRef=""), @org.springframework.boot.test.autoconfigure.properties.PropertyMapping(skip=NO, value="spring.test.database"), @org.springframework.test.context.BootstrapWith(value=org.springframework.boot.test.autoconfigure.orm.jpa.DataJpaTestContextBootstrapper.class), @org.springframework.boot.autoconfigure.ImportAutoConfiguration(classes={}, exclude={}, value={}), @org.springframework.boot.test.autoconfigure.orm.jpa.DataJpaTest(bootstrapMode=DEFAULT, excludeAutoConfiguration={}, excludeFilters={}, includeFilters={}, properties={}, showSql=true, useDefaultFilters=true), @org.springframework.test.context.ActiveProfiles(inheritProfiles=true, profiles={"test"}, resolver=org.springframework.test.context.ActiveProfilesResolver.class, value={"test"}), @org.springframework.boot.test.autoconfigure.OverrideAutoConfiguration(enabled=false)]], org.springframework.boot.test.context.filter.ExcludeFilterContextCustomizer@354fc8f0, org.springframework.boot.test.json.DuplicateJsonObjectContextCustomizerFactory$DuplicateJsonObjectContextCustomizer@5b43fbf6, org.springframework.boot.test.mock.mockito.MockitoContextCustomizer@0, org.springframework.boot.test.web.reactor.netty.DisableReactorResourceFactoryGlobalResourcesContextCustomizerFactory$DisableReactorResourceFactoryGlobalResourcesContextCustomizerCustomizer@3dddefd8, org.springframework.test.context.support.DynamicPropertiesContextCustomizer@0, org.springframework.boot.test.context.SpringBootTestAnnotation@f44ea2f], contextLoader = org.springframework.boot.test.context.SpringBootContextLoader, parent = null]
	at org.springframework.test.context.cache.DefaultCacheAwareContextLoaderDelegate.loadContext(DefaultCacheAwareContextLoaderDelegate.java:145)
	at org.springframework.test.context.support.DefaultTestContext.getApplicationContext(DefaultTestContext.java:130)
	at org.springframework.test.context.support.DependencyInjectionTestExecutionListener.injectDependencies(DependencyInjectionTestExecutionListener.java:142)
	at org.springframework.test.context.support.DependencyInjectionTestExecutionListener.prepareTestInstance(DependencyInjectionTestExecutionListener.java:98)
	at org.springframework.test.context.TestContextManager.prepareTestInstance(TestContextManager.java:260)
	at org.springframework.test.context.junit.jupiter.SpringExtension.postProcessTestInstance(SpringExtension.java:160)
	at org.junit.jupiter.engine.descriptor.ClassBasedTestDescriptor.lambda$invokeTestInstancePostProcessors$11(ClassBasedTestDescriptor.java:378)
	at org.junit.jupiter.engine.descriptor.ClassBasedTestDescriptor.executeAndMaskThrowable(ClassBasedTestDescriptor.java:383)
	at org.junit.jupiter.engine.descriptor.ClassBasedTestDescriptor.lambda$invokeTestInstancePostProcessors$12(ClassBasedTestDescriptor.java:378)
	at java.base/java.util.stream.ForEachOps$ForEachOp$OfRef.accept(ForEachOps.java:183)
	at java.base/java.util.stream.ReferencePipeline$3$1.accept(ReferencePipeline.java:197)
	at java.base/java.util.stream.ReferencePipeline$2$1.accept(ReferencePipeline.java:179)
	at java.base/java.util.stream.ReferencePipeline$3$1.accept(ReferencePipeline.java:197)
	at java.base/java.util.ArrayList$ArrayListSpliterator.forEachRemaining(ArrayList.java:1625)
	at java.base/java.util.stream.AbstractPipeline.copyInto(AbstractPipeline.java:509)
	at java.base/java.util.stream.AbstractPipeline.wrapAndCopyInto(AbstractPipeline.java:499)
	at java.base/java.util.stream.ForEachOps$ForEachOp.evaluateSequential(ForEachOps.java:150)
	at java.base/java.util.stream.ForEachOps$ForEachOp$OfRef.evaluateSequential(ForEachOps.java:173)
	at java.base/java.util.stream.AbstractPipeline.evaluate(AbstractPipeline.java:234)
	at java.base/java.util.stream.ReferencePipeline.forEach(ReferencePipeline.java:596)
	at org.junit.jupiter.engine.descriptor.ClassBasedTestDescriptor.invokeTestInstancePostProcessors(ClassBasedTestDescriptor.java:377)
	at org.junit.jupiter.engine.descriptor.ClassBasedTestDescriptor.lambda$instantiateAndPostProcessTestInstance$7(ClassBasedTestDescriptor.java:290)
	at org.junit.platform.engine.support.hierarchical.ThrowableCollector.execute(ThrowableCollector.java:73)
	at org.junit.jupiter.engine.descriptor.ClassBasedTestDescriptor.instantiateAndPostProcessTestInstance(ClassBasedTestDescriptor.java:289)
	at org.junit.jupiter.engine.descriptor.ClassBasedTestDescriptor.lambda$testInstancesProvider$5(ClassBasedTestDescriptor.java:279)
	at java.base/java.util.Optional.orElseGet(Optional.java:364)
	at org.junit.jupiter.engine.descriptor.ClassBasedTestDescriptor.lambda$testInstancesProvider$6(ClassBasedTestDescriptor.java:278)
	at org.junit.jupiter.engine.execution.TestInstancesProvider.getTestInstances(TestInstancesProvider.java:31)
	at org.junit.jupiter.engine.descriptor.TestMethodTestDescriptor.lambda$prepare$1(TestMethodTestDescriptor.java:105)
	at org.junit.platform.engine.support.hierarchical.ThrowableCollector.execute(ThrowableCollector.java:73)
	at org.junit.jupiter.engine.descriptor.TestMethodTestDescriptor.prepare(TestMethodTestDescriptor.java:104)
	at org.junit.jupiter.engine.descriptor.TestMethodTestDescriptor.prepare(TestMethodTestDescriptor.java:68)
	at org.junit.platform.engine.support.hierarchical.NodeTestTask.lambda$prepare$2(NodeTestTask.java:128)
	at org.junit.platform.engine.support.hierarchical.ThrowableCollector.execute(ThrowableCollector.java:73)
	at org.junit.platform.engine.support.hierarchical.NodeTestTask.prepare(NodeTestTask.java:128)
	at org.junit.platform.engine.support.hierarchical.NodeTestTask.execute(NodeTestTask.java:95)
	at java.base/java.util.ArrayList.forEach(ArrayList.java:1511)
	at org.junit.platform.engine.support.hierarchical.SameThreadHierarchicalTestExecutorService.invokeAll(SameThreadHierarchicalTestExecutorService.java:41)
	at org.junit.platform.engine.support.hierarchical.NodeTestTask.lambda$executeRecursively$6(NodeTestTask.java:160)
	at org.junit.platform.engine.support.hierarchical.ThrowableCollector.execute(ThrowableCollector.java:73)
	at org.junit.platform.engine.support.hierarchical.NodeTestTask.lambda$executeRecursively$8(NodeTestTask.java:146)
	at org.junit.platform.engine.support.hierarchical.Node.around(Node.java:137)
	at org.junit.platform.engine.support.hierarchical.NodeTestTask.lambda$executeRecursively$9(NodeTestTask.java:144)
	at org.junit.platform.engine.support.hierarchical.ThrowableCollector.execute(ThrowableCollector.java:73)
	at org.junit.platform.engine.support.hierarchical.NodeTestTask.executeRecursively(NodeTestTask.java:143)
	at org.junit.platform.engine.support.hierarchical.NodeTestTask.execute(NodeTestTask.java:100)
	at java.base/java.util.ArrayList.forEach(ArrayList.java:1511)
	at org.junit.platform.engine.support.hierarchical.SameThreadHierarchicalTestExecutorService.invokeAll(SameThreadHierarchicalTestExecutorService.java:41)
	at org.junit.platform.engine.support.hierarchical.NodeTestTask.lambda$executeRecursively$6(NodeTestTask.java:160)
	at org.junit.platform.engine.support.hierarchical.ThrowableCollector.execute(ThrowableCollector.java:73)
	at org.junit.platform.engine.support.hierarchical.NodeTestTask.lambda$executeRecursively$8(NodeTestTask.java:146)
	at org.junit.platform.engine.support.hierarchical.Node.around(Node.java:137)
	at org.junit.platform.engine.support.hierarchical.NodeTestTask.lambda$executeRecursively$9(NodeTestTask.java:144)
	at org.junit.platform.engine.support.hierarchical.ThrowableCollector.execute(ThrowableCollector.java:73)
	at org.junit.platform.engine.support.hierarchical.NodeTestTask.executeRecursively(NodeTestTask.java:143)
	at org.junit.platform.engine.support.hierarchical.NodeTestTask.execute(NodeTestTask.java:100)
	at org.junit.platform.engine.support.hierarchical.SameThreadHierarchicalTestExecutorService.submit(SameThreadHierarchicalTestExecutorService.java:35)
	at org.junit.platform.engine.support.hierarchical.HierarchicalTestExecutor.execute(HierarchicalTestExecutor.java:57)
	at org.junit.platform.engine.support.hierarchical.HierarchicalTestEngine.execute(HierarchicalTestEngine.java:54)
	at org.junit.platform.launcher.core.EngineExecutionOrchestrator.execute(EngineExecutionOrchestrator.java:198)
	at org.junit.platform.launcher.core.EngineExecutionOrchestrator.execute(EngineExecutionOrchestrator.java:169)
	at org.junit.platform.launcher.core.EngineExecutionOrchestrator.execute(EngineExecutionOrchestrator.java:93)
	at org.junit.platform.launcher.core.EngineExecutionOrchestrator.lambda$execute$0(EngineExecutionOrchestrator.java:58)
	at org.junit.platform.launcher.core.EngineExecutionOrchestrator.withInterceptedStreams(EngineExecutionOrchestrator.java:141)
	at org.junit.platform.launcher.core.EngineExecutionOrchestrator.execute(EngineExecutionOrchestrator.java:57)
	at org.junit.platform.launcher.core.DefaultLauncher.execute(DefaultLauncher.java:103)
	at org.junit.platform.launcher.core.DefaultLauncher.execute(DefaultLauncher.java:85)
	at org.junit.platform.launcher.core.DelegatingLauncher.execute(DelegatingLauncher.java:47)
	at org.gradle.api.internal.tasks.testing.junitplatform.JUnitPlatformTestClassProcessor$CollectAllTestClassesExecutor.processAllTestClasses(JUnitPlatformTestClassProcessor.java:124)
	at org.gradle.api.internal.tasks.testing.junitplatform.JUnitPlatformTestClassProcessor$CollectAllTestClassesExecutor.access$000(JUnitPlatformTestClassProcessor.java:99)
	at org.gradle.api.internal.tasks.testing.junitplatform.JUnitPlatformTestClassProcessor.stop(JUnitPlatformTestClassProcessor.java:94)
	at org.gradle.api.internal.tasks.testing.SuiteTestClassProcessor.stop(SuiteTestClassProcessor.java:63)
	at java.base/jdk.internal.reflect.NativeMethodAccessorImpl.invoke0(Native Method)
	at java.base/jdk.internal.reflect.NativeMethodAccessorImpl.invoke(NativeMethodAccessorImpl.java:77)
	at java.base/jdk.internal.reflect.DelegatingMethodAccessorImpl.invoke(DelegatingMethodAccessorImpl.java:43)
	at java.base/java.lang.reflect.Method.invoke(Method.java:569)
	at org.gradle.internal.dispatch.ReflectionDispatch.dispatch(ReflectionDispatch.java:36)
	at org.gradle.internal.dispatch.ReflectionDispatch.dispatch(ReflectionDispatch.java:24)
	at org.gradle.internal.dispatch.ContextClassLoaderDispatch.dispatch(ContextClassLoaderDispatch.java:33)
	at org.gradle.internal.dispatch.ProxyDispatchAdapter$DispatchingInvocationHandler.invoke(ProxyDispatchAdapter.java:92)
	at jdk.proxy1/jdk.proxy1.$Proxy4.stop(Unknown Source)
	at org.gradle.api.internal.tasks.testing.worker.TestWorker$3.run(TestWorker.java:200)
	at org.gradle.api.internal.tasks.testing.worker.TestWorker.executeAndMaintainThreadName(TestWorker.java:132)
	at org.gradle.api.internal.tasks.testing.worker.TestWorker.execute(TestWorker.java:103)
	at org.gradle.api.internal.tasks.testing.worker.TestWorker.execute(TestWorker.java:63)
	at org.gradle.process.internal.worker.child.ActionExecutionWorker.execute(ActionExecutionWorker.java:56)
	at org.gradle.process.internal.worker.child.SystemApplicationClassLoaderWorker.call(SystemApplicationClassLoaderWorker.java:121)
	at org.gradle.process.internal.worker.child.SystemApplicationClassLoaderWorker.call(SystemApplicationClassLoaderWorker.java:71)
	at worker.org.gradle.process.internal.worker.GradleWorkerMain.run(GradleWorkerMain.java:69)
	at worker.org.gradle.process.internal.worker.GradleWorkerMain.main(GradleWorkerMain.java:74)
26-06-07 22:14:03.085 [Test worker] WARN  o.s.test.context.TestContextManager  - Caught exception while allowing TestExecutionListener [org.springframework.test.context.support.DependencyInjectionTestExecutionListener] to prepare test instance [com.sprint.mission.discodeit.repository.UserRepositoryTest@57a982f9]
java.lang.IllegalStateException: ApplicationContext failure threshold (1) exceeded: skipping repeated attempt to load context for [MergedContextConfiguration@35a9e665 testClass = com.sprint.mission.discodeit.repository.UserRepositoryTest, locations = [], classes = [com.sprint.mission.discodeit.DiscodeitApplication], contextInitializerClasses = [], activeProfiles = ["test"], propertySourceDescriptors = [], propertySourceProperties = ["org.springframework.boot.test.autoconfigure.orm.jpa.DataJpaTestContextBootstrapper=true"], contextCustomizers = [org.springframework.boot.test.autoconfigure.OnFailureConditionReportContextCustomizerFactory$OnFailureConditionReportContextCustomizer@33aeca0b, org.springframework.boot.test.autoconfigure.OverrideAutoConfigurationContextCustomizerFactory$DisableAutoConfigurationContextCustomizer@4ba302e0, org.springframework.boot.test.autoconfigure.actuate.observability.ObservabilityContextCustomizerFactory$DisableObservabilityContextCustomizer@1f, org.springframework.boot.test.autoconfigure.filter.TypeExcludeFiltersContextCustomizer@34be3d80, org.springframework.boot.test.autoconfigure.properties.PropertyMappingContextCustomizer@78d2368, org.springframework.boot.test.autoconfigure.web.servlet.WebDriverContextCustomizer@2313052e, [ImportsContextCustomizer@362be0cd key = [@org.springframework.boot.test.autoconfigure.orm.jpa.AutoConfigureDataJpa(), @org.springframework.boot.test.autoconfigure.orm.jpa.AutoConfigureTestEntityManager(), @org.springframework.boot.test.autoconfigure.jdbc.AutoConfigureTestDatabase(connection=NONE, replace=NON_TEST), @org.springframework.boot.test.autoconfigure.filter.TypeExcludeFilters(value={org.springframework.boot.test.autoconfigure.orm.jpa.DataJpaTypeExcludeFilter.class}), @org.springframework.boot.test.autoconfigure.core.AutoConfigureCache(cacheProvider=NONE), @org.springframework.transaction.annotation.Transactional(isolation=DEFAULT, label={}, noRollbackFor={}, noRollbackForClassName={}, propagation=REQUIRED, readOnly=false, rollbackFor={}, rollbackForClassName={}, timeout=-1, timeoutString="", transactionManager="", value=""), @org.springframework.context.annotation.Import(value={org.springframework.data.jpa.repository.config.JpaAuditingRegistrar.class}), @org.springframework.aot.hint.annotation.Reflective(processors={org.springframework.aot.hint.annotation.SimpleReflectiveProcessor.class}, value={org.springframework.aot.hint.annotation.SimpleReflectiveProcessor.class}), @org.springframework.context.annotation.Import(value={org.springframework.boot.autoconfigure.ImportAutoConfigurationImportSelector.class}), @org.springframework.data.jpa.repository.config.EnableJpaAuditing(auditorAwareRef="", setDates=true, modifyOnCreate=true, dateTimeProviderRef=""), @org.springframework.boot.test.autoconfigure.properties.PropertyMapping(skip=NO, value="spring.test.database"), @org.springframework.test.context.BootstrapWith(value=org.springframework.boot.test.autoconfigure.orm.jpa.DataJpaTestContextBootstrapper.class), @org.springframework.boot.autoconfigure.ImportAutoConfiguration(classes={}, exclude={}, value={}), @org.springframework.boot.test.autoconfigure.orm.jpa.DataJpaTest(bootstrapMode=DEFAULT, excludeAutoConfiguration={}, excludeFilters={}, includeFilters={}, properties={}, showSql=true, useDefaultFilters=true), @org.springframework.test.context.ActiveProfiles(inheritProfiles=true, profiles={"test"}, resolver=org.springframework.test.context.ActiveProfilesResolver.class, value={"test"}), @org.springframework.boot.test.autoconfigure.OverrideAutoConfiguration(enabled=false)]], org.springframework.boot.test.context.filter.ExcludeFilterContextCustomizer@354fc8f0, org.springframework.boot.test.json.DuplicateJsonObjectContextCustomizerFactory$DuplicateJsonObjectContextCustomizer@5b43fbf6, org.springframework.boot.test.mock.mockito.MockitoContextCustomizer@0, org.springframework.boot.test.web.reactor.netty.DisableReactorResourceFactoryGlobalResourcesContextCustomizerFactory$DisableReactorResourceFactoryGlobalResourcesContextCustomizerCustomizer@3dddefd8, org.springframework.test.context.support.DynamicPropertiesContextCustomizer@0, org.springframework.boot.test.context.SpringBootTestAnnotation@f44ea2f], contextLoader = org.springframework.boot.test.context.SpringBootContextLoader, parent = null]
	at org.springframework.test.context.cache.DefaultCacheAwareContextLoaderDelegate.loadContext(DefaultCacheAwareContextLoaderDelegate.java:145)
	at org.springframework.test.context.support.DefaultTestContext.getApplicationContext(DefaultTestContext.java:130)
	at org.springframework.test.context.support.DependencyInjectionTestExecutionListener.injectDependencies(DependencyInjectionTestExecutionListener.java:142)
	at org.springframework.test.context.support.DependencyInjectionTestExecutionListener.prepareTestInstance(DependencyInjectionTestExecutionListener.java:98)
	at org.springframework.test.context.TestContextManager.prepareTestInstance(TestContextManager.java:260)
	at org.springframework.test.context.junit.jupiter.SpringExtension.postProcessTestInstance(SpringExtension.java:160)
	at org.junit.jupiter.engine.descriptor.ClassBasedTestDescriptor.lambda$invokeTestInstancePostProcessors$11(ClassBasedTestDescriptor.java:378)
	at org.junit.jupiter.engine.descriptor.ClassBasedTestDescriptor.executeAndMaskThrowable(ClassBasedTestDescriptor.java:383)
	at org.junit.jupiter.engine.descriptor.ClassBasedTestDescriptor.lambda$invokeTestInstancePostProcessors$12(ClassBasedTestDescriptor.java:378)
	at java.base/java.util.stream.ForEachOps$ForEachOp$OfRef.accept(ForEachOps.java:183)
	at java.base/java.util.stream.ReferencePipeline$3$1.accept(ReferencePipeline.java:197)
	at java.base/java.util.stream.ReferencePipeline$2$1.accept(ReferencePipeline.java:179)
	at java.base/java.util.stream.ReferencePipeline$3$1.accept(ReferencePipeline.java:197)
	at java.base/java.util.ArrayList$ArrayListSpliterator.forEachRemaining(ArrayList.java:1625)
	at java.base/java.util.stream.AbstractPipeline.copyInto(AbstractPipeline.java:509)
	at java.base/java.util.stream.AbstractPipeline.wrapAndCopyInto(AbstractPipeline.java:499)
	at java.base/java.util.stream.ForEachOps$ForEachOp.evaluateSequential(ForEachOps.java:150)
	at java.base/java.util.stream.ForEachOps$ForEachOp$OfRef.evaluateSequential(ForEachOps.java:173)
	at java.base/java.util.stream.AbstractPipeline.evaluate(AbstractPipeline.java:234)
	at java.base/java.util.stream.ReferencePipeline.forEach(ReferencePipeline.java:596)
	at org.junit.jupiter.engine.descriptor.ClassBasedTestDescriptor.invokeTestInstancePostProcessors(ClassBasedTestDescriptor.java:377)
	at org.junit.jupiter.engine.descriptor.ClassBasedTestDescriptor.lambda$instantiateAndPostProcessTestInstance$7(ClassBasedTestDescriptor.java:290)
	at org.junit.platform.engine.support.hierarchical.ThrowableCollector.execute(ThrowableCollector.java:73)
	at org.junit.jupiter.engine.descriptor.ClassBasedTestDescriptor.instantiateAndPostProcessTestInstance(ClassBasedTestDescriptor.java:289)
	at org.junit.jupiter.engine.descriptor.ClassBasedTestDescriptor.lambda$testInstancesProvider$5(ClassBasedTestDescriptor.java:279)
	at java.base/java.util.Optional.orElseGet(Optional.java:364)
	at org.junit.jupiter.engine.descriptor.ClassBasedTestDescriptor.lambda$testInstancesProvider$6(ClassBasedTestDescriptor.java:278)
	at org.junit.jupiter.engine.execution.TestInstancesProvider.getTestInstances(TestInstancesProvider.java:31)
	at org.junit.jupiter.engine.descriptor.TestMethodTestDescriptor.lambda$prepare$1(TestMethodTestDescriptor.java:105)
	at org.junit.platform.engine.support.hierarchical.ThrowableCollector.execute(ThrowableCollector.java:73)
	at org.junit.jupiter.engine.descriptor.TestMethodTestDescriptor.prepare(TestMethodTestDescriptor.java:104)
	at org.junit.jupiter.engine.descriptor.TestMethodTestDescriptor.prepare(TestMethodTestDescriptor.java:68)
	at org.junit.platform.engine.support.hierarchical.NodeTestTask.lambda$prepare$2(NodeTestTask.java:128)
	at org.junit.platform.engine.support.hierarchical.ThrowableCollector.execute(ThrowableCollector.java:73)
	at org.junit.platform.engine.support.hierarchical.NodeTestTask.prepare(NodeTestTask.java:128)
	at org.junit.platform.engine.support.hierarchical.NodeTestTask.execute(NodeTestTask.java:95)
	at java.base/java.util.ArrayList.forEach(ArrayList.java:1511)
	at org.junit.platform.engine.support.hierarchical.SameThreadHierarchicalTestExecutorService.invokeAll(SameThreadHierarchicalTestExecutorService.java:41)
	at org.junit.platform.engine.support.hierarchical.NodeTestTask.lambda$executeRecursively$6(NodeTestTask.java:160)
	at org.junit.platform.engine.support.hierarchical.ThrowableCollector.execute(ThrowableCollector.java:73)
	at org.junit.platform.engine.support.hierarchical.NodeTestTask.lambda$executeRecursively$8(NodeTestTask.java:146)
	at org.junit.platform.engine.support.hierarchical.Node.around(Node.java:137)
	at org.junit.platform.engine.support.hierarchical.NodeTestTask.lambda$executeRecursively$9(NodeTestTask.java:144)
	at org.junit.platform.engine.support.hierarchical.ThrowableCollector.execute(ThrowableCollector.java:73)
	at org.junit.platform.engine.support.hierarchical.NodeTestTask.executeRecursively(NodeTestTask.java:143)
	at org.junit.platform.engine.support.hierarchical.NodeTestTask.execute(NodeTestTask.java:100)
	at java.base/java.util.ArrayList.forEach(ArrayList.java:1511)
	at org.junit.platform.engine.support.hierarchical.SameThreadHierarchicalTestExecutorService.invokeAll(SameThreadHierarchicalTestExecutorService.java:41)
	at org.junit.platform.engine.support.hierarchical.NodeTestTask.lambda$executeRecursively$6(NodeTestTask.java:160)
	at org.junit.platform.engine.support.hierarchical.ThrowableCollector.execute(ThrowableCollector.java:73)
	at org.junit.platform.engine.support.hierarchical.NodeTestTask.lambda$executeRecursively$8(NodeTestTask.java:146)
	at org.junit.platform.engine.support.hierarchical.Node.around(Node.java:137)
	at org.junit.platform.engine.support.hierarchical.NodeTestTask.lambda$executeRecursively$9(NodeTestTask.java:144)
	at org.junit.platform.engine.support.hierarchical.ThrowableCollector.execute(ThrowableCollector.java:73)
	at org.junit.platform.engine.support.hierarchical.NodeTestTask.executeRecursively(NodeTestTask.java:143)
	at org.junit.platform.engine.support.hierarchical.NodeTestTask.execute(NodeTestTask.java:100)
	at org.junit.platform.engine.support.hierarchical.SameThreadHierarchicalTestExecutorService.submit(SameThreadHierarchicalTestExecutorService.java:35)
	at org.junit.platform.engine.support.hierarchical.HierarchicalTestExecutor.execute(HierarchicalTestExecutor.java:57)
	at org.junit.platform.engine.support.hierarchical.HierarchicalTestEngine.execute(HierarchicalTestEngine.java:54)
	at org.junit.platform.launcher.core.EngineExecutionOrchestrator.execute(EngineExecutionOrchestrator.java:198)
	at org.junit.platform.launcher.core.EngineExecutionOrchestrator.execute(EngineExecutionOrchestrator.java:169)
	at org.junit.platform.launcher.core.EngineExecutionOrchestrator.execute(EngineExecutionOrchestrator.java:93)
	at org.junit.platform.launcher.core.EngineExecutionOrchestrator.lambda$execute$0(EngineExecutionOrchestrator.java:58)
	at org.junit.platform.launcher.core.EngineExecutionOrchestrator.withInterceptedStreams(EngineExecutionOrchestrator.java:141)
	at org.junit.platform.launcher.core.EngineExecutionOrchestrator.execute(EngineExecutionOrchestrator.java:57)
	at org.junit.platform.launcher.core.DefaultLauncher.execute(DefaultLauncher.java:103)
	at org.junit.platform.launcher.core.DefaultLauncher.execute(DefaultLauncher.java:85)
	at org.junit.platform.launcher.core.DelegatingLauncher.execute(DelegatingLauncher.java:47)
	at org.gradle.api.internal.tasks.testing.junitplatform.JUnitPlatformTestClassProcessor$CollectAllTestClassesExecutor.processAllTestClasses(JUnitPlatformTestClassProcessor.java:124)
	at org.gradle.api.internal.tasks.testing.junitplatform.JUnitPlatformTestClassProcessor$CollectAllTestClassesExecutor.access$000(JUnitPlatformTestClassProcessor.java:99)
	at org.gradle.api.internal.tasks.testing.junitplatform.JUnitPlatformTestClassProcessor.stop(JUnitPlatformTestClassProcessor.java:94)
	at org.gradle.api.internal.tasks.testing.SuiteTestClassProcessor.stop(SuiteTestClassProcessor.java:63)
	at java.base/jdk.internal.reflect.NativeMethodAccessorImpl.invoke0(Native Method)
	at java.base/jdk.internal.reflect.NativeMethodAccessorImpl.invoke(NativeMethodAccessorImpl.java:77)
	at java.base/jdk.internal.reflect.DelegatingMethodAccessorImpl.invoke(DelegatingMethodAccessorImpl.java:43)
	at java.base/java.lang.reflect.Method.invoke(Method.java:569)
	at org.gradle.internal.dispatch.ReflectionDispatch.dispatch(ReflectionDispatch.java:36)
	at org.gradle.internal.dispatch.ReflectionDispatch.dispatch(ReflectionDispatch.java:24)
	at org.gradle.internal.dispatch.ContextClassLoaderDispatch.dispatch(ContextClassLoaderDispatch.java:33)
	at org.gradle.internal.dispatch.ProxyDispatchAdapter$DispatchingInvocationHandler.invoke(ProxyDispatchAdapter.java:92)
	at jdk.proxy1/jdk.proxy1.$Proxy4.stop(Unknown Source)
	at org.gradle.api.internal.tasks.testing.worker.TestWorker$3.run(TestWorker.java:200)
	at org.gradle.api.internal.tasks.testing.worker.TestWorker.executeAndMaintainThreadName(TestWorker.java:132)
	at org.gradle.api.internal.tasks.testing.worker.TestWorker.execute(TestWorker.java:103)
	at org.gradle.api.internal.tasks.testing.worker.TestWorker.execute(TestWorker.java:63)
	at org.gradle.process.internal.worker.child.ActionExecutionWorker.execute(ActionExecutionWorker.java:56)
	at org.gradle.process.internal.worker.child.SystemApplicationClassLoaderWorker.call(SystemApplicationClassLoaderWorker.java:121)
	at org.gradle.process.internal.worker.child.SystemApplicationClassLoaderWorker.call(SystemApplicationClassLoaderWorker.java:71)
	at worker.org.gradle.process.internal.worker.GradleWorkerMain.run(GradleWorkerMain.java:69)
	at worker.org.gradle.process.internal.worker.GradleWorkerMain.main(GradleWorkerMain.java:74)
26-06-07 22:14:03.088 [Test worker] WARN  o.s.test.context.TestContextManager  - Caught exception while allowing TestExecutionListener [org.springframework.test.context.support.DependencyInjectionTestExecutionListener] to prepare test instance [com.sprint.mission.discodeit.repository.UserRepositoryTest@24de63b]
java.lang.IllegalStateException: ApplicationContext failure threshold (1) exceeded: skipping repeated attempt to load context for [MergedContextConfiguration@35a9e665 testClass = com.sprint.mission.discodeit.repository.UserRepositoryTest, locations = [], classes = [com.sprint.mission.discodeit.DiscodeitApplication], contextInitializerClasses = [], activeProfiles = ["test"], propertySourceDescriptors = [], propertySourceProperties = ["org.springframework.boot.test.autoconfigure.orm.jpa.DataJpaTestContextBootstrapper=true"], contextCustomizers = [org.springframework.boot.test.autoconfigure.OnFailureConditionReportContextCustomizerFactory$OnFailureConditionReportContextCustomizer@33aeca0b, org.springframework.boot.test.autoconfigure.OverrideAutoConfigurationContextCustomizerFactory$DisableAutoConfigurationContextCustomizer@4ba302e0, org.springframework.boot.test.autoconfigure.actuate.observability.ObservabilityContextCustomizerFactory$DisableObservabilityContextCustomizer@1f, org.springframework.boot.test.autoconfigure.filter.TypeExcludeFiltersContextCustomizer@34be3d80, org.springframework.boot.test.autoconfigure.properties.PropertyMappingContextCustomizer@78d2368, org.springframework.boot.test.autoconfigure.web.servlet.WebDriverContextCustomizer@2313052e, [ImportsContextCustomizer@362be0cd key = [@org.springframework.boot.test.autoconfigure.orm.jpa.AutoConfigureDataJpa(), @org.springframework.boot.test.autoconfigure.orm.jpa.AutoConfigureTestEntityManager(), @org.springframework.boot.test.autoconfigure.jdbc.AutoConfigureTestDatabase(connection=NONE, replace=NON_TEST), @org.springframework.boot.test.autoconfigure.filter.TypeExcludeFilters(value={org.springframework.boot.test.autoconfigure.orm.jpa.DataJpaTypeExcludeFilter.class}), @org.springframework.boot.test.autoconfigure.core.AutoConfigureCache(cacheProvider=NONE), @org.springframework.transaction.annotation.Transactional(isolation=DEFAULT, label={}, noRollbackFor={}, noRollbackForClassName={}, propagation=REQUIRED, readOnly=false, rollbackFor={}, rollbackForClassName={}, timeout=-1, timeoutString="", transactionManager="", value=""), @org.springframework.context.annotation.Import(value={org.springframework.data.jpa.repository.config.JpaAuditingRegistrar.class}), @org.springframework.aot.hint.annotation.Reflective(processors={org.springframework.aot.hint.annotation.SimpleReflectiveProcessor.class}, value={org.springframework.aot.hint.annotation.SimpleReflectiveProcessor.class}), @org.springframework.context.annotation.Import(value={org.springframework.boot.autoconfigure.ImportAutoConfigurationImportSelector.class}), @org.springframework.data.jpa.repository.config.EnableJpaAuditing(auditorAwareRef="", setDates=true, modifyOnCreate=true, dateTimeProviderRef=""), @org.springframework.boot.test.autoconfigure.properties.PropertyMapping(skip=NO, value="spring.test.database"), @org.springframework.test.context.BootstrapWith(value=org.springframework.boot.test.autoconfigure.orm.jpa.DataJpaTestContextBootstrapper.class), @org.springframework.boot.autoconfigure.ImportAutoConfiguration(classes={}, exclude={}, value={}), @org.springframework.boot.test.autoconfigure.orm.jpa.DataJpaTest(bootstrapMode=DEFAULT, excludeAutoConfiguration={}, excludeFilters={}, includeFilters={}, properties={}, showSql=true, useDefaultFilters=true), @org.springframework.test.context.ActiveProfiles(inheritProfiles=true, profiles={"test"}, resolver=org.springframework.test.context.ActiveProfilesResolver.class, value={"test"}), @org.springframework.boot.test.autoconfigure.OverrideAutoConfiguration(enabled=false)]], org.springframework.boot.test.context.filter.ExcludeFilterContextCustomizer@354fc8f0, org.springframework.boot.test.json.DuplicateJsonObjectContextCustomizerFactory$DuplicateJsonObjectContextCustomizer@5b43fbf6, org.springframework.boot.test.mock.mockito.MockitoContextCustomizer@0, org.springframework.boot.test.web.reactor.netty.DisableReactorResourceFactoryGlobalResourcesContextCustomizerFactory$DisableReactorResourceFactoryGlobalResourcesContextCustomizerCustomizer@3dddefd8, org.springframework.test.context.support.DynamicPropertiesContextCustomizer@0, org.springframework.boot.test.context.SpringBootTestAnnotation@f44ea2f], contextLoader = org.springframework.boot.test.context.SpringBootContextLoader, parent = null]
	at org.springframework.test.context.cache.DefaultCacheAwareContextLoaderDelegate.loadContext(DefaultCacheAwareContextLoaderDelegate.java:145)
	at org.springframework.test.context.support.DefaultTestContext.getApplicationContext(DefaultTestContext.java:130)
	at org.springframework.test.context.support.DependencyInjectionTestExecutionListener.injectDependencies(DependencyInjectionTestExecutionListener.java:142)
	at org.springframework.test.context.support.DependencyInjectionTestExecutionListener.prepareTestInstance(DependencyInjectionTestExecutionListener.java:98)
	at org.springframework.test.context.TestContextManager.prepareTestInstance(TestContextManager.java:260)
	at org.springframework.test.context.junit.jupiter.SpringExtension.postProcessTestInstance(SpringExtension.java:160)
	at org.junit.jupiter.engine.descriptor.ClassBasedTestDescriptor.lambda$invokeTestInstancePostProcessors$11(ClassBasedTestDescriptor.java:378)
	at org.junit.jupiter.engine.descriptor.ClassBasedTestDescriptor.executeAndMaskThrowable(ClassBasedTestDescriptor.java:383)
	at org.junit.jupiter.engine.descriptor.ClassBasedTestDescriptor.lambda$invokeTestInstancePostProcessors$12(ClassBasedTestDescriptor.java:378)
	at java.base/java.util.stream.ForEachOps$ForEachOp$OfRef.accept(ForEachOps.java:183)
	at java.base/java.util.stream.ReferencePipeline$3$1.accept(ReferencePipeline.java:197)
	at java.base/java.util.stream.ReferencePipeline$2$1.accept(ReferencePipeline.java:179)
	at java.base/java.util.stream.ReferencePipeline$3$1.accept(ReferencePipeline.java:197)
	at java.base/java.util.ArrayList$ArrayListSpliterator.forEachRemaining(ArrayList.java:1625)
	at java.base/java.util.stream.AbstractPipeline.copyInto(AbstractPipeline.java:509)
	at java.base/java.util.stream.AbstractPipeline.wrapAndCopyInto(AbstractPipeline.java:499)
	at java.base/java.util.stream.ForEachOps$ForEachOp.evaluateSequential(ForEachOps.java:150)
	at java.base/java.util.stream.ForEachOps$ForEachOp$OfRef.evaluateSequential(ForEachOps.java:173)
	at java.base/java.util.stream.AbstractPipeline.evaluate(AbstractPipeline.java:234)
	at java.base/java.util.stream.ReferencePipeline.forEach(ReferencePipeline.java:596)
	at org.junit.jupiter.engine.descriptor.ClassBasedTestDescriptor.invokeTestInstancePostProcessors(ClassBasedTestDescriptor.java:377)
	at org.junit.jupiter.engine.descriptor.ClassBasedTestDescriptor.lambda$instantiateAndPostProcessTestInstance$7(ClassBasedTestDescriptor.java:290)
	at org.junit.platform.engine.support.hierarchical.ThrowableCollector.execute(ThrowableCollector.java:73)
	at org.junit.jupiter.engine.descriptor.ClassBasedTestDescriptor.instantiateAndPostProcessTestInstance(ClassBasedTestDescriptor.java:289)
	at org.junit.jupiter.engine.descriptor.ClassBasedTestDescriptor.lambda$testInstancesProvider$5(ClassBasedTestDescriptor.java:279)
	at java.base/java.util.Optional.orElseGet(Optional.java:364)
	at org.junit.jupiter.engine.descriptor.ClassBasedTestDescriptor.lambda$testInstancesProvider$6(ClassBasedTestDescriptor.java:278)
	at org.junit.jupiter.engine.execution.TestInstancesProvider.getTestInstances(TestInstancesProvider.java:31)
	at org.junit.jupiter.engine.descriptor.TestMethodTestDescriptor.lambda$prepare$1(TestMethodTestDescriptor.java:105)
	at org.junit.platform.engine.support.hierarchical.ThrowableCollector.execute(ThrowableCollector.java:73)
	at org.junit.jupiter.engine.descriptor.TestMethodTestDescriptor.prepare(TestMethodTestDescriptor.java:104)
	at org.junit.jupiter.engine.descriptor.TestMethodTestDescriptor.prepare(TestMethodTestDescriptor.java:68)
	at org.junit.platform.engine.support.hierarchical.NodeTestTask.lambda$prepare$2(NodeTestTask.java:128)
	at org.junit.platform.engine.support.hierarchical.ThrowableCollector.execute(ThrowableCollector.java:73)
	at org.junit.platform.engine.support.hierarchical.NodeTestTask.prepare(NodeTestTask.java:128)
	at org.junit.platform.engine.support.hierarchical.NodeTestTask.execute(NodeTestTask.java:95)
	at java.base/java.util.ArrayList.forEach(ArrayList.java:1511)
	at org.junit.platform.engine.support.hierarchical.SameThreadHierarchicalTestExecutorService.invokeAll(SameThreadHierarchicalTestExecutorService.java:41)
	at org.junit.platform.engine.support.hierarchical.NodeTestTask.lambda$executeRecursively$6(NodeTestTask.java:160)
	at org.junit.platform.engine.support.hierarchical.ThrowableCollector.execute(ThrowableCollector.java:73)
	at org.junit.platform.engine.support.hierarchical.NodeTestTask.lambda$executeRecursively$8(NodeTestTask.java:146)
	at org.junit.platform.engine.support.hierarchical.Node.around(Node.java:137)
	at org.junit.platform.engine.support.hierarchical.NodeTestTask.lambda$executeRecursively$9(NodeTestTask.java:144)
	at org.junit.platform.engine.support.hierarchical.ThrowableCollector.execute(ThrowableCollector.java:73)
	at org.junit.platform.engine.support.hierarchical.NodeTestTask.executeRecursively(NodeTestTask.java:143)
	at org.junit.platform.engine.support.hierarchical.NodeTestTask.execute(NodeTestTask.java:100)
	at java.base/java.util.ArrayList.forEach(ArrayList.java:1511)
	at org.junit.platform.engine.support.hierarchical.SameThreadHierarchicalTestExecutorService.invokeAll(SameThreadHierarchicalTestExecutorService.java:41)
	at org.junit.platform.engine.support.hierarchical.NodeTestTask.lambda$executeRecursively$6(NodeTestTask.java:160)
	at org.junit.platform.engine.support.hierarchical.ThrowableCollector.execute(ThrowableCollector.java:73)
	at org.junit.platform.engine.support.hierarchical.NodeTestTask.lambda$executeRecursively$8(NodeTestTask.java:146)
	at org.junit.platform.engine.support.hierarchical.Node.around(Node.java:137)
	at org.junit.platform.engine.support.hierarchical.NodeTestTask.lambda$executeRecursively$9(NodeTestTask.java:144)
	at org.junit.platform.engine.support.hierarchical.ThrowableCollector.execute(ThrowableCollector.java:73)
	at org.junit.platform.engine.support.hierarchical.NodeTestTask.executeRecursively(NodeTestTask.java:143)
	at org.junit.platform.engine.support.hierarchical.NodeTestTask.execute(NodeTestTask.java:100)
	at org.junit.platform.engine.support.hierarchical.SameThreadHierarchicalTestExecutorService.submit(SameThreadHierarchicalTestExecutorService.java:35)
	at org.junit.platform.engine.support.hierarchical.HierarchicalTestExecutor.execute(HierarchicalTestExecutor.java:57)
	at org.junit.platform.engine.support.hierarchical.HierarchicalTestEngine.execute(HierarchicalTestEngine.java:54)
	at org.junit.platform.launcher.core.EngineExecutionOrchestrator.execute(EngineExecutionOrchestrator.java:198)
	at org.junit.platform.launcher.core.EngineExecutionOrchestrator.execute(EngineExecutionOrchestrator.java:169)
	at org.junit.platform.launcher.core.EngineExecutionOrchestrator.execute(EngineExecutionOrchestrator.java:93)
	at org.junit.platform.launcher.core.EngineExecutionOrchestrator.lambda$execute$0(EngineExecutionOrchestrator.java:58)
	at org.junit.platform.launcher.core.EngineExecutionOrchestrator.withInterceptedStreams(EngineExecutionOrchestrator.java:141)
	at org.junit.platform.launcher.core.EngineExecutionOrchestrator.execute(EngineExecutionOrchestrator.java:57)
	at org.junit.platform.launcher.core.DefaultLauncher.execute(DefaultLauncher.java:103)
	at org.junit.platform.launcher.core.DefaultLauncher.execute(DefaultLauncher.java:85)
	at org.junit.platform.launcher.core.DelegatingLauncher.execute(DelegatingLauncher.java:47)
	at org.gradle.api.internal.tasks.testing.junitplatform.JUnitPlatformTestClassProcessor$CollectAllTestClassesExecutor.processAllTestClasses(JUnitPlatformTestClassProcessor.java:124)
	at org.gradle.api.internal.tasks.testing.junitplatform.JUnitPlatformTestClassProcessor$CollectAllTestClassesExecutor.access$000(JUnitPlatformTestClassProcessor.java:99)
	at org.gradle.api.internal.tasks.testing.junitplatform.JUnitPlatformTestClassProcessor.stop(JUnitPlatformTestClassProcessor.java:94)
	at org.gradle.api.internal.tasks.testing.SuiteTestClassProcessor.stop(SuiteTestClassProcessor.java:63)
	at java.base/jdk.internal.reflect.NativeMethodAccessorImpl.invoke0(Native Method)
	at java.base/jdk.internal.reflect.NativeMethodAccessorImpl.invoke(NativeMethodAccessorImpl.java:77)
	at java.base/jdk.internal.reflect.DelegatingMethodAccessorImpl.invoke(DelegatingMethodAccessorImpl.java:43)
	at java.base/java.lang.reflect.Method.invoke(Method.java:569)
	at org.gradle.internal.dispatch.ReflectionDispatch.dispatch(ReflectionDispatch.java:36)
	at org.gradle.internal.dispatch.ReflectionDispatch.dispatch(ReflectionDispatch.java:24)
	at org.gradle.internal.dispatch.ContextClassLoaderDispatch.dispatch(ContextClassLoaderDispatch.java:33)
	at org.gradle.internal.dispatch.ProxyDispatchAdapter$DispatchingInvocationHandler.invoke(ProxyDispatchAdapter.java:92)
	at jdk.proxy1/jdk.proxy1.$Proxy4.stop(Unknown Source)
	at org.gradle.api.internal.tasks.testing.worker.TestWorker$3.run(TestWorker.java:200)
	at org.gradle.api.internal.tasks.testing.worker.TestWorker.executeAndMaintainThreadName(TestWorker.java:132)
	at org.gradle.api.internal.tasks.testing.worker.TestWorker.execute(TestWorker.java:103)
	at org.gradle.api.internal.tasks.testing.worker.TestWorker.execute(TestWorker.java:63)
	at org.gradle.process.internal.worker.child.ActionExecutionWorker.execute(ActionExecutionWorker.java:56)
	at org.gradle.process.internal.worker.child.SystemApplicationClassLoaderWorker.call(SystemApplicationClassLoaderWorker.java:121)
	at org.gradle.process.internal.worker.child.SystemApplicationClassLoaderWorker.call(SystemApplicationClassLoaderWorker.java:71)
	at worker.org.gradle.process.internal.worker.GradleWorkerMain.run(GradleWorkerMain.java:69)
	at worker.org.gradle.process.internal.worker.GradleWorkerMain.main(GradleWorkerMain.java:74)
26-06-07 22:14:03.090 [Test worker] WARN  o.s.test.context.TestContextManager  - Caught exception while allowing TestExecutionListener [org.springframework.test.context.support.DependencyInjectionTestExecutionListener] to prepare test instance [com.sprint.mission.discodeit.repository.UserRepositoryTest@50f05307]
java.lang.IllegalStateException: ApplicationContext failure threshold (1) exceeded: skipping repeated attempt to load context for [MergedContextConfiguration@35a9e665 testClass = com.sprint.mission.discodeit.repository.UserRepositoryTest, locations = [], classes = [com.sprint.mission.discodeit.DiscodeitApplication], contextInitializerClasses = [], activeProfiles = ["test"], propertySourceDescriptors = [], propertySourceProperties = ["org.springframework.boot.test.autoconfigure.orm.jpa.DataJpaTestContextBootstrapper=true"], contextCustomizers = [org.springframework.boot.test.autoconfigure.OnFailureConditionReportContextCustomizerFactory$OnFailureConditionReportContextCustomizer@33aeca0b, org.springframework.boot.test.autoconfigure.OverrideAutoConfigurationContextCustomizerFactory$DisableAutoConfigurationContextCustomizer@4ba302e0, org.springframework.boot.test.autoconfigure.actuate.observability.ObservabilityContextCustomizerFactory$DisableObservabilityContextCustomizer@1f, org.springframework.boot.test.autoconfigure.filter.TypeExcludeFiltersContextCustomizer@34be3d80, org.springframework.boot.test.autoconfigure.properties.PropertyMappingContextCustomizer@78d2368, org.springframework.boot.test.autoconfigure.web.servlet.WebDriverContextCustomizer@2313052e, [ImportsContextCustomizer@362be0cd key = [@org.springframework.boot.test.autoconfigure.orm.jpa.AutoConfigureDataJpa(), @org.springframework.boot.test.autoconfigure.orm.jpa.AutoConfigureTestEntityManager(), @org.springframework.boot.test.autoconfigure.jdbc.AutoConfigureTestDatabase(connection=NONE, replace=NON_TEST), @org.springframework.boot.test.autoconfigure.filter.TypeExcludeFilters(value={org.springframework.boot.test.autoconfigure.orm.jpa.DataJpaTypeExcludeFilter.class}), @org.springframework.boot.test.autoconfigure.core.AutoConfigureCache(cacheProvider=NONE), @org.springframework.transaction.annotation.Transactional(isolation=DEFAULT, label={}, noRollbackFor={}, noRollbackForClassName={}, propagation=REQUIRED, readOnly=false, rollbackFor={}, rollbackForClassName={}, timeout=-1, timeoutString="", transactionManager="", value=""), @org.springframework.context.annotation.Import(value={org.springframework.data.jpa.repository.config.JpaAuditingRegistrar.class}), @org.springframework.aot.hint.annotation.Reflective(processors={org.springframework.aot.hint.annotation.SimpleReflectiveProcessor.class}, value={org.springframework.aot.hint.annotation.SimpleReflectiveProcessor.class}), @org.springframework.context.annotation.Import(value={org.springframework.boot.autoconfigure.ImportAutoConfigurationImportSelector.class}), @org.springframework.data.jpa.repository.config.EnableJpaAuditing(auditorAwareRef="", setDates=true, modifyOnCreate=true, dateTimeProviderRef=""), @org.springframework.boot.test.autoconfigure.properties.PropertyMapping(skip=NO, value="spring.test.database"), @org.springframework.test.context.BootstrapWith(value=org.springframework.boot.test.autoconfigure.orm.jpa.DataJpaTestContextBootstrapper.class), @org.springframework.boot.autoconfigure.ImportAutoConfiguration(classes={}, exclude={}, value={}), @org.springframework.boot.test.autoconfigure.orm.jpa.DataJpaTest(bootstrapMode=DEFAULT, excludeAutoConfiguration={}, excludeFilters={}, includeFilters={}, properties={}, showSql=true, useDefaultFilters=true), @org.springframework.test.context.ActiveProfiles(inheritProfiles=true, profiles={"test"}, resolver=org.springframework.test.context.ActiveProfilesResolver.class, value={"test"}), @org.springframework.boot.test.autoconfigure.OverrideAutoConfiguration(enabled=false)]], org.springframework.boot.test.context.filter.ExcludeFilterContextCustomizer@354fc8f0, org.springframework.boot.test.json.DuplicateJsonObjectContextCustomizerFactory$DuplicateJsonObjectContextCustomizer@5b43fbf6, org.springframework.boot.test.mock.mockito.MockitoContextCustomizer@0, org.springframework.boot.test.web.reactor.netty.DisableReactorResourceFactoryGlobalResourcesContextCustomizerFactory$DisableReactorResourceFactoryGlobalResourcesContextCustomizerCustomizer@3dddefd8, org.springframework.test.context.support.DynamicPropertiesContextCustomizer@0, org.springframework.boot.test.context.SpringBootTestAnnotation@f44ea2f], contextLoader = org.springframework.boot.test.context.SpringBootContextLoader, parent = null]
	at org.springframework.test.context.cache.DefaultCacheAwareContextLoaderDelegate.loadContext(DefaultCacheAwareContextLoaderDelegate.java:145)
	at org.springframework.test.context.support.DefaultTestContext.getApplicationContext(DefaultTestContext.java:130)
	at org.springframework.test.context.support.DependencyInjectionTestExecutionListener.injectDependencies(DependencyInjectionTestExecutionListener.java:142)
	at org.springframework.test.context.support.DependencyInjectionTestExecutionListener.prepareTestInstance(DependencyInjectionTestExecutionListener.java:98)
	at org.springframework.test.context.TestContextManager.prepareTestInstance(TestContextManager.java:260)
	at org.springframework.test.context.junit.jupiter.SpringExtension.postProcessTestInstance(SpringExtension.java:160)
	at org.junit.jupiter.engine.descriptor.ClassBasedTestDescriptor.lambda$invokeTestInstancePostProcessors$11(ClassBasedTestDescriptor.java:378)
	at org.junit.jupiter.engine.descriptor.ClassBasedTestDescriptor.executeAndMaskThrowable(ClassBasedTestDescriptor.java:383)
	at org.junit.jupiter.engine.descriptor.ClassBasedTestDescriptor.lambda$invokeTestInstancePostProcessors$12(ClassBasedTestDescriptor.java:378)
	at java.base/java.util.stream.ForEachOps$ForEachOp$OfRef.accept(ForEachOps.java:183)
	at java.base/java.util.stream.ReferencePipeline$3$1.accept(ReferencePipeline.java:197)
	at java.base/java.util.stream.ReferencePipeline$2$1.accept(ReferencePipeline.java:179)
	at java.base/java.util.stream.ReferencePipeline$3$1.accept(ReferencePipeline.java:197)
	at java.base/java.util.ArrayList$ArrayListSpliterator.forEachRemaining(ArrayList.java:1625)
	at java.base/java.util.stream.AbstractPipeline.copyInto(AbstractPipeline.java:509)
	at java.base/java.util.stream.AbstractPipeline.wrapAndCopyInto(AbstractPipeline.java:499)
	at java.base/java.util.stream.ForEachOps$ForEachOp.evaluateSequential(ForEachOps.java:150)
	at java.base/java.util.stream.ForEachOps$ForEachOp$OfRef.evaluateSequential(ForEachOps.java:173)
	at java.base/java.util.stream.AbstractPipeline.evaluate(AbstractPipeline.java:234)
	at java.base/java.util.stream.ReferencePipeline.forEach(ReferencePipeline.java:596)
	at org.junit.jupiter.engine.descriptor.ClassBasedTestDescriptor.invokeTestInstancePostProcessors(ClassBasedTestDescriptor.java:377)
	at org.junit.jupiter.engine.descriptor.ClassBasedTestDescriptor.lambda$instantiateAndPostProcessTestInstance$7(ClassBasedTestDescriptor.java:290)
	at org.junit.platform.engine.support.hierarchical.ThrowableCollector.execute(ThrowableCollector.java:73)
	at org.junit.jupiter.engine.descriptor.ClassBasedTestDescriptor.instantiateAndPostProcessTestInstance(ClassBasedTestDescriptor.java:289)
	at org.junit.jupiter.engine.descriptor.ClassBasedTestDescriptor.lambda$testInstancesProvider$5(ClassBasedTestDescriptor.java:279)
	at java.base/java.util.Optional.orElseGet(Optional.java:364)
	at org.junit.jupiter.engine.descriptor.ClassBasedTestDescriptor.lambda$testInstancesProvider$6(ClassBasedTestDescriptor.java:278)
	at org.junit.jupiter.engine.execution.TestInstancesProvider.getTestInstances(TestInstancesProvider.java:31)
	at org.junit.jupiter.engine.descriptor.TestMethodTestDescriptor.lambda$prepare$1(TestMethodTestDescriptor.java:105)
	at org.junit.platform.engine.support.hierarchical.ThrowableCollector.execute(ThrowableCollector.java:73)
	at org.junit.jupiter.engine.descriptor.TestMethodTestDescriptor.prepare(TestMethodTestDescriptor.java:104)
	at org.junit.jupiter.engine.descriptor.TestMethodTestDescriptor.prepare(TestMethodTestDescriptor.java:68)
	at org.junit.platform.engine.support.hierarchical.NodeTestTask.lambda$prepare$2(NodeTestTask.java:128)
	at org.junit.platform.engine.support.hierarchical.ThrowableCollector.execute(ThrowableCollector.java:73)
	at org.junit.platform.engine.support.hierarchical.NodeTestTask.prepare(NodeTestTask.java:128)
	at org.junit.platform.engine.support.hierarchical.NodeTestTask.execute(NodeTestTask.java:95)
	at java.base/java.util.ArrayList.forEach(ArrayList.java:1511)
	at org.junit.platform.engine.support.hierarchical.SameThreadHierarchicalTestExecutorService.invokeAll(SameThreadHierarchicalTestExecutorService.java:41)
	at org.junit.platform.engine.support.hierarchical.NodeTestTask.lambda$executeRecursively$6(NodeTestTask.java:160)
	at org.junit.platform.engine.support.hierarchical.ThrowableCollector.execute(ThrowableCollector.java:73)
	at org.junit.platform.engine.support.hierarchical.NodeTestTask.lambda$executeRecursively$8(NodeTestTask.java:146)
	at org.junit.platform.engine.support.hierarchical.Node.around(Node.java:137)
	at org.junit.platform.engine.support.hierarchical.NodeTestTask.lambda$executeRecursively$9(NodeTestTask.java:144)
	at org.junit.platform.engine.support.hierarchical.ThrowableCollector.execute(ThrowableCollector.java:73)
	at org.junit.platform.engine.support.hierarchical.NodeTestTask.executeRecursively(NodeTestTask.java:143)
	at org.junit.platform.engine.support.hierarchical.NodeTestTask.execute(NodeTestTask.java:100)
	at java.base/java.util.ArrayList.forEach(ArrayList.java:1511)
	at org.junit.platform.engine.support.hierarchical.SameThreadHierarchicalTestExecutorService.invokeAll(SameThreadHierarchicalTestExecutorService.java:41)
	at org.junit.platform.engine.support.hierarchical.NodeTestTask.lambda$executeRecursively$6(NodeTestTask.java:160)
	at org.junit.platform.engine.support.hierarchical.ThrowableCollector.execute(ThrowableCollector.java:73)
	at org.junit.platform.engine.support.hierarchical.NodeTestTask.lambda$executeRecursively$8(NodeTestTask.java:146)
	at org.junit.platform.engine.support.hierarchical.Node.around(Node.java:137)
	at org.junit.platform.engine.support.hierarchical.NodeTestTask.lambda$executeRecursively$9(NodeTestTask.java:144)
	at org.junit.platform.engine.support.hierarchical.ThrowableCollector.execute(ThrowableCollector.java:73)
	at org.junit.platform.engine.support.hierarchical.NodeTestTask.executeRecursively(NodeTestTask.java:143)
	at org.junit.platform.engine.support.hierarchical.NodeTestTask.execute(NodeTestTask.java:100)
	at org.junit.platform.engine.support.hierarchical.SameThreadHierarchicalTestExecutorService.submit(SameThreadHierarchicalTestExecutorService.java:35)
	at org.junit.platform.engine.support.hierarchical.HierarchicalTestExecutor.execute(HierarchicalTestExecutor.java:57)
	at org.junit.platform.engine.support.hierarchical.HierarchicalTestEngine.execute(HierarchicalTestEngine.java:54)
	at org.junit.platform.launcher.core.EngineExecutionOrchestrator.execute(EngineExecutionOrchestrator.java:198)
	at org.junit.platform.launcher.core.EngineExecutionOrchestrator.execute(EngineExecutionOrchestrator.java:169)
	at org.junit.platform.launcher.core.EngineExecutionOrchestrator.execute(EngineExecutionOrchestrator.java:93)
	at org.junit.platform.launcher.core.EngineExecutionOrchestrator.lambda$execute$0(EngineExecutionOrchestrator.java:58)
	at org.junit.platform.launcher.core.EngineExecutionOrchestrator.withInterceptedStreams(EngineExecutionOrchestrator.java:141)
	at org.junit.platform.launcher.core.EngineExecutionOrchestrator.execute(EngineExecutionOrchestrator.java:57)
	at org.junit.platform.launcher.core.DefaultLauncher.execute(DefaultLauncher.java:103)
	at org.junit.platform.launcher.core.DefaultLauncher.execute(DefaultLauncher.java:85)
	at org.junit.platform.launcher.core.DelegatingLauncher.execute(DelegatingLauncher.java:47)
	at org.gradle.api.internal.tasks.testing.junitplatform.JUnitPlatformTestClassProcessor$CollectAllTestClassesExecutor.processAllTestClasses(JUnitPlatformTestClassProcessor.java:124)
	at org.gradle.api.internal.tasks.testing.junitplatform.JUnitPlatformTestClassProcessor$CollectAllTestClassesExecutor.access$000(JUnitPlatformTestClassProcessor.java:99)
	at org.gradle.api.internal.tasks.testing.junitplatform.JUnitPlatformTestClassProcessor.stop(JUnitPlatformTestClassProcessor.java:94)
	at org.gradle.api.internal.tasks.testing.SuiteTestClassProcessor.stop(SuiteTestClassProcessor.java:63)
	at java.base/jdk.internal.reflect.NativeMethodAccessorImpl.invoke0(Native Method)
	at java.base/jdk.internal.reflect.NativeMethodAccessorImpl.invoke(NativeMethodAccessorImpl.java:77)
	at java.base/jdk.internal.reflect.DelegatingMethodAccessorImpl.invoke(DelegatingMethodAccessorImpl.java:43)
	at java.base/java.lang.reflect.Method.invoke(Method.java:569)
	at org.gradle.internal.dispatch.ReflectionDispatch.dispatch(ReflectionDispatch.java:36)
	at org.gradle.internal.dispatch.ReflectionDispatch.dispatch(ReflectionDispatch.java:24)
	at org.gradle.internal.dispatch.ContextClassLoaderDispatch.dispatch(ContextClassLoaderDispatch.java:33)
	at org.gradle.internal.dispatch.ProxyDispatchAdapter$DispatchingInvocationHandler.invoke(ProxyDispatchAdapter.java:92)
	at jdk.proxy1/jdk.proxy1.$Proxy4.stop(Unknown Source)
	at org.gradle.api.internal.tasks.testing.worker.TestWorker$3.run(TestWorker.java:200)
	at org.gradle.api.internal.tasks.testing.worker.TestWorker.executeAndMaintainThreadName(TestWorker.java:132)
	at org.gradle.api.internal.tasks.testing.worker.TestWorker.execute(TestWorker.java:103)
	at org.gradle.api.internal.tasks.testing.worker.TestWorker.execute(TestWorker.java:63)
	at org.gradle.process.internal.worker.child.ActionExecutionWorker.execute(ActionExecutionWorker.java:56)
	at org.gradle.process.internal.worker.child.SystemApplicationClassLoaderWorker.call(SystemApplicationClassLoaderWorker.java:121)
	at org.gradle.process.internal.worker.child.SystemApplicationClassLoaderWorker.call(SystemApplicationClassLoaderWorker.java:71)
	at worker.org.gradle.process.internal.worker.GradleWorkerMain.run(GradleWorkerMain.java:69)
	at worker.org.gradle.process.internal.worker.GradleWorkerMain.main(GradleWorkerMain.java:74)
26-06-07 22:14:03.091 [Test worker] WARN  o.s.test.context.TestContextManager  - Caught exception while allowing TestExecutionListener [org.springframework.test.context.support.DependencyInjectionTestExecutionListener] to prepare test instance [com.sprint.mission.discodeit.repository.UserRepositoryTest@645d4639]
java.lang.IllegalStateException: ApplicationContext failure threshold (1) exceeded: skipping repeated attempt to load context for [MergedContextConfiguration@35a9e665 testClass = com.sprint.mission.discodeit.repository.UserRepositoryTest, locations = [], classes = [com.sprint.mission.discodeit.DiscodeitApplication], contextInitializerClasses = [], activeProfiles = ["test"], propertySourceDescriptors = [], propertySourceProperties = ["org.springframework.boot.test.autoconfigure.orm.jpa.DataJpaTestContextBootstrapper=true"], contextCustomizers = [org.springframework.boot.test.autoconfigure.OnFailureConditionReportContextCustomizerFactory$OnFailureConditionReportContextCustomizer@33aeca0b, org.springframework.boot.test.autoconfigure.OverrideAutoConfigurationContextCustomizerFactory$DisableAutoConfigurationContextCustomizer@4ba302e0, org.springframework.boot.test.autoconfigure.actuate.observability.ObservabilityContextCustomizerFactory$DisableObservabilityContextCustomizer@1f, org.springframework.boot.test.autoconfigure.filter.TypeExcludeFiltersContextCustomizer@34be3d80, org.springframework.boot.test.autoconfigure.properties.PropertyMappingContextCustomizer@78d2368, org.springframework.boot.test.autoconfigure.web.servlet.WebDriverContextCustomizer@2313052e, [ImportsContextCustomizer@362be0cd key = [@org.springframework.boot.test.autoconfigure.orm.jpa.AutoConfigureDataJpa(), @org.springframework.boot.test.autoconfigure.orm.jpa.AutoConfigureTestEntityManager(), @org.springframework.boot.test.autoconfigure.jdbc.AutoConfigureTestDatabase(connection=NONE, replace=NON_TEST), @org.springframework.boot.test.autoconfigure.filter.TypeExcludeFilters(value={org.springframework.boot.test.autoconfigure.orm.jpa.DataJpaTypeExcludeFilter.class}), @org.springframework.boot.test.autoconfigure.core.AutoConfigureCache(cacheProvider=NONE), @org.springframework.transaction.annotation.Transactional(isolation=DEFAULT, label={}, noRollbackFor={}, noRollbackForClassName={}, propagation=REQUIRED, readOnly=false, rollbackFor={}, rollbackForClassName={}, timeout=-1, timeoutString="", transactionManager="", value=""), @org.springframework.context.annotation.Import(value={org.springframework.data.jpa.repository.config.JpaAuditingRegistrar.class}), @org.springframework.aot.hint.annotation.Reflective(processors={org.springframework.aot.hint.annotation.SimpleReflectiveProcessor.class}, value={org.springframework.aot.hint.annotation.SimpleReflectiveProcessor.class}), @org.springframework.context.annotation.Import(value={org.springframework.boot.autoconfigure.ImportAutoConfigurationImportSelector.class}), @org.springframework.data.jpa.repository.config.EnableJpaAuditing(auditorAwareRef="", setDates=true, modifyOnCreate=true, dateTimeProviderRef=""), @org.springframework.boot.test.autoconfigure.properties.PropertyMapping(skip=NO, value="spring.test.database"), @org.springframework.test.context.BootstrapWith(value=org.springframework.boot.test.autoconfigure.orm.jpa.DataJpaTestContextBootstrapper.class), @org.springframework.boot.autoconfigure.ImportAutoConfiguration(classes={}, exclude={}, value={}), @org.springframework.boot.test.autoconfigure.orm.jpa.DataJpaTest(bootstrapMode=DEFAULT, excludeAutoConfiguration={}, excludeFilters={}, includeFilters={}, properties={}, showSql=true, useDefaultFilters=true), @org.springframework.test.context.ActiveProfiles(inheritProfiles=true, profiles={"test"}, resolver=org.springframework.test.context.ActiveProfilesResolver.class, value={"test"}), @org.springframework.boot.test.autoconfigure.OverrideAutoConfiguration(enabled=false)]], org.springframework.boot.test.context.filter.ExcludeFilterContextCustomizer@354fc8f0, org.springframework.boot.test.json.DuplicateJsonObjectContextCustomizerFactory$DuplicateJsonObjectContextCustomizer@5b43fbf6, org.springframework.boot.test.mock.mockito.MockitoContextCustomizer@0, org.springframework.boot.test.web.reactor.netty.DisableReactorResourceFactoryGlobalResourcesContextCustomizerFactory$DisableReactorResourceFactoryGlobalResourcesContextCustomizerCustomizer@3dddefd8, org.springframework.test.context.support.DynamicPropertiesContextCustomizer@0, org.springframework.boot.test.context.SpringBootTestAnnotation@f44ea2f], contextLoader = org.springframework.boot.test.context.SpringBootContextLoader, parent = null]
	at org.springframework.test.context.cache.DefaultCacheAwareContextLoaderDelegate.loadContext(DefaultCacheAwareContextLoaderDelegate.java:145)
	at org.springframework.test.context.support.DefaultTestContext.getApplicationContext(DefaultTestContext.java:130)
	at org.springframework.test.context.support.DependencyInjectionTestExecutionListener.injectDependencies(DependencyInjectionTestExecutionListener.java:142)
	at org.springframework.test.context.support.DependencyInjectionTestExecutionListener.prepareTestInstance(DependencyInjectionTestExecutionListener.java:98)
	at org.springframework.test.context.TestContextManager.prepareTestInstance(TestContextManager.java:260)
	at org.springframework.test.context.junit.jupiter.SpringExtension.postProcessTestInstance(SpringExtension.java:160)
	at org.junit.jupiter.engine.descriptor.ClassBasedTestDescriptor.lambda$invokeTestInstancePostProcessors$11(ClassBasedTestDescriptor.java:378)
	at org.junit.jupiter.engine.descriptor.ClassBasedTestDescriptor.executeAndMaskThrowable(ClassBasedTestDescriptor.java:383)
	at org.junit.jupiter.engine.descriptor.ClassBasedTestDescriptor.lambda$invokeTestInstancePostProcessors$12(ClassBasedTestDescriptor.java:378)
	at java.base/java.util.stream.ForEachOps$ForEachOp$OfRef.accept(ForEachOps.java:183)
	at java.base/java.util.stream.ReferencePipeline$3$1.accept(ReferencePipeline.java:197)
	at java.base/java.util.stream.ReferencePipeline$2$1.accept(ReferencePipeline.java:179)
	at java.base/java.util.stream.ReferencePipeline$3$1.accept(ReferencePipeline.java:197)
	at java.base/java.util.ArrayList$ArrayListSpliterator.forEachRemaining(ArrayList.java:1625)
	at java.base/java.util.stream.AbstractPipeline.copyInto(AbstractPipeline.java:509)
	at java.base/java.util.stream.AbstractPipeline.wrapAndCopyInto(AbstractPipeline.java:499)
	at java.base/java.util.stream.ForEachOps$ForEachOp.evaluateSequential(ForEachOps.java:150)
	at java.base/java.util.stream.ForEachOps$ForEachOp$OfRef.evaluateSequential(ForEachOps.java:173)
	at java.base/java.util.stream.AbstractPipeline.evaluate(AbstractPipeline.java:234)
	at java.base/java.util.stream.ReferencePipeline.forEach(ReferencePipeline.java:596)
	at org.junit.jupiter.engine.descriptor.ClassBasedTestDescriptor.invokeTestInstancePostProcessors(ClassBasedTestDescriptor.java:377)
	at org.junit.jupiter.engine.descriptor.ClassBasedTestDescriptor.lambda$instantiateAndPostProcessTestInstance$7(ClassBasedTestDescriptor.java:290)
	at org.junit.platform.engine.support.hierarchical.ThrowableCollector.execute(ThrowableCollector.java:73)
	at org.junit.jupiter.engine.descriptor.ClassBasedTestDescriptor.instantiateAndPostProcessTestInstance(ClassBasedTestDescriptor.java:289)
	at org.junit.jupiter.engine.descriptor.ClassBasedTestDescriptor.lambda$testInstancesProvider$5(ClassBasedTestDescriptor.java:279)
	at java.base/java.util.Optional.orElseGet(Optional.java:364)
	at org.junit.jupiter.engine.descriptor.ClassBasedTestDescriptor.lambda$testInstancesProvider$6(ClassBasedTestDescriptor.java:278)
	at org.junit.jupiter.engine.execution.TestInstancesProvider.getTestInstances(TestInstancesProvider.java:31)
	at org.junit.jupiter.engine.descriptor.TestMethodTestDescriptor.lambda$prepare$1(TestMethodTestDescriptor.java:105)
	at org.junit.platform.engine.support.hierarchical.ThrowableCollector.execute(ThrowableCollector.java:73)
	at org.junit.jupiter.engine.descriptor.TestMethodTestDescriptor.prepare(TestMethodTestDescriptor.java:104)
	at org.junit.jupiter.engine.descriptor.TestMethodTestDescriptor.prepare(TestMethodTestDescriptor.java:68)
	at org.junit.platform.engine.support.hierarchical.NodeTestTask.lambda$prepare$2(NodeTestTask.java:128)
	at org.junit.platform.engine.support.hierarchical.ThrowableCollector.execute(ThrowableCollector.java:73)
	at org.junit.platform.engine.support.hierarchical.NodeTestTask.prepare(NodeTestTask.java:128)
	at org.junit.platform.engine.support.hierarchical.NodeTestTask.execute(NodeTestTask.java:95)
	at java.base/java.util.ArrayList.forEach(ArrayList.java:1511)
	at org.junit.platform.engine.support.hierarchical.SameThreadHierarchicalTestExecutorService.invokeAll(SameThreadHierarchicalTestExecutorService.java:41)
	at org.junit.platform.engine.support.hierarchical.NodeTestTask.lambda$executeRecursively$6(NodeTestTask.java:160)
	at org.junit.platform.engine.support.hierarchical.ThrowableCollector.execute(ThrowableCollector.java:73)
	at org.junit.platform.engine.support.hierarchical.NodeTestTask.lambda$executeRecursively$8(NodeTestTask.java:146)
	at org.junit.platform.engine.support.hierarchical.Node.around(Node.java:137)
	at org.junit.platform.engine.support.hierarchical.NodeTestTask.lambda$executeRecursively$9(NodeTestTask.java:144)
	at org.junit.platform.engine.support.hierarchical.ThrowableCollector.execute(ThrowableCollector.java:73)
	at org.junit.platform.engine.support.hierarchical.NodeTestTask.executeRecursively(NodeTestTask.java:143)
	at org.junit.platform.engine.support.hierarchical.NodeTestTask.execute(NodeTestTask.java:100)
	at java.base/java.util.ArrayList.forEach(ArrayList.java:1511)
	at org.junit.platform.engine.support.hierarchical.SameThreadHierarchicalTestExecutorService.invokeAll(SameThreadHierarchicalTestExecutorService.java:41)
	at org.junit.platform.engine.support.hierarchical.NodeTestTask.lambda$executeRecursively$6(NodeTestTask.java:160)
	at org.junit.platform.engine.support.hierarchical.ThrowableCollector.execute(ThrowableCollector.java:73)
	at org.junit.platform.engine.support.hierarchical.NodeTestTask.lambda$executeRecursively$8(NodeTestTask.java:146)
	at org.junit.platform.engine.support.hierarchical.Node.around(Node.java:137)
	at org.junit.platform.engine.support.hierarchical.NodeTestTask.lambda$executeRecursively$9(NodeTestTask.java:144)
	at org.junit.platform.engine.support.hierarchical.ThrowableCollector.execute(ThrowableCollector.java:73)
	at org.junit.platform.engine.support.hierarchical.NodeTestTask.executeRecursively(NodeTestTask.java:143)
	at org.junit.platform.engine.support.hierarchical.NodeTestTask.execute(NodeTestTask.java:100)
	at org.junit.platform.engine.support.hierarchical.SameThreadHierarchicalTestExecutorService.submit(SameThreadHierarchicalTestExecutorService.java:35)
	at org.junit.platform.engine.support.hierarchical.HierarchicalTestExecutor.execute(HierarchicalTestExecutor.java:57)
	at org.junit.platform.engine.support.hierarchical.HierarchicalTestEngine.execute(HierarchicalTestEngine.java:54)
	at org.junit.platform.launcher.core.EngineExecutionOrchestrator.execute(EngineExecutionOrchestrator.java:198)
	at org.junit.platform.launcher.core.EngineExecutionOrchestrator.execute(EngineExecutionOrchestrator.java:169)
	at org.junit.platform.launcher.core.EngineExecutionOrchestrator.execute(EngineExecutionOrchestrator.java:93)
	at org.junit.platform.launcher.core.EngineExecutionOrchestrator.lambda$execute$0(EngineExecutionOrchestrator.java:58)
	at org.junit.platform.launcher.core.EngineExecutionOrchestrator.withInterceptedStreams(EngineExecutionOrchestrator.java:141)
	at org.junit.platform.launcher.core.EngineExecutionOrchestrator.execute(EngineExecutionOrchestrator.java:57)
	at org.junit.platform.launcher.core.DefaultLauncher.execute(DefaultLauncher.java:103)
	at org.junit.platform.launcher.core.DefaultLauncher.execute(DefaultLauncher.java:85)
	at org.junit.platform.launcher.core.DelegatingLauncher.execute(DelegatingLauncher.java:47)
	at org.gradle.api.internal.tasks.testing.junitplatform.JUnitPlatformTestClassProcessor$CollectAllTestClassesExecutor.processAllTestClasses(JUnitPlatformTestClassProcessor.java:124)
	at org.gradle.api.internal.tasks.testing.junitplatform.JUnitPlatformTestClassProcessor$CollectAllTestClassesExecutor.access$000(JUnitPlatformTestClassProcessor.java:99)
	at org.gradle.api.internal.tasks.testing.junitplatform.JUnitPlatformTestClassProcessor.stop(JUnitPlatformTestClassProcessor.java:94)
	at org.gradle.api.internal.tasks.testing.SuiteTestClassProcessor.stop(SuiteTestClassProcessor.java:63)
	at java.base/jdk.internal.reflect.NativeMethodAccessorImpl.invoke0(Native Method)
	at java.base/jdk.internal.reflect.NativeMethodAccessorImpl.invoke(NativeMethodAccessorImpl.java:77)
	at java.base/jdk.internal.reflect.DelegatingMethodAccessorImpl.invoke(DelegatingMethodAccessorImpl.java:43)
	at java.base/java.lang.reflect.Method.invoke(Method.java:569)
	at org.gradle.internal.dispatch.ReflectionDispatch.dispatch(ReflectionDispatch.java:36)
	at org.gradle.internal.dispatch.ReflectionDispatch.dispatch(ReflectionDispatch.java:24)
	at org.gradle.internal.dispatch.ContextClassLoaderDispatch.dispatch(ContextClassLoaderDispatch.java:33)
	at org.gradle.internal.dispatch.ProxyDispatchAdapter$DispatchingInvocationHandler.invoke(ProxyDispatchAdapter.java:92)
	at jdk.proxy1/jdk.proxy1.$Proxy4.stop(Unknown Source)
	at org.gradle.api.internal.tasks.testing.worker.TestWorker$3.run(TestWorker.java:200)
	at org.gradle.api.internal.tasks.testing.worker.TestWorker.executeAndMaintainThreadName(TestWorker.java:132)
	at org.gradle.api.internal.tasks.testing.worker.TestWorker.execute(TestWorker.java:103)
	at org.gradle.api.internal.tasks.testing.worker.TestWorker.execute(TestWorker.java:63)
	at org.gradle.process.internal.worker.child.ActionExecutionWorker.execute(ActionExecutionWorker.java:56)
	at org.gradle.process.internal.worker.child.SystemApplicationClassLoaderWorker.call(SystemApplicationClassLoaderWorker.java:121)
	at org.gradle.process.internal.worker.child.SystemApplicationClassLoaderWorker.call(SystemApplicationClassLoaderWorker.java:71)
	at worker.org.gradle.process.internal.worker.GradleWorkerMain.run(GradleWorkerMain.java:69)
	at worker.org.gradle.process.internal.worker.GradleWorkerMain.main(GradleWorkerMain.java:74)
26-06-07 22:14:03.314 [Test worker] INFO  c.s.m.d.s.basic.BasicChannelService  - Channel deleted: id=c687a15e-e1bf-4a21-929a-a417a35fe168
26-06-07 22:14:03.319 [Test worker] INFO  c.s.m.d.s.basic.BasicChannelService  - Public channel created: id=null, name=general
26-06-07 22:14:03.324 [Test worker] INFO  c.s.m.d.s.basic.BasicChannelService  - Private channel created: id=null
26-06-07 22:14:03.326 [Test worker] INFO  c.s.m.d.s.basic.BasicChannelService  - Channel updated: id=34f99462-3e7e-4e3d-82f1-a4b9b2a70577
26-06-07 22:14:03.342 [Test worker] INFO  s.AnnotationConfigContextLoaderUtils - Could not detect default configuration classes for test class [com.sprint.mission.discodeit.DiscodeitApplicationTests]: DiscodeitApplicationTests does not declare any static, non-private, non-final, nested classes annotated with @Configuration.
26-06-07 22:14:03.348 [Test worker] INFO  .c.SpringBootTestContextBootstrapper - Found @SpringBootConfiguration com.sprint.mission.discodeit.DiscodeitApplication for test class com.sprint.mission.discodeit.DiscodeitApplicationTests
26-06-07 22:14:03.373 [Test worker] INFO  c.s.m.d.DiscodeitApplicationTests    - Starting DiscodeitApplicationTests using Java 17.0.18 with PID 58589 (started by yuj in /Users/yuj/java/sprint_mission)
26-06-07 22:14:03.374 [Test worker] DEBUG c.s.m.d.DiscodeitApplicationTests    - Running with Spring Boot v3.4.0, Spring v6.2.0
26-06-07 22:14:03.374 [Test worker] INFO  c.s.m.d.DiscodeitApplicationTests    - The following 1 profile is active: "test"
26-06-07 22:14:03.691 [Test worker] INFO  .r.c.RepositoryConfigurationDelegate - Bootstrapping Spring Data JPA repositories in DEFAULT mode.
26-06-07 22:14:03.720 [Test worker] INFO  .r.c.RepositoryConfigurationDelegate - Finished Spring Data repository scanning in 25 ms. Found 6 JPA repository interfaces.
26-06-07 22:14:03.924 [Test worker] INFO  o.h.jpa.internal.util.LogHelper      - HHH000204: Processing PersistenceUnitInfo [name: default]
26-06-07 22:14:03.947 [Test worker] INFO  org.hibernate.Version                - HHH000412: Hibernate ORM core version 6.6.2.Final
26-06-07 22:14:03.960 [Test worker] INFO  o.h.c.i.RegionFactoryInitiator       - HHH000026: Second-level cache disabled
26-06-07 22:14:04.008 [Test worker] INFO  o.s.o.j.p.SpringPersistenceUnitInfo  - No LoadTimeWeaver setup: ignoring JPA class transformer
26-06-07 22:14:04.019 [Test worker] INFO  com.zaxxer.hikari.HikariDataSource   - HikariPool-1 - Starting...
26-06-07 22:14:04.097 [Test worker] INFO  com.zaxxer.hikari.pool.HikariPool    - HikariPool-1 - Added connection conn0: url=jdbc:h2:mem:testdb user=SA
26-06-07 22:14:04.098 [Test worker] INFO  com.zaxxer.hikari.HikariDataSource   - HikariPool-1 - Start completed.
26-06-07 22:14:04.109 [Test worker] WARN  org.hibernate.orm.deprecation        - HHH90000025: H2Dialect does not need to be specified explicitly using 'hibernate.dialect' (remove the property setting and it will be selected by default)
26-06-07 22:14:04.120 [Test worker] INFO  o.hibernate.orm.connections.pooling  - HHH10001005: Database info:
	Database JDBC URL [Connecting through datasource 'HikariDataSource (HikariPool-1)']
	Database driver: undefined/unknown
	Database version: 2.3.232
	Autocommit mode: undefined/unknown
	Isolation level: undefined/unknown
	Minimum pool size: undefined/unknown
	Maximum pool size: undefined/unknown
26-06-07 22:14:04.474 [Test worker] INFO  o.h.e.t.j.p.i.JtaPlatformInitiator   - HHH000489: No JTA platform available (set 'hibernate.transaction.jta.platform' to enable JTA platform integration)
26-06-07 22:14:04.480 [Test worker] DEBUG org.hibernate.SQL                    - 
    drop table if exists binary_contents cascade 
26-06-07 22:14:04.481 [Test worker] DEBUG org.hibernate.SQL                    - 
    drop table if exists channels cascade 
26-06-07 22:14:04.481 [Test worker] DEBUG org.hibernate.SQL                    - 
    drop table if exists message_attachments cascade 
26-06-07 22:14:04.482 [Test worker] DEBUG org.hibernate.SQL                    - 
    drop table if exists messages cascade 
26-06-07 22:14:04.482 [Test worker] DEBUG org.hibernate.SQL                    - 
    drop table if exists read_statuses cascade 
26-06-07 22:14:04.482 [Test worker] DEBUG org.hibernate.SQL                    - 
    drop table if exists user_statuses cascade 
26-06-07 22:14:04.482 [Test worker] DEBUG org.hibernate.SQL                    - 
    drop table if exists users cascade 
26-06-07 22:14:04.484 [Test worker] DEBUG org.hibernate.SQL                    - 
    create table binary_contents (
        created_at timestamp(6) with time zone not null,
        size bigint not null,
        id uuid not null,
        content_type varchar(255) not null,
        file_name varchar(255) not null,
        primary key (id)
    )
26-06-07 22:14:04.488 [Test worker] DEBUG org.hibernate.SQL                    - 
    create table channels (
        created_at timestamp(6) with time zone not null,
        updated_at timestamp(6) with time zone,
        id uuid not null,
        name varchar(100),
        description varchar(500),
        type enum ('PRIVATE','PUBLIC') not null,
        primary key (id)
    )
26-06-07 22:14:04.489 [Test worker] DEBUG org.hibernate.SQL                    - 
    create table message_attachments (
        attachment_id uuid not null,
        message_id uuid not null
    )
26-06-07 22:14:04.489 [Test worker] DEBUG org.hibernate.SQL                    - 
    create table messages (
        created_at timestamp(6) with time zone not null,
        updated_at timestamp(6) with time zone,
        author_id uuid,
        channel_id uuid not null,
        id uuid not null,
        content text,
        primary key (id)
    )
26-06-07 22:14:04.490 [Test worker] DEBUG org.hibernate.SQL                    - 
    create table read_statuses (
        created_at timestamp(6) with time zone not null,
        last_read_at timestamp(6) with time zone not null,
        updated_at timestamp(6) with time zone,
        channel_id uuid not null,
        id uuid not null,
        user_id uuid not null,
        primary key (id),
        unique (user_id, channel_id)
    )
26-06-07 22:14:04.491 [Test worker] DEBUG org.hibernate.SQL                    - 
    create table user_statuses (
        created_at timestamp(6) with time zone not null,
        last_active_at timestamp(6) with time zone not null,
        updated_at timestamp(6) with time zone,
        id uuid not null,
        user_id uuid not null unique,
        primary key (id)
    )
26-06-07 22:14:04.491 [Test worker] DEBUG org.hibernate.SQL                    - 
    create table users (
        created_at timestamp(6) with time zone not null,
        updated_at timestamp(6) with time zone,
        id uuid not null,
        profile_id uuid unique,
        username varchar(50) not null unique,
        password varchar(60) not null,
        email varchar(100) not null unique,
        primary key (id)
    )
26-06-07 22:14:04.492 [Test worker] DEBUG org.hibernate.SQL                    - 
    alter table if exists message_attachments 
       add constraint FKsd1m8rb8jcpbcnb7rpdue7ctc 
       foreign key (attachment_id) 
       references binary_contents
26-06-07 22:14:04.497 [Test worker] DEBUG org.hibernate.SQL                    - 
    alter table if exists message_attachments 
       add constraint FKj7twd218e2gqw9cmlhwvo1rth 
       foreign key (message_id) 
       references messages
26-06-07 22:14:04.498 [Test worker] DEBUG org.hibernate.SQL                    - 
    alter table if exists messages 
       add constraint FKowtlim26svclkatusptbgi7u1 
       foreign key (author_id) 
       references users
26-06-07 22:14:04.499 [Test worker] DEBUG org.hibernate.SQL                    - 
    alter table if exists messages 
       add constraint FK3u3ckbhwq9se1cmopk2pq05b2 
       foreign key (channel_id) 
       references channels
26-06-07 22:14:04.499 [Test worker] DEBUG org.hibernate.SQL                    - 
    alter table if exists read_statuses 
       add constraint FKa38ri44ml4gfdpklx4ahqr8gd 
       foreign key (channel_id) 
       references channels
26-06-07 22:14:04.500 [Test worker] DEBUG org.hibernate.SQL                    - 
    alter table if exists read_statuses 
       add constraint FKml3k4wr9sj5yxrmj6d0aoib2e 
       foreign key (user_id) 
       references users
26-06-07 22:14:04.501 [Test worker] DEBUG org.hibernate.SQL                    - 
    alter table if exists user_statuses 
       add constraint FK4lfl3ei2ubchgcxrrpo3pw4mm 
       foreign key (user_id) 
       references users
26-06-07 22:14:04.501 [Test worker] DEBUG org.hibernate.SQL                    - 
    alter table if exists users 
       add constraint FKtbudycgrip49xdptogmhfqnso 
       foreign key (profile_id) 
       references binary_contents
26-06-07 22:14:04.504 [Test worker] INFO  calContainerEntityManagerFactoryBean - Initialized JPA EntityManagerFactory for persistence unit 'default'
26-06-07 22:14:04.740 [Test worker] INFO  o.s.d.j.r.query.QueryEnhancerFactory - Hibernate is in classpath; If applicable, HQL parser will be used.
26-06-07 22:14:05.664 [Test worker] INFO  o.s.b.a.e.web.EndpointLinksResolver  - Exposing 4 endpoints beneath base path '/actuator'
26-06-07 22:14:05.704 [Test worker] INFO  c.s.m.d.DiscodeitApplicationTests    - Started DiscodeitApplicationTests in 2.352 seconds (process running for 4.398)
26-06-07 22:14:05.734 [Test worker] INFO  s.AnnotationConfigContextLoaderUtils - Could not detect default configuration classes for test class [com.sprint.mission.discodeit.integration.ChannelIntegrationTest]: ChannelIntegrationTest does not declare any static, non-private, non-final, nested classes annotated with @Configuration.
26-06-07 22:14:05.739 [Test worker] INFO  .c.SpringBootTestContextBootstrapper - Found @SpringBootConfiguration com.sprint.mission.discodeit.DiscodeitApplication for test class com.sprint.mission.discodeit.integration.ChannelIntegrationTest
26-06-07 22:14:05.773 [Test worker] DEBUG org.hibernate.SQL                    - 
    select
        u1_0.id 
    from
        users u1_0 
    where
        u1_0.email=? 
    fetch
        first ? rows only
26-06-07 22:14:05.775 [Test worker] TRACE org.hibernate.orm.jdbc.bind          - binding parameter (1:VARCHAR) <- [listuser@email.com]
26-06-07 22:14:05.775 [Test worker] TRACE org.hibernate.orm.jdbc.bind          - binding parameter (2:INTEGER) <- [1]
26-06-07 22:14:05.789 [Test worker] DEBUG org.hibernate.SQL                    - 
    select
        u1_0.id 
    from
        users u1_0 
    where
        u1_0.username=? 
    fetch
        first ? rows only
26-06-07 22:14:05.789 [Test worker] TRACE org.hibernate.orm.jdbc.bind          - binding parameter (1:VARCHAR) <- [listuser]
26-06-07 22:14:05.789 [Test worker] TRACE org.hibernate.orm.jdbc.bind          - binding parameter (2:INTEGER) <- [1]
26-06-07 22:14:05.806 [Test worker] INFO  c.s.m.d.s.basic.BasicUserService     - User created: id=82e3797f-a85a-4ce3-825c-ca9050f20002, username=listuser
26-06-07 22:14:05.808 [Test worker] INFO  c.s.m.d.s.basic.BasicChannelService  - Public channel created: id=372f50ab-a623-4c03-8bd0-4921e18e73a4, name=pub1
26-06-07 22:14:05.808 [Test worker] INFO  c.s.m.d.s.basic.BasicChannelService  - Public channel created: id=a6f5bc4a-da02-46b8-91e2-e088964b1893, name=pub2
26-06-07 22:14:05.814 [Test worker] DEBUG org.hibernate.SQL                    - 
    select
        rs1_0.id,
        rs1_0.channel_id,
        rs1_0.created_at,
        rs1_0.last_read_at,
        rs1_0.updated_at,
        rs1_0.user_id 
    from
        read_statuses rs1_0 
    where
        rs1_0.user_id=?
26-06-07 22:14:05.814 [Test worker] TRACE org.hibernate.orm.jdbc.bind          - binding parameter (1:UUID) <- [82e3797f-a85a-4ce3-825c-ca9050f20002]
26-06-07 22:14:05.825 [Test worker] DEBUG org.hibernate.SQL                    - 
    insert 
    into
        users
        (created_at, email, password, profile_id, updated_at, username, id) 
    values
        (?, ?, ?, ?, ?, ?, ?)
26-06-07 22:14:05.826 [Test worker] TRACE org.hibernate.orm.jdbc.bind          - binding parameter (1:TIMESTAMP_UTC) <- [2026-06-07T13:14:05.797147Z]
26-06-07 22:14:05.826 [Test worker] TRACE org.hibernate.orm.jdbc.bind          - binding parameter (2:VARCHAR) <- [listuser@email.com]
26-06-07 22:14:05.826 [Test worker] TRACE org.hibernate.orm.jdbc.bind          - binding parameter (3:VARCHAR) <- [password123!]
26-06-07 22:14:05.826 [Test worker] TRACE org.hibernate.orm.jdbc.bind          - binding parameter (4:UUID) <- [null]
26-06-07 22:14:05.826 [Test worker] TRACE org.hibernate.orm.jdbc.bind          - binding parameter (5:TIMESTAMP_UTC) <- [2026-06-07T13:14:05.797147Z]
26-06-07 22:14:05.826 [Test worker] TRACE org.hibernate.orm.jdbc.bind          - binding parameter (6:VARCHAR) <- [listuser]
26-06-07 22:14:05.826 [Test worker] TRACE org.hibernate.orm.jdbc.bind          - binding parameter (7:UUID) <- [82e3797f-a85a-4ce3-825c-ca9050f20002]
26-06-07 22:14:05.827 [Test worker] DEBUG org.hibernate.SQL                    - 
    insert 
    into
        user_statuses
        (created_at, last_active_at, updated_at, user_id, id) 
    values
        (?, ?, ?, ?, ?)
26-06-07 22:14:05.828 [Test worker] TRACE org.hibernate.orm.jdbc.bind          - binding parameter (1:TIMESTAMP_UTC) <- [2026-06-07T13:14:05.805121Z]
26-06-07 22:14:05.828 [Test worker] TRACE org.hibernate.orm.jdbc.bind          - binding parameter (2:TIMESTAMP_UTC) <- [2026-06-07T13:14:05.804462Z]
26-06-07 22:14:05.828 [Test worker] TRACE org.hibernate.orm.jdbc.bind          - binding parameter (3:TIMESTAMP_UTC) <- [2026-06-07T13:14:05.805121Z]
26-06-07 22:14:05.828 [Test worker] TRACE org.hibernate.orm.jdbc.bind          - binding parameter (4:UUID) <- [82e3797f-a85a-4ce3-825c-ca9050f20002]
26-06-07 22:14:05.828 [Test worker] TRACE org.hibernate.orm.jdbc.bind          - binding parameter (5:UUID) <- [f02ec942-fa9e-4ca2-bc13-52fee52dbc6c]
26-06-07 22:14:05.828 [Test worker] DEBUG org.hibernate.SQL                    - 
    insert 
    into
        channels
        (created_at, description, name, type, updated_at, id) 
    values
        (?, ?, ?, ?, ?, ?)
26-06-07 22:14:05.828 [Test worker] TRACE org.hibernate.orm.jdbc.bind          - binding parameter (1:TIMESTAMP_UTC) <- [2026-06-07T13:14:05.807190Z]
26-06-07 22:14:05.828 [Test worker] TRACE org.hibernate.orm.jdbc.bind          - binding parameter (2:VARCHAR) <- [null]
26-06-07 22:14:05.828 [Test worker] TRACE org.hibernate.orm.jdbc.bind          - binding parameter (3:VARCHAR) <- [pub1]
26-06-07 22:14:05.828 [Test worker] TRACE org.hibernate.orm.jdbc.bind          - binding parameter (4:ENUM) <- [PUBLIC]
26-06-07 22:14:05.828 [Test worker] TRACE org.hibernate.orm.jdbc.bind          - binding parameter (5:TIMESTAMP_UTC) <- [2026-06-07T13:14:05.807190Z]
26-06-07 22:14:05.828 [Test worker] TRACE org.hibernate.orm.jdbc.bind          - binding parameter (6:UUID) <- [372f50ab-a623-4c03-8bd0-4921e18e73a4]
26-06-07 22:14:05.829 [Test worker] DEBUG org.hibernate.SQL                    - 
    insert 
    into
        channels
        (created_at, description, name, type, updated_at, id) 
    values
        (?, ?, ?, ?, ?, ?)
26-06-07 22:14:05.829 [Test worker] TRACE org.hibernate.orm.jdbc.bind          - binding parameter (1:TIMESTAMP_UTC) <- [2026-06-07T13:14:05.808369Z]
26-06-07 22:14:05.829 [Test worker] TRACE org.hibernate.orm.jdbc.bind          - binding parameter (2:VARCHAR) <- [null]
26-06-07 22:14:05.829 [Test worker] TRACE org.hibernate.orm.jdbc.bind          - binding parameter (3:VARCHAR) <- [pub2]
26-06-07 22:14:05.829 [Test worker] TRACE org.hibernate.orm.jdbc.bind          - binding parameter (4:ENUM) <- [PUBLIC]
26-06-07 22:14:05.829 [Test worker] TRACE org.hibernate.orm.jdbc.bind          - binding parameter (5:TIMESTAMP_UTC) <- [2026-06-07T13:14:05.808369Z]
26-06-07 22:14:05.829 [Test worker] TRACE org.hibernate.orm.jdbc.bind          - binding parameter (6:UUID) <- [a6f5bc4a-da02-46b8-91e2-e088964b1893]
26-06-07 22:14:05.829 [Test worker] DEBUG org.hibernate.SQL                    - 
    select
        c1_0.id,
        c1_0.created_at,
        c1_0.description,
        c1_0.name,
        c1_0.type,
        c1_0.updated_at 
    from
        channels c1_0
26-06-07 22:14:05.833 [Test worker] DEBUG org.hibernate.SQL                    - 
    select
        m1_0.channel_id,
        max(m1_0.created_at) 
    from
        messages m1_0 
    where
        m1_0.channel_id in (?, ?) 
    group by
        m1_0.channel_id
26-06-07 22:14:05.834 [Test worker] TRACE org.hibernate.orm.jdbc.bind          - binding parameter (1:UUID) <- [372f50ab-a623-4c03-8bd0-4921e18e73a4]
26-06-07 22:14:05.834 [Test worker] TRACE org.hibernate.orm.jdbc.bind          - binding parameter (2:UUID) <- [a6f5bc4a-da02-46b8-91e2-e088964b1893]
26-06-07 22:14:05.840 [Test worker] DEBUG org.hibernate.SQL                    - 
    select
        rs1_0.id,
        rs1_0.channel_id,
        rs1_0.created_at,
        rs1_0.last_read_at,
        rs1_0.updated_at,
        rs1_0.user_id,
        u1_0.id,
        u1_0.created_at,
        u1_0.email,
        u1_0.password,
        p1_0.id,
        p1_0.content_type,
        p1_0.created_at,
        p1_0.file_name,
        p1_0.size,
        s1_0.id,
        s1_0.created_at,
        s1_0.last_active_at,
        s1_0.updated_at,
        s1_0.user_id,
        u1_0.updated_at,
        u1_0.username 
    from
        read_statuses rs1_0 
    join
        users u1_0 
            on u1_0.id=rs1_0.user_id 
    left join
        binary_contents p1_0 
            on p1_0.id=u1_0.profile_id 
    left join
        user_statuses s1_0 
            on u1_0.id=s1_0.user_id 
    where
        rs1_0.channel_id in (?, ?)
26-06-07 22:14:05.841 [Test worker] TRACE org.hibernate.orm.jdbc.bind          - binding parameter (1:UUID) <- [372f50ab-a623-4c03-8bd0-4921e18e73a4]
26-06-07 22:14:05.841 [Test worker] TRACE org.hibernate.orm.jdbc.bind          - binding parameter (2:UUID) <- [a6f5bc4a-da02-46b8-91e2-e088964b1893]
26-06-07 22:14:05.848 [Test worker] DEBUG org.hibernate.SQL                    - 
    select
        u1_0.id 
    from
        users u1_0 
    where
        u1_0.email=? 
    fetch
        first ? rows only
26-06-07 22:14:05.849 [Test worker] TRACE org.hibernate.orm.jdbc.bind          - binding parameter (1:VARCHAR) <- [chuser@email.com]
26-06-07 22:14:05.849 [Test worker] TRACE org.hibernate.orm.jdbc.bind          - binding parameter (2:INTEGER) <- [1]
26-06-07 22:14:05.849 [Test worker] DEBUG org.hibernate.SQL                    - 
    select
        u1_0.id 
    from
        users u1_0 
    where
        u1_0.username=? 
    fetch
        first ? rows only
26-06-07 22:14:05.849 [Test worker] TRACE org.hibernate.orm.jdbc.bind          - binding parameter (1:VARCHAR) <- [chuser]
26-06-07 22:14:05.849 [Test worker] TRACE org.hibernate.orm.jdbc.bind          - binding parameter (2:INTEGER) <- [1]
26-06-07 22:14:05.850 [Test worker] INFO  c.s.m.d.s.basic.BasicUserService     - User created: id=b44c47b4-bcce-4f8d-a4f4-2af91c1a9552, username=chuser
26-06-07 22:14:05.856 [Test worker] INFO  c.s.m.d.s.basic.BasicChannelService  - Private channel created: id=11233275-ecaa-4ffe-af70-33e84f0dc8a0
26-06-07 22:14:05.864 [Test worker] INFO  c.s.m.d.s.basic.BasicChannelService  - Public channel created: id=54b94fb6-90cd-462a-90d1-38af27086b6b, name=general
26-06-07 22:14:05.869 [Test worker] INFO  c.s.m.d.s.basic.BasicChannelService  - Public channel created: id=89a066a3-d797-4889-8beb-ca2d636d7393, name=temp
26-06-07 22:14:05.871 [Test worker] INFO  c.s.m.d.s.basic.BasicChannelService  - Channel deleted: id=89a066a3-d797-4889-8beb-ca2d636d7393
26-06-07 22:14:05.874 [Test worker] INFO  s.AnnotationConfigContextLoaderUtils - Could not detect default configuration classes for test class [com.sprint.mission.discodeit.integration.MessageIntegrationTest]: MessageIntegrationTest does not declare any static, non-private, non-final, nested classes annotated with @Configuration.
26-06-07 22:14:05.875 [Test worker] INFO  .c.SpringBootTestContextBootstrapper - Found @SpringBootConfiguration com.sprint.mission.discodeit.DiscodeitApplication for test class com.sprint.mission.discodeit.integration.MessageIntegrationTest
26-06-07 22:14:05.877 [Test worker] DEBUG org.hibernate.SQL                    - 
    select
        u1_0.id 
    from
        users u1_0 
    where
        u1_0.email=? 
    fetch
        first ? rows only
26-06-07 22:14:05.878 [Test worker] TRACE org.hibernate.orm.jdbc.bind          - binding parameter (1:VARCHAR) <- [msguser@email.com]
26-06-07 22:14:05.878 [Test worker] TRACE org.hibernate.orm.jdbc.bind          - binding parameter (2:INTEGER) <- [1]
26-06-07 22:14:05.879 [Test worker] DEBUG org.hibernate.SQL                    - 
    select
        u1_0.id 
    from
        users u1_0 
    where
        u1_0.username=? 
    fetch
        first ? rows only
26-06-07 22:14:05.879 [Test worker] TRACE org.hibernate.orm.jdbc.bind          - binding parameter (1:VARCHAR) <- [msguser]
26-06-07 22:14:05.879 [Test worker] TRACE org.hibernate.orm.jdbc.bind          - binding parameter (2:INTEGER) <- [1]
26-06-07 22:14:05.879 [Test worker] INFO  c.s.m.d.s.basic.BasicUserService     - User created: id=3616d884-8d5e-4faa-9de3-89c53109edc9, username=msguser
26-06-07 22:14:05.880 [Test worker] INFO  c.s.m.d.s.basic.BasicChannelService  - Public channel created: id=967abb07-b13b-4bc6-9545-65f769655f1d, name=test-channel
26-06-07 22:14:05.884 [Test worker] INFO  c.s.m.d.s.basic.BasicMessageService  - Message created: id=34d9aadc-8ade-4f54-b93b-449e8ceb2f1e, channelId=967abb07-b13b-4bc6-9545-65f769655f1d
26-06-07 22:14:05.885 [Test worker] INFO  c.s.m.d.s.basic.BasicMessageService  - Message updated: id=34d9aadc-8ade-4f54-b93b-449e8ceb2f1e
26-06-07 22:14:05.890 [Test worker] DEBUG org.hibernate.SQL                    - 
    select
        u1_0.id 
    from
        users u1_0 
    where
        u1_0.email=? 
    fetch
        first ? rows only
26-06-07 22:14:05.890 [Test worker] TRACE org.hibernate.orm.jdbc.bind          - binding parameter (1:VARCHAR) <- [msguser@email.com]
26-06-07 22:14:05.890 [Test worker] TRACE org.hibernate.orm.jdbc.bind          - binding parameter (2:INTEGER) <- [1]
26-06-07 22:14:05.891 [Test worker] DEBUG org.hibernate.SQL                    - 
    select
        u1_0.id 
    from
        users u1_0 
    where
        u1_0.username=? 
    fetch
        first ? rows only
26-06-07 22:14:05.891 [Test worker] TRACE org.hibernate.orm.jdbc.bind          - binding parameter (1:VARCHAR) <- [msguser]
26-06-07 22:14:05.891 [Test worker] TRACE org.hibernate.orm.jdbc.bind          - binding parameter (2:INTEGER) <- [1]
26-06-07 22:14:05.892 [Test worker] INFO  c.s.m.d.s.basic.BasicUserService     - User created: id=95166674-aa94-444f-9d6f-5e63f4c0d21c, username=msguser
26-06-07 22:14:05.892 [Test worker] INFO  c.s.m.d.s.basic.BasicChannelService  - Public channel created: id=5f536880-c267-4e6a-af13-0abb38774fd4, name=test-channel
26-06-07 22:14:05.893 [Test worker] INFO  c.s.m.d.s.basic.BasicMessageService  - Message created: id=cffb3b09-0e46-4889-aea4-d47f5100c7ee, channelId=5f536880-c267-4e6a-af13-0abb38774fd4
26-06-07 22:14:05.893 [Test worker] INFO  c.s.m.d.s.basic.BasicMessageService  - Message created: id=9749a348-b6e5-4210-9ae4-2a201f3a906d, channelId=5f536880-c267-4e6a-af13-0abb38774fd4
26-06-07 22:14:05.893 [Test worker] DEBUG c.s.m.d.s.basic.BasicMessageService  - Fetching messages for channelId=5f536880-c267-4e6a-af13-0abb38774fd4, cursor=null, size=50
26-06-07 22:14:05.894 [Test worker] WARN  org.hibernate.orm.query              - HHH90003004: firstResult/maxResults specified with collection fetch; applying in memory
26-06-07 22:14:05.898 [Test worker] DEBUG org.hibernate.SQL                    - 
    insert 
    into
        users
        (created_at, email, password, profile_id, updated_at, username, id) 
    values
        (?, ?, ?, ?, ?, ?, ?)
26-06-07 22:14:05.898 [Test worker] TRACE org.hibernate.orm.jdbc.bind          - binding parameter (1:TIMESTAMP_UTC) <- [2026-06-07T13:14:05.891900Z]
26-06-07 22:14:05.898 [Test worker] TRACE org.hibernate.orm.jdbc.bind          - binding parameter (2:VARCHAR) <- [msguser@email.com]
26-06-07 22:14:05.898 [Test worker] TRACE org.hibernate.orm.jdbc.bind          - binding parameter (3:VARCHAR) <- [password123!]
26-06-07 22:14:05.898 [Test worker] TRACE org.hibernate.orm.jdbc.bind          - binding parameter (4:UUID) <- [null]
26-06-07 22:14:05.898 [Test worker] TRACE org.hibernate.orm.jdbc.bind          - binding parameter (5:TIMESTAMP_UTC) <- [2026-06-07T13:14:05.891900Z]
26-06-07 22:14:05.898 [Test worker] TRACE org.hibernate.orm.jdbc.bind          - binding parameter (6:VARCHAR) <- [msguser]
26-06-07 22:14:05.898 [Test worker] TRACE org.hibernate.orm.jdbc.bind          - binding parameter (7:UUID) <- [95166674-aa94-444f-9d6f-5e63f4c0d21c]
26-06-07 22:14:05.898 [Test worker] DEBUG org.hibernate.SQL                    - 
    insert 
    into
        user_statuses
        (created_at, last_active_at, updated_at, user_id, id) 
    values
        (?, ?, ?, ?, ?)
26-06-07 22:14:05.898 [Test worker] TRACE org.hibernate.orm.jdbc.bind          - binding parameter (1:TIMESTAMP_UTC) <- [2026-06-07T13:14:05.892234Z]
26-06-07 22:14:05.899 [Test worker] TRACE org.hibernate.orm.jdbc.bind          - binding parameter (2:TIMESTAMP_UTC) <- [2026-06-07T13:14:05.892032Z]
26-06-07 22:14:05.899 [Test worker] TRACE org.hibernate.orm.jdbc.bind          - binding parameter (3:TIMESTAMP_UTC) <- [2026-06-07T13:14:05.892234Z]
26-06-07 22:14:05.899 [Test worker] TRACE org.hibernate.orm.jdbc.bind          - binding parameter (4:UUID) <- [95166674-aa94-444f-9d6f-5e63f4c0d21c]
26-06-07 22:14:05.899 [Test worker] TRACE org.hibernate.orm.jdbc.bind          - binding parameter (5:UUID) <- [0ae3c8fa-051b-4424-a6e1-fd9cb69b35aa]
26-06-07 22:14:05.899 [Test worker] DEBUG org.hibernate.SQL                    - 
    insert 
    into
        channels
        (created_at, description, name, type, updated_at, id) 
    values
        (?, ?, ?, ?, ?, ?)
26-06-07 22:14:05.899 [Test worker] TRACE org.hibernate.orm.jdbc.bind          - binding parameter (1:TIMESTAMP_UTC) <- [2026-06-07T13:14:05.892466Z]
26-06-07 22:14:05.899 [Test worker] TRACE org.hibernate.orm.jdbc.bind          - binding parameter (2:VARCHAR) <- [null]
26-06-07 22:14:05.899 [Test worker] TRACE org.hibernate.orm.jdbc.bind          - binding parameter (3:VARCHAR) <- [test-channel]
26-06-07 22:14:05.899 [Test worker] TRACE org.hibernate.orm.jdbc.bind          - binding parameter (4:ENUM) <- [PUBLIC]
26-06-07 22:14:05.899 [Test worker] TRACE org.hibernate.orm.jdbc.bind          - binding parameter (5:TIMESTAMP_UTC) <- [2026-06-07T13:14:05.892466Z]
26-06-07 22:14:05.899 [Test worker] TRACE org.hibernate.orm.jdbc.bind          - binding parameter (6:UUID) <- [5f536880-c267-4e6a-af13-0abb38774fd4]
26-06-07 22:14:05.899 [Test worker] DEBUG org.hibernate.SQL                    - 
    insert 
    into
        messages
        (author_id, channel_id, content, created_at, updated_at, id) 
    values
        (?, ?, ?, ?, ?, ?)
26-06-07 22:14:05.899 [Test worker] TRACE org.hibernate.orm.jdbc.bind          - binding parameter (1:UUID) <- [95166674-aa94-444f-9d6f-5e63f4c0d21c]
26-06-07 22:14:05.899 [Test worker] TRACE org.hibernate.orm.jdbc.bind          - binding parameter (2:UUID) <- [5f536880-c267-4e6a-af13-0abb38774fd4]
26-06-07 22:14:05.899 [Test worker] TRACE org.hibernate.orm.jdbc.bind          - binding parameter (3:VARCHAR) <- [msg1]
26-06-07 22:14:05.899 [Test worker] TRACE org.hibernate.orm.jdbc.bind          - binding parameter (4:TIMESTAMP_UTC) <- [2026-06-07T13:14:05.893002Z]
26-06-07 22:14:05.899 [Test worker] TRACE org.hibernate.orm.jdbc.bind          - binding parameter (5:TIMESTAMP_UTC) <- [2026-06-07T13:14:05.893002Z]
26-06-07 22:14:05.899 [Test worker] TRACE org.hibernate.orm.jdbc.bind          - binding parameter (6:UUID) <- [cffb3b09-0e46-4889-aea4-d47f5100c7ee]
26-06-07 22:14:05.900 [Test worker] DEBUG org.hibernate.SQL                    - 
    insert 
    into
        messages
        (author_id, channel_id, content, created_at, updated_at, id) 
    values
        (?, ?, ?, ?, ?, ?)
26-06-07 22:14:05.900 [Test worker] TRACE org.hibernate.orm.jdbc.bind          - binding parameter (1:UUID) <- [95166674-aa94-444f-9d6f-5e63f4c0d21c]
26-06-07 22:14:05.900 [Test worker] TRACE org.hibernate.orm.jdbc.bind          - binding parameter (2:UUID) <- [5f536880-c267-4e6a-af13-0abb38774fd4]
26-06-07 22:14:05.900 [Test worker] TRACE org.hibernate.orm.jdbc.bind          - binding parameter (3:VARCHAR) <- [msg2]
26-06-07 22:14:05.900 [Test worker] TRACE org.hibernate.orm.jdbc.bind          - binding parameter (4:TIMESTAMP_UTC) <- [2026-06-07T13:14:05.893444Z]
26-06-07 22:14:05.900 [Test worker] TRACE org.hibernate.orm.jdbc.bind          - binding parameter (5:TIMESTAMP_UTC) <- [2026-06-07T13:14:05.893444Z]
26-06-07 22:14:05.900 [Test worker] TRACE org.hibernate.orm.jdbc.bind          - binding parameter (6:UUID) <- [9749a348-b6e5-4210-9ae4-2a201f3a906d]
26-06-07 22:14:05.901 [Test worker] DEBUG org.hibernate.SQL                    - 
    select
        m1_0.id,
        a2_0.message_id,
        a2_1.id,
        a2_1.content_type,
        a2_1.created_at,
        a2_1.file_name,
        a2_1.size,
        a1_0.id,
        a1_0.created_at,
        a1_0.email,
        a1_0.password,
        a1_0.profile_id,
        a1_0.updated_at,
        a1_0.username,
        m1_0.channel_id,
        m1_0.content,
        m1_0.created_at,
        m1_0.updated_at 
    from
        messages m1_0 
    left join
        users a1_0 
            on a1_0.id=m1_0.author_id 
    left join
        message_attachments a2_0 
            on m1_0.id=a2_0.message_id 
    left join
        binary_contents a2_1 
            on a2_1.id=a2_0.attachment_id 
    where
        m1_0.channel_id=? 
        and (
            ? is null 
            or m1_0.created_at<?
        ) 
    order by
        m1_0.created_at desc
26-06-07 22:14:05.902 [Test worker] TRACE org.hibernate.orm.jdbc.bind          - binding parameter (1:UUID) <- [5f536880-c267-4e6a-af13-0abb38774fd4]
26-06-07 22:14:05.902 [Test worker] TRACE org.hibernate.orm.jdbc.bind          - binding parameter (2:TIMESTAMP_UTC) <- [null]
26-06-07 22:14:05.902 [Test worker] TRACE org.hibernate.orm.jdbc.bind          - binding parameter (3:TIMESTAMP_UTC) <- [null]
26-06-07 22:14:05.909 [Test worker] DEBUG org.hibernate.SQL                    - 
    select
        u1_0.id 
    from
        users u1_0 
    where
        u1_0.email=? 
    fetch
        first ? rows only
26-06-07 22:14:05.910 [Test worker] TRACE org.hibernate.orm.jdbc.bind          - binding parameter (1:VARCHAR) <- [msguser@email.com]
26-06-07 22:14:05.910 [Test worker] TRACE org.hibernate.orm.jdbc.bind          - binding parameter (2:INTEGER) <- [1]
26-06-07 22:14:05.910 [Test worker] DEBUG org.hibernate.SQL                    - 
    select
        u1_0.id 
    from
        users u1_0 
    where
        u1_0.username=? 
    fetch
        first ? rows only
26-06-07 22:14:05.910 [Test worker] TRACE org.hibernate.orm.jdbc.bind          - binding parameter (1:VARCHAR) <- [msguser]
26-06-07 22:14:05.910 [Test worker] TRACE org.hibernate.orm.jdbc.bind          - binding parameter (2:INTEGER) <- [1]
26-06-07 22:14:05.911 [Test worker] INFO  c.s.m.d.s.basic.BasicUserService     - User created: id=f73b4f70-7ef3-477b-bca5-fc9c1b9b59c9, username=msguser
26-06-07 22:14:05.911 [Test worker] INFO  c.s.m.d.s.basic.BasicChannelService  - Public channel created: id=6b031154-f029-41d9-8110-fd04a2f370ce, name=test-channel
26-06-07 22:14:05.912 [Test worker] INFO  c.s.m.d.s.basic.BasicMessageService  - Message created: id=66d2dccb-c6b8-4cdc-bf0e-fe640df1282d, channelId=6b031154-f029-41d9-8110-fd04a2f370ce
26-06-07 22:14:05.916 [Test worker] DEBUG org.hibernate.SQL                    - 
    select
        u1_0.id 
    from
        users u1_0 
    where
        u1_0.email=? 
    fetch
        first ? rows only
26-06-07 22:14:05.916 [Test worker] TRACE org.hibernate.orm.jdbc.bind          - binding parameter (1:VARCHAR) <- [msguser@email.com]
26-06-07 22:14:05.916 [Test worker] TRACE org.hibernate.orm.jdbc.bind          - binding parameter (2:INTEGER) <- [1]
26-06-07 22:14:05.916 [Test worker] DEBUG org.hibernate.SQL                    - 
    select
        u1_0.id 
    from
        users u1_0 
    where
        u1_0.username=? 
    fetch
        first ? rows only
26-06-07 22:14:05.916 [Test worker] TRACE org.hibernate.orm.jdbc.bind          - binding parameter (1:VARCHAR) <- [msguser]
26-06-07 22:14:05.917 [Test worker] TRACE org.hibernate.orm.jdbc.bind          - binding parameter (2:INTEGER) <- [1]
26-06-07 22:14:05.917 [Test worker] INFO  c.s.m.d.s.basic.BasicUserService     - User created: id=12572422-0f40-4390-bfe2-3f352f00bd92, username=msguser
26-06-07 22:14:05.917 [Test worker] INFO  c.s.m.d.s.basic.BasicChannelService  - Public channel created: id=d35950a5-2789-451c-8d0c-ee8f98a3ab2e, name=test-channel
26-06-07 22:14:05.918 [Test worker] INFO  c.s.m.d.s.basic.BasicMessageService  - Message created: id=fd0eb719-0c17-4d57-8b4c-c0c698fd40aa, channelId=d35950a5-2789-451c-8d0c-ee8f98a3ab2e
26-06-07 22:14:05.919 [Test worker] INFO  c.s.m.d.s.basic.BasicMessageService  - Message deleted: id=fd0eb719-0c17-4d57-8b4c-c0c698fd40aa
26-06-07 22:14:05.922 [Test worker] INFO  s.AnnotationConfigContextLoaderUtils - Could not detect default configuration classes for test class [com.sprint.mission.discodeit.integration.UserIntegrationTest]: UserIntegrationTest does not declare any static, non-private, non-final, nested classes annotated with @Configuration.
26-06-07 22:14:05.923 [Test worker] INFO  .c.SpringBootTestContextBootstrapper - Found @SpringBootConfiguration com.sprint.mission.discodeit.DiscodeitApplication for test class com.sprint.mission.discodeit.integration.UserIntegrationTest
26-06-07 22:14:05.925 [Test worker] DEBUG org.hibernate.SQL                    - 
    select
        u1_0.id 
    from
        users u1_0 
    where
        u1_0.email=? 
    fetch
        first ? rows only
26-06-07 22:14:05.926 [Test worker] TRACE org.hibernate.orm.jdbc.bind          - binding parameter (1:VARCHAR) <- [todelete@email.com]
26-06-07 22:14:05.926 [Test worker] TRACE org.hibernate.orm.jdbc.bind          - binding parameter (2:INTEGER) <- [1]
26-06-07 22:14:05.926 [Test worker] DEBUG org.hibernate.SQL                    - 
    select
        u1_0.id 
    from
        users u1_0 
    where
        u1_0.username=? 
    fetch
        first ? rows only
26-06-07 22:14:05.926 [Test worker] TRACE org.hibernate.orm.jdbc.bind          - binding parameter (1:VARCHAR) <- [todelete]
26-06-07 22:14:05.926 [Test worker] TRACE org.hibernate.orm.jdbc.bind          - binding parameter (2:INTEGER) <- [1]
26-06-07 22:14:05.927 [Test worker] INFO  c.s.m.d.s.basic.BasicUserService     - User created: id=e418a00f-4ed4-4920-8a6c-d5db2dbcbb03, username=todelete
26-06-07 22:14:05.928 [Test worker] INFO  c.s.m.d.s.basic.BasicUserService     - User deleted: id=e418a00f-4ed4-4920-8a6c-d5db2dbcbb03
26-06-07 22:14:05.932 [Test worker] DEBUG org.hibernate.SQL                    - 
    select
        u1_0.id 
    from
        users u1_0 
    where
        u1_0.email=? 
    fetch
        first ? rows only
26-06-07 22:14:05.932 [Test worker] TRACE org.hibernate.orm.jdbc.bind          - binding parameter (1:VARCHAR) <- [before@email.com]
26-06-07 22:14:05.932 [Test worker] TRACE org.hibernate.orm.jdbc.bind          - binding parameter (2:INTEGER) <- [1]
26-06-07 22:14:05.933 [Test worker] DEBUG org.hibernate.SQL                    - 
    select
        u1_0.id 
    from
        users u1_0 
    where
        u1_0.username=? 
    fetch
        first ? rows only
26-06-07 22:14:05.933 [Test worker] TRACE org.hibernate.orm.jdbc.bind          - binding parameter (1:VARCHAR) <- [before]
26-06-07 22:14:05.933 [Test worker] TRACE org.hibernate.orm.jdbc.bind          - binding parameter (2:INTEGER) <- [1]
26-06-07 22:14:05.934 [Test worker] INFO  c.s.m.d.s.basic.BasicUserService     - User created: id=d4a9e083-dabf-4c91-9828-b77c74cddc72, username=before
26-06-07 22:14:05.935 [Test worker] DEBUG org.hibernate.SQL                    - 
    insert 
    into
        users
        (created_at, email, password, profile_id, updated_at, username, id) 
    values
        (?, ?, ?, ?, ?, ?, ?)
26-06-07 22:14:05.935 [Test worker] TRACE org.hibernate.orm.jdbc.bind          - binding parameter (1:TIMESTAMP_UTC) <- [2026-06-07T13:14:05.933711Z]
26-06-07 22:14:05.935 [Test worker] TRACE org.hibernate.orm.jdbc.bind          - binding parameter (2:VARCHAR) <- [before@email.com]
26-06-07 22:14:05.935 [Test worker] TRACE org.hibernate.orm.jdbc.bind          - binding parameter (3:VARCHAR) <- [password123!]
26-06-07 22:14:05.935 [Test worker] TRACE org.hibernate.orm.jdbc.bind          - binding parameter (4:UUID) <- [null]
26-06-07 22:14:05.935 [Test worker] TRACE org.hibernate.orm.jdbc.bind          - binding parameter (5:TIMESTAMP_UTC) <- [2026-06-07T13:14:05.933711Z]
26-06-07 22:14:05.935 [Test worker] TRACE org.hibernate.orm.jdbc.bind          - binding parameter (6:VARCHAR) <- [before]
26-06-07 22:14:05.935 [Test worker] TRACE org.hibernate.orm.jdbc.bind          - binding parameter (7:UUID) <- [d4a9e083-dabf-4c91-9828-b77c74cddc72]
26-06-07 22:14:05.936 [Test worker] DEBUG org.hibernate.SQL                    - 
    insert 
    into
        user_statuses
        (created_at, last_active_at, updated_at, user_id, id) 
    values
        (?, ?, ?, ?, ?)
26-06-07 22:14:05.936 [Test worker] TRACE org.hibernate.orm.jdbc.bind          - binding parameter (1:TIMESTAMP_UTC) <- [2026-06-07T13:14:05.934042Z]
26-06-07 22:14:05.936 [Test worker] TRACE org.hibernate.orm.jdbc.bind          - binding parameter (2:TIMESTAMP_UTC) <- [2026-06-07T13:14:05.933966Z]
26-06-07 22:14:05.936 [Test worker] TRACE org.hibernate.orm.jdbc.bind          - binding parameter (3:TIMESTAMP_UTC) <- [2026-06-07T13:14:05.934042Z]
26-06-07 22:14:05.936 [Test worker] TRACE org.hibernate.orm.jdbc.bind          - binding parameter (4:UUID) <- [d4a9e083-dabf-4c91-9828-b77c74cddc72]
26-06-07 22:14:05.936 [Test worker] TRACE org.hibernate.orm.jdbc.bind          - binding parameter (5:UUID) <- [d4be74a7-c177-452a-9a9d-8952e8dfd67a]
26-06-07 22:14:05.937 [Test worker] DEBUG org.hibernate.SQL                    - 
    select
        u1_0.id 
    from
        users u1_0 
    where
        u1_0.email=? 
    fetch
        first ? rows only
26-06-07 22:14:05.937 [Test worker] TRACE org.hibernate.orm.jdbc.bind          - binding parameter (1:VARCHAR) <- [after@email.com]
26-06-07 22:14:05.937 [Test worker] TRACE org.hibernate.orm.jdbc.bind          - binding parameter (2:INTEGER) <- [1]
26-06-07 22:14:05.937 [Test worker] DEBUG org.hibernate.SQL                    - 
    select
        u1_0.id 
    from
        users u1_0 
    where
        u1_0.username=? 
    fetch
        first ? rows only
26-06-07 22:14:05.937 [Test worker] TRACE org.hibernate.orm.jdbc.bind          - binding parameter (1:VARCHAR) <- [after]
26-06-07 22:14:05.938 [Test worker] TRACE org.hibernate.orm.jdbc.bind          - binding parameter (2:INTEGER) <- [1]
26-06-07 22:14:05.938 [Test worker] INFO  c.s.m.d.s.basic.BasicUserService     - User updated: id=d4a9e083-dabf-4c91-9828-b77c74cddc72
26-06-07 22:14:05.942 [Test worker] DEBUG org.hibernate.SQL                    - 
    select
        u1_0.id 
    from
        users u1_0 
    where
        u1_0.email=? 
    fetch
        first ? rows only
26-06-07 22:14:05.942 [Test worker] TRACE org.hibernate.orm.jdbc.bind          - binding parameter (1:VARCHAR) <- [dup@email.com]
26-06-07 22:14:05.942 [Test worker] TRACE org.hibernate.orm.jdbc.bind          - binding parameter (2:INTEGER) <- [1]
26-06-07 22:14:05.943 [Test worker] DEBUG org.hibernate.SQL                    - 
    select
        u1_0.id 
    from
        users u1_0 
    where
        u1_0.username=? 
    fetch
        first ? rows only
26-06-07 22:14:05.943 [Test worker] TRACE org.hibernate.orm.jdbc.bind          - binding parameter (1:VARCHAR) <- [user1]
26-06-07 22:14:05.943 [Test worker] TRACE org.hibernate.orm.jdbc.bind          - binding parameter (2:INTEGER) <- [1]
26-06-07 22:14:05.943 [Test worker] INFO  c.s.m.d.s.basic.BasicUserService     - User created: id=dff42345-d66c-429d-b587-930952a1cc1c, username=user1
26-06-07 22:14:05.944 [Test worker] DEBUG org.hibernate.SQL                    - 
    insert 
    into
        users
        (created_at, email, password, profile_id, updated_at, username, id) 
    values
        (?, ?, ?, ?, ?, ?, ?)
26-06-07 22:14:05.944 [Test worker] TRACE org.hibernate.orm.jdbc.bind          - binding parameter (1:TIMESTAMP_UTC) <- [2026-06-07T13:14:05.943552Z]
26-06-07 22:14:05.944 [Test worker] TRACE org.hibernate.orm.jdbc.bind          - binding parameter (2:VARCHAR) <- [dup@email.com]
26-06-07 22:14:05.944 [Test worker] TRACE org.hibernate.orm.jdbc.bind          - binding parameter (3:VARCHAR) <- [password123!]
26-06-07 22:14:05.944 [Test worker] TRACE org.hibernate.orm.jdbc.bind          - binding parameter (4:UUID) <- [null]
26-06-07 22:14:05.944 [Test worker] TRACE org.hibernate.orm.jdbc.bind          - binding parameter (5:TIMESTAMP_UTC) <- [2026-06-07T13:14:05.943552Z]
26-06-07 22:14:05.944 [Test worker] TRACE org.hibernate.orm.jdbc.bind          - binding parameter (6:VARCHAR) <- [user1]
26-06-07 22:14:05.944 [Test worker] TRACE org.hibernate.orm.jdbc.bind          - binding parameter (7:UUID) <- [dff42345-d66c-429d-b587-930952a1cc1c]
26-06-07 22:14:05.945 [Test worker] DEBUG org.hibernate.SQL                    - 
    insert 
    into
        user_statuses
        (created_at, last_active_at, updated_at, user_id, id) 
    values
        (?, ?, ?, ?, ?)
26-06-07 22:14:05.945 [Test worker] TRACE org.hibernate.orm.jdbc.bind          - binding parameter (1:TIMESTAMP_UTC) <- [2026-06-07T13:14:05.943748Z]
26-06-07 22:14:05.945 [Test worker] TRACE org.hibernate.orm.jdbc.bind          - binding parameter (2:TIMESTAMP_UTC) <- [2026-06-07T13:14:05.943686Z]
26-06-07 22:14:05.945 [Test worker] TRACE org.hibernate.orm.jdbc.bind          - binding parameter (3:TIMESTAMP_UTC) <- [2026-06-07T13:14:05.943748Z]
26-06-07 22:14:05.945 [Test worker] TRACE org.hibernate.orm.jdbc.bind          - binding parameter (4:UUID) <- [dff42345-d66c-429d-b587-930952a1cc1c]
26-06-07 22:14:05.945 [Test worker] TRACE org.hibernate.orm.jdbc.bind          - binding parameter (5:UUID) <- [18853c1e-0eed-41f5-8a5f-a25318c98a38]
26-06-07 22:14:05.945 [Test worker] DEBUG org.hibernate.SQL                    - 
    select
        u1_0.id 
    from
        users u1_0 
    where
        u1_0.email=? 
    fetch
        first ? rows only
26-06-07 22:14:05.945 [Test worker] TRACE org.hibernate.orm.jdbc.bind          - binding parameter (1:VARCHAR) <- [dup@email.com]
26-06-07 22:14:05.945 [Test worker] TRACE org.hibernate.orm.jdbc.bind          - binding parameter (2:INTEGER) <- [1]
26-06-07 22:14:05.949 [Test worker] DEBUG org.hibernate.SQL                    - 
    select
        u1_0.id 
    from
        users u1_0 
    where
        u1_0.email=? 
    fetch
        first ? rows only
26-06-07 22:14:05.949 [Test worker] TRACE org.hibernate.orm.jdbc.bind          - binding parameter (1:VARCHAR) <- [integ@email.com]
26-06-07 22:14:05.949 [Test worker] TRACE org.hibernate.orm.jdbc.bind          - binding parameter (2:INTEGER) <- [1]
26-06-07 22:14:05.950 [Test worker] DEBUG org.hibernate.SQL                    - 
    select
        u1_0.id 
    from
        users u1_0 
    where
        u1_0.username=? 
    fetch
        first ? rows only
26-06-07 22:14:05.950 [Test worker] TRACE org.hibernate.orm.jdbc.bind          - binding parameter (1:VARCHAR) <- [integuser]
26-06-07 22:14:05.950 [Test worker] TRACE org.hibernate.orm.jdbc.bind          - binding parameter (2:INTEGER) <- [1]
26-06-07 22:14:05.950 [Test worker] INFO  c.s.m.d.s.basic.BasicUserService     - User created: id=be10371d-c92f-4f26-98b8-9a5f41e1c5ac, username=integuser
26-06-07 22:14:05.951 [Test worker] DEBUG org.hibernate.SQL                    - 
    insert 
    into
        users
        (created_at, email, password, profile_id, updated_at, username, id) 
    values
        (?, ?, ?, ?, ?, ?, ?)
26-06-07 22:14:05.952 [Test worker] TRACE org.hibernate.orm.jdbc.bind          - binding parameter (1:TIMESTAMP_UTC) <- [2026-06-07T13:14:05.950747Z]
26-06-07 22:14:05.952 [Test worker] TRACE org.hibernate.orm.jdbc.bind          - binding parameter (2:VARCHAR) <- [integ@email.com]
26-06-07 22:14:05.952 [Test worker] TRACE org.hibernate.orm.jdbc.bind          - binding parameter (3:VARCHAR) <- [password123!]
26-06-07 22:14:05.952 [Test worker] TRACE org.hibernate.orm.jdbc.bind          - binding parameter (4:UUID) <- [null]
26-06-07 22:14:05.952 [Test worker] TRACE org.hibernate.orm.jdbc.bind          - binding parameter (5:TIMESTAMP_UTC) <- [2026-06-07T13:14:05.950747Z]
26-06-07 22:14:05.952 [Test worker] TRACE org.hibernate.orm.jdbc.bind          - binding parameter (6:VARCHAR) <- [integuser]
26-06-07 22:14:05.952 [Test worker] TRACE org.hibernate.orm.jdbc.bind          - binding parameter (7:UUID) <- [be10371d-c92f-4f26-98b8-9a5f41e1c5ac]
26-06-07 22:14:05.952 [Test worker] DEBUG org.hibernate.SQL                    - 
    insert 
    into
        user_statuses
        (created_at, last_active_at, updated_at, user_id, id) 
    values
        (?, ?, ?, ?, ?)
26-06-07 22:14:05.952 [Test worker] TRACE org.hibernate.orm.jdbc.bind          - binding parameter (1:TIMESTAMP_UTC) <- [2026-06-07T13:14:05.950923Z]
26-06-07 22:14:05.952 [Test worker] TRACE org.hibernate.orm.jdbc.bind          - binding parameter (2:TIMESTAMP_UTC) <- [2026-06-07T13:14:05.950869Z]
26-06-07 22:14:05.952 [Test worker] TRACE org.hibernate.orm.jdbc.bind          - binding parameter (3:TIMESTAMP_UTC) <- [2026-06-07T13:14:05.950923Z]
26-06-07 22:14:05.952 [Test worker] TRACE org.hibernate.orm.jdbc.bind          - binding parameter (4:UUID) <- [be10371d-c92f-4f26-98b8-9a5f41e1c5ac]
26-06-07 22:14:05.952 [Test worker] TRACE org.hibernate.orm.jdbc.bind          - binding parameter (5:UUID) <- [42900aee-fbe3-42e3-b8cc-2825edf6a879]
26-06-07 22:14:05.953 [Test worker] DEBUG org.hibernate.SQL                    - 
    select
        u1_0.id,
        u1_0.created_at,
        u1_0.email,
        u1_0.password,
        p1_0.id,
        p1_0.content_type,
        p1_0.created_at,
        p1_0.file_name,
        p1_0.size,
        s1_0.id,
        s1_0.created_at,
        s1_0.last_active_at,
        s1_0.updated_at,
        s1_0.user_id,
        u1_0.updated_at,
        u1_0.username 
    from
        users u1_0 
    left join
        binary_contents p1_0 
            on p1_0.id=u1_0.profile_id 
    left join
        user_statuses s1_0 
            on u1_0.id=s1_0.user_id
26-06-07 22:14:06.037 [Test worker] INFO  c.s.m.d.s.basic.BasicMessageService  - Message deleted: id=15463ab9-7e4c-4d9b-a118-242181b766cf
26-06-07 22:14:06.039 [Test worker] DEBUG c.s.m.d.s.basic.BasicMessageService  - Fetching messages for channelId=b6e0d177-731b-456e-aef3-414555d5ee71, cursor=null, size=50
26-06-07 22:14:06.043 [Test worker] DEBUG c.s.m.d.s.basic.BasicMessageService  - Fetching messages for channelId=c869040a-6216-457d-8848-c423f87e8eb9, cursor=2026-06-07T13:14:06.043392Z, size=2
26-06-07 22:14:06.044 [Test worker] INFO  c.s.m.d.s.basic.BasicMessageService  - Message updated: id=b914d0c0-d668-45fc-bc0e-7583431d6b63
26-06-07 22:14:06.046 [Test worker] INFO  c.s.m.d.s.basic.BasicMessageService  - Message created: id=null, channelId=962f51c6-c3d7-4507-833a-ac64f9230e1c
26-06-07 22:14:06.073 [Test worker] INFO  c.s.m.d.s.basic.BasicUserService     - User deleted: id=391c0bf3-0603-4427-89a4-07eb30d9f1b6
26-06-07 22:14:06.076 [Test worker] INFO  c.s.m.d.s.basic.BasicUserService     - User updated: id=b7d7348d-84df-48ca-b9bf-448c524a75eb
26-06-07 22:14:06.077 [Test worker] INFO  c.s.m.d.s.basic.BasicUserService     - User created: id=null, username=testuser
26-06-07 22:14:06.085 [SpringApplicationShutdownHook] INFO  calContainerEntityManagerFactoryBean - Closing JPA EntityManagerFactory for persistence unit 'default'
26-06-07 22:14:06.086 [SpringApplicationShutdownHook] DEBUG org.hibernate.SQL                    - 
    drop table if exists binary_contents cascade 
26-06-07 22:14:06.087 [SpringApplicationShutdownHook] DEBUG org.hibernate.SQL                    - 
    drop table if exists channels cascade 
26-06-07 22:14:06.087 [SpringApplicationShutdownHook] DEBUG org.hibernate.SQL                    - 
    drop table if exists message_attachments cascade 
26-06-07 22:14:06.088 [SpringApplicationShutdownHook] DEBUG org.hibernate.SQL                    - 
    drop table if exists messages cascade 
26-06-07 22:14:06.088 [SpringApplicationShutdownHook] DEBUG org.hibernate.SQL                    - 
    drop table if exists read_statuses cascade 
26-06-07 22:14:06.088 [SpringApplicationShutdownHook] DEBUG org.hibernate.SQL                    - 
    drop table if exists user_statuses cascade 
26-06-07 22:14:06.088 [SpringApplicationShutdownHook] DEBUG org.hibernate.SQL                    - 
    drop table if exists users cascade 
26-06-07 22:14:06.089 [SpringApplicationShutdownHook] INFO  com.zaxxer.hikari.HikariDataSource   - HikariPool-1 - Shutdown initiated...
26-06-07 22:14:06.091 [SpringApplicationShutdownHook] INFO  com.zaxxer.hikari.HikariDataSource   - HikariPool-1 - Shutdown completed.
26-06-07 22:17:33.637 [background-preinit] INFO  o.h.validator.internal.util.Version  - HV000001: Hibernate Validator 8.0.1.Final
26-06-07 22:17:33.662 [Test worker] INFO  c.s.m.d.c.UserControllerTest         - Starting UserControllerTest using Java 17.0.18 with PID 59428 (started by yuj in /Users/yuj/java/sprint_mission)
26-06-07 22:17:33.662 [Test worker] DEBUG c.s.m.d.c.UserControllerTest         - Running with Spring Boot v3.4.0, Spring v6.2.0
26-06-07 22:17:33.663 [Test worker] INFO  c.s.m.d.c.UserControllerTest         - The following 1 profile is active: "dev"
26-06-07 22:17:34.379 [Test worker] WARN  s.w.c.s.GenericWebApplicationContext - Exception encountered during context initialization - cancelling refresh attempt: org.springframework.beans.factory.BeanCreationException: Error creating bean with name 'jpaAuditingHandler': Cannot resolve reference to bean 'jpaMappingContext' while setting constructor argument
26-06-07 22:17:34.388 [Test worker] INFO  .a.l.ConditionEvaluationReportLogger - 

Error starting ApplicationContext. To display the condition evaluation report re-run your application with 'debug' enabled.
26-06-07 22:17:34.398 [Test worker] ERROR o.s.boot.SpringApplication           - Application run failed
org.springframework.beans.factory.BeanCreationException: Error creating bean with name 'jpaAuditingHandler': Cannot resolve reference to bean 'jpaMappingContext' while setting constructor argument
	at org.springframework.beans.factory.support.BeanDefinitionValueResolver.resolveReference(BeanDefinitionValueResolver.java:377)
	at org.springframework.beans.factory.support.BeanDefinitionValueResolver.resolveValueIfNecessary(BeanDefinitionValueResolver.java:135)
	at org.springframework.beans.factory.support.ConstructorResolver.resolveConstructorArguments(ConstructorResolver.java:691)
	at org.springframework.beans.factory.support.ConstructorResolver.instantiateUsingFactoryMethod(ConstructorResolver.java:513)
	at org.springframework.beans.factory.support.AbstractAutowireCapableBeanFactory.instantiateUsingFactoryMethod(AbstractAutowireCapableBeanFactory.java:1351)
	at org.springframework.beans.factory.support.AbstractAutowireCapableBeanFactory.createBeanInstance(AbstractAutowireCapableBeanFactory.java:1181)
	at org.springframework.beans.factory.support.AbstractAutowireCapableBeanFactory.doCreateBean(AbstractAutowireCapableBeanFactory.java:563)
	at org.springframework.beans.factory.support.AbstractAutowireCapableBeanFactory.createBean(AbstractAutowireCapableBeanFactory.java:523)
	at org.springframework.beans.factory.support.AbstractBeanFactory.lambda$doGetBean$0(AbstractBeanFactory.java:336)
	at org.springframework.beans.factory.support.DefaultSingletonBeanRegistry.getSingleton(DefaultSingletonBeanRegistry.java:288)
	at org.springframework.beans.factory.support.AbstractBeanFactory.doGetBean(AbstractBeanFactory.java:334)
	at org.springframework.beans.factory.support.AbstractBeanFactory.getBean(AbstractBeanFactory.java:199)
	at org.springframework.beans.factory.support.DefaultListableBeanFactory.instantiateSingleton(DefaultListableBeanFactory.java:1122)
	at org.springframework.beans.factory.support.DefaultListableBeanFactory.preInstantiateSingleton(DefaultListableBeanFactory.java:1093)
	at org.springframework.beans.factory.support.DefaultListableBeanFactory.preInstantiateSingletons(DefaultListableBeanFactory.java:1030)
	at org.springframework.context.support.AbstractApplicationContext.finishBeanFactoryInitialization(AbstractApplicationContext.java:987)
	at org.springframework.context.support.AbstractApplicationContext.refresh(AbstractApplicationContext.java:627)
	at org.springframework.boot.SpringApplication.refresh(SpringApplication.java:752)
	at org.springframework.boot.SpringApplication.refreshContext(SpringApplication.java:439)
	at org.springframework.boot.SpringApplication.run(SpringApplication.java:318)
	at org.springframework.boot.test.context.SpringBootContextLoader.lambda$loadContext$3(SpringBootContextLoader.java:137)
	at org.springframework.util.function.ThrowingSupplier.get(ThrowingSupplier.java:58)
	at org.springframework.util.function.ThrowingSupplier.get(ThrowingSupplier.java:46)
	at org.springframework.boot.SpringApplication.withHook(SpringApplication.java:1461)
	at org.springframework.boot.test.context.SpringBootContextLoader$ContextLoaderHook.run(SpringBootContextLoader.java:553)
	at org.springframework.boot.test.context.SpringBootContextLoader.loadContext(SpringBootContextLoader.java:137)
	at org.springframework.boot.test.context.SpringBootContextLoader.loadContext(SpringBootContextLoader.java:108)
	at org.springframework.test.context.cache.DefaultCacheAwareContextLoaderDelegate.loadContextInternal(DefaultCacheAwareContextLoaderDelegate.java:225)
	at org.springframework.test.context.cache.DefaultCacheAwareContextLoaderDelegate.loadContext(DefaultCacheAwareContextLoaderDelegate.java:152)
	at org.springframework.test.context.support.DefaultTestContext.getApplicationContext(DefaultTestContext.java:130)
	at org.springframework.test.context.bean.override.BeanOverrideTestExecutionListener.injectFields(BeanOverrideTestExecutionListener.java:87)
	at org.springframework.test.context.bean.override.BeanOverrideTestExecutionListener.prepareTestInstance(BeanOverrideTestExecutionListener.java:58)
	at org.springframework.test.context.TestContextManager.prepareTestInstance(TestContextManager.java:260)
	at org.springframework.test.context.junit.jupiter.SpringExtension.postProcessTestInstance(SpringExtension.java:160)
	at org.junit.jupiter.engine.descriptor.ClassBasedTestDescriptor.lambda$invokeTestInstancePostProcessors$11(ClassBasedTestDescriptor.java:378)
	at org.junit.jupiter.engine.descriptor.ClassBasedTestDescriptor.executeAndMaskThrowable(ClassBasedTestDescriptor.java:383)
	at org.junit.jupiter.engine.descriptor.ClassBasedTestDescriptor.lambda$invokeTestInstancePostProcessors$12(ClassBasedTestDescriptor.java:378)
	at java.base/java.util.stream.ForEachOps$ForEachOp$OfRef.accept(ForEachOps.java:183)
	at java.base/java.util.stream.ReferencePipeline$3$1.accept(ReferencePipeline.java:197)
	at java.base/java.util.stream.ReferencePipeline$2$1.accept(ReferencePipeline.java:179)
	at java.base/java.util.stream.ReferencePipeline$3$1.accept(ReferencePipeline.java:197)
	at java.base/java.util.ArrayList$ArrayListSpliterator.forEachRemaining(ArrayList.java:1625)
	at java.base/java.util.stream.AbstractPipeline.copyInto(AbstractPipeline.java:509)
	at java.base/java.util.stream.AbstractPipeline.wrapAndCopyInto(AbstractPipeline.java:499)
	at java.base/java.util.stream.ForEachOps$ForEachOp.evaluateSequential(ForEachOps.java:150)
	at java.base/java.util.stream.ForEachOps$ForEachOp$OfRef.evaluateSequential(ForEachOps.java:173)
	at java.base/java.util.stream.AbstractPipeline.evaluate(AbstractPipeline.java:234)
	at java.base/java.util.stream.ReferencePipeline.forEach(ReferencePipeline.java:596)
	at org.junit.jupiter.engine.descriptor.ClassBasedTestDescriptor.invokeTestInstancePostProcessors(ClassBasedTestDescriptor.java:377)
	at org.junit.jupiter.engine.descriptor.ClassBasedTestDescriptor.lambda$instantiateAndPostProcessTestInstance$7(ClassBasedTestDescriptor.java:290)
	at org.junit.platform.engine.support.hierarchical.ThrowableCollector.execute(ThrowableCollector.java:73)
	at org.junit.jupiter.engine.descriptor.ClassBasedTestDescriptor.instantiateAndPostProcessTestInstance(ClassBasedTestDescriptor.java:289)
	at org.junit.jupiter.engine.descriptor.ClassBasedTestDescriptor.lambda$testInstancesProvider$5(ClassBasedTestDescriptor.java:279)
	at java.base/java.util.Optional.orElseGet(Optional.java:364)
	at org.junit.jupiter.engine.descriptor.ClassBasedTestDescriptor.lambda$testInstancesProvider$6(ClassBasedTestDescriptor.java:278)
	at org.junit.jupiter.engine.execution.TestInstancesProvider.getTestInstances(TestInstancesProvider.java:31)
	at org.junit.jupiter.engine.descriptor.TestMethodTestDescriptor.lambda$prepare$1(TestMethodTestDescriptor.java:105)
	at org.junit.platform.engine.support.hierarchical.ThrowableCollector.execute(ThrowableCollector.java:73)
	at org.junit.jupiter.engine.descriptor.TestMethodTestDescriptor.prepare(TestMethodTestDescriptor.java:104)
	at org.junit.jupiter.engine.descriptor.TestMethodTestDescriptor.prepare(TestMethodTestDescriptor.java:68)
	at org.junit.platform.engine.support.hierarchical.NodeTestTask.lambda$prepare$2(NodeTestTask.java:128)
	at org.junit.platform.engine.support.hierarchical.ThrowableCollector.execute(ThrowableCollector.java:73)
	at org.junit.platform.engine.support.hierarchical.NodeTestTask.prepare(NodeTestTask.java:128)
	at org.junit.platform.engine.support.hierarchical.NodeTestTask.execute(NodeTestTask.java:95)
	at java.base/java.util.ArrayList.forEach(ArrayList.java:1511)
	at org.junit.platform.engine.support.hierarchical.SameThreadHierarchicalTestExecutorService.invokeAll(SameThreadHierarchicalTestExecutorService.java:41)
	at org.junit.platform.engine.support.hierarchical.NodeTestTask.lambda$executeRecursively$6(NodeTestTask.java:160)
	at org.junit.platform.engine.support.hierarchical.ThrowableCollector.execute(ThrowableCollector.java:73)
	at org.junit.platform.engine.support.hierarchical.NodeTestTask.lambda$executeRecursively$8(NodeTestTask.java:146)
	at org.junit.platform.engine.support.hierarchical.Node.around(Node.java:137)
	at org.junit.platform.engine.support.hierarchical.NodeTestTask.lambda$executeRecursively$9(NodeTestTask.java:144)
	at org.junit.platform.engine.support.hierarchical.ThrowableCollector.execute(ThrowableCollector.java:73)
	at org.junit.platform.engine.support.hierarchical.NodeTestTask.executeRecursively(NodeTestTask.java:143)
	at org.junit.platform.engine.support.hierarchical.NodeTestTask.execute(NodeTestTask.java:100)
	at java.base/java.util.ArrayList.forEach(ArrayList.java:1511)
	at org.junit.platform.engine.support.hierarchical.SameThreadHierarchicalTestExecutorService.invokeAll(SameThreadHierarchicalTestExecutorService.java:41)
	at org.junit.platform.engine.support.hierarchical.NodeTestTask.lambda$executeRecursively$6(NodeTestTask.java:160)
	at org.junit.platform.engine.support.hierarchical.ThrowableCollector.execute(ThrowableCollector.java:73)
	at org.junit.platform.engine.support.hierarchical.NodeTestTask.lambda$executeRecursively$8(NodeTestTask.java:146)
	at org.junit.platform.engine.support.hierarchical.Node.around(Node.java:137)
	at org.junit.platform.engine.support.hierarchical.NodeTestTask.lambda$executeRecursively$9(NodeTestTask.java:144)
	at org.junit.platform.engine.support.hierarchical.ThrowableCollector.execute(ThrowableCollector.java:73)
	at org.junit.platform.engine.support.hierarchical.NodeTestTask.executeRecursively(NodeTestTask.java:143)
	at org.junit.platform.engine.support.hierarchical.NodeTestTask.execute(NodeTestTask.java:100)
	at org.junit.platform.engine.support.hierarchical.SameThreadHierarchicalTestExecutorService.submit(SameThreadHierarchicalTestExecutorService.java:35)
	at org.junit.platform.engine.support.hierarchical.HierarchicalTestExecutor.execute(HierarchicalTestExecutor.java:57)
	at org.junit.platform.engine.support.hierarchical.HierarchicalTestEngine.execute(HierarchicalTestEngine.java:54)
	at org.junit.platform.launcher.core.EngineExecutionOrchestrator.execute(EngineExecutionOrchestrator.java:198)
	at org.junit.platform.launcher.core.EngineExecutionOrchestrator.execute(EngineExecutionOrchestrator.java:169)
	at org.junit.platform.launcher.core.EngineExecutionOrchestrator.execute(EngineExecutionOrchestrator.java:93)
	at org.junit.platform.launcher.core.EngineExecutionOrchestrator.lambda$execute$0(EngineExecutionOrchestrator.java:58)
	at org.junit.platform.launcher.core.EngineExecutionOrchestrator.withInterceptedStreams(EngineExecutionOrchestrator.java:141)
	at org.junit.platform.launcher.core.EngineExecutionOrchestrator.execute(EngineExecutionOrchestrator.java:57)
	at org.junit.platform.launcher.core.DefaultLauncher.execute(DefaultLauncher.java:103)
	at org.junit.platform.launcher.core.DefaultLauncher.execute(DefaultLauncher.java:85)
	at org.junit.platform.launcher.core.DelegatingLauncher.execute(DelegatingLauncher.java:47)
	at org.gradle.api.internal.tasks.testing.junitplatform.JUnitPlatformTestClassProcessor$CollectAllTestClassesExecutor.processAllTestClasses(JUnitPlatformTestClassProcessor.java:124)
	at org.gradle.api.internal.tasks.testing.junitplatform.JUnitPlatformTestClassProcessor$CollectAllTestClassesExecutor.access$000(JUnitPlatformTestClassProcessor.java:99)
	at org.gradle.api.internal.tasks.testing.junitplatform.JUnitPlatformTestClassProcessor.stop(JUnitPlatformTestClassProcessor.java:94)
	at org.gradle.api.internal.tasks.testing.SuiteTestClassProcessor.stop(SuiteTestClassProcessor.java:63)
	at java.base/jdk.internal.reflect.NativeMethodAccessorImpl.invoke0(Native Method)
	at java.base/jdk.internal.reflect.NativeMethodAccessorImpl.invoke(NativeMethodAccessorImpl.java:77)
	at java.base/jdk.internal.reflect.DelegatingMethodAccessorImpl.invoke(DelegatingMethodAccessorImpl.java:43)
	at java.base/java.lang.reflect.Method.invoke(Method.java:569)
	at org.gradle.internal.dispatch.ReflectionDispatch.dispatch(ReflectionDispatch.java:36)
	at org.gradle.internal.dispatch.ReflectionDispatch.dispatch(ReflectionDispatch.java:24)
	at org.gradle.internal.dispatch.ContextClassLoaderDispatch.dispatch(ContextClassLoaderDispatch.java:33)
	at org.gradle.internal.dispatch.ProxyDispatchAdapter$DispatchingInvocationHandler.invoke(ProxyDispatchAdapter.java:92)
	at jdk.proxy1/jdk.proxy1.$Proxy4.stop(Unknown Source)
	at org.gradle.api.internal.tasks.testing.worker.TestWorker$3.run(TestWorker.java:200)
	at org.gradle.api.internal.tasks.testing.worker.TestWorker.executeAndMaintainThreadName(TestWorker.java:132)
	at org.gradle.api.internal.tasks.testing.worker.TestWorker.execute(TestWorker.java:103)
	at org.gradle.api.internal.tasks.testing.worker.TestWorker.execute(TestWorker.java:63)
	at org.gradle.process.internal.worker.child.ActionExecutionWorker.execute(ActionExecutionWorker.java:56)
	at org.gradle.process.internal.worker.child.SystemApplicationClassLoaderWorker.call(SystemApplicationClassLoaderWorker.java:121)
	at org.gradle.process.internal.worker.child.SystemApplicationClassLoaderWorker.call(SystemApplicationClassLoaderWorker.java:71)
	at worker.org.gradle.process.internal.worker.GradleWorkerMain.run(GradleWorkerMain.java:69)
	at worker.org.gradle.process.internal.worker.GradleWorkerMain.main(GradleWorkerMain.java:74)
Caused by: org.springframework.beans.factory.BeanCreationException: Error creating bean with name 'jpaMappingContext': JPA metamodel must not be empty
	at org.springframework.beans.factory.support.AbstractAutowireCapableBeanFactory.initializeBean(AbstractAutowireCapableBeanFactory.java:1802)
	at org.springframework.beans.factory.support.AbstractAutowireCapableBeanFactory.doCreateBean(AbstractAutowireCapableBeanFactory.java:601)
	at org.springframework.beans.factory.support.AbstractAutowireCapableBeanFactory.createBean(AbstractAutowireCapableBeanFactory.java:523)
	at org.springframework.beans.factory.support.AbstractBeanFactory.lambda$doGetBean$0(AbstractBeanFactory.java:336)
	at org.springframework.beans.factory.support.DefaultSingletonBeanRegistry.getSingleton(DefaultSingletonBeanRegistry.java:288)
	at org.springframework.beans.factory.support.AbstractBeanFactory.doGetBean(AbstractBeanFactory.java:334)
	at org.springframework.beans.factory.support.AbstractBeanFactory.getBean(AbstractBeanFactory.java:199)
	at org.springframework.beans.factory.support.BeanDefinitionValueResolver.resolveReference(BeanDefinitionValueResolver.java:365)
	... 117 common frames omitted
Caused by: java.lang.IllegalArgumentException: JPA metamodel must not be empty
	at org.springframework.util.Assert.notEmpty(Assert.java:398)
	at org.springframework.data.jpa.mapping.JpaMetamodelMappingContext.<init>(JpaMetamodelMappingContext.java:57)
	at org.springframework.data.jpa.repository.config.JpaMetamodelMappingContextFactoryBean.createInstance(JpaMetamodelMappingContextFactoryBean.java:68)
	at org.springframework.data.jpa.repository.config.JpaMetamodelMappingContextFactoryBean.createInstance(JpaMetamodelMappingContextFactoryBean.java:1)
	at org.springframework.beans.factory.config.AbstractFactoryBean.afterPropertiesSet(AbstractFactoryBean.java:142)
	at org.springframework.beans.factory.support.AbstractAutowireCapableBeanFactory.invokeInitMethods(AbstractAutowireCapableBeanFactory.java:1849)
	at org.springframework.beans.factory.support.AbstractAutowireCapableBeanFactory.initializeBean(AbstractAutowireCapableBeanFactory.java:1798)
	... 124 common frames omitted
26-06-07 22:17:34.402 [Test worker] WARN  o.s.test.context.TestContextManager  - Caught exception while allowing TestExecutionListener [org.springframework.test.context.bean.override.BeanOverrideTestExecutionListener] to prepare test instance [com.sprint.mission.discodeit.controller.UserControllerTest@601f264d]
java.lang.IllegalStateException: Failed to load ApplicationContext for [WebMergedContextConfiguration@63c99f7 testClass = com.sprint.mission.discodeit.controller.UserControllerTest, locations = [], classes = [com.sprint.mission.discodeit.DiscodeitApplication], contextInitializerClasses = [], activeProfiles = [], propertySourceDescriptors = [], propertySourceProperties = ["org.springframework.boot.test.autoconfigure.web.servlet.WebMvcTestContextBootstrapper=true"], contextCustomizers = [org.springframework.boot.test.autoconfigure.OnFailureConditionReportContextCustomizerFactory$OnFailureConditionReportContextCustomizer@73173f63, org.springframework.boot.test.autoconfigure.OverrideAutoConfigurationContextCustomizerFactory$DisableAutoConfigurationContextCustomizer@7e276594, org.springframework.boot.test.autoconfigure.actuate.observability.ObservabilityContextCustomizerFactory$DisableObservabilityContextCustomizer@1f, org.springframework.boot.test.autoconfigure.filter.TypeExcludeFiltersContextCustomizer@17cf17f4, org.springframework.boot.test.autoconfigure.properties.PropertyMappingContextCustomizer@1e30a070, org.springframework.boot.test.autoconfigure.web.servlet.WebDriverContextCustomizer@3d3ba765, [ImportsContextCustomizer@7f012923 key = [org.springframework.boot.autoconfigure.task.TaskExecutionAutoConfiguration, org.springframework.boot.autoconfigure.cache.CacheAutoConfiguration, org.springframework.boot.autoconfigure.web.servlet.HttpEncodingAutoConfiguration, org.springframework.boot.autoconfigure.validation.ValidationAutoConfiguration, org.springframework.boot.autoconfigure.context.MessageSourceAutoConfiguration, org.springframework.boot.autoconfigure.hateoas.HypermediaAutoConfiguration, org.springframework.boot.autoconfigure.jackson.JacksonAutoConfiguration, org.springframework.boot.autoconfigure.data.web.SpringDataWebAutoConfiguration, org.springframework.boot.test.autoconfigure.web.reactive.WebTestClientAutoConfiguration, org.springframework.boot.autoconfigure.web.servlet.error.ErrorMvcAutoConfiguration, org.springframework.boot.test.autoconfigure.web.servlet.MockMvcAutoConfiguration, com.sprint.mission.discodeit.exception.GlobalExceptionHandler, org.springframework.boot.autoconfigure.security.servlet.SecurityAutoConfiguration, org.springframework.boot.autoconfigure.security.servlet.SecurityFilterAutoConfiguration, org.springframework.boot.autoconfigure.http.HttpMessageConvertersAutoConfiguration, org.springframework.boot.autoconfigure.security.oauth2.client.servlet.OAuth2ClientAutoConfiguration, org.springframework.boot.test.autoconfigure.web.servlet.MockMvcSecurityConfiguration, org.springframework.boot.test.autoconfigure.web.servlet.MockMvcWebClientAutoConfiguration, org.springframework.boot.test.autoconfigure.web.servlet.MockMvcWebDriverAutoConfiguration, org.springframework.boot.autoconfigure.thymeleaf.ThymeleafAutoConfiguration, org.springframework.boot.autoconfigure.gson.GsonAutoConfiguration, org.springframework.boot.autoconfigure.jsonb.JsonbAutoConfiguration, org.springframework.boot.autoconfigure.freemarker.FreeMarkerAutoConfiguration, org.springframework.boot.autoconfigure.web.servlet.WebMvcAutoConfiguration, org.springframework.boot.autoconfigure.security.servlet.UserDetailsServiceAutoConfiguration, org.springframework.boot.autoconfigure.security.oauth2.resource.servlet.OAuth2ResourceServerAutoConfiguration, org.springframework.boot.autoconfigure.groovy.template.GroovyTemplateAutoConfiguration, org.springframework.boot.autoconfigure.mustache.MustacheAutoConfiguration]], org.springframework.boot.test.context.filter.ExcludeFilterContextCustomizer@7b8233cd, org.springframework.boot.test.json.DuplicateJsonObjectContextCustomizerFactory$DuplicateJsonObjectContextCustomizer@6aecbb8d, org.springframework.boot.test.mock.mockito.MockitoContextCustomizer@0, org.springframework.boot.test.web.reactor.netty.DisableReactorResourceFactoryGlobalResourcesContextCustomizerFactory$DisableReactorResourceFactoryGlobalResourcesContextCustomizerCustomizer@65b3a85a, org.springframework.test.context.bean.override.BeanOverrideContextCustomizer@80e3ee1, org.springframework.test.context.support.DynamicPropertiesContextCustomizer@0, org.springframework.boot.test.context.SpringBootTestAnnotation@c63bef65], resourceBasePath = "src/main/webapp", contextLoader = org.springframework.boot.test.context.SpringBootContextLoader, parent = null]
	at org.springframework.test.context.cache.DefaultCacheAwareContextLoaderDelegate.loadContext(DefaultCacheAwareContextLoaderDelegate.java:180)
	at org.springframework.test.context.support.DefaultTestContext.getApplicationContext(DefaultTestContext.java:130)
	at org.springframework.test.context.bean.override.BeanOverrideTestExecutionListener.injectFields(BeanOverrideTestExecutionListener.java:87)
	at org.springframework.test.context.bean.override.BeanOverrideTestExecutionListener.prepareTestInstance(BeanOverrideTestExecutionListener.java:58)
	at org.springframework.test.context.TestContextManager.prepareTestInstance(TestContextManager.java:260)
	at org.springframework.test.context.junit.jupiter.SpringExtension.postProcessTestInstance(SpringExtension.java:160)
	at org.junit.jupiter.engine.descriptor.ClassBasedTestDescriptor.lambda$invokeTestInstancePostProcessors$11(ClassBasedTestDescriptor.java:378)
	at org.junit.jupiter.engine.descriptor.ClassBasedTestDescriptor.executeAndMaskThrowable(ClassBasedTestDescriptor.java:383)
	at org.junit.jupiter.engine.descriptor.ClassBasedTestDescriptor.lambda$invokeTestInstancePostProcessors$12(ClassBasedTestDescriptor.java:378)
	at java.base/java.util.stream.ForEachOps$ForEachOp$OfRef.accept(ForEachOps.java:183)
	at java.base/java.util.stream.ReferencePipeline$3$1.accept(ReferencePipeline.java:197)
	at java.base/java.util.stream.ReferencePipeline$2$1.accept(ReferencePipeline.java:179)
	at java.base/java.util.stream.ReferencePipeline$3$1.accept(ReferencePipeline.java:197)
	at java.base/java.util.ArrayList$ArrayListSpliterator.forEachRemaining(ArrayList.java:1625)
	at java.base/java.util.stream.AbstractPipeline.copyInto(AbstractPipeline.java:509)
	at java.base/java.util.stream.AbstractPipeline.wrapAndCopyInto(AbstractPipeline.java:499)
	at java.base/java.util.stream.ForEachOps$ForEachOp.evaluateSequential(ForEachOps.java:150)
	at java.base/java.util.stream.ForEachOps$ForEachOp$OfRef.evaluateSequential(ForEachOps.java:173)
	at java.base/java.util.stream.AbstractPipeline.evaluate(AbstractPipeline.java:234)
	at java.base/java.util.stream.ReferencePipeline.forEach(ReferencePipeline.java:596)
	at org.junit.jupiter.engine.descriptor.ClassBasedTestDescriptor.invokeTestInstancePostProcessors(ClassBasedTestDescriptor.java:377)
	at org.junit.jupiter.engine.descriptor.ClassBasedTestDescriptor.lambda$instantiateAndPostProcessTestInstance$7(ClassBasedTestDescriptor.java:290)
	at org.junit.platform.engine.support.hierarchical.ThrowableCollector.execute(ThrowableCollector.java:73)
	at org.junit.jupiter.engine.descriptor.ClassBasedTestDescriptor.instantiateAndPostProcessTestInstance(ClassBasedTestDescriptor.java:289)
	at org.junit.jupiter.engine.descriptor.ClassBasedTestDescriptor.lambda$testInstancesProvider$5(ClassBasedTestDescriptor.java:279)
	at java.base/java.util.Optional.orElseGet(Optional.java:364)
	at org.junit.jupiter.engine.descriptor.ClassBasedTestDescriptor.lambda$testInstancesProvider$6(ClassBasedTestDescriptor.java:278)
	at org.junit.jupiter.engine.execution.TestInstancesProvider.getTestInstances(TestInstancesProvider.java:31)
	at org.junit.jupiter.engine.descriptor.TestMethodTestDescriptor.lambda$prepare$1(TestMethodTestDescriptor.java:105)
	at org.junit.platform.engine.support.hierarchical.ThrowableCollector.execute(ThrowableCollector.java:73)
	at org.junit.jupiter.engine.descriptor.TestMethodTestDescriptor.prepare(TestMethodTestDescriptor.java:104)
	at org.junit.jupiter.engine.descriptor.TestMethodTestDescriptor.prepare(TestMethodTestDescriptor.java:68)
	at org.junit.platform.engine.support.hierarchical.NodeTestTask.lambda$prepare$2(NodeTestTask.java:128)
	at org.junit.platform.engine.support.hierarchical.ThrowableCollector.execute(ThrowableCollector.java:73)
	at org.junit.platform.engine.support.hierarchical.NodeTestTask.prepare(NodeTestTask.java:128)
	at org.junit.platform.engine.support.hierarchical.NodeTestTask.execute(NodeTestTask.java:95)
	at java.base/java.util.ArrayList.forEach(ArrayList.java:1511)
	at org.junit.platform.engine.support.hierarchical.SameThreadHierarchicalTestExecutorService.invokeAll(SameThreadHierarchicalTestExecutorService.java:41)
	at org.junit.platform.engine.support.hierarchical.NodeTestTask.lambda$executeRecursively$6(NodeTestTask.java:160)
	at org.junit.platform.engine.support.hierarchical.ThrowableCollector.execute(ThrowableCollector.java:73)
	at org.junit.platform.engine.support.hierarchical.NodeTestTask.lambda$executeRecursively$8(NodeTestTask.java:146)
	at org.junit.platform.engine.support.hierarchical.Node.around(Node.java:137)
	at org.junit.platform.engine.support.hierarchical.NodeTestTask.lambda$executeRecursively$9(NodeTestTask.java:144)
	at org.junit.platform.engine.support.hierarchical.ThrowableCollector.execute(ThrowableCollector.java:73)
	at org.junit.platform.engine.support.hierarchical.NodeTestTask.executeRecursively(NodeTestTask.java:143)
	at org.junit.platform.engine.support.hierarchical.NodeTestTask.execute(NodeTestTask.java:100)
	at java.base/java.util.ArrayList.forEach(ArrayList.java:1511)
	at org.junit.platform.engine.support.hierarchical.SameThreadHierarchicalTestExecutorService.invokeAll(SameThreadHierarchicalTestExecutorService.java:41)
	at org.junit.platform.engine.support.hierarchical.NodeTestTask.lambda$executeRecursively$6(NodeTestTask.java:160)
	at org.junit.platform.engine.support.hierarchical.ThrowableCollector.execute(ThrowableCollector.java:73)
	at org.junit.platform.engine.support.hierarchical.NodeTestTask.lambda$executeRecursively$8(NodeTestTask.java:146)
	at org.junit.platform.engine.support.hierarchical.Node.around(Node.java:137)
	at org.junit.platform.engine.support.hierarchical.NodeTestTask.lambda$executeRecursively$9(NodeTestTask.java:144)
	at org.junit.platform.engine.support.hierarchical.ThrowableCollector.execute(ThrowableCollector.java:73)
	at org.junit.platform.engine.support.hierarchical.NodeTestTask.executeRecursively(NodeTestTask.java:143)
	at org.junit.platform.engine.support.hierarchical.NodeTestTask.execute(NodeTestTask.java:100)
	at org.junit.platform.engine.support.hierarchical.SameThreadHierarchicalTestExecutorService.submit(SameThreadHierarchicalTestExecutorService.java:35)
	at org.junit.platform.engine.support.hierarchical.HierarchicalTestExecutor.execute(HierarchicalTestExecutor.java:57)
	at org.junit.platform.engine.support.hierarchical.HierarchicalTestEngine.execute(HierarchicalTestEngine.java:54)
	at org.junit.platform.launcher.core.EngineExecutionOrchestrator.execute(EngineExecutionOrchestrator.java:198)
	at org.junit.platform.launcher.core.EngineExecutionOrchestrator.execute(EngineExecutionOrchestrator.java:169)
	at org.junit.platform.launcher.core.EngineExecutionOrchestrator.execute(EngineExecutionOrchestrator.java:93)
	at org.junit.platform.launcher.core.EngineExecutionOrchestrator.lambda$execute$0(EngineExecutionOrchestrator.java:58)
	at org.junit.platform.launcher.core.EngineExecutionOrchestrator.withInterceptedStreams(EngineExecutionOrchestrator.java:141)
	at org.junit.platform.launcher.core.EngineExecutionOrchestrator.execute(EngineExecutionOrchestrator.java:57)
	at org.junit.platform.launcher.core.DefaultLauncher.execute(DefaultLauncher.java:103)
	at org.junit.platform.launcher.core.DefaultLauncher.execute(DefaultLauncher.java:85)
	at org.junit.platform.launcher.core.DelegatingLauncher.execute(DelegatingLauncher.java:47)
	at org.gradle.api.internal.tasks.testing.junitplatform.JUnitPlatformTestClassProcessor$CollectAllTestClassesExecutor.processAllTestClasses(JUnitPlatformTestClassProcessor.java:124)
	at org.gradle.api.internal.tasks.testing.junitplatform.JUnitPlatformTestClassProcessor$CollectAllTestClassesExecutor.access$000(JUnitPlatformTestClassProcessor.java:99)
	at org.gradle.api.internal.tasks.testing.junitplatform.JUnitPlatformTestClassProcessor.stop(JUnitPlatformTestClassProcessor.java:94)
	at org.gradle.api.internal.tasks.testing.SuiteTestClassProcessor.stop(SuiteTestClassProcessor.java:63)
	at java.base/jdk.internal.reflect.NativeMethodAccessorImpl.invoke0(Native Method)
	at java.base/jdk.internal.reflect.NativeMethodAccessorImpl.invoke(NativeMethodAccessorImpl.java:77)
	at java.base/jdk.internal.reflect.DelegatingMethodAccessorImpl.invoke(DelegatingMethodAccessorImpl.java:43)
	at java.base/java.lang.reflect.Method.invoke(Method.java:569)
	at org.gradle.internal.dispatch.ReflectionDispatch.dispatch(ReflectionDispatch.java:36)
	at org.gradle.internal.dispatch.ReflectionDispatch.dispatch(ReflectionDispatch.java:24)
	at org.gradle.internal.dispatch.ContextClassLoaderDispatch.dispatch(ContextClassLoaderDispatch.java:33)
	at org.gradle.internal.dispatch.ProxyDispatchAdapter$DispatchingInvocationHandler.invoke(ProxyDispatchAdapter.java:92)
	at jdk.proxy1/jdk.proxy1.$Proxy4.stop(Unknown Source)
	at org.gradle.api.internal.tasks.testing.worker.TestWorker$3.run(TestWorker.java:200)
	at org.gradle.api.internal.tasks.testing.worker.TestWorker.executeAndMaintainThreadName(TestWorker.java:132)
	at org.gradle.api.internal.tasks.testing.worker.TestWorker.execute(TestWorker.java:103)
	at org.gradle.api.internal.tasks.testing.worker.TestWorker.execute(TestWorker.java:63)
	at org.gradle.process.internal.worker.child.ActionExecutionWorker.execute(ActionExecutionWorker.java:56)
	at org.gradle.process.internal.worker.child.SystemApplicationClassLoaderWorker.call(SystemApplicationClassLoaderWorker.java:121)
	at org.gradle.process.internal.worker.child.SystemApplicationClassLoaderWorker.call(SystemApplicationClassLoaderWorker.java:71)
	at worker.org.gradle.process.internal.worker.GradleWorkerMain.run(GradleWorkerMain.java:69)
	at worker.org.gradle.process.internal.worker.GradleWorkerMain.main(GradleWorkerMain.java:74)
Caused by: org.springframework.beans.factory.BeanCreationException: Error creating bean with name 'jpaAuditingHandler': Cannot resolve reference to bean 'jpaMappingContext' while setting constructor argument
	at org.springframework.beans.factory.support.BeanDefinitionValueResolver.resolveReference(BeanDefinitionValueResolver.java:377)
	at org.springframework.beans.factory.support.BeanDefinitionValueResolver.resolveValueIfNecessary(BeanDefinitionValueResolver.java:135)
	at org.springframework.beans.factory.support.ConstructorResolver.resolveConstructorArguments(ConstructorResolver.java:691)
	at org.springframework.beans.factory.support.ConstructorResolver.instantiateUsingFactoryMethod(ConstructorResolver.java:513)
	at org.springframework.beans.factory.support.AbstractAutowireCapableBeanFactory.instantiateUsingFactoryMethod(AbstractAutowireCapableBeanFactory.java:1351)
	at org.springframework.beans.factory.support.AbstractAutowireCapableBeanFactory.createBeanInstance(AbstractAutowireCapableBeanFactory.java:1181)
	at org.springframework.beans.factory.support.AbstractAutowireCapableBeanFactory.doCreateBean(AbstractAutowireCapableBeanFactory.java:563)
	at org.springframework.beans.factory.support.AbstractAutowireCapableBeanFactory.createBean(AbstractAutowireCapableBeanFactory.java:523)
	at org.springframework.beans.factory.support.AbstractBeanFactory.lambda$doGetBean$0(AbstractBeanFactory.java:336)
	at org.springframework.beans.factory.support.DefaultSingletonBeanRegistry.getSingleton(DefaultSingletonBeanRegistry.java:288)
	at org.springframework.beans.factory.support.AbstractBeanFactory.doGetBean(AbstractBeanFactory.java:334)
	at org.springframework.beans.factory.support.AbstractBeanFactory.getBean(AbstractBeanFactory.java:199)
	at org.springframework.beans.factory.support.DefaultListableBeanFactory.instantiateSingleton(DefaultListableBeanFactory.java:1122)
	at org.springframework.beans.factory.support.DefaultListableBeanFactory.preInstantiateSingleton(DefaultListableBeanFactory.java:1093)
	at org.springframework.beans.factory.support.DefaultListableBeanFactory.preInstantiateSingletons(DefaultListableBeanFactory.java:1030)
	at org.springframework.context.support.AbstractApplicationContext.finishBeanFactoryInitialization(AbstractApplicationContext.java:987)
	at org.springframework.context.support.AbstractApplicationContext.refresh(AbstractApplicationContext.java:627)
	at org.springframework.boot.SpringApplication.refresh(SpringApplication.java:752)
	at org.springframework.boot.SpringApplication.refreshContext(SpringApplication.java:439)
	at org.springframework.boot.SpringApplication.run(SpringApplication.java:318)
	at org.springframework.boot.test.context.SpringBootContextLoader.lambda$loadContext$3(SpringBootContextLoader.java:137)
	at org.springframework.util.function.ThrowingSupplier.get(ThrowingSupplier.java:58)
	at org.springframework.util.function.ThrowingSupplier.get(ThrowingSupplier.java:46)
	at org.springframework.boot.SpringApplication.withHook(SpringApplication.java:1461)
	at org.springframework.boot.test.context.SpringBootContextLoader$ContextLoaderHook.run(SpringBootContextLoader.java:553)
	at org.springframework.boot.test.context.SpringBootContextLoader.loadContext(SpringBootContextLoader.java:137)
	at org.springframework.boot.test.context.SpringBootContextLoader.loadContext(SpringBootContextLoader.java:108)
	at org.springframework.test.context.cache.DefaultCacheAwareContextLoaderDelegate.loadContextInternal(DefaultCacheAwareContextLoaderDelegate.java:225)
	at org.springframework.test.context.cache.DefaultCacheAwareContextLoaderDelegate.loadContext(DefaultCacheAwareContextLoaderDelegate.java:152)
	... 89 common frames omitted
Caused by: org.springframework.beans.factory.BeanCreationException: Error creating bean with name 'jpaMappingContext': JPA metamodel must not be empty
	at org.springframework.beans.factory.support.AbstractAutowireCapableBeanFactory.initializeBean(AbstractAutowireCapableBeanFactory.java:1802)
	at org.springframework.beans.factory.support.AbstractAutowireCapableBeanFactory.doCreateBean(AbstractAutowireCapableBeanFactory.java:601)
	at org.springframework.beans.factory.support.AbstractAutowireCapableBeanFactory.createBean(AbstractAutowireCapableBeanFactory.java:523)
	at org.springframework.beans.factory.support.AbstractBeanFactory.lambda$doGetBean$0(AbstractBeanFactory.java:336)
	at org.springframework.beans.factory.support.DefaultSingletonBeanRegistry.getSingleton(DefaultSingletonBeanRegistry.java:288)
	at org.springframework.beans.factory.support.AbstractBeanFactory.doGetBean(AbstractBeanFactory.java:334)
	at org.springframework.beans.factory.support.AbstractBeanFactory.getBean(AbstractBeanFactory.java:199)
	at org.springframework.beans.factory.support.BeanDefinitionValueResolver.resolveReference(BeanDefinitionValueResolver.java:365)
	... 117 common frames omitted
Caused by: java.lang.IllegalArgumentException: JPA metamodel must not be empty
	at org.springframework.util.Assert.notEmpty(Assert.java:398)
	at org.springframework.data.jpa.mapping.JpaMetamodelMappingContext.<init>(JpaMetamodelMappingContext.java:57)
	at org.springframework.data.jpa.repository.config.JpaMetamodelMappingContextFactoryBean.createInstance(JpaMetamodelMappingContextFactoryBean.java:68)
	at org.springframework.data.jpa.repository.config.JpaMetamodelMappingContextFactoryBean.createInstance(JpaMetamodelMappingContextFactoryBean.java:1)
	at org.springframework.beans.factory.config.AbstractFactoryBean.afterPropertiesSet(AbstractFactoryBean.java:142)
	at org.springframework.beans.factory.support.AbstractAutowireCapableBeanFactory.invokeInitMethods(AbstractAutowireCapableBeanFactory.java:1849)
	at org.springframework.beans.factory.support.AbstractAutowireCapableBeanFactory.initializeBean(AbstractAutowireCapableBeanFactory.java:1798)
	... 124 common frames omitted
26-06-07 22:23:19.956 [background-preinit] INFO  o.h.validator.internal.util.Version  - HV000001: Hibernate Validator 8.0.1.Final
26-06-07 22:23:19.991 [Test worker] INFO  c.s.m.d.c.UserControllerTest         - Starting UserControllerTest using Java 17.0.18 with PID 60796 (started by yuj in /Users/yuj/java/sprint_mission)
26-06-07 22:23:19.991 [Test worker] DEBUG c.s.m.d.c.UserControllerTest         - Running with Spring Boot v3.4.0, Spring v6.2.0
26-06-07 22:23:19.992 [Test worker] INFO  c.s.m.d.c.UserControllerTest         - The following 1 profile is active: "dev"
26-06-07 22:23:20.747 [Test worker] WARN  s.w.c.s.GenericWebApplicationContext - Exception encountered during context initialization - cancelling refresh attempt: org.springframework.beans.factory.BeanCreationException: Error creating bean with name 'jpaAuditingHandler': Cannot resolve reference to bean 'jpaMappingContext' while setting constructor argument
26-06-07 22:23:20.762 [Test worker] INFO  .a.l.ConditionEvaluationReportLogger - 

Error starting ApplicationContext. To display the condition evaluation report re-run your application with 'debug' enabled.
26-06-07 22:23:20.781 [Test worker] ERROR o.s.boot.SpringApplication           - Application run failed
org.springframework.beans.factory.BeanCreationException: Error creating bean with name 'jpaAuditingHandler': Cannot resolve reference to bean 'jpaMappingContext' while setting constructor argument
	at org.springframework.beans.factory.support.BeanDefinitionValueResolver.resolveReference(BeanDefinitionValueResolver.java:377)
	at org.springframework.beans.factory.support.BeanDefinitionValueResolver.resolveValueIfNecessary(BeanDefinitionValueResolver.java:135)
	at org.springframework.beans.factory.support.ConstructorResolver.resolveConstructorArguments(ConstructorResolver.java:691)
	at org.springframework.beans.factory.support.ConstructorResolver.instantiateUsingFactoryMethod(ConstructorResolver.java:513)
	at org.springframework.beans.factory.support.AbstractAutowireCapableBeanFactory.instantiateUsingFactoryMethod(AbstractAutowireCapableBeanFactory.java:1351)
	at org.springframework.beans.factory.support.AbstractAutowireCapableBeanFactory.createBeanInstance(AbstractAutowireCapableBeanFactory.java:1181)
	at org.springframework.beans.factory.support.AbstractAutowireCapableBeanFactory.doCreateBean(AbstractAutowireCapableBeanFactory.java:563)
	at org.springframework.beans.factory.support.AbstractAutowireCapableBeanFactory.createBean(AbstractAutowireCapableBeanFactory.java:523)
	at org.springframework.beans.factory.support.AbstractBeanFactory.lambda$doGetBean$0(AbstractBeanFactory.java:336)
	at org.springframework.beans.factory.support.DefaultSingletonBeanRegistry.getSingleton(DefaultSingletonBeanRegistry.java:288)
	at org.springframework.beans.factory.support.AbstractBeanFactory.doGetBean(AbstractBeanFactory.java:334)
	at org.springframework.beans.factory.support.AbstractBeanFactory.getBean(AbstractBeanFactory.java:199)
	at org.springframework.beans.factory.support.DefaultListableBeanFactory.instantiateSingleton(DefaultListableBeanFactory.java:1122)
	at org.springframework.beans.factory.support.DefaultListableBeanFactory.preInstantiateSingleton(DefaultListableBeanFactory.java:1093)
	at org.springframework.beans.factory.support.DefaultListableBeanFactory.preInstantiateSingletons(DefaultListableBeanFactory.java:1030)
	at org.springframework.context.support.AbstractApplicationContext.finishBeanFactoryInitialization(AbstractApplicationContext.java:987)
	at org.springframework.context.support.AbstractApplicationContext.refresh(AbstractApplicationContext.java:627)
	at org.springframework.boot.SpringApplication.refresh(SpringApplication.java:752)
	at org.springframework.boot.SpringApplication.refreshContext(SpringApplication.java:439)
	at org.springframework.boot.SpringApplication.run(SpringApplication.java:318)
	at org.springframework.boot.test.context.SpringBootContextLoader.lambda$loadContext$3(SpringBootContextLoader.java:137)
	at org.springframework.util.function.ThrowingSupplier.get(ThrowingSupplier.java:58)
	at org.springframework.util.function.ThrowingSupplier.get(ThrowingSupplier.java:46)
	at org.springframework.boot.SpringApplication.withHook(SpringApplication.java:1461)
	at org.springframework.boot.test.context.SpringBootContextLoader$ContextLoaderHook.run(SpringBootContextLoader.java:553)
	at org.springframework.boot.test.context.SpringBootContextLoader.loadContext(SpringBootContextLoader.java:137)
	at org.springframework.boot.test.context.SpringBootContextLoader.loadContext(SpringBootContextLoader.java:108)
	at org.springframework.test.context.cache.DefaultCacheAwareContextLoaderDelegate.loadContextInternal(DefaultCacheAwareContextLoaderDelegate.java:225)
	at org.springframework.test.context.cache.DefaultCacheAwareContextLoaderDelegate.loadContext(DefaultCacheAwareContextLoaderDelegate.java:152)
	at org.springframework.test.context.support.DefaultTestContext.getApplicationContext(DefaultTestContext.java:130)
	at org.springframework.test.context.bean.override.BeanOverrideTestExecutionListener.injectFields(BeanOverrideTestExecutionListener.java:87)
	at org.springframework.test.context.bean.override.BeanOverrideTestExecutionListener.prepareTestInstance(BeanOverrideTestExecutionListener.java:58)
	at org.springframework.test.context.TestContextManager.prepareTestInstance(TestContextManager.java:260)
	at org.springframework.test.context.junit.jupiter.SpringExtension.postProcessTestInstance(SpringExtension.java:160)
	at org.junit.jupiter.engine.descriptor.ClassBasedTestDescriptor.lambda$invokeTestInstancePostProcessors$11(ClassBasedTestDescriptor.java:378)
	at org.junit.jupiter.engine.descriptor.ClassBasedTestDescriptor.executeAndMaskThrowable(ClassBasedTestDescriptor.java:383)
	at org.junit.jupiter.engine.descriptor.ClassBasedTestDescriptor.lambda$invokeTestInstancePostProcessors$12(ClassBasedTestDescriptor.java:378)
	at java.base/java.util.stream.ForEachOps$ForEachOp$OfRef.accept(ForEachOps.java:183)
	at java.base/java.util.stream.ReferencePipeline$3$1.accept(ReferencePipeline.java:197)
	at java.base/java.util.stream.ReferencePipeline$2$1.accept(ReferencePipeline.java:179)
	at java.base/java.util.stream.ReferencePipeline$3$1.accept(ReferencePipeline.java:197)
	at java.base/java.util.ArrayList$ArrayListSpliterator.forEachRemaining(ArrayList.java:1625)
	at java.base/java.util.stream.AbstractPipeline.copyInto(AbstractPipeline.java:509)
	at java.base/java.util.stream.AbstractPipeline.wrapAndCopyInto(AbstractPipeline.java:499)
	at java.base/java.util.stream.ForEachOps$ForEachOp.evaluateSequential(ForEachOps.java:150)
	at java.base/java.util.stream.ForEachOps$ForEachOp$OfRef.evaluateSequential(ForEachOps.java:173)
	at java.base/java.util.stream.AbstractPipeline.evaluate(AbstractPipeline.java:234)
	at java.base/java.util.stream.ReferencePipeline.forEach(ReferencePipeline.java:596)
	at org.junit.jupiter.engine.descriptor.ClassBasedTestDescriptor.invokeTestInstancePostProcessors(ClassBasedTestDescriptor.java:377)
	at org.junit.jupiter.engine.descriptor.ClassBasedTestDescriptor.lambda$instantiateAndPostProcessTestInstance$7(ClassBasedTestDescriptor.java:290)
	at org.junit.platform.engine.support.hierarchical.ThrowableCollector.execute(ThrowableCollector.java:73)
	at org.junit.jupiter.engine.descriptor.ClassBasedTestDescriptor.instantiateAndPostProcessTestInstance(ClassBasedTestDescriptor.java:289)
	at org.junit.jupiter.engine.descriptor.ClassBasedTestDescriptor.lambda$testInstancesProvider$5(ClassBasedTestDescriptor.java:279)
	at java.base/java.util.Optional.orElseGet(Optional.java:364)
	at org.junit.jupiter.engine.descriptor.ClassBasedTestDescriptor.lambda$testInstancesProvider$6(ClassBasedTestDescriptor.java:278)
	at org.junit.jupiter.engine.execution.TestInstancesProvider.getTestInstances(TestInstancesProvider.java:31)
	at org.junit.jupiter.engine.descriptor.TestMethodTestDescriptor.lambda$prepare$1(TestMethodTestDescriptor.java:105)
	at org.junit.platform.engine.support.hierarchical.ThrowableCollector.execute(ThrowableCollector.java:73)
	at org.junit.jupiter.engine.descriptor.TestMethodTestDescriptor.prepare(TestMethodTestDescriptor.java:104)
	at org.junit.jupiter.engine.descriptor.TestMethodTestDescriptor.prepare(TestMethodTestDescriptor.java:68)
	at org.junit.platform.engine.support.hierarchical.NodeTestTask.lambda$prepare$2(NodeTestTask.java:128)
	at org.junit.platform.engine.support.hierarchical.ThrowableCollector.execute(ThrowableCollector.java:73)
	at org.junit.platform.engine.support.hierarchical.NodeTestTask.prepare(NodeTestTask.java:128)
	at org.junit.platform.engine.support.hierarchical.NodeTestTask.execute(NodeTestTask.java:95)
	at java.base/java.util.ArrayList.forEach(ArrayList.java:1511)
	at org.junit.platform.engine.support.hierarchical.SameThreadHierarchicalTestExecutorService.invokeAll(SameThreadHierarchicalTestExecutorService.java:41)
	at org.junit.platform.engine.support.hierarchical.NodeTestTask.lambda$executeRecursively$6(NodeTestTask.java:160)
	at org.junit.platform.engine.support.hierarchical.ThrowableCollector.execute(ThrowableCollector.java:73)
	at org.junit.platform.engine.support.hierarchical.NodeTestTask.lambda$executeRecursively$8(NodeTestTask.java:146)
	at org.junit.platform.engine.support.hierarchical.Node.around(Node.java:137)
	at org.junit.platform.engine.support.hierarchical.NodeTestTask.lambda$executeRecursively$9(NodeTestTask.java:144)
	at org.junit.platform.engine.support.hierarchical.ThrowableCollector.execute(ThrowableCollector.java:73)
	at org.junit.platform.engine.support.hierarchical.NodeTestTask.executeRecursively(NodeTestTask.java:143)
	at org.junit.platform.engine.support.hierarchical.NodeTestTask.execute(NodeTestTask.java:100)
	at java.base/java.util.ArrayList.forEach(ArrayList.java:1511)
	at org.junit.platform.engine.support.hierarchical.SameThreadHierarchicalTestExecutorService.invokeAll(SameThreadHierarchicalTestExecutorService.java:41)
	at org.junit.platform.engine.support.hierarchical.NodeTestTask.lambda$executeRecursively$6(NodeTestTask.java:160)
	at org.junit.platform.engine.support.hierarchical.ThrowableCollector.execute(ThrowableCollector.java:73)
	at org.junit.platform.engine.support.hierarchical.NodeTestTask.lambda$executeRecursively$8(NodeTestTask.java:146)
	at org.junit.platform.engine.support.hierarchical.Node.around(Node.java:137)
	at org.junit.platform.engine.support.hierarchical.NodeTestTask.lambda$executeRecursively$9(NodeTestTask.java:144)
	at org.junit.platform.engine.support.hierarchical.ThrowableCollector.execute(ThrowableCollector.java:73)
	at org.junit.platform.engine.support.hierarchical.NodeTestTask.executeRecursively(NodeTestTask.java:143)
	at org.junit.platform.engine.support.hierarchical.NodeTestTask.execute(NodeTestTask.java:100)
	at org.junit.platform.engine.support.hierarchical.SameThreadHierarchicalTestExecutorService.submit(SameThreadHierarchicalTestExecutorService.java:35)
	at org.junit.platform.engine.support.hierarchical.HierarchicalTestExecutor.execute(HierarchicalTestExecutor.java:57)
	at org.junit.platform.engine.support.hierarchical.HierarchicalTestEngine.execute(HierarchicalTestEngine.java:54)
	at org.junit.platform.launcher.core.EngineExecutionOrchestrator.execute(EngineExecutionOrchestrator.java:198)
	at org.junit.platform.launcher.core.EngineExecutionOrchestrator.execute(EngineExecutionOrchestrator.java:169)
	at org.junit.platform.launcher.core.EngineExecutionOrchestrator.execute(EngineExecutionOrchestrator.java:93)
	at org.junit.platform.launcher.core.EngineExecutionOrchestrator.lambda$execute$0(EngineExecutionOrchestrator.java:58)
	at org.junit.platform.launcher.core.EngineExecutionOrchestrator.withInterceptedStreams(EngineExecutionOrchestrator.java:141)
	at org.junit.platform.launcher.core.EngineExecutionOrchestrator.execute(EngineExecutionOrchestrator.java:57)
	at org.junit.platform.launcher.core.DefaultLauncher.execute(DefaultLauncher.java:103)
	at org.junit.platform.launcher.core.DefaultLauncher.execute(DefaultLauncher.java:85)
	at org.junit.platform.launcher.core.DelegatingLauncher.execute(DelegatingLauncher.java:47)
	at org.gradle.api.internal.tasks.testing.junitplatform.JUnitPlatformTestClassProcessor$CollectAllTestClassesExecutor.processAllTestClasses(JUnitPlatformTestClassProcessor.java:124)
	at org.gradle.api.internal.tasks.testing.junitplatform.JUnitPlatformTestClassProcessor$CollectAllTestClassesExecutor.access$000(JUnitPlatformTestClassProcessor.java:99)
	at org.gradle.api.internal.tasks.testing.junitplatform.JUnitPlatformTestClassProcessor.stop(JUnitPlatformTestClassProcessor.java:94)
	at org.gradle.api.internal.tasks.testing.SuiteTestClassProcessor.stop(SuiteTestClassProcessor.java:63)
	at java.base/jdk.internal.reflect.NativeMethodAccessorImpl.invoke0(Native Method)
	at java.base/jdk.internal.reflect.NativeMethodAccessorImpl.invoke(NativeMethodAccessorImpl.java:77)
	at java.base/jdk.internal.reflect.DelegatingMethodAccessorImpl.invoke(DelegatingMethodAccessorImpl.java:43)
	at java.base/java.lang.reflect.Method.invoke(Method.java:569)
	at org.gradle.internal.dispatch.ReflectionDispatch.dispatch(ReflectionDispatch.java:36)
	at org.gradle.internal.dispatch.ReflectionDispatch.dispatch(ReflectionDispatch.java:24)
	at org.gradle.internal.dispatch.ContextClassLoaderDispatch.dispatch(ContextClassLoaderDispatch.java:33)
	at org.gradle.internal.dispatch.ProxyDispatchAdapter$DispatchingInvocationHandler.invoke(ProxyDispatchAdapter.java:92)
	at jdk.proxy1/jdk.proxy1.$Proxy4.stop(Unknown Source)
	at org.gradle.api.internal.tasks.testing.worker.TestWorker$3.run(TestWorker.java:200)
	at org.gradle.api.internal.tasks.testing.worker.TestWorker.executeAndMaintainThreadName(TestWorker.java:132)
	at org.gradle.api.internal.tasks.testing.worker.TestWorker.execute(TestWorker.java:103)
	at org.gradle.api.internal.tasks.testing.worker.TestWorker.execute(TestWorker.java:63)
	at org.gradle.process.internal.worker.child.ActionExecutionWorker.execute(ActionExecutionWorker.java:56)
	at org.gradle.process.internal.worker.child.SystemApplicationClassLoaderWorker.call(SystemApplicationClassLoaderWorker.java:121)
	at org.gradle.process.internal.worker.child.SystemApplicationClassLoaderWorker.call(SystemApplicationClassLoaderWorker.java:71)
	at worker.org.gradle.process.internal.worker.GradleWorkerMain.run(GradleWorkerMain.java:69)
	at worker.org.gradle.process.internal.worker.GradleWorkerMain.main(GradleWorkerMain.java:74)
Caused by: org.springframework.beans.factory.BeanCreationException: Error creating bean with name 'jpaMappingContext': JPA metamodel must not be empty
	at org.springframework.beans.factory.support.AbstractAutowireCapableBeanFactory.initializeBean(AbstractAutowireCapableBeanFactory.java:1802)
	at org.springframework.beans.factory.support.AbstractAutowireCapableBeanFactory.doCreateBean(AbstractAutowireCapableBeanFactory.java:601)
	at org.springframework.beans.factory.support.AbstractAutowireCapableBeanFactory.createBean(AbstractAutowireCapableBeanFactory.java:523)
	at org.springframework.beans.factory.support.AbstractBeanFactory.lambda$doGetBean$0(AbstractBeanFactory.java:336)
	at org.springframework.beans.factory.support.DefaultSingletonBeanRegistry.getSingleton(DefaultSingletonBeanRegistry.java:288)
	at org.springframework.beans.factory.support.AbstractBeanFactory.doGetBean(AbstractBeanFactory.java:334)
	at org.springframework.beans.factory.support.AbstractBeanFactory.getBean(AbstractBeanFactory.java:199)
	at org.springframework.beans.factory.support.BeanDefinitionValueResolver.resolveReference(BeanDefinitionValueResolver.java:365)
	... 117 common frames omitted
Caused by: java.lang.IllegalArgumentException: JPA metamodel must not be empty
	at org.springframework.util.Assert.notEmpty(Assert.java:398)
	at org.springframework.data.jpa.mapping.JpaMetamodelMappingContext.<init>(JpaMetamodelMappingContext.java:57)
	at org.springframework.data.jpa.repository.config.JpaMetamodelMappingContextFactoryBean.createInstance(JpaMetamodelMappingContextFactoryBean.java:68)
	at org.springframework.data.jpa.repository.config.JpaMetamodelMappingContextFactoryBean.createInstance(JpaMetamodelMappingContextFactoryBean.java:1)
	at org.springframework.beans.factory.config.AbstractFactoryBean.afterPropertiesSet(AbstractFactoryBean.java:142)
	at org.springframework.beans.factory.support.AbstractAutowireCapableBeanFactory.invokeInitMethods(AbstractAutowireCapableBeanFactory.java:1849)
	at org.springframework.beans.factory.support.AbstractAutowireCapableBeanFactory.initializeBean(AbstractAutowireCapableBeanFactory.java:1798)
	... 124 common frames omitted
26-06-07 22:23:20.795 [Test worker] WARN  o.s.test.context.TestContextManager  - Caught exception while allowing TestExecutionListener [org.springframework.test.context.bean.override.BeanOverrideTestExecutionListener] to prepare test instance [com.sprint.mission.discodeit.controller.UserControllerTest@52d9d817]
java.lang.IllegalStateException: Failed to load ApplicationContext for [WebMergedContextConfiguration@6f106af8 testClass = com.sprint.mission.discodeit.controller.UserControllerTest, locations = [], classes = [com.sprint.mission.discodeit.DiscodeitApplication], contextInitializerClasses = [], activeProfiles = [], propertySourceDescriptors = [], propertySourceProperties = ["org.springframework.boot.test.autoconfigure.web.servlet.WebMvcTestContextBootstrapper=true"], contextCustomizers = [org.springframework.boot.test.autoconfigure.OnFailureConditionReportContextCustomizerFactory$OnFailureConditionReportContextCustomizer@20b12f8a, org.springframework.boot.test.autoconfigure.OverrideAutoConfigurationContextCustomizerFactory$DisableAutoConfigurationContextCustomizer@54a67a45, org.springframework.boot.test.autoconfigure.actuate.observability.ObservabilityContextCustomizerFactory$DisableObservabilityContextCustomizer@1f, org.springframework.boot.test.autoconfigure.filter.TypeExcludeFiltersContextCustomizer@ecf81985, org.springframework.boot.test.autoconfigure.properties.PropertyMappingContextCustomizer@f708bf91, org.springframework.boot.test.autoconfigure.web.servlet.WebDriverContextCustomizer@4409e975, [ImportsContextCustomizer@1edf71d9 key = [org.springframework.boot.autoconfigure.task.TaskExecutionAutoConfiguration, org.springframework.boot.autoconfigure.cache.CacheAutoConfiguration, org.springframework.boot.autoconfigure.web.servlet.HttpEncodingAutoConfiguration, org.springframework.boot.autoconfigure.validation.ValidationAutoConfiguration, org.springframework.boot.autoconfigure.context.MessageSourceAutoConfiguration, org.springframework.boot.autoconfigure.hateoas.HypermediaAutoConfiguration, org.springframework.boot.autoconfigure.jackson.JacksonAutoConfiguration, org.springframework.boot.autoconfigure.data.web.SpringDataWebAutoConfiguration, org.springframework.boot.test.autoconfigure.web.reactive.WebTestClientAutoConfiguration, org.springframework.boot.autoconfigure.web.servlet.error.ErrorMvcAutoConfiguration, org.springframework.boot.test.autoconfigure.web.servlet.MockMvcAutoConfiguration, com.sprint.mission.discodeit.exception.GlobalExceptionHandler, org.springframework.boot.autoconfigure.security.servlet.SecurityAutoConfiguration, org.springframework.boot.autoconfigure.security.servlet.SecurityFilterAutoConfiguration, org.springframework.boot.autoconfigure.http.HttpMessageConvertersAutoConfiguration, org.springframework.boot.autoconfigure.security.oauth2.client.servlet.OAuth2ClientAutoConfiguration, org.springframework.boot.test.autoconfigure.web.servlet.MockMvcSecurityConfiguration, org.springframework.boot.test.autoconfigure.web.servlet.MockMvcWebClientAutoConfiguration, org.springframework.boot.test.autoconfigure.web.servlet.MockMvcWebDriverAutoConfiguration, org.springframework.boot.autoconfigure.thymeleaf.ThymeleafAutoConfiguration, org.springframework.boot.autoconfigure.gson.GsonAutoConfiguration, org.springframework.boot.autoconfigure.jsonb.JsonbAutoConfiguration, org.springframework.boot.autoconfigure.freemarker.FreeMarkerAutoConfiguration, org.springframework.boot.autoconfigure.web.servlet.WebMvcAutoConfiguration, org.springframework.boot.autoconfigure.security.servlet.UserDetailsServiceAutoConfiguration, org.springframework.boot.autoconfigure.security.oauth2.resource.servlet.OAuth2ResourceServerAutoConfiguration, org.springframework.boot.autoconfigure.groovy.template.GroovyTemplateAutoConfiguration, org.springframework.boot.autoconfigure.mustache.MustacheAutoConfiguration]], org.springframework.boot.test.context.filter.ExcludeFilterContextCustomizer@a5bd950, org.springframework.boot.test.json.DuplicateJsonObjectContextCustomizerFactory$DuplicateJsonObjectContextCustomizer@7756c3cd, org.springframework.boot.test.mock.mockito.MockitoContextCustomizer@0, org.springframework.boot.test.web.reactor.netty.DisableReactorResourceFactoryGlobalResourcesContextCustomizerFactory$DisableReactorResourceFactoryGlobalResourcesContextCustomizerCustomizer@45efc20d, org.springframework.test.context.bean.override.BeanOverrideContextCustomizer@ca093e5a, org.springframework.test.context.support.DynamicPropertiesContextCustomizer@0, org.springframework.boot.test.context.SpringBootTestAnnotation@7efa82bc], resourceBasePath = "src/main/webapp", contextLoader = org.springframework.boot.test.context.SpringBootContextLoader, parent = null]
	at org.springframework.test.context.cache.DefaultCacheAwareContextLoaderDelegate.loadContext(DefaultCacheAwareContextLoaderDelegate.java:180)
	at org.springframework.test.context.support.DefaultTestContext.getApplicationContext(DefaultTestContext.java:130)
	at org.springframework.test.context.bean.override.BeanOverrideTestExecutionListener.injectFields(BeanOverrideTestExecutionListener.java:87)
	at org.springframework.test.context.bean.override.BeanOverrideTestExecutionListener.prepareTestInstance(BeanOverrideTestExecutionListener.java:58)
	at org.springframework.test.context.TestContextManager.prepareTestInstance(TestContextManager.java:260)
	at org.springframework.test.context.junit.jupiter.SpringExtension.postProcessTestInstance(SpringExtension.java:160)
	at org.junit.jupiter.engine.descriptor.ClassBasedTestDescriptor.lambda$invokeTestInstancePostProcessors$11(ClassBasedTestDescriptor.java:378)
	at org.junit.jupiter.engine.descriptor.ClassBasedTestDescriptor.executeAndMaskThrowable(ClassBasedTestDescriptor.java:383)
	at org.junit.jupiter.engine.descriptor.ClassBasedTestDescriptor.lambda$invokeTestInstancePostProcessors$12(ClassBasedTestDescriptor.java:378)
	at java.base/java.util.stream.ForEachOps$ForEachOp$OfRef.accept(ForEachOps.java:183)
	at java.base/java.util.stream.ReferencePipeline$3$1.accept(ReferencePipeline.java:197)
	at java.base/java.util.stream.ReferencePipeline$2$1.accept(ReferencePipeline.java:179)
	at java.base/java.util.stream.ReferencePipeline$3$1.accept(ReferencePipeline.java:197)
	at java.base/java.util.ArrayList$ArrayListSpliterator.forEachRemaining(ArrayList.java:1625)
	at java.base/java.util.stream.AbstractPipeline.copyInto(AbstractPipeline.java:509)
	at java.base/java.util.stream.AbstractPipeline.wrapAndCopyInto(AbstractPipeline.java:499)
	at java.base/java.util.stream.ForEachOps$ForEachOp.evaluateSequential(ForEachOps.java:150)
	at java.base/java.util.stream.ForEachOps$ForEachOp$OfRef.evaluateSequential(ForEachOps.java:173)
	at java.base/java.util.stream.AbstractPipeline.evaluate(AbstractPipeline.java:234)
	at java.base/java.util.stream.ReferencePipeline.forEach(ReferencePipeline.java:596)
	at org.junit.jupiter.engine.descriptor.ClassBasedTestDescriptor.invokeTestInstancePostProcessors(ClassBasedTestDescriptor.java:377)
	at org.junit.jupiter.engine.descriptor.ClassBasedTestDescriptor.lambda$instantiateAndPostProcessTestInstance$7(ClassBasedTestDescriptor.java:290)
	at org.junit.platform.engine.support.hierarchical.ThrowableCollector.execute(ThrowableCollector.java:73)
	at org.junit.jupiter.engine.descriptor.ClassBasedTestDescriptor.instantiateAndPostProcessTestInstance(ClassBasedTestDescriptor.java:289)
	at org.junit.jupiter.engine.descriptor.ClassBasedTestDescriptor.lambda$testInstancesProvider$5(ClassBasedTestDescriptor.java:279)
	at java.base/java.util.Optional.orElseGet(Optional.java:364)
	at org.junit.jupiter.engine.descriptor.ClassBasedTestDescriptor.lambda$testInstancesProvider$6(ClassBasedTestDescriptor.java:278)
	at org.junit.jupiter.engine.execution.TestInstancesProvider.getTestInstances(TestInstancesProvider.java:31)
	at org.junit.jupiter.engine.descriptor.TestMethodTestDescriptor.lambda$prepare$1(TestMethodTestDescriptor.java:105)
	at org.junit.platform.engine.support.hierarchical.ThrowableCollector.execute(ThrowableCollector.java:73)
	at org.junit.jupiter.engine.descriptor.TestMethodTestDescriptor.prepare(TestMethodTestDescriptor.java:104)
	at org.junit.jupiter.engine.descriptor.TestMethodTestDescriptor.prepare(TestMethodTestDescriptor.java:68)
	at org.junit.platform.engine.support.hierarchical.NodeTestTask.lambda$prepare$2(NodeTestTask.java:128)
	at org.junit.platform.engine.support.hierarchical.ThrowableCollector.execute(ThrowableCollector.java:73)
	at org.junit.platform.engine.support.hierarchical.NodeTestTask.prepare(NodeTestTask.java:128)
	at org.junit.platform.engine.support.hierarchical.NodeTestTask.execute(NodeTestTask.java:95)
	at java.base/java.util.ArrayList.forEach(ArrayList.java:1511)
	at org.junit.platform.engine.support.hierarchical.SameThreadHierarchicalTestExecutorService.invokeAll(SameThreadHierarchicalTestExecutorService.java:41)
	at org.junit.platform.engine.support.hierarchical.NodeTestTask.lambda$executeRecursively$6(NodeTestTask.java:160)
	at org.junit.platform.engine.support.hierarchical.ThrowableCollector.execute(ThrowableCollector.java:73)
	at org.junit.platform.engine.support.hierarchical.NodeTestTask.lambda$executeRecursively$8(NodeTestTask.java:146)
	at org.junit.platform.engine.support.hierarchical.Node.around(Node.java:137)
	at org.junit.platform.engine.support.hierarchical.NodeTestTask.lambda$executeRecursively$9(NodeTestTask.java:144)
	at org.junit.platform.engine.support.hierarchical.ThrowableCollector.execute(ThrowableCollector.java:73)
	at org.junit.platform.engine.support.hierarchical.NodeTestTask.executeRecursively(NodeTestTask.java:143)
	at org.junit.platform.engine.support.hierarchical.NodeTestTask.execute(NodeTestTask.java:100)
	at java.base/java.util.ArrayList.forEach(ArrayList.java:1511)
	at org.junit.platform.engine.support.hierarchical.SameThreadHierarchicalTestExecutorService.invokeAll(SameThreadHierarchicalTestExecutorService.java:41)
	at org.junit.platform.engine.support.hierarchical.NodeTestTask.lambda$executeRecursively$6(NodeTestTask.java:160)
	at org.junit.platform.engine.support.hierarchical.ThrowableCollector.execute(ThrowableCollector.java:73)
	at org.junit.platform.engine.support.hierarchical.NodeTestTask.lambda$executeRecursively$8(NodeTestTask.java:146)
	at org.junit.platform.engine.support.hierarchical.Node.around(Node.java:137)
	at org.junit.platform.engine.support.hierarchical.NodeTestTask.lambda$executeRecursively$9(NodeTestTask.java:144)
	at org.junit.platform.engine.support.hierarchical.ThrowableCollector.execute(ThrowableCollector.java:73)
	at org.junit.platform.engine.support.hierarchical.NodeTestTask.executeRecursively(NodeTestTask.java:143)
	at org.junit.platform.engine.support.hierarchical.NodeTestTask.execute(NodeTestTask.java:100)
	at org.junit.platform.engine.support.hierarchical.SameThreadHierarchicalTestExecutorService.submit(SameThreadHierarchicalTestExecutorService.java:35)
	at org.junit.platform.engine.support.hierarchical.HierarchicalTestExecutor.execute(HierarchicalTestExecutor.java:57)
	at org.junit.platform.engine.support.hierarchical.HierarchicalTestEngine.execute(HierarchicalTestEngine.java:54)
	at org.junit.platform.launcher.core.EngineExecutionOrchestrator.execute(EngineExecutionOrchestrator.java:198)
	at org.junit.platform.launcher.core.EngineExecutionOrchestrator.execute(EngineExecutionOrchestrator.java:169)
	at org.junit.platform.launcher.core.EngineExecutionOrchestrator.execute(EngineExecutionOrchestrator.java:93)
	at org.junit.platform.launcher.core.EngineExecutionOrchestrator.lambda$execute$0(EngineExecutionOrchestrator.java:58)
	at org.junit.platform.launcher.core.EngineExecutionOrchestrator.withInterceptedStreams(EngineExecutionOrchestrator.java:141)
	at org.junit.platform.launcher.core.EngineExecutionOrchestrator.execute(EngineExecutionOrchestrator.java:57)
	at org.junit.platform.launcher.core.DefaultLauncher.execute(DefaultLauncher.java:103)
	at org.junit.platform.launcher.core.DefaultLauncher.execute(DefaultLauncher.java:85)
	at org.junit.platform.launcher.core.DelegatingLauncher.execute(DelegatingLauncher.java:47)
	at org.gradle.api.internal.tasks.testing.junitplatform.JUnitPlatformTestClassProcessor$CollectAllTestClassesExecutor.processAllTestClasses(JUnitPlatformTestClassProcessor.java:124)
	at org.gradle.api.internal.tasks.testing.junitplatform.JUnitPlatformTestClassProcessor$CollectAllTestClassesExecutor.access$000(JUnitPlatformTestClassProcessor.java:99)
	at org.gradle.api.internal.tasks.testing.junitplatform.JUnitPlatformTestClassProcessor.stop(JUnitPlatformTestClassProcessor.java:94)
	at org.gradle.api.internal.tasks.testing.SuiteTestClassProcessor.stop(SuiteTestClassProcessor.java:63)
	at java.base/jdk.internal.reflect.NativeMethodAccessorImpl.invoke0(Native Method)
	at java.base/jdk.internal.reflect.NativeMethodAccessorImpl.invoke(NativeMethodAccessorImpl.java:77)
	at java.base/jdk.internal.reflect.DelegatingMethodAccessorImpl.invoke(DelegatingMethodAccessorImpl.java:43)
	at java.base/java.lang.reflect.Method.invoke(Method.java:569)
	at org.gradle.internal.dispatch.ReflectionDispatch.dispatch(ReflectionDispatch.java:36)
	at org.gradle.internal.dispatch.ReflectionDispatch.dispatch(ReflectionDispatch.java:24)
	at org.gradle.internal.dispatch.ContextClassLoaderDispatch.dispatch(ContextClassLoaderDispatch.java:33)
	at org.gradle.internal.dispatch.ProxyDispatchAdapter$DispatchingInvocationHandler.invoke(ProxyDispatchAdapter.java:92)
	at jdk.proxy1/jdk.proxy1.$Proxy4.stop(Unknown Source)
	at org.gradle.api.internal.tasks.testing.worker.TestWorker$3.run(TestWorker.java:200)
	at org.gradle.api.internal.tasks.testing.worker.TestWorker.executeAndMaintainThreadName(TestWorker.java:132)
	at org.gradle.api.internal.tasks.testing.worker.TestWorker.execute(TestWorker.java:103)
	at org.gradle.api.internal.tasks.testing.worker.TestWorker.execute(TestWorker.java:63)
	at org.gradle.process.internal.worker.child.ActionExecutionWorker.execute(ActionExecutionWorker.java:56)
	at org.gradle.process.internal.worker.child.SystemApplicationClassLoaderWorker.call(SystemApplicationClassLoaderWorker.java:121)
	at org.gradle.process.internal.worker.child.SystemApplicationClassLoaderWorker.call(SystemApplicationClassLoaderWorker.java:71)
	at worker.org.gradle.process.internal.worker.GradleWorkerMain.run(GradleWorkerMain.java:69)
	at worker.org.gradle.process.internal.worker.GradleWorkerMain.main(GradleWorkerMain.java:74)
Caused by: org.springframework.beans.factory.BeanCreationException: Error creating bean with name 'jpaAuditingHandler': Cannot resolve reference to bean 'jpaMappingContext' while setting constructor argument
	at org.springframework.beans.factory.support.BeanDefinitionValueResolver.resolveReference(BeanDefinitionValueResolver.java:377)
	at org.springframework.beans.factory.support.BeanDefinitionValueResolver.resolveValueIfNecessary(BeanDefinitionValueResolver.java:135)
	at org.springframework.beans.factory.support.ConstructorResolver.resolveConstructorArguments(ConstructorResolver.java:691)
	at org.springframework.beans.factory.support.ConstructorResolver.instantiateUsingFactoryMethod(ConstructorResolver.java:513)
	at org.springframework.beans.factory.support.AbstractAutowireCapableBeanFactory.instantiateUsingFactoryMethod(AbstractAutowireCapableBeanFactory.java:1351)
	at org.springframework.beans.factory.support.AbstractAutowireCapableBeanFactory.createBeanInstance(AbstractAutowireCapableBeanFactory.java:1181)
	at org.springframework.beans.factory.support.AbstractAutowireCapableBeanFactory.doCreateBean(AbstractAutowireCapableBeanFactory.java:563)
	at org.springframework.beans.factory.support.AbstractAutowireCapableBeanFactory.createBean(AbstractAutowireCapableBeanFactory.java:523)
	at org.springframework.beans.factory.support.AbstractBeanFactory.lambda$doGetBean$0(AbstractBeanFactory.java:336)
	at org.springframework.beans.factory.support.DefaultSingletonBeanRegistry.getSingleton(DefaultSingletonBeanRegistry.java:288)
	at org.springframework.beans.factory.support.AbstractBeanFactory.doGetBean(AbstractBeanFactory.java:334)
	at org.springframework.beans.factory.support.AbstractBeanFactory.getBean(AbstractBeanFactory.java:199)
	at org.springframework.beans.factory.support.DefaultListableBeanFactory.instantiateSingleton(DefaultListableBeanFactory.java:1122)
	at org.springframework.beans.factory.support.DefaultListableBeanFactory.preInstantiateSingleton(DefaultListableBeanFactory.java:1093)
	at org.springframework.beans.factory.support.DefaultListableBeanFactory.preInstantiateSingletons(DefaultListableBeanFactory.java:1030)
	at org.springframework.context.support.AbstractApplicationContext.finishBeanFactoryInitialization(AbstractApplicationContext.java:987)
	at org.springframework.context.support.AbstractApplicationContext.refresh(AbstractApplicationContext.java:627)
	at org.springframework.boot.SpringApplication.refresh(SpringApplication.java:752)
	at org.springframework.boot.SpringApplication.refreshContext(SpringApplication.java:439)
	at org.springframework.boot.SpringApplication.run(SpringApplication.java:318)
	at org.springframework.boot.test.context.SpringBootContextLoader.lambda$loadContext$3(SpringBootContextLoader.java:137)
	at org.springframework.util.function.ThrowingSupplier.get(ThrowingSupplier.java:58)
	at org.springframework.util.function.ThrowingSupplier.get(ThrowingSupplier.java:46)
	at org.springframework.boot.SpringApplication.withHook(SpringApplication.java:1461)
	at org.springframework.boot.test.context.SpringBootContextLoader$ContextLoaderHook.run(SpringBootContextLoader.java:553)
	at org.springframework.boot.test.context.SpringBootContextLoader.loadContext(SpringBootContextLoader.java:137)
	at org.springframework.boot.test.context.SpringBootContextLoader.loadContext(SpringBootContextLoader.java:108)
	at org.springframework.test.context.cache.DefaultCacheAwareContextLoaderDelegate.loadContextInternal(DefaultCacheAwareContextLoaderDelegate.java:225)
	at org.springframework.test.context.cache.DefaultCacheAwareContextLoaderDelegate.loadContext(DefaultCacheAwareContextLoaderDelegate.java:152)
	... 89 common frames omitted
Caused by: org.springframework.beans.factory.BeanCreationException: Error creating bean with name 'jpaMappingContext': JPA metamodel must not be empty
	at org.springframework.beans.factory.support.AbstractAutowireCapableBeanFactory.initializeBean(AbstractAutowireCapableBeanFactory.java:1802)
	at org.springframework.beans.factory.support.AbstractAutowireCapableBeanFactory.doCreateBean(AbstractAutowireCapableBeanFactory.java:601)
	at org.springframework.beans.factory.support.AbstractAutowireCapableBeanFactory.createBean(AbstractAutowireCapableBeanFactory.java:523)
	at org.springframework.beans.factory.support.AbstractBeanFactory.lambda$doGetBean$0(AbstractBeanFactory.java:336)
	at org.springframework.beans.factory.support.DefaultSingletonBeanRegistry.getSingleton(DefaultSingletonBeanRegistry.java:288)
	at org.springframework.beans.factory.support.AbstractBeanFactory.doGetBean(AbstractBeanFactory.java:334)
	at org.springframework.beans.factory.support.AbstractBeanFactory.getBean(AbstractBeanFactory.java:199)
	at org.springframework.beans.factory.support.BeanDefinitionValueResolver.resolveReference(BeanDefinitionValueResolver.java:365)
	... 117 common frames omitted
Caused by: java.lang.IllegalArgumentException: JPA metamodel must not be empty
	at org.springframework.util.Assert.notEmpty(Assert.java:398)
	at org.springframework.data.jpa.mapping.JpaMetamodelMappingContext.<init>(JpaMetamodelMappingContext.java:57)
	at org.springframework.data.jpa.repository.config.JpaMetamodelMappingContextFactoryBean.createInstance(JpaMetamodelMappingContextFactoryBean.java:68)
	at org.springframework.data.jpa.repository.config.JpaMetamodelMappingContextFactoryBean.createInstance(JpaMetamodelMappingContextFactoryBean.java:1)
	at org.springframework.beans.factory.config.AbstractFactoryBean.afterPropertiesSet(AbstractFactoryBean.java:142)
	at org.springframework.beans.factory.support.AbstractAutowireCapableBeanFactory.invokeInitMethods(AbstractAutowireCapableBeanFactory.java:1849)
	at org.springframework.beans.factory.support.AbstractAutowireCapableBeanFactory.initializeBean(AbstractAutowireCapableBeanFactory.java:1798)
	... 124 common frames omitted
26-06-07 22:31:52.262 [background-preinit] INFO  o.h.validator.internal.util.Version  - HV000001: Hibernate Validator 8.0.1.Final
26-06-07 22:31:52.285 [Test worker] INFO  c.s.m.d.c.UserControllerTest         - Starting UserControllerTest using Java 17.0.18 with PID 62852 (started by yuj in /Users/yuj/java/sprint_mission)
26-06-07 22:31:52.285 [Test worker] DEBUG c.s.m.d.c.UserControllerTest         - Running with Spring Boot v3.4.0, Spring v6.2.0
26-06-07 22:31:52.286 [Test worker] INFO  c.s.m.d.c.UserControllerTest         - The following 1 profile is active: "dev"
26-06-07 22:31:53.175 [Test worker] INFO  b.t.m.w.SpringBootMockServletContext - Initializing Spring TestDispatcherServlet ''
26-06-07 22:31:53.175 [Test worker] INFO  o.s.t.w.s.TestDispatcherServlet      - Initializing Servlet ''
26-06-07 22:31:53.176 [Test worker] INFO  o.s.t.w.s.TestDispatcherServlet      - Completed initialization in 0 ms
26-06-07 22:31:53.198 [Test worker] INFO  c.s.m.d.c.UserControllerTest         - Started UserControllerTest in 1.139 seconds (process running for 1.612)
26-06-07 22:31:53.310 [Test worker] DEBUG c.s.m.d.controller.UserController    - POST /api/users - create user: newuser
26-06-07 22:31:53.349 [Test worker] DEBUG c.s.m.d.controller.UserController    - DELETE /api/users/ba2e754e-e79a-4dac-81f0-5afe440c642d
26-06-07 22:31:53.351 [Test worker] WARN  c.s.m.d.e.GlobalExceptionHandler     - [UserNotFoundException] USER_NOT_FOUND: {userId=ba2e754e-e79a-4dac-81f0-5afe440c642d}
26-06-07 22:31:53.370 [Test worker] INFO  s.AnnotationConfigContextLoaderUtils - Could not detect default configuration classes for test class [com.sprint.mission.discodeit.DiscodeitApplicationTests]: DiscodeitApplicationTests does not declare any static, non-private, non-final, nested classes annotated with @Configuration.
26-06-07 22:31:53.376 [Test worker] INFO  .c.SpringBootTestContextBootstrapper - Found @SpringBootConfiguration com.sprint.mission.discodeit.DiscodeitApplication for test class com.sprint.mission.discodeit.DiscodeitApplicationTests
26-06-07 22:31:53.402 [Test worker] INFO  c.s.m.d.DiscodeitApplicationTests    - Starting DiscodeitApplicationTests using Java 17.0.18 with PID 62852 (started by yuj in /Users/yuj/java/sprint_mission)
26-06-07 22:31:53.402 [Test worker] DEBUG c.s.m.d.DiscodeitApplicationTests    - Running with Spring Boot v3.4.0, Spring v6.2.0
26-06-07 22:31:53.402 [Test worker] INFO  c.s.m.d.DiscodeitApplicationTests    - The following 1 profile is active: "test"
26-06-07 22:31:53.731 [Test worker] INFO  .r.c.RepositoryConfigurationDelegate - Bootstrapping Spring Data JPA repositories in DEFAULT mode.
26-06-07 22:31:53.756 [Test worker] INFO  .r.c.RepositoryConfigurationDelegate - Finished Spring Data repository scanning in 20 ms. Found 6 JPA repository interfaces.
26-06-07 22:31:53.951 [Test worker] INFO  o.h.jpa.internal.util.LogHelper      - HHH000204: Processing PersistenceUnitInfo [name: default]
26-06-07 22:31:53.977 [Test worker] INFO  org.hibernate.Version                - HHH000412: Hibernate ORM core version 6.6.2.Final
26-06-07 22:31:53.991 [Test worker] INFO  o.h.c.i.RegionFactoryInitiator       - HHH000026: Second-level cache disabled
26-06-07 22:31:54.045 [Test worker] INFO  o.s.o.j.p.SpringPersistenceUnitInfo  - No LoadTimeWeaver setup: ignoring JPA class transformer
26-06-07 22:31:54.060 [Test worker] INFO  com.zaxxer.hikari.HikariDataSource   - HikariPool-1 - Starting...
26-06-07 22:31:54.136 [Test worker] INFO  com.zaxxer.hikari.pool.HikariPool    - HikariPool-1 - Added connection conn0: url=jdbc:h2:mem:testdb user=SA
26-06-07 22:31:54.137 [Test worker] INFO  com.zaxxer.hikari.HikariDataSource   - HikariPool-1 - Start completed.
26-06-07 22:31:54.149 [Test worker] WARN  org.hibernate.orm.deprecation        - HHH90000025: H2Dialect does not need to be specified explicitly using 'hibernate.dialect' (remove the property setting and it will be selected by default)
26-06-07 22:31:54.158 [Test worker] INFO  o.hibernate.orm.connections.pooling  - HHH10001005: Database info:
	Database JDBC URL [Connecting through datasource 'HikariDataSource (HikariPool-1)']
	Database driver: undefined/unknown
	Database version: 2.3.232
	Autocommit mode: undefined/unknown
	Isolation level: undefined/unknown
	Minimum pool size: undefined/unknown
	Maximum pool size: undefined/unknown
26-06-07 22:31:54.510 [Test worker] INFO  o.h.e.t.j.p.i.JtaPlatformInitiator   - HHH000489: No JTA platform available (set 'hibernate.transaction.jta.platform' to enable JTA platform integration)
26-06-07 22:31:54.517 [Test worker] DEBUG org.hibernate.SQL                    - 
    drop table if exists binary_contents cascade 
26-06-07 22:31:54.519 [Test worker] DEBUG org.hibernate.SQL                    - 
    drop table if exists channels cascade 
26-06-07 22:31:54.519 [Test worker] DEBUG org.hibernate.SQL                    - 
    drop table if exists message_attachments cascade 
26-06-07 22:31:54.519 [Test worker] DEBUG org.hibernate.SQL                    - 
    drop table if exists messages cascade 
26-06-07 22:31:54.519 [Test worker] DEBUG org.hibernate.SQL                    - 
    drop table if exists read_statuses cascade 
26-06-07 22:31:54.519 [Test worker] DEBUG org.hibernate.SQL                    - 
    drop table if exists user_statuses cascade 
26-06-07 22:31:54.519 [Test worker] DEBUG org.hibernate.SQL                    - 
    drop table if exists users cascade 
26-06-07 22:31:54.521 [Test worker] DEBUG org.hibernate.SQL                    - 
    create table binary_contents (
        created_at timestamp(6) with time zone not null,
        size bigint not null,
        id uuid not null,
        content_type varchar(255) not null,
        file_name varchar(255) not null,
        primary key (id)
    )
26-06-07 22:31:54.524 [Test worker] DEBUG org.hibernate.SQL                    - 
    create table channels (
        created_at timestamp(6) with time zone not null,
        updated_at timestamp(6) with time zone,
        id uuid not null,
        name varchar(100),
        description varchar(500),
        type enum ('PRIVATE','PUBLIC') not null,
        primary key (id)
    )
26-06-07 22:31:54.525 [Test worker] DEBUG org.hibernate.SQL                    - 
    create table message_attachments (
        attachment_id uuid not null,
        message_id uuid not null
    )
26-06-07 22:31:54.525 [Test worker] DEBUG org.hibernate.SQL                    - 
    create table messages (
        created_at timestamp(6) with time zone not null,
        updated_at timestamp(6) with time zone,
        author_id uuid,
        channel_id uuid not null,
        id uuid not null,
        content text,
        primary key (id)
    )
26-06-07 22:31:54.526 [Test worker] DEBUG org.hibernate.SQL                    - 
    create table read_statuses (
        created_at timestamp(6) with time zone not null,
        last_read_at timestamp(6) with time zone not null,
        updated_at timestamp(6) with time zone,
        channel_id uuid not null,
        id uuid not null,
        user_id uuid not null,
        primary key (id),
        unique (user_id, channel_id)
    )
26-06-07 22:31:54.527 [Test worker] DEBUG org.hibernate.SQL                    - 
    create table user_statuses (
        created_at timestamp(6) with time zone not null,
        last_active_at timestamp(6) with time zone not null,
        updated_at timestamp(6) with time zone,
        id uuid not null,
        user_id uuid not null unique,
        primary key (id)
    )
26-06-07 22:31:54.528 [Test worker] DEBUG org.hibernate.SQL                    - 
    create table users (
        created_at timestamp(6) with time zone not null,
        updated_at timestamp(6) with time zone,
        id uuid not null,
        profile_id uuid unique,
        username varchar(50) not null unique,
        password varchar(60) not null,
        email varchar(100) not null unique,
        primary key (id)
    )
26-06-07 22:31:54.529 [Test worker] DEBUG org.hibernate.SQL                    - 
    alter table if exists message_attachments 
       add constraint FKsd1m8rb8jcpbcnb7rpdue7ctc 
       foreign key (attachment_id) 
       references binary_contents
26-06-07 22:31:54.535 [Test worker] DEBUG org.hibernate.SQL                    - 
    alter table if exists message_attachments 
       add constraint FKj7twd218e2gqw9cmlhwvo1rth 
       foreign key (message_id) 
       references messages
26-06-07 22:31:54.536 [Test worker] DEBUG org.hibernate.SQL                    - 
    alter table if exists messages 
       add constraint FKowtlim26svclkatusptbgi7u1 
       foreign key (author_id) 
       references users
26-06-07 22:31:54.537 [Test worker] DEBUG org.hibernate.SQL                    - 
    alter table if exists messages 
       add constraint FK3u3ckbhwq9se1cmopk2pq05b2 
       foreign key (channel_id) 
       references channels
26-06-07 22:31:54.538 [Test worker] DEBUG org.hibernate.SQL                    - 
    alter table if exists read_statuses 
       add constraint FKa38ri44ml4gfdpklx4ahqr8gd 
       foreign key (channel_id) 
       references channels
26-06-07 22:31:54.538 [Test worker] DEBUG org.hibernate.SQL                    - 
    alter table if exists read_statuses 
       add constraint FKml3k4wr9sj5yxrmj6d0aoib2e 
       foreign key (user_id) 
       references users
26-06-07 22:31:54.539 [Test worker] DEBUG org.hibernate.SQL                    - 
    alter table if exists user_statuses 
       add constraint FK4lfl3ei2ubchgcxrrpo3pw4mm 
       foreign key (user_id) 
       references users
26-06-07 22:31:54.539 [Test worker] DEBUG org.hibernate.SQL                    - 
    alter table if exists users 
       add constraint FKtbudycgrip49xdptogmhfqnso 
       foreign key (profile_id) 
       references binary_contents
26-06-07 22:31:54.541 [Test worker] INFO  calContainerEntityManagerFactoryBean - Initialized JPA EntityManagerFactory for persistence unit 'default'
26-06-07 22:31:54.759 [Test worker] INFO  o.s.d.j.r.query.QueryEnhancerFactory - Hibernate is in classpath; If applicable, HQL parser will be used.
26-06-07 22:31:55.561 [Test worker] INFO  o.s.b.a.e.web.EndpointLinksResolver  - Exposing 4 endpoints beneath base path '/actuator'
26-06-07 22:31:55.600 [Test worker] INFO  c.s.m.d.DiscodeitApplicationTests    - Started DiscodeitApplicationTests in 2.22 seconds (process running for 4.014)
26-06-07 22:31:55.626 [Test worker] INFO  s.AnnotationConfigContextLoaderUtils - Could not detect default configuration classes for test class [com.sprint.mission.discodeit.controller.ChannelControllerTest]: ChannelControllerTest does not declare any static, non-private, non-final, nested classes annotated with @Configuration.
26-06-07 22:31:55.628 [Test worker] INFO  .c.SpringBootTestContextBootstrapper - Found @SpringBootConfiguration com.sprint.mission.discodeit.DiscodeitApplication for test class com.sprint.mission.discodeit.controller.ChannelControllerTest
26-06-07 22:31:55.639 [Test worker] INFO  c.s.m.d.c.ChannelControllerTest      - Starting ChannelControllerTest using Java 17.0.18 with PID 62852 (started by yuj in /Users/yuj/java/sprint_mission)
26-06-07 22:31:55.640 [Test worker] DEBUG c.s.m.d.c.ChannelControllerTest      - Running with Spring Boot v3.4.0, Spring v6.2.0
26-06-07 22:31:55.640 [Test worker] INFO  c.s.m.d.c.ChannelControllerTest      - The following 1 profile is active: "dev"
26-06-07 22:31:55.736 [Test worker] INFO  b.t.m.w.SpringBootMockServletContext - Initializing Spring TestDispatcherServlet ''
26-06-07 22:31:55.736 [Test worker] INFO  o.s.t.w.s.TestDispatcherServlet      - Initializing Servlet ''
26-06-07 22:31:55.737 [Test worker] INFO  o.s.t.w.s.TestDispatcherServlet      - Completed initialization in 1 ms
26-06-07 22:31:55.739 [Test worker] INFO  c.s.m.d.c.ChannelControllerTest      - Started ChannelControllerTest in 0.109 seconds (process running for 4.153)
26-06-07 22:31:55.744 [Test worker] DEBUG c.s.m.d.controller.ChannelController - POST /api/channels/public
26-06-07 22:31:55.752 [Test worker] DEBUG c.s.m.d.controller.ChannelController - DELETE /api/channels/bb18db7a-bfb3-42f1-98e9-d32768c0ce06
26-06-07 22:31:55.753 [Test worker] WARN  c.s.m.d.e.GlobalExceptionHandler     - [ChannelNotFoundException] CHANNEL_NOT_FOUND: {channelId=bb18db7a-bfb3-42f1-98e9-d32768c0ce06}
26-06-07 22:31:55.760 [Test worker] INFO  s.AnnotationConfigContextLoaderUtils - Could not detect default configuration classes for test class [com.sprint.mission.discodeit.integration.ChannelIntegrationTest]: ChannelIntegrationTest does not declare any static, non-private, non-final, nested classes annotated with @Configuration.
26-06-07 22:31:55.764 [Test worker] INFO  .c.SpringBootTestContextBootstrapper - Found @SpringBootConfiguration com.sprint.mission.discodeit.DiscodeitApplication for test class com.sprint.mission.discodeit.integration.ChannelIntegrationTest
26-06-07 22:31:55.794 [Test worker] DEBUG org.hibernate.SQL                    - 
    select
        u1_0.id 
    from
        users u1_0 
    where
        u1_0.email=? 
    fetch
        first ? rows only
26-06-07 22:31:55.797 [Test worker] TRACE org.hibernate.orm.jdbc.bind          - binding parameter (1:VARCHAR) <- [listuser@email.com]
26-06-07 22:31:55.797 [Test worker] TRACE org.hibernate.orm.jdbc.bind          - binding parameter (2:INTEGER) <- [1]
26-06-07 22:31:55.809 [Test worker] DEBUG org.hibernate.SQL                    - 
    select
        u1_0.id 
    from
        users u1_0 
    where
        u1_0.username=? 
    fetch
        first ? rows only
26-06-07 22:31:55.810 [Test worker] TRACE org.hibernate.orm.jdbc.bind          - binding parameter (1:VARCHAR) <- [listuser]
26-06-07 22:31:55.810 [Test worker] TRACE org.hibernate.orm.jdbc.bind          - binding parameter (2:INTEGER) <- [1]
26-06-07 22:31:55.829 [Test worker] INFO  c.s.m.d.s.basic.BasicUserService     - User created: id=42b906c7-17dd-43d2-9560-fb9b54645054, username=listuser
26-06-07 22:31:55.832 [Test worker] INFO  c.s.m.d.s.basic.BasicChannelService  - Public channel created: id=715b79ef-3252-4eb0-bc3b-7ca62b1c1b5e, name=pub1
26-06-07 22:31:55.833 [Test worker] INFO  c.s.m.d.s.basic.BasicChannelService  - Public channel created: id=423924d1-6e38-48c3-8c66-4175f5da8d8b, name=pub2
26-06-07 22:31:55.837 [Test worker] DEBUG org.hibernate.SQL                    - 
    select
        rs1_0.id,
        rs1_0.channel_id,
        rs1_0.created_at,
        rs1_0.last_read_at,
        rs1_0.updated_at,
        rs1_0.user_id 
    from
        read_statuses rs1_0 
    where
        rs1_0.user_id=?
26-06-07 22:31:55.838 [Test worker] TRACE org.hibernate.orm.jdbc.bind          - binding parameter (1:UUID) <- [42b906c7-17dd-43d2-9560-fb9b54645054]
26-06-07 22:31:55.849 [Test worker] DEBUG org.hibernate.SQL                    - 
    insert 
    into
        users
        (created_at, email, password, profile_id, updated_at, username, id) 
    values
        (?, ?, ?, ?, ?, ?, ?)
26-06-07 22:31:55.850 [Test worker] TRACE org.hibernate.orm.jdbc.bind          - binding parameter (1:TIMESTAMP_UTC) <- [2026-06-07T13:31:55.818542Z]
26-06-07 22:31:55.851 [Test worker] TRACE org.hibernate.orm.jdbc.bind          - binding parameter (2:VARCHAR) <- [listuser@email.com]
26-06-07 22:31:55.851 [Test worker] TRACE org.hibernate.orm.jdbc.bind          - binding parameter (3:VARCHAR) <- [password123!]
26-06-07 22:31:55.851 [Test worker] TRACE org.hibernate.orm.jdbc.bind          - binding parameter (4:UUID) <- [null]
26-06-07 22:31:55.851 [Test worker] TRACE org.hibernate.orm.jdbc.bind          - binding parameter (5:TIMESTAMP_UTC) <- [2026-06-07T13:31:55.818542Z]
26-06-07 22:31:55.851 [Test worker] TRACE org.hibernate.orm.jdbc.bind          - binding parameter (6:VARCHAR) <- [listuser]
26-06-07 22:31:55.851 [Test worker] TRACE org.hibernate.orm.jdbc.bind          - binding parameter (7:UUID) <- [42b906c7-17dd-43d2-9560-fb9b54645054]
26-06-07 22:31:55.852 [Test worker] DEBUG org.hibernate.SQL                    - 
    insert 
    into
        user_statuses
        (created_at, last_active_at, updated_at, user_id, id) 
    values
        (?, ?, ?, ?, ?)
26-06-07 22:31:55.852 [Test worker] TRACE org.hibernate.orm.jdbc.bind          - binding parameter (1:TIMESTAMP_UTC) <- [2026-06-07T13:31:55.828842Z]
26-06-07 22:31:55.852 [Test worker] TRACE org.hibernate.orm.jdbc.bind          - binding parameter (2:TIMESTAMP_UTC) <- [2026-06-07T13:31:55.828326Z]
26-06-07 22:31:55.852 [Test worker] TRACE org.hibernate.orm.jdbc.bind          - binding parameter (3:TIMESTAMP_UTC) <- [2026-06-07T13:31:55.828842Z]
26-06-07 22:31:55.852 [Test worker] TRACE org.hibernate.orm.jdbc.bind          - binding parameter (4:UUID) <- [42b906c7-17dd-43d2-9560-fb9b54645054]
26-06-07 22:31:55.852 [Test worker] TRACE org.hibernate.orm.jdbc.bind          - binding parameter (5:UUID) <- [79bb6c23-8102-451a-bd16-02d2fa0adac5]
26-06-07 22:31:55.852 [Test worker] DEBUG org.hibernate.SQL                    - 
    insert 
    into
        channels
        (created_at, description, name, type, updated_at, id) 
    values
        (?, ?, ?, ?, ?, ?)
26-06-07 22:31:55.852 [Test worker] TRACE org.hibernate.orm.jdbc.bind          - binding parameter (1:TIMESTAMP_UTC) <- [2026-06-07T13:31:55.831061Z]
26-06-07 22:31:55.853 [Test worker] TRACE org.hibernate.orm.jdbc.bind          - binding parameter (2:VARCHAR) <- [null]
26-06-07 22:31:55.853 [Test worker] TRACE org.hibernate.orm.jdbc.bind          - binding parameter (3:VARCHAR) <- [pub1]
26-06-07 22:31:55.853 [Test worker] TRACE org.hibernate.orm.jdbc.bind          - binding parameter (4:ENUM) <- [PUBLIC]
26-06-07 22:31:55.853 [Test worker] TRACE org.hibernate.orm.jdbc.bind          - binding parameter (5:TIMESTAMP_UTC) <- [2026-06-07T13:31:55.831061Z]
26-06-07 22:31:55.853 [Test worker] TRACE org.hibernate.orm.jdbc.bind          - binding parameter (6:UUID) <- [715b79ef-3252-4eb0-bc3b-7ca62b1c1b5e]
26-06-07 22:31:55.853 [Test worker] DEBUG org.hibernate.SQL                    - 
    insert 
    into
        channels
        (created_at, description, name, type, updated_at, id) 
    values
        (?, ?, ?, ?, ?, ?)
26-06-07 22:31:55.853 [Test worker] TRACE org.hibernate.orm.jdbc.bind          - binding parameter (1:TIMESTAMP_UTC) <- [2026-06-07T13:31:55.832909Z]
26-06-07 22:31:55.853 [Test worker] TRACE org.hibernate.orm.jdbc.bind          - binding parameter (2:VARCHAR) <- [null]
26-06-07 22:31:55.853 [Test worker] TRACE org.hibernate.orm.jdbc.bind          - binding parameter (3:VARCHAR) <- [pub2]
26-06-07 22:31:55.853 [Test worker] TRACE org.hibernate.orm.jdbc.bind          - binding parameter (4:ENUM) <- [PUBLIC]
26-06-07 22:31:55.853 [Test worker] TRACE org.hibernate.orm.jdbc.bind          - binding parameter (5:TIMESTAMP_UTC) <- [2026-06-07T13:31:55.832909Z]
26-06-07 22:31:55.853 [Test worker] TRACE org.hibernate.orm.jdbc.bind          - binding parameter (6:UUID) <- [423924d1-6e38-48c3-8c66-4175f5da8d8b]
26-06-07 22:31:55.853 [Test worker] DEBUG org.hibernate.SQL                    - 
    select
        c1_0.id,
        c1_0.created_at,
        c1_0.description,
        c1_0.name,
        c1_0.type,
        c1_0.updated_at 
    from
        channels c1_0
26-06-07 22:31:55.857 [Test worker] DEBUG org.hibernate.SQL                    - 
    select
        m1_0.channel_id,
        max(m1_0.created_at) 
    from
        messages m1_0 
    where
        m1_0.channel_id in (?, ?) 
    group by
        m1_0.channel_id
26-06-07 22:31:55.858 [Test worker] TRACE org.hibernate.orm.jdbc.bind          - binding parameter (1:UUID) <- [715b79ef-3252-4eb0-bc3b-7ca62b1c1b5e]
26-06-07 22:31:55.858 [Test worker] TRACE org.hibernate.orm.jdbc.bind          - binding parameter (2:UUID) <- [423924d1-6e38-48c3-8c66-4175f5da8d8b]
26-06-07 22:31:55.863 [Test worker] DEBUG org.hibernate.SQL                    - 
    select
        rs1_0.id,
        rs1_0.channel_id,
        rs1_0.created_at,
        rs1_0.last_read_at,
        rs1_0.updated_at,
        rs1_0.user_id,
        u1_0.id,
        u1_0.created_at,
        u1_0.email,
        u1_0.password,
        p1_0.id,
        p1_0.content_type,
        p1_0.created_at,
        p1_0.file_name,
        p1_0.size,
        s1_0.id,
        s1_0.created_at,
        s1_0.last_active_at,
        s1_0.updated_at,
        s1_0.user_id,
        u1_0.updated_at,
        u1_0.username 
    from
        read_statuses rs1_0 
    join
        users u1_0 
            on u1_0.id=rs1_0.user_id 
    left join
        binary_contents p1_0 
            on p1_0.id=u1_0.profile_id 
    left join
        user_statuses s1_0 
            on u1_0.id=s1_0.user_id 
    where
        rs1_0.channel_id in (?, ?)
26-06-07 22:31:55.865 [Test worker] TRACE org.hibernate.orm.jdbc.bind          - binding parameter (1:UUID) <- [715b79ef-3252-4eb0-bc3b-7ca62b1c1b5e]
26-06-07 22:31:55.865 [Test worker] TRACE org.hibernate.orm.jdbc.bind          - binding parameter (2:UUID) <- [423924d1-6e38-48c3-8c66-4175f5da8d8b]
26-06-07 22:31:55.892 [Test worker] DEBUG org.hibernate.SQL                    - 
    select
        u1_0.id 
    from
        users u1_0 
    where
        u1_0.email=? 
    fetch
        first ? rows only
26-06-07 22:31:55.892 [Test worker] TRACE org.hibernate.orm.jdbc.bind          - binding parameter (1:VARCHAR) <- [chuser@email.com]
26-06-07 22:31:55.893 [Test worker] TRACE org.hibernate.orm.jdbc.bind          - binding parameter (2:INTEGER) <- [1]
26-06-07 22:31:55.893 [Test worker] DEBUG org.hibernate.SQL                    - 
    select
        u1_0.id 
    from
        users u1_0 
    where
        u1_0.username=? 
    fetch
        first ? rows only
26-06-07 22:31:55.893 [Test worker] TRACE org.hibernate.orm.jdbc.bind          - binding parameter (1:VARCHAR) <- [chuser]
26-06-07 22:31:55.893 [Test worker] TRACE org.hibernate.orm.jdbc.bind          - binding parameter (2:INTEGER) <- [1]
26-06-07 22:31:55.894 [Test worker] INFO  c.s.m.d.s.basic.BasicUserService     - User created: id=30f74cbc-52bc-496c-a5fa-cf129ea32a07, username=chuser
26-06-07 22:31:55.900 [Test worker] INFO  c.s.m.d.s.basic.BasicChannelService  - Private channel created: id=3e70bf9e-7d69-4179-83fb-a4b355de1303
26-06-07 22:31:55.905 [Test worker] INFO  c.s.m.d.s.basic.BasicChannelService  - Public channel created: id=22a14c0f-9f00-4ae6-a578-5d55e82b6557, name=general
26-06-07 22:31:55.911 [Test worker] INFO  c.s.m.d.s.basic.BasicChannelService  - Public channel created: id=1c4f56e5-975d-4b93-93b8-0850fba77709, name=temp
26-06-07 22:31:55.912 [Test worker] INFO  c.s.m.d.s.basic.BasicChannelService  - Channel deleted: id=1c4f56e5-975d-4b93-93b8-0850fba77709
26-06-07 22:31:55.917 [Test worker] INFO  s.AnnotationConfigContextLoaderUtils - Could not detect default configuration classes for test class [com.sprint.mission.discodeit.integration.MessageIntegrationTest]: MessageIntegrationTest does not declare any static, non-private, non-final, nested classes annotated with @Configuration.
26-06-07 22:31:55.917 [Test worker] INFO  .c.SpringBootTestContextBootstrapper - Found @SpringBootConfiguration com.sprint.mission.discodeit.DiscodeitApplication for test class com.sprint.mission.discodeit.integration.MessageIntegrationTest
26-06-07 22:31:55.920 [Test worker] DEBUG org.hibernate.SQL                    - 
    select
        u1_0.id 
    from
        users u1_0 
    where
        u1_0.email=? 
    fetch
        first ? rows only
26-06-07 22:31:55.921 [Test worker] TRACE org.hibernate.orm.jdbc.bind          - binding parameter (1:VARCHAR) <- [msguser@email.com]
26-06-07 22:31:55.921 [Test worker] TRACE org.hibernate.orm.jdbc.bind          - binding parameter (2:INTEGER) <- [1]
26-06-07 22:31:55.921 [Test worker] DEBUG org.hibernate.SQL                    - 
    select
        u1_0.id 
    from
        users u1_0 
    where
        u1_0.username=? 
    fetch
        first ? rows only
26-06-07 22:31:55.921 [Test worker] TRACE org.hibernate.orm.jdbc.bind          - binding parameter (1:VARCHAR) <- [msguser]
26-06-07 22:31:55.921 [Test worker] TRACE org.hibernate.orm.jdbc.bind          - binding parameter (2:INTEGER) <- [1]
26-06-07 22:31:55.922 [Test worker] INFO  c.s.m.d.s.basic.BasicUserService     - User created: id=4f16248e-284d-4032-a231-b1fd7198a0c1, username=msguser
26-06-07 22:31:55.922 [Test worker] INFO  c.s.m.d.s.basic.BasicChannelService  - Public channel created: id=14df55d4-5dd1-43d5-b679-f2dbac687979, name=test-channel
26-06-07 22:31:55.927 [Test worker] INFO  c.s.m.d.s.basic.BasicMessageService  - Message created: id=a6b5ae92-de76-47b2-bfa4-2dab0064fcb8, channelId=14df55d4-5dd1-43d5-b679-f2dbac687979
26-06-07 22:31:55.927 [Test worker] INFO  c.s.m.d.s.basic.BasicMessageService  - Message updated: id=a6b5ae92-de76-47b2-bfa4-2dab0064fcb8
26-06-07 22:31:55.933 [Test worker] DEBUG org.hibernate.SQL                    - 
    select
        u1_0.id 
    from
        users u1_0 
    where
        u1_0.email=? 
    fetch
        first ? rows only
26-06-07 22:31:55.933 [Test worker] TRACE org.hibernate.orm.jdbc.bind          - binding parameter (1:VARCHAR) <- [msguser@email.com]
26-06-07 22:31:55.933 [Test worker] TRACE org.hibernate.orm.jdbc.bind          - binding parameter (2:INTEGER) <- [1]
26-06-07 22:31:55.934 [Test worker] DEBUG org.hibernate.SQL                    - 
    select
        u1_0.id 
    from
        users u1_0 
    where
        u1_0.username=? 
    fetch
        first ? rows only
26-06-07 22:31:55.934 [Test worker] TRACE org.hibernate.orm.jdbc.bind          - binding parameter (1:VARCHAR) <- [msguser]
26-06-07 22:31:55.934 [Test worker] TRACE org.hibernate.orm.jdbc.bind          - binding parameter (2:INTEGER) <- [1]
26-06-07 22:31:55.935 [Test worker] INFO  c.s.m.d.s.basic.BasicUserService     - User created: id=f59f6a1c-4b91-4848-b96a-e05f9ecb98cb, username=msguser
26-06-07 22:31:55.935 [Test worker] INFO  c.s.m.d.s.basic.BasicChannelService  - Public channel created: id=2db0fb3f-82ef-422e-9063-f472232e44fa, name=test-channel
26-06-07 22:31:55.936 [Test worker] INFO  c.s.m.d.s.basic.BasicMessageService  - Message created: id=9354a06b-df39-49f5-b150-ba7a3db6d87f, channelId=2db0fb3f-82ef-422e-9063-f472232e44fa
26-06-07 22:31:55.937 [Test worker] INFO  c.s.m.d.s.basic.BasicMessageService  - Message created: id=86daf7a5-5b40-4a7a-908b-9bd21a168301, channelId=2db0fb3f-82ef-422e-9063-f472232e44fa
26-06-07 22:31:55.937 [Test worker] DEBUG c.s.m.d.s.basic.BasicMessageService  - Fetching messages for channelId=2db0fb3f-82ef-422e-9063-f472232e44fa, cursor=null, size=50
26-06-07 22:31:55.937 [Test worker] WARN  org.hibernate.orm.query              - HHH90003004: firstResult/maxResults specified with collection fetch; applying in memory
26-06-07 22:31:55.941 [Test worker] DEBUG org.hibernate.SQL                    - 
    insert 
    into
        users
        (created_at, email, password, profile_id, updated_at, username, id) 
    values
        (?, ?, ?, ?, ?, ?, ?)
26-06-07 22:31:55.941 [Test worker] TRACE org.hibernate.orm.jdbc.bind          - binding parameter (1:TIMESTAMP_UTC) <- [2026-06-07T13:31:55.935133Z]
26-06-07 22:31:55.941 [Test worker] TRACE org.hibernate.orm.jdbc.bind          - binding parameter (2:VARCHAR) <- [msguser@email.com]
26-06-07 22:31:55.941 [Test worker] TRACE org.hibernate.orm.jdbc.bind          - binding parameter (3:VARCHAR) <- [password123!]
26-06-07 22:31:55.941 [Test worker] TRACE org.hibernate.orm.jdbc.bind          - binding parameter (4:UUID) <- [null]
26-06-07 22:31:55.941 [Test worker] TRACE org.hibernate.orm.jdbc.bind          - binding parameter (5:TIMESTAMP_UTC) <- [2026-06-07T13:31:55.935133Z]
26-06-07 22:31:55.941 [Test worker] TRACE org.hibernate.orm.jdbc.bind          - binding parameter (6:VARCHAR) <- [msguser]
26-06-07 22:31:55.941 [Test worker] TRACE org.hibernate.orm.jdbc.bind          - binding parameter (7:UUID) <- [f59f6a1c-4b91-4848-b96a-e05f9ecb98cb]
26-06-07 22:31:55.942 [Test worker] DEBUG org.hibernate.SQL                    - 
    insert 
    into
        user_statuses
        (created_at, last_active_at, updated_at, user_id, id) 
    values
        (?, ?, ?, ?, ?)
26-06-07 22:31:55.942 [Test worker] TRACE org.hibernate.orm.jdbc.bind          - binding parameter (1:TIMESTAMP_UTC) <- [2026-06-07T13:31:55.935521Z]
26-06-07 22:31:55.942 [Test worker] TRACE org.hibernate.orm.jdbc.bind          - binding parameter (2:TIMESTAMP_UTC) <- [2026-06-07T13:31:55.935284Z]
26-06-07 22:31:55.942 [Test worker] TRACE org.hibernate.orm.jdbc.bind          - binding parameter (3:TIMESTAMP_UTC) <- [2026-06-07T13:31:55.935521Z]
26-06-07 22:31:55.942 [Test worker] TRACE org.hibernate.orm.jdbc.bind          - binding parameter (4:UUID) <- [f59f6a1c-4b91-4848-b96a-e05f9ecb98cb]
26-06-07 22:31:55.942 [Test worker] TRACE org.hibernate.orm.jdbc.bind          - binding parameter (5:UUID) <- [4e5c2b5e-e5c3-48a6-b2c8-02f3eb14d648]
26-06-07 22:31:55.942 [Test worker] DEBUG org.hibernate.SQL                    - 
    insert 
    into
        channels
        (created_at, description, name, type, updated_at, id) 
    values
        (?, ?, ?, ?, ?, ?)
26-06-07 22:31:55.942 [Test worker] TRACE org.hibernate.orm.jdbc.bind          - binding parameter (1:TIMESTAMP_UTC) <- [2026-06-07T13:31:55.935807Z]
26-06-07 22:31:55.942 [Test worker] TRACE org.hibernate.orm.jdbc.bind          - binding parameter (2:VARCHAR) <- [null]
26-06-07 22:31:55.942 [Test worker] TRACE org.hibernate.orm.jdbc.bind          - binding parameter (3:VARCHAR) <- [test-channel]
26-06-07 22:31:55.942 [Test worker] TRACE org.hibernate.orm.jdbc.bind          - binding parameter (4:ENUM) <- [PUBLIC]
26-06-07 22:31:55.942 [Test worker] TRACE org.hibernate.orm.jdbc.bind          - binding parameter (5:TIMESTAMP_UTC) <- [2026-06-07T13:31:55.935807Z]
26-06-07 22:31:55.942 [Test worker] TRACE org.hibernate.orm.jdbc.bind          - binding parameter (6:UUID) <- [2db0fb3f-82ef-422e-9063-f472232e44fa]
26-06-07 22:31:55.943 [Test worker] DEBUG org.hibernate.SQL                    - 
    insert 
    into
        messages
        (author_id, channel_id, content, created_at, updated_at, id) 
    values
        (?, ?, ?, ?, ?, ?)
26-06-07 22:31:55.943 [Test worker] TRACE org.hibernate.orm.jdbc.bind          - binding parameter (1:UUID) <- [f59f6a1c-4b91-4848-b96a-e05f9ecb98cb]
26-06-07 22:31:55.943 [Test worker] TRACE org.hibernate.orm.jdbc.bind          - binding parameter (2:UUID) <- [2db0fb3f-82ef-422e-9063-f472232e44fa]
26-06-07 22:31:55.943 [Test worker] TRACE org.hibernate.orm.jdbc.bind          - binding parameter (3:VARCHAR) <- [msg1]
26-06-07 22:31:55.943 [Test worker] TRACE org.hibernate.orm.jdbc.bind          - binding parameter (4:TIMESTAMP_UTC) <- [2026-06-07T13:31:55.936445Z]
26-06-07 22:31:55.943 [Test worker] TRACE org.hibernate.orm.jdbc.bind          - binding parameter (5:TIMESTAMP_UTC) <- [2026-06-07T13:31:55.936445Z]
26-06-07 22:31:55.943 [Test worker] TRACE org.hibernate.orm.jdbc.bind          - binding parameter (6:UUID) <- [9354a06b-df39-49f5-b150-ba7a3db6d87f]
26-06-07 22:31:55.943 [Test worker] DEBUG org.hibernate.SQL                    - 
    insert 
    into
        messages
        (author_id, channel_id, content, created_at, updated_at, id) 
    values
        (?, ?, ?, ?, ?, ?)
26-06-07 22:31:55.943 [Test worker] TRACE org.hibernate.orm.jdbc.bind          - binding parameter (1:UUID) <- [f59f6a1c-4b91-4848-b96a-e05f9ecb98cb]
26-06-07 22:31:55.943 [Test worker] TRACE org.hibernate.orm.jdbc.bind          - binding parameter (2:UUID) <- [2db0fb3f-82ef-422e-9063-f472232e44fa]
26-06-07 22:31:55.943 [Test worker] TRACE org.hibernate.orm.jdbc.bind          - binding parameter (3:VARCHAR) <- [msg2]
26-06-07 22:31:55.943 [Test worker] TRACE org.hibernate.orm.jdbc.bind          - binding parameter (4:TIMESTAMP_UTC) <- [2026-06-07T13:31:55.936904Z]
26-06-07 22:31:55.944 [Test worker] TRACE org.hibernate.orm.jdbc.bind          - binding parameter (5:TIMESTAMP_UTC) <- [2026-06-07T13:31:55.936904Z]
26-06-07 22:31:55.944 [Test worker] TRACE org.hibernate.orm.jdbc.bind          - binding parameter (6:UUID) <- [86daf7a5-5b40-4a7a-908b-9bd21a168301]
26-06-07 22:31:55.945 [Test worker] DEBUG org.hibernate.SQL                    - 
    select
        m1_0.id,
        a2_0.message_id,
        a2_1.id,
        a2_1.content_type,
        a2_1.created_at,
        a2_1.file_name,
        a2_1.size,
        a1_0.id,
        a1_0.created_at,
        a1_0.email,
        a1_0.password,
        a1_0.profile_id,
        a1_0.updated_at,
        a1_0.username,
        m1_0.channel_id,
        m1_0.content,
        m1_0.created_at,
        m1_0.updated_at 
    from
        messages m1_0 
    left join
        users a1_0 
            on a1_0.id=m1_0.author_id 
    left join
        message_attachments a2_0 
            on m1_0.id=a2_0.message_id 
    left join
        binary_contents a2_1 
            on a2_1.id=a2_0.attachment_id 
    where
        m1_0.channel_id=? 
        and (
            ? is null 
            or m1_0.created_at<?
        ) 
    order by
        m1_0.created_at desc
26-06-07 22:31:55.946 [Test worker] TRACE org.hibernate.orm.jdbc.bind          - binding parameter (1:UUID) <- [2db0fb3f-82ef-422e-9063-f472232e44fa]
26-06-07 22:31:55.946 [Test worker] TRACE org.hibernate.orm.jdbc.bind          - binding parameter (2:TIMESTAMP_UTC) <- [null]
26-06-07 22:31:55.947 [Test worker] TRACE org.hibernate.orm.jdbc.bind          - binding parameter (3:TIMESTAMP_UTC) <- [null]
26-06-07 22:31:55.956 [Test worker] DEBUG org.hibernate.SQL                    - 
    select
        u1_0.id 
    from
        users u1_0 
    where
        u1_0.email=? 
    fetch
        first ? rows only
26-06-07 22:31:55.956 [Test worker] TRACE org.hibernate.orm.jdbc.bind          - binding parameter (1:VARCHAR) <- [msguser@email.com]
26-06-07 22:31:55.956 [Test worker] TRACE org.hibernate.orm.jdbc.bind          - binding parameter (2:INTEGER) <- [1]
26-06-07 22:31:55.956 [Test worker] DEBUG org.hibernate.SQL                    - 
    select
        u1_0.id 
    from
        users u1_0 
    where
        u1_0.username=? 
    fetch
        first ? rows only
26-06-07 22:31:55.957 [Test worker] TRACE org.hibernate.orm.jdbc.bind          - binding parameter (1:VARCHAR) <- [msguser]
26-06-07 22:31:55.957 [Test worker] TRACE org.hibernate.orm.jdbc.bind          - binding parameter (2:INTEGER) <- [1]
26-06-07 22:31:55.957 [Test worker] INFO  c.s.m.d.s.basic.BasicUserService     - User created: id=84657b6a-65d9-43f6-8ee8-2b4ca3430ec1, username=msguser
26-06-07 22:31:55.958 [Test worker] INFO  c.s.m.d.s.basic.BasicChannelService  - Public channel created: id=dfbdf3d4-5fb1-4d04-b110-9a026aa58500, name=test-channel
26-06-07 22:31:55.958 [Test worker] INFO  c.s.m.d.s.basic.BasicMessageService  - Message created: id=79bb4103-f223-40f2-a542-3daf519835cf, channelId=dfbdf3d4-5fb1-4d04-b110-9a026aa58500
26-06-07 22:31:55.961 [Test worker] DEBUG org.hibernate.SQL                    - 
    select
        u1_0.id 
    from
        users u1_0 
    where
        u1_0.email=? 
    fetch
        first ? rows only
26-06-07 22:31:55.962 [Test worker] TRACE org.hibernate.orm.jdbc.bind          - binding parameter (1:VARCHAR) <- [msguser@email.com]
26-06-07 22:31:55.962 [Test worker] TRACE org.hibernate.orm.jdbc.bind          - binding parameter (2:INTEGER) <- [1]
26-06-07 22:31:55.962 [Test worker] DEBUG org.hibernate.SQL                    - 
    select
        u1_0.id 
    from
        users u1_0 
    where
        u1_0.username=? 
    fetch
        first ? rows only
26-06-07 22:31:55.962 [Test worker] TRACE org.hibernate.orm.jdbc.bind          - binding parameter (1:VARCHAR) <- [msguser]
26-06-07 22:31:55.963 [Test worker] TRACE org.hibernate.orm.jdbc.bind          - binding parameter (2:INTEGER) <- [1]
26-06-07 22:31:55.964 [Test worker] INFO  c.s.m.d.s.basic.BasicUserService     - User created: id=f68ee54f-d1d8-46ef-8593-d213d5e534d3, username=msguser
26-06-07 22:31:55.964 [Test worker] INFO  c.s.m.d.s.basic.BasicChannelService  - Public channel created: id=b96c7b85-0e7a-4aa8-a1ed-b1dc876ae478, name=test-channel
26-06-07 22:31:55.965 [Test worker] INFO  c.s.m.d.s.basic.BasicMessageService  - Message created: id=c05421b1-1e16-4044-8b4b-504cb8687e25, channelId=b96c7b85-0e7a-4aa8-a1ed-b1dc876ae478
26-06-07 22:31:55.965 [Test worker] INFO  c.s.m.d.s.basic.BasicMessageService  - Message deleted: id=c05421b1-1e16-4044-8b4b-504cb8687e25
26-06-07 22:31:55.968 [Test worker] INFO  s.AnnotationConfigContextLoaderUtils - Could not detect default configuration classes for test class [com.sprint.mission.discodeit.integration.UserIntegrationTest]: UserIntegrationTest does not declare any static, non-private, non-final, nested classes annotated with @Configuration.
26-06-07 22:31:55.968 [Test worker] INFO  .c.SpringBootTestContextBootstrapper - Found @SpringBootConfiguration com.sprint.mission.discodeit.DiscodeitApplication for test class com.sprint.mission.discodeit.integration.UserIntegrationTest
26-06-07 22:31:55.971 [Test worker] DEBUG org.hibernate.SQL                    - 
    select
        u1_0.id 
    from
        users u1_0 
    where
        u1_0.email=? 
    fetch
        first ? rows only
26-06-07 22:31:55.971 [Test worker] TRACE org.hibernate.orm.jdbc.bind          - binding parameter (1:VARCHAR) <- [todelete@email.com]
26-06-07 22:31:55.971 [Test worker] TRACE org.hibernate.orm.jdbc.bind          - binding parameter (2:INTEGER) <- [1]
26-06-07 22:31:55.971 [Test worker] DEBUG org.hibernate.SQL                    - 
    select
        u1_0.id 
    from
        users u1_0 
    where
        u1_0.username=? 
    fetch
        first ? rows only
26-06-07 22:31:55.971 [Test worker] TRACE org.hibernate.orm.jdbc.bind          - binding parameter (1:VARCHAR) <- [todelete]
26-06-07 22:31:55.972 [Test worker] TRACE org.hibernate.orm.jdbc.bind          - binding parameter (2:INTEGER) <- [1]
26-06-07 22:31:55.972 [Test worker] INFO  c.s.m.d.s.basic.BasicUserService     - User created: id=81cae74f-3d04-41ce-b381-ba26569744e7, username=todelete
26-06-07 22:31:55.973 [Test worker] INFO  c.s.m.d.s.basic.BasicUserService     - User deleted: id=81cae74f-3d04-41ce-b381-ba26569744e7
26-06-07 22:31:55.976 [Test worker] DEBUG org.hibernate.SQL                    - 
    select
        u1_0.id 
    from
        users u1_0 
    where
        u1_0.email=? 
    fetch
        first ? rows only
26-06-07 22:31:55.976 [Test worker] TRACE org.hibernate.orm.jdbc.bind          - binding parameter (1:VARCHAR) <- [before@email.com]
26-06-07 22:31:55.976 [Test worker] TRACE org.hibernate.orm.jdbc.bind          - binding parameter (2:INTEGER) <- [1]
26-06-07 22:31:55.977 [Test worker] DEBUG org.hibernate.SQL                    - 
    select
        u1_0.id 
    from
        users u1_0 
    where
        u1_0.username=? 
    fetch
        first ? rows only
26-06-07 22:31:55.977 [Test worker] TRACE org.hibernate.orm.jdbc.bind          - binding parameter (1:VARCHAR) <- [before]
26-06-07 22:31:55.977 [Test worker] TRACE org.hibernate.orm.jdbc.bind          - binding parameter (2:INTEGER) <- [1]
26-06-07 22:31:55.978 [Test worker] INFO  c.s.m.d.s.basic.BasicUserService     - User created: id=287e8f6e-0969-44de-9e31-e3a503d32444, username=before
26-06-07 22:31:55.978 [Test worker] DEBUG org.hibernate.SQL                    - 
    insert 
    into
        users
        (created_at, email, password, profile_id, updated_at, username, id) 
    values
        (?, ?, ?, ?, ?, ?, ?)
26-06-07 22:31:55.978 [Test worker] TRACE org.hibernate.orm.jdbc.bind          - binding parameter (1:TIMESTAMP_UTC) <- [2026-06-07T13:31:55.977581Z]
26-06-07 22:31:55.978 [Test worker] TRACE org.hibernate.orm.jdbc.bind          - binding parameter (2:VARCHAR) <- [before@email.com]
26-06-07 22:31:55.978 [Test worker] TRACE org.hibernate.orm.jdbc.bind          - binding parameter (3:VARCHAR) <- [password123!]
26-06-07 22:31:55.978 [Test worker] TRACE org.hibernate.orm.jdbc.bind          - binding parameter (4:UUID) <- [null]
26-06-07 22:31:55.978 [Test worker] TRACE org.hibernate.orm.jdbc.bind          - binding parameter (5:TIMESTAMP_UTC) <- [2026-06-07T13:31:55.977581Z]
26-06-07 22:31:55.978 [Test worker] TRACE org.hibernate.orm.jdbc.bind          - binding parameter (6:VARCHAR) <- [before]
26-06-07 22:31:55.979 [Test worker] TRACE org.hibernate.orm.jdbc.bind          - binding parameter (7:UUID) <- [287e8f6e-0969-44de-9e31-e3a503d32444]
26-06-07 22:31:55.979 [Test worker] DEBUG org.hibernate.SQL                    - 
    insert 
    into
        user_statuses
        (created_at, last_active_at, updated_at, user_id, id) 
    values
        (?, ?, ?, ?, ?)
26-06-07 22:31:55.979 [Test worker] TRACE org.hibernate.orm.jdbc.bind          - binding parameter (1:TIMESTAMP_UTC) <- [2026-06-07T13:31:55.977869Z]
26-06-07 22:31:55.979 [Test worker] TRACE org.hibernate.orm.jdbc.bind          - binding parameter (2:TIMESTAMP_UTC) <- [2026-06-07T13:31:55.977801Z]
26-06-07 22:31:55.979 [Test worker] TRACE org.hibernate.orm.jdbc.bind          - binding parameter (3:TIMESTAMP_UTC) <- [2026-06-07T13:31:55.977869Z]
26-06-07 22:31:55.979 [Test worker] TRACE org.hibernate.orm.jdbc.bind          - binding parameter (4:UUID) <- [287e8f6e-0969-44de-9e31-e3a503d32444]
26-06-07 22:31:55.979 [Test worker] TRACE org.hibernate.orm.jdbc.bind          - binding parameter (5:UUID) <- [9725831d-0561-4422-a7be-4a211427f866]
26-06-07 22:31:55.979 [Test worker] DEBUG org.hibernate.SQL                    - 
    select
        u1_0.id 
    from
        users u1_0 
    where
        u1_0.email=? 
    fetch
        first ? rows only
26-06-07 22:31:55.979 [Test worker] TRACE org.hibernate.orm.jdbc.bind          - binding parameter (1:VARCHAR) <- [after@email.com]
26-06-07 22:31:55.979 [Test worker] TRACE org.hibernate.orm.jdbc.bind          - binding parameter (2:INTEGER) <- [1]
26-06-07 22:31:55.980 [Test worker] DEBUG org.hibernate.SQL                    - 
    select
        u1_0.id 
    from
        users u1_0 
    where
        u1_0.username=? 
    fetch
        first ? rows only
26-06-07 22:31:55.980 [Test worker] TRACE org.hibernate.orm.jdbc.bind          - binding parameter (1:VARCHAR) <- [after]
26-06-07 22:31:55.980 [Test worker] TRACE org.hibernate.orm.jdbc.bind          - binding parameter (2:INTEGER) <- [1]
26-06-07 22:31:55.980 [Test worker] INFO  c.s.m.d.s.basic.BasicUserService     - User updated: id=287e8f6e-0969-44de-9e31-e3a503d32444
26-06-07 22:31:55.984 [Test worker] DEBUG org.hibernate.SQL                    - 
    select
        u1_0.id 
    from
        users u1_0 
    where
        u1_0.email=? 
    fetch
        first ? rows only
26-06-07 22:31:55.985 [Test worker] TRACE org.hibernate.orm.jdbc.bind          - binding parameter (1:VARCHAR) <- [dup@email.com]
26-06-07 22:31:55.985 [Test worker] TRACE org.hibernate.orm.jdbc.bind          - binding parameter (2:INTEGER) <- [1]
26-06-07 22:31:55.985 [Test worker] DEBUG org.hibernate.SQL                    - 
    select
        u1_0.id 
    from
        users u1_0 
    where
        u1_0.username=? 
    fetch
        first ? rows only
26-06-07 22:31:55.985 [Test worker] TRACE org.hibernate.orm.jdbc.bind          - binding parameter (1:VARCHAR) <- [user1]
26-06-07 22:31:55.985 [Test worker] TRACE org.hibernate.orm.jdbc.bind          - binding parameter (2:INTEGER) <- [1]
26-06-07 22:31:55.986 [Test worker] INFO  c.s.m.d.s.basic.BasicUserService     - User created: id=246a58eb-263e-45f0-af66-bdcff04329bd, username=user1
26-06-07 22:31:55.986 [Test worker] DEBUG org.hibernate.SQL                    - 
    insert 
    into
        users
        (created_at, email, password, profile_id, updated_at, username, id) 
    values
        (?, ?, ?, ?, ?, ?, ?)
26-06-07 22:31:55.986 [Test worker] TRACE org.hibernate.orm.jdbc.bind          - binding parameter (1:TIMESTAMP_UTC) <- [2026-06-07T13:31:55.985836Z]
26-06-07 22:31:55.986 [Test worker] TRACE org.hibernate.orm.jdbc.bind          - binding parameter (2:VARCHAR) <- [dup@email.com]
26-06-07 22:31:55.986 [Test worker] TRACE org.hibernate.orm.jdbc.bind          - binding parameter (3:VARCHAR) <- [password123!]
26-06-07 22:31:55.986 [Test worker] TRACE org.hibernate.orm.jdbc.bind          - binding parameter (4:UUID) <- [null]
26-06-07 22:31:55.986 [Test worker] TRACE org.hibernate.orm.jdbc.bind          - binding parameter (5:TIMESTAMP_UTC) <- [2026-06-07T13:31:55.985836Z]
26-06-07 22:31:55.986 [Test worker] TRACE org.hibernate.orm.jdbc.bind          - binding parameter (6:VARCHAR) <- [user1]
26-06-07 22:31:55.986 [Test worker] TRACE org.hibernate.orm.jdbc.bind          - binding parameter (7:UUID) <- [246a58eb-263e-45f0-af66-bdcff04329bd]
26-06-07 22:31:55.987 [Test worker] DEBUG org.hibernate.SQL                    - 
    insert 
    into
        user_statuses
        (created_at, last_active_at, updated_at, user_id, id) 
    values
        (?, ?, ?, ?, ?)
26-06-07 22:31:55.987 [Test worker] TRACE org.hibernate.orm.jdbc.bind          - binding parameter (1:TIMESTAMP_UTC) <- [2026-06-07T13:31:55.986028Z]
26-06-07 22:31:55.987 [Test worker] TRACE org.hibernate.orm.jdbc.bind          - binding parameter (2:TIMESTAMP_UTC) <- [2026-06-07T13:31:55.985959Z]
26-06-07 22:31:55.987 [Test worker] TRACE org.hibernate.orm.jdbc.bind          - binding parameter (3:TIMESTAMP_UTC) <- [2026-06-07T13:31:55.986028Z]
26-06-07 22:31:55.987 [Test worker] TRACE org.hibernate.orm.jdbc.bind          - binding parameter (4:UUID) <- [246a58eb-263e-45f0-af66-bdcff04329bd]
26-06-07 22:31:55.987 [Test worker] TRACE org.hibernate.orm.jdbc.bind          - binding parameter (5:UUID) <- [52351557-6276-41e4-918d-fe851c7b7cc2]
26-06-07 22:31:55.987 [Test worker] DEBUG org.hibernate.SQL                    - 
    select
        u1_0.id 
    from
        users u1_0 
    where
        u1_0.email=? 
    fetch
        first ? rows only
26-06-07 22:31:55.987 [Test worker] TRACE org.hibernate.orm.jdbc.bind          - binding parameter (1:VARCHAR) <- [dup@email.com]
26-06-07 22:31:55.987 [Test worker] TRACE org.hibernate.orm.jdbc.bind          - binding parameter (2:INTEGER) <- [1]
26-06-07 22:31:55.991 [Test worker] DEBUG org.hibernate.SQL                    - 
    select
        u1_0.id 
    from
        users u1_0 
    where
        u1_0.email=? 
    fetch
        first ? rows only
26-06-07 22:31:55.991 [Test worker] TRACE org.hibernate.orm.jdbc.bind          - binding parameter (1:VARCHAR) <- [integ@email.com]
26-06-07 22:31:55.991 [Test worker] TRACE org.hibernate.orm.jdbc.bind          - binding parameter (2:INTEGER) <- [1]
26-06-07 22:31:55.991 [Test worker] DEBUG org.hibernate.SQL                    - 
    select
        u1_0.id 
    from
        users u1_0 
    where
        u1_0.username=? 
    fetch
        first ? rows only
26-06-07 22:31:55.991 [Test worker] TRACE org.hibernate.orm.jdbc.bind          - binding parameter (1:VARCHAR) <- [integuser]
26-06-07 22:31:55.991 [Test worker] TRACE org.hibernate.orm.jdbc.bind          - binding parameter (2:INTEGER) <- [1]
26-06-07 22:31:55.992 [Test worker] INFO  c.s.m.d.s.basic.BasicUserService     - User created: id=1e91d0e0-9943-4827-886c-bccc157b2ff0, username=integuser
26-06-07 22:31:55.993 [Test worker] DEBUG org.hibernate.SQL                    - 
    insert 
    into
        users
        (created_at, email, password, profile_id, updated_at, username, id) 
    values
        (?, ?, ?, ?, ?, ?, ?)
26-06-07 22:31:55.993 [Test worker] TRACE org.hibernate.orm.jdbc.bind          - binding parameter (1:TIMESTAMP_UTC) <- [2026-06-07T13:31:55.992198Z]
26-06-07 22:31:55.993 [Test worker] TRACE org.hibernate.orm.jdbc.bind          - binding parameter (2:VARCHAR) <- [integ@email.com]
26-06-07 22:31:55.993 [Test worker] TRACE org.hibernate.orm.jdbc.bind          - binding parameter (3:VARCHAR) <- [password123!]
26-06-07 22:31:55.993 [Test worker] TRACE org.hibernate.orm.jdbc.bind          - binding parameter (4:UUID) <- [null]
26-06-07 22:31:55.993 [Test worker] TRACE org.hibernate.orm.jdbc.bind          - binding parameter (5:TIMESTAMP_UTC) <- [2026-06-07T13:31:55.992198Z]
26-06-07 22:31:55.993 [Test worker] TRACE org.hibernate.orm.jdbc.bind          - binding parameter (6:VARCHAR) <- [integuser]
26-06-07 22:31:55.993 [Test worker] TRACE org.hibernate.orm.jdbc.bind          - binding parameter (7:UUID) <- [1e91d0e0-9943-4827-886c-bccc157b2ff0]
26-06-07 22:31:55.993 [Test worker] DEBUG org.hibernate.SQL                    - 
    insert 
    into
        user_statuses
        (created_at, last_active_at, updated_at, user_id, id) 
    values
        (?, ?, ?, ?, ?)
26-06-07 22:31:55.993 [Test worker] TRACE org.hibernate.orm.jdbc.bind          - binding parameter (1:TIMESTAMP_UTC) <- [2026-06-07T13:31:55.992392Z]
26-06-07 22:31:55.993 [Test worker] TRACE org.hibernate.orm.jdbc.bind          - binding parameter (2:TIMESTAMP_UTC) <- [2026-06-07T13:31:55.992324Z]
26-06-07 22:31:55.994 [Test worker] TRACE org.hibernate.orm.jdbc.bind          - binding parameter (3:TIMESTAMP_UTC) <- [2026-06-07T13:31:55.992392Z]
26-06-07 22:31:55.994 [Test worker] TRACE org.hibernate.orm.jdbc.bind          - binding parameter (4:UUID) <- [1e91d0e0-9943-4827-886c-bccc157b2ff0]
26-06-07 22:31:55.994 [Test worker] TRACE org.hibernate.orm.jdbc.bind          - binding parameter (5:UUID) <- [db0bfdbe-73c4-47cd-9c6b-b4005181bbb3]
26-06-07 22:31:55.994 [Test worker] DEBUG org.hibernate.SQL                    - 
    select
        u1_0.id,
        u1_0.created_at,
        u1_0.email,
        u1_0.password,
        p1_0.id,
        p1_0.content_type,
        p1_0.created_at,
        p1_0.file_name,
        p1_0.size,
        s1_0.id,
        s1_0.created_at,
        s1_0.last_active_at,
        s1_0.updated_at,
        s1_0.user_id,
        u1_0.updated_at,
        u1_0.username 
    from
        users u1_0 
    left join
        binary_contents p1_0 
            on p1_0.id=u1_0.profile_id 
    left join
        user_statuses s1_0 
            on u1_0.id=s1_0.user_id
26-06-07 22:31:55.999 [Test worker] INFO  s.AnnotationConfigContextLoaderUtils - Could not detect default configuration classes for test class [com.sprint.mission.discodeit.repository.MessageRepositoryTest]: MessageRepositoryTest does not declare any static, non-private, non-final, nested classes annotated with @Configuration.
26-06-07 22:31:56.005 [Test worker] INFO  .c.SpringBootTestContextBootstrapper - Found @SpringBootConfiguration com.sprint.mission.discodeit.DiscodeitApplication for test class com.sprint.mission.discodeit.repository.MessageRepositoryTest
26-06-07 22:31:56.016 [Test worker] INFO  c.s.m.d.r.MessageRepositoryTest      - Starting MessageRepositoryTest using Java 17.0.18 with PID 62852 (started by yuj in /Users/yuj/java/sprint_mission)
26-06-07 22:31:56.016 [Test worker] DEBUG c.s.m.d.r.MessageRepositoryTest      - Running with Spring Boot v3.4.0, Spring v6.2.0
26-06-07 22:31:56.016 [Test worker] INFO  c.s.m.d.r.MessageRepositoryTest      - The following 1 profile is active: "test"
26-06-07 22:31:56.043 [Test worker] INFO  .r.c.RepositoryConfigurationDelegate - Bootstrapping Spring Data JPA repositories in DEFAULT mode.
26-06-07 22:31:56.051 [Test worker] INFO  .r.c.RepositoryConfigurationDelegate - Finished Spring Data repository scanning in 7 ms. Found 6 JPA repository interfaces.
26-06-07 22:31:56.055 [Test worker] INFO  edDataSourceBeanFactoryPostProcessor - Replacing 'dataSource' DataSource bean with embedded version
26-06-07 22:31:56.064 [Test worker] INFO  o.s.j.d.e.EmbeddedDatabaseFactory    - Starting embedded database: url='jdbc:h2:mem:b62c3486-5715-4d18-bc33-0a66362c186b;DB_CLOSE_DELAY=-1;DB_CLOSE_ON_EXIT=false', username='sa'
26-06-07 22:31:56.071 [Test worker] INFO  o.h.jpa.internal.util.LogHelper      - HHH000204: Processing PersistenceUnitInfo [name: default]
26-06-07 22:31:56.072 [Test worker] INFO  o.h.c.i.RegionFactoryInitiator       - HHH000026: Second-level cache disabled
26-06-07 22:31:56.076 [Test worker] INFO  o.s.o.j.p.SpringPersistenceUnitInfo  - No LoadTimeWeaver setup: ignoring JPA class transformer
26-06-07 22:31:56.076 [Test worker] WARN  org.hibernate.orm.deprecation        - HHH90000025: H2Dialect does not need to be specified explicitly using 'hibernate.dialect' (remove the property setting and it will be selected by default)
26-06-07 22:31:56.077 [Test worker] INFO  o.hibernate.orm.connections.pooling  - HHH10001005: Database info:
	Database JDBC URL [Connecting through datasource 'org.springframework.jdbc.datasource.embedded.EmbeddedDatabaseFactory$EmbeddedDataSourceProxy@9d45e6e']
	Database driver: undefined/unknown
	Database version: 2.3.232
	Autocommit mode: undefined/unknown
	Isolation level: undefined/unknown
	Minimum pool size: undefined/unknown
	Maximum pool size: undefined/unknown
26-06-07 22:31:56.128 [Test worker] INFO  o.h.e.t.j.p.i.JtaPlatformInitiator   - HHH000489: No JTA platform available (set 'hibernate.transaction.jta.platform' to enable JTA platform integration)
26-06-07 22:31:56.128 [Test worker] DEBUG org.hibernate.SQL                    - 
    drop table if exists binary_contents cascade 
26-06-07 22:31:56.128 [Test worker] DEBUG org.hibernate.SQL                    - 
    drop table if exists channels cascade 
26-06-07 22:31:56.128 [Test worker] DEBUG org.hibernate.SQL                    - 
    drop table if exists message_attachments cascade 
26-06-07 22:31:56.128 [Test worker] DEBUG org.hibernate.SQL                    - 
    drop table if exists messages cascade 
26-06-07 22:31:56.128 [Test worker] DEBUG org.hibernate.SQL                    - 
    drop table if exists read_statuses cascade 
26-06-07 22:31:56.128 [Test worker] DEBUG org.hibernate.SQL                    - 
    drop table if exists user_statuses cascade 
26-06-07 22:31:56.129 [Test worker] DEBUG org.hibernate.SQL                    - 
    drop table if exists users cascade 
26-06-07 22:31:56.129 [Test worker] DEBUG org.hibernate.SQL                    - 
    create table binary_contents (
        created_at timestamp(6) with time zone not null,
        size bigint not null,
        id uuid not null,
        content_type varchar(255) not null,
        file_name varchar(255) not null,
        primary key (id)
    )
26-06-07 22:31:56.130 [Test worker] DEBUG org.hibernate.SQL                    - 
    create table channels (
        created_at timestamp(6) with time zone not null,
        updated_at timestamp(6) with time zone,
        id uuid not null,
        name varchar(100),
        description varchar(500),
        type enum ('PRIVATE','PUBLIC') not null,
        primary key (id)
    )
26-06-07 22:31:56.132 [Test worker] DEBUG org.hibernate.SQL                    - 
    create table message_attachments (
        attachment_id uuid not null,
        message_id uuid not null
    )
26-06-07 22:31:56.133 [Test worker] DEBUG org.hibernate.SQL                    - 
    create table messages (
        created_at timestamp(6) with time zone not null,
        updated_at timestamp(6) with time zone,
        author_id uuid,
        channel_id uuid not null,
        id uuid not null,
        content text,
        primary key (id)
    )
26-06-07 22:31:56.134 [Test worker] DEBUG org.hibernate.SQL                    - 
    create table read_statuses (
        created_at timestamp(6) with time zone not null,
        last_read_at timestamp(6) with time zone not null,
        updated_at timestamp(6) with time zone,
        channel_id uuid not null,
        id uuid not null,
        user_id uuid not null,
        primary key (id),
        unique (user_id, channel_id)
    )
26-06-07 22:31:56.135 [Test worker] DEBUG org.hibernate.SQL                    - 
    create table user_statuses (
        created_at timestamp(6) with time zone not null,
        last_active_at timestamp(6) with time zone not null,
        updated_at timestamp(6) with time zone,
        id uuid not null,
        user_id uuid not null unique,
        primary key (id)
    )
26-06-07 22:31:56.136 [Test worker] DEBUG org.hibernate.SQL                    - 
    create table users (
        created_at timestamp(6) with time zone not null,
        updated_at timestamp(6) with time zone,
        id uuid not null,
        profile_id uuid unique,
        username varchar(50) not null unique,
        password varchar(60) not null,
        email varchar(100) not null unique,
        primary key (id)
    )
26-06-07 22:31:56.138 [Test worker] DEBUG org.hibernate.SQL                    - 
    alter table if exists message_attachments 
       add constraint FKsd1m8rb8jcpbcnb7rpdue7ctc 
       foreign key (attachment_id) 
       references binary_contents
26-06-07 22:31:56.142 [Test worker] DEBUG org.hibernate.SQL                    - 
    alter table if exists message_attachments 
       add constraint FKj7twd218e2gqw9cmlhwvo1rth 
       foreign key (message_id) 
       references messages
26-06-07 22:31:56.144 [Test worker] DEBUG org.hibernate.SQL                    - 
    alter table if exists messages 
       add constraint FKowtlim26svclkatusptbgi7u1 
       foreign key (author_id) 
       references users
26-06-07 22:31:56.144 [Test worker] DEBUG org.hibernate.SQL                    - 
    alter table if exists messages 
       add constraint FK3u3ckbhwq9se1cmopk2pq05b2 
       foreign key (channel_id) 
       references channels
26-06-07 22:31:56.145 [Test worker] DEBUG org.hibernate.SQL                    - 
    alter table if exists read_statuses 
       add constraint FKa38ri44ml4gfdpklx4ahqr8gd 
       foreign key (channel_id) 
       references channels
26-06-07 22:31:56.146 [Test worker] DEBUG org.hibernate.SQL                    - 
    alter table if exists read_statuses 
       add constraint FKml3k4wr9sj5yxrmj6d0aoib2e 
       foreign key (user_id) 
       references users
26-06-07 22:31:56.146 [Test worker] DEBUG org.hibernate.SQL                    - 
    alter table if exists user_statuses 
       add constraint FK4lfl3ei2ubchgcxrrpo3pw4mm 
       foreign key (user_id) 
       references users
26-06-07 22:31:56.147 [Test worker] DEBUG org.hibernate.SQL                    - 
    alter table if exists users 
       add constraint FKtbudycgrip49xdptogmhfqnso 
       foreign key (profile_id) 
       references binary_contents
26-06-07 22:31:56.149 [Test worker] INFO  calContainerEntityManagerFactoryBean - Initialized JPA EntityManagerFactory for persistence unit 'default'
26-06-07 22:31:56.187 [Test worker] INFO  c.s.m.d.r.MessageRepositoryTest      - Started MessageRepositoryTest in 0.181 seconds (process running for 4.602)
26-06-07 22:31:56.198 [Test worker] DEBUG org.hibernate.SQL                    - 
    insert 
    into
        users
        (created_at, email, password, profile_id, updated_at, username, id) 
    values
        (?, ?, ?, ?, ?, ?, ?)
26-06-07 22:31:56.199 [Test worker] TRACE org.hibernate.orm.jdbc.bind          - binding parameter (1:TIMESTAMP_UTC) <- [2026-06-07T13:31:56.190612Z]
26-06-07 22:31:56.199 [Test worker] TRACE org.hibernate.orm.jdbc.bind          - binding parameter (2:VARCHAR) <- [author@email.com]
26-06-07 22:31:56.199 [Test worker] TRACE org.hibernate.orm.jdbc.bind          - binding parameter (3:VARCHAR) <- [pass]
26-06-07 22:31:56.199 [Test worker] TRACE org.hibernate.orm.jdbc.bind          - binding parameter (4:UUID) <- [null]
26-06-07 22:31:56.199 [Test worker] TRACE org.hibernate.orm.jdbc.bind          - binding parameter (5:TIMESTAMP_UTC) <- [2026-06-07T13:31:56.190612Z]
26-06-07 22:31:56.199 [Test worker] TRACE org.hibernate.orm.jdbc.bind          - binding parameter (6:VARCHAR) <- [author]
26-06-07 22:31:56.199 [Test worker] TRACE org.hibernate.orm.jdbc.bind          - binding parameter (7:UUID) <- [e5822241-e7c8-41a1-9fc3-e74cee33b307]
26-06-07 22:31:56.200 [Test worker] DEBUG org.hibernate.SQL                    - 
    insert 
    into
        channels
        (created_at, description, name, type, updated_at, id) 
    values
        (?, ?, ?, ?, ?, ?)
26-06-07 22:31:56.201 [Test worker] TRACE org.hibernate.orm.jdbc.bind          - binding parameter (1:TIMESTAMP_UTC) <- [2026-06-07T13:31:56.192342Z]
26-06-07 22:31:56.201 [Test worker] TRACE org.hibernate.orm.jdbc.bind          - binding parameter (2:VARCHAR) <- [null]
26-06-07 22:31:56.201 [Test worker] TRACE org.hibernate.orm.jdbc.bind          - binding parameter (3:VARCHAR) <- [general]
26-06-07 22:31:56.201 [Test worker] TRACE org.hibernate.orm.jdbc.bind          - binding parameter (4:ENUM) <- [PUBLIC]
26-06-07 22:31:56.201 [Test worker] TRACE org.hibernate.orm.jdbc.bind          - binding parameter (5:TIMESTAMP_UTC) <- [2026-06-07T13:31:56.192342Z]
26-06-07 22:31:56.201 [Test worker] TRACE org.hibernate.orm.jdbc.bind          - binding parameter (6:UUID) <- [0ca4672f-3a54-457e-8e83-00403a7881e6]
26-06-07 22:31:56.201 [Test worker] DEBUG org.hibernate.SQL                    - 
    insert 
    into
        messages
        (author_id, channel_id, content, created_at, updated_at, id) 
    values
        (?, ?, ?, ?, ?, ?)
26-06-07 22:31:56.201 [Test worker] TRACE org.hibernate.orm.jdbc.bind          - binding parameter (1:UUID) <- [e5822241-e7c8-41a1-9fc3-e74cee33b307]
26-06-07 22:31:56.201 [Test worker] TRACE org.hibernate.orm.jdbc.bind          - binding parameter (2:UUID) <- [0ca4672f-3a54-457e-8e83-00403a7881e6]
26-06-07 22:31:56.201 [Test worker] TRACE org.hibernate.orm.jdbc.bind          - binding parameter (3:VARCHAR) <- [msg1]
26-06-07 22:31:56.201 [Test worker] TRACE org.hibernate.orm.jdbc.bind          - binding parameter (4:TIMESTAMP_UTC) <- [2026-06-07T13:31:56.193902Z]
26-06-07 22:31:56.201 [Test worker] TRACE org.hibernate.orm.jdbc.bind          - binding parameter (5:TIMESTAMP_UTC) <- [2026-06-07T13:31:56.193902Z]
26-06-07 22:31:56.201 [Test worker] TRACE org.hibernate.orm.jdbc.bind          - binding parameter (6:UUID) <- [eba935de-5056-45d1-92ad-71cd7cabf204]
26-06-07 22:31:56.201 [Test worker] DEBUG org.hibernate.SQL                    - 
    insert 
    into
        messages
        (author_id, channel_id, content, created_at, updated_at, id) 
    values
        (?, ?, ?, ?, ?, ?)
26-06-07 22:31:56.201 [Test worker] TRACE org.hibernate.orm.jdbc.bind          - binding parameter (1:UUID) <- [e5822241-e7c8-41a1-9fc3-e74cee33b307]
26-06-07 22:31:56.201 [Test worker] TRACE org.hibernate.orm.jdbc.bind          - binding parameter (2:UUID) <- [0ca4672f-3a54-457e-8e83-00403a7881e6]
26-06-07 22:31:56.201 [Test worker] TRACE org.hibernate.orm.jdbc.bind          - binding parameter (3:VARCHAR) <- [msg2]
26-06-07 22:31:56.201 [Test worker] TRACE org.hibernate.orm.jdbc.bind          - binding parameter (4:TIMESTAMP_UTC) <- [2026-06-07T13:31:56.194780Z]
26-06-07 22:31:56.201 [Test worker] TRACE org.hibernate.orm.jdbc.bind          - binding parameter (5:TIMESTAMP_UTC) <- [2026-06-07T13:31:56.194780Z]
26-06-07 22:31:56.201 [Test worker] TRACE org.hibernate.orm.jdbc.bind          - binding parameter (6:UUID) <- [adb22010-397f-4248-8437-8a79d222cc16]
26-06-07 22:31:56.202 [Test worker] DEBUG org.hibernate.SQL                    - 
    insert 
    into
        channels
        (created_at, description, name, type, updated_at, id) 
    values
        (?, ?, ?, ?, ?, ?)
26-06-07 22:31:56.202 [Test worker] TRACE org.hibernate.orm.jdbc.bind          - binding parameter (1:TIMESTAMP_UTC) <- [2026-06-07T13:31:56.195071Z]
26-06-07 22:31:56.202 [Test worker] TRACE org.hibernate.orm.jdbc.bind          - binding parameter (2:VARCHAR) <- [null]
26-06-07 22:31:56.202 [Test worker] TRACE org.hibernate.orm.jdbc.bind          - binding parameter (3:VARCHAR) <- [other]
26-06-07 22:31:56.202 [Test worker] TRACE org.hibernate.orm.jdbc.bind          - binding parameter (4:ENUM) <- [PUBLIC]
26-06-07 22:31:56.202 [Test worker] TRACE org.hibernate.orm.jdbc.bind          - binding parameter (5:TIMESTAMP_UTC) <- [2026-06-07T13:31:56.195071Z]
26-06-07 22:31:56.202 [Test worker] TRACE org.hibernate.orm.jdbc.bind          - binding parameter (6:UUID) <- [ad1255bf-3104-459c-8535-68e0affbb39d]
26-06-07 22:31:56.202 [Test worker] DEBUG org.hibernate.SQL                    - 
    select
        m1_0.id,
        m1_0.author_id,
        m1_0.channel_id,
        m1_0.content,
        m1_0.created_at,
        m1_0.updated_at 
    from
        messages m1_0 
    where
        m1_0.channel_id=?
26-06-07 22:31:56.202 [Test worker] TRACE org.hibernate.orm.jdbc.bind          - binding parameter (1:UUID) <- [ad1255bf-3104-459c-8535-68e0affbb39d]
26-06-07 22:31:56.207 [Test worker] WARN  org.hibernate.orm.query              - HHH90003004: firstResult/maxResults specified with collection fetch; applying in memory
26-06-07 22:31:56.208 [Test worker] DEBUG org.hibernate.SQL                    - 
    insert 
    into
        users
        (created_at, email, password, profile_id, updated_at, username, id) 
    values
        (?, ?, ?, ?, ?, ?, ?)
26-06-07 22:31:56.209 [Test worker] TRACE org.hibernate.orm.jdbc.bind          - binding parameter (1:TIMESTAMP_UTC) <- [2026-06-07T13:31:56.206249Z]
26-06-07 22:31:56.209 [Test worker] TRACE org.hibernate.orm.jdbc.bind          - binding parameter (2:VARCHAR) <- [author@email.com]
26-06-07 22:31:56.209 [Test worker] TRACE org.hibernate.orm.jdbc.bind          - binding parameter (3:VARCHAR) <- [pass]
26-06-07 22:31:56.209 [Test worker] TRACE org.hibernate.orm.jdbc.bind          - binding parameter (4:UUID) <- [null]
26-06-07 22:31:56.209 [Test worker] TRACE org.hibernate.orm.jdbc.bind          - binding parameter (5:TIMESTAMP_UTC) <- [2026-06-07T13:31:56.206249Z]
26-06-07 22:31:56.209 [Test worker] TRACE org.hibernate.orm.jdbc.bind          - binding parameter (6:VARCHAR) <- [author]
26-06-07 22:31:56.209 [Test worker] TRACE org.hibernate.orm.jdbc.bind          - binding parameter (7:UUID) <- [0ec54e33-0551-4014-8db6-6383dad161f3]
26-06-07 22:31:56.209 [Test worker] DEBUG org.hibernate.SQL                    - 
    insert 
    into
        channels
        (created_at, description, name, type, updated_at, id) 
    values
        (?, ?, ?, ?, ?, ?)
26-06-07 22:31:56.210 [Test worker] TRACE org.hibernate.orm.jdbc.bind          - binding parameter (1:TIMESTAMP_UTC) <- [2026-06-07T13:31:56.206479Z]
26-06-07 22:31:56.210 [Test worker] TRACE org.hibernate.orm.jdbc.bind          - binding parameter (2:VARCHAR) <- [null]
26-06-07 22:31:56.210 [Test worker] TRACE org.hibernate.orm.jdbc.bind          - binding parameter (3:VARCHAR) <- [general]
26-06-07 22:31:56.210 [Test worker] TRACE org.hibernate.orm.jdbc.bind          - binding parameter (4:ENUM) <- [PUBLIC]
26-06-07 22:31:56.210 [Test worker] TRACE org.hibernate.orm.jdbc.bind          - binding parameter (5:TIMESTAMP_UTC) <- [2026-06-07T13:31:56.206479Z]
26-06-07 22:31:56.210 [Test worker] TRACE org.hibernate.orm.jdbc.bind          - binding parameter (6:UUID) <- [30eaea3a-8206-4333-b309-86d74f69a516]
26-06-07 22:31:56.210 [Test worker] DEBUG org.hibernate.SQL                    - 
    insert 
    into
        messages
        (author_id, channel_id, content, created_at, updated_at, id) 
    values
        (?, ?, ?, ?, ?, ?)
26-06-07 22:31:56.210 [Test worker] TRACE org.hibernate.orm.jdbc.bind          - binding parameter (1:UUID) <- [0ec54e33-0551-4014-8db6-6383dad161f3]
26-06-07 22:31:56.210 [Test worker] TRACE org.hibernate.orm.jdbc.bind          - binding parameter (2:UUID) <- [30eaea3a-8206-4333-b309-86d74f69a516]
26-06-07 22:31:56.210 [Test worker] TRACE org.hibernate.orm.jdbc.bind          - binding parameter (3:VARCHAR) <- [msg1]
26-06-07 22:31:56.210 [Test worker] TRACE org.hibernate.orm.jdbc.bind          - binding parameter (4:TIMESTAMP_UTC) <- [2026-06-07T13:31:56.206617Z]
26-06-07 22:31:56.210 [Test worker] TRACE org.hibernate.orm.jdbc.bind          - binding parameter (5:TIMESTAMP_UTC) <- [2026-06-07T13:31:56.206617Z]
26-06-07 22:31:56.210 [Test worker] TRACE org.hibernate.orm.jdbc.bind          - binding parameter (6:UUID) <- [033c0f0e-e688-44ab-85c7-093aef089807]
26-06-07 22:31:56.210 [Test worker] DEBUG org.hibernate.SQL                    - 
    insert 
    into
        messages
        (author_id, channel_id, content, created_at, updated_at, id) 
    values
        (?, ?, ?, ?, ?, ?)
26-06-07 22:31:56.210 [Test worker] TRACE org.hibernate.orm.jdbc.bind          - binding parameter (1:UUID) <- [0ec54e33-0551-4014-8db6-6383dad161f3]
26-06-07 22:31:56.210 [Test worker] TRACE org.hibernate.orm.jdbc.bind          - binding parameter (2:UUID) <- [30eaea3a-8206-4333-b309-86d74f69a516]
26-06-07 22:31:56.210 [Test worker] TRACE org.hibernate.orm.jdbc.bind          - binding parameter (3:VARCHAR) <- [msg2]
26-06-07 22:31:56.210 [Test worker] TRACE org.hibernate.orm.jdbc.bind          - binding parameter (4:TIMESTAMP_UTC) <- [2026-06-07T13:31:56.206787Z]
26-06-07 22:31:56.210 [Test worker] TRACE org.hibernate.orm.jdbc.bind          - binding parameter (5:TIMESTAMP_UTC) <- [2026-06-07T13:31:56.206787Z]
26-06-07 22:31:56.210 [Test worker] TRACE org.hibernate.orm.jdbc.bind          - binding parameter (6:UUID) <- [992ca202-c849-4d74-aec6-d58795aa6fe6]
26-06-07 22:31:56.211 [Test worker] DEBUG org.hibernate.SQL                    - 
    select
        m1_0.id,
        a2_0.message_id,
        a2_1.id,
        a2_1.content_type,
        a2_1.created_at,
        a2_1.file_name,
        a2_1.size,
        a1_0.id,
        a1_0.created_at,
        a1_0.email,
        a1_0.password,
        a1_0.profile_id,
        a1_0.updated_at,
        a1_0.username,
        m1_0.channel_id,
        m1_0.content,
        m1_0.created_at,
        m1_0.updated_at 
    from
        messages m1_0 
    left join
        users a1_0 
            on a1_0.id=m1_0.author_id 
    left join
        message_attachments a2_0 
            on m1_0.id=a2_0.message_id 
    left join
        binary_contents a2_1 
            on a2_1.id=a2_0.attachment_id 
    where
        m1_0.channel_id=? 
        and (
            ? is null 
            or m1_0.created_at<?
        ) 
    order by
        m1_0.created_at desc
26-06-07 22:31:56.211 [Test worker] TRACE org.hibernate.orm.jdbc.bind          - binding parameter (1:UUID) <- [30eaea3a-8206-4333-b309-86d74f69a516]
26-06-07 22:31:56.211 [Test worker] TRACE org.hibernate.orm.jdbc.bind          - binding parameter (2:TIMESTAMP_UTC) <- [null]
26-06-07 22:31:56.211 [Test worker] TRACE org.hibernate.orm.jdbc.bind          - binding parameter (3:TIMESTAMP_UTC) <- [null]
26-06-07 22:31:56.217 [Test worker] WARN  org.hibernate.orm.query              - HHH90003004: firstResult/maxResults specified with collection fetch; applying in memory
26-06-07 22:31:56.218 [Test worker] DEBUG org.hibernate.SQL                    - 
    insert 
    into
        users
        (created_at, email, password, profile_id, updated_at, username, id) 
    values
        (?, ?, ?, ?, ?, ?, ?)
26-06-07 22:31:56.219 [Test worker] TRACE org.hibernate.orm.jdbc.bind          - binding parameter (1:TIMESTAMP_UTC) <- [2026-06-07T13:31:56.216795Z]
26-06-07 22:31:56.219 [Test worker] TRACE org.hibernate.orm.jdbc.bind          - binding parameter (2:VARCHAR) <- [author@email.com]
26-06-07 22:31:56.219 [Test worker] TRACE org.hibernate.orm.jdbc.bind          - binding parameter (3:VARCHAR) <- [pass]
26-06-07 22:31:56.219 [Test worker] TRACE org.hibernate.orm.jdbc.bind          - binding parameter (4:UUID) <- [null]
26-06-07 22:31:56.219 [Test worker] TRACE org.hibernate.orm.jdbc.bind          - binding parameter (5:TIMESTAMP_UTC) <- [2026-06-07T13:31:56.216795Z]
26-06-07 22:31:56.219 [Test worker] TRACE org.hibernate.orm.jdbc.bind          - binding parameter (6:VARCHAR) <- [author]
26-06-07 22:31:56.219 [Test worker] TRACE org.hibernate.orm.jdbc.bind          - binding parameter (7:UUID) <- [105db0b8-fc1b-4feb-8563-8e89dd8e0119]
26-06-07 22:31:56.219 [Test worker] DEBUG org.hibernate.SQL                    - 
    insert 
    into
        channels
        (created_at, description, name, type, updated_at, id) 
    values
        (?, ?, ?, ?, ?, ?)
26-06-07 22:31:56.220 [Test worker] TRACE org.hibernate.orm.jdbc.bind          - binding parameter (1:TIMESTAMP_UTC) <- [2026-06-07T13:31:56.217034Z]
26-06-07 22:31:56.220 [Test worker] TRACE org.hibernate.orm.jdbc.bind          - binding parameter (2:VARCHAR) <- [null]
26-06-07 22:31:56.220 [Test worker] TRACE org.hibernate.orm.jdbc.bind          - binding parameter (3:VARCHAR) <- [general]
26-06-07 22:31:56.220 [Test worker] TRACE org.hibernate.orm.jdbc.bind          - binding parameter (4:ENUM) <- [PUBLIC]
26-06-07 22:31:56.220 [Test worker] TRACE org.hibernate.orm.jdbc.bind          - binding parameter (5:TIMESTAMP_UTC) <- [2026-06-07T13:31:56.217034Z]
26-06-07 22:31:56.220 [Test worker] TRACE org.hibernate.orm.jdbc.bind          - binding parameter (6:UUID) <- [71bb6822-0f7d-4da0-b377-76ff7870aadb]
26-06-07 22:31:56.220 [Test worker] DEBUG org.hibernate.SQL                    - 
    insert 
    into
        messages
        (author_id, channel_id, content, created_at, updated_at, id) 
    values
        (?, ?, ?, ?, ?, ?)
26-06-07 22:31:56.220 [Test worker] TRACE org.hibernate.orm.jdbc.bind          - binding parameter (1:UUID) <- [105db0b8-fc1b-4feb-8563-8e89dd8e0119]
26-06-07 22:31:56.220 [Test worker] TRACE org.hibernate.orm.jdbc.bind          - binding parameter (2:UUID) <- [71bb6822-0f7d-4da0-b377-76ff7870aadb]
26-06-07 22:31:56.220 [Test worker] TRACE org.hibernate.orm.jdbc.bind          - binding parameter (3:VARCHAR) <- [msg1]
26-06-07 22:31:56.220 [Test worker] TRACE org.hibernate.orm.jdbc.bind          - binding parameter (4:TIMESTAMP_UTC) <- [2026-06-07T13:31:56.217154Z]
26-06-07 22:31:56.221 [Test worker] TRACE org.hibernate.orm.jdbc.bind          - binding parameter (5:TIMESTAMP_UTC) <- [2026-06-07T13:31:56.217154Z]
26-06-07 22:31:56.221 [Test worker] TRACE org.hibernate.orm.jdbc.bind          - binding parameter (6:UUID) <- [46bc2e53-871f-44c9-9b91-e02ade9e54da]
26-06-07 22:31:56.221 [Test worker] DEBUG org.hibernate.SQL                    - 
    insert 
    into
        messages
        (author_id, channel_id, content, created_at, updated_at, id) 
    values
        (?, ?, ?, ?, ?, ?)
26-06-07 22:31:56.221 [Test worker] TRACE org.hibernate.orm.jdbc.bind          - binding parameter (1:UUID) <- [105db0b8-fc1b-4feb-8563-8e89dd8e0119]
26-06-07 22:31:56.222 [Test worker] TRACE org.hibernate.orm.jdbc.bind          - binding parameter (2:UUID) <- [71bb6822-0f7d-4da0-b377-76ff7870aadb]
26-06-07 22:31:56.222 [Test worker] TRACE org.hibernate.orm.jdbc.bind          - binding parameter (3:VARCHAR) <- [msg2]
26-06-07 22:31:56.222 [Test worker] TRACE org.hibernate.orm.jdbc.bind          - binding parameter (4:TIMESTAMP_UTC) <- [2026-06-07T13:31:56.217308Z]
26-06-07 22:31:56.222 [Test worker] TRACE org.hibernate.orm.jdbc.bind          - binding parameter (5:TIMESTAMP_UTC) <- [2026-06-07T13:31:56.217308Z]
26-06-07 22:31:56.222 [Test worker] TRACE org.hibernate.orm.jdbc.bind          - binding parameter (6:UUID) <- [163e5d75-7e2d-45cd-8be9-a0aac4b21c73]
26-06-07 22:31:56.222 [Test worker] DEBUG org.hibernate.SQL                    - 
    select
        m1_0.id,
        a2_0.message_id,
        a2_1.id,
        a2_1.content_type,
        a2_1.created_at,
        a2_1.file_name,
        a2_1.size,
        a1_0.id,
        a1_0.created_at,
        a1_0.email,
        a1_0.password,
        a1_0.profile_id,
        a1_0.updated_at,
        a1_0.username,
        m1_0.channel_id,
        m1_0.content,
        m1_0.created_at,
        m1_0.updated_at 
    from
        messages m1_0 
    left join
        users a1_0 
            on a1_0.id=m1_0.author_id 
    left join
        message_attachments a2_0 
            on m1_0.id=a2_0.message_id 
    left join
        binary_contents a2_1 
            on a2_1.id=a2_0.attachment_id 
    where
        m1_0.channel_id=? 
        and (
            ? is null 
            or m1_0.created_at<?
        ) 
    order by
        m1_0.created_at desc
26-06-07 22:31:56.223 [Test worker] TRACE org.hibernate.orm.jdbc.bind          - binding parameter (1:UUID) <- [71bb6822-0f7d-4da0-b377-76ff7870aadb]
26-06-07 22:31:56.223 [Test worker] TRACE org.hibernate.orm.jdbc.bind          - binding parameter (2:TIMESTAMP_UTC) <- [2026-06-07T14:31:56.217474Z]
26-06-07 22:31:56.224 [Test worker] TRACE org.hibernate.orm.jdbc.bind          - binding parameter (3:TIMESTAMP_UTC) <- [2026-06-07T14:31:56.217474Z]
26-06-07 22:31:56.229 [Test worker] DEBUG org.hibernate.SQL                    - 
    insert 
    into
        users
        (created_at, email, password, profile_id, updated_at, username, id) 
    values
        (?, ?, ?, ?, ?, ?, ?)
26-06-07 22:31:56.229 [Test worker] TRACE org.hibernate.orm.jdbc.bind          - binding parameter (1:TIMESTAMP_UTC) <- [2026-06-07T13:31:56.227143Z]
26-06-07 22:31:56.229 [Test worker] TRACE org.hibernate.orm.jdbc.bind          - binding parameter (2:VARCHAR) <- [author@email.com]
26-06-07 22:31:56.229 [Test worker] TRACE org.hibernate.orm.jdbc.bind          - binding parameter (3:VARCHAR) <- [pass]
26-06-07 22:31:56.229 [Test worker] TRACE org.hibernate.orm.jdbc.bind          - binding parameter (4:UUID) <- [null]
26-06-07 22:31:56.229 [Test worker] TRACE org.hibernate.orm.jdbc.bind          - binding parameter (5:TIMESTAMP_UTC) <- [2026-06-07T13:31:56.227143Z]
26-06-07 22:31:56.229 [Test worker] TRACE org.hibernate.orm.jdbc.bind          - binding parameter (6:VARCHAR) <- [author]
26-06-07 22:31:56.229 [Test worker] TRACE org.hibernate.orm.jdbc.bind          - binding parameter (7:UUID) <- [5b72b4b4-df0d-4a97-9f95-193339dcde53]
26-06-07 22:31:56.230 [Test worker] DEBUG org.hibernate.SQL                    - 
    insert 
    into
        channels
        (created_at, description, name, type, updated_at, id) 
    values
        (?, ?, ?, ?, ?, ?)
26-06-07 22:31:56.230 [Test worker] TRACE org.hibernate.orm.jdbc.bind          - binding parameter (1:TIMESTAMP_UTC) <- [2026-06-07T13:31:56.227331Z]
26-06-07 22:31:56.230 [Test worker] TRACE org.hibernate.orm.jdbc.bind          - binding parameter (2:VARCHAR) <- [null]
26-06-07 22:31:56.230 [Test worker] TRACE org.hibernate.orm.jdbc.bind          - binding parameter (3:VARCHAR) <- [general]
26-06-07 22:31:56.230 [Test worker] TRACE org.hibernate.orm.jdbc.bind          - binding parameter (4:ENUM) <- [PUBLIC]
26-06-07 22:31:56.230 [Test worker] TRACE org.hibernate.orm.jdbc.bind          - binding parameter (5:TIMESTAMP_UTC) <- [2026-06-07T13:31:56.227331Z]
26-06-07 22:31:56.230 [Test worker] TRACE org.hibernate.orm.jdbc.bind          - binding parameter (6:UUID) <- [3aaed31f-ffea-4ed9-abfb-a2b2df2bf4f5]
26-06-07 22:31:56.231 [Test worker] DEBUG org.hibernate.SQL                    - 
    insert 
    into
        messages
        (author_id, channel_id, content, created_at, updated_at, id) 
    values
        (?, ?, ?, ?, ?, ?)
26-06-07 22:31:56.231 [Test worker] TRACE org.hibernate.orm.jdbc.bind          - binding parameter (1:UUID) <- [5b72b4b4-df0d-4a97-9f95-193339dcde53]
26-06-07 22:31:56.231 [Test worker] TRACE org.hibernate.orm.jdbc.bind          - binding parameter (2:UUID) <- [3aaed31f-ffea-4ed9-abfb-a2b2df2bf4f5]
26-06-07 22:31:56.231 [Test worker] TRACE org.hibernate.orm.jdbc.bind          - binding parameter (3:VARCHAR) <- [msg1]
26-06-07 22:31:56.231 [Test worker] TRACE org.hibernate.orm.jdbc.bind          - binding parameter (4:TIMESTAMP_UTC) <- [2026-06-07T13:31:56.227434Z]
26-06-07 22:31:56.231 [Test worker] TRACE org.hibernate.orm.jdbc.bind          - binding parameter (5:TIMESTAMP_UTC) <- [2026-06-07T13:31:56.227434Z]
26-06-07 22:31:56.231 [Test worker] TRACE org.hibernate.orm.jdbc.bind          - binding parameter (6:UUID) <- [5cb1d6ef-79cb-4f85-872c-5d574f92944a]
26-06-07 22:31:56.232 [Test worker] DEBUG org.hibernate.SQL                    - 
    insert 
    into
        messages
        (author_id, channel_id, content, created_at, updated_at, id) 
    values
        (?, ?, ?, ?, ?, ?)
26-06-07 22:31:56.232 [Test worker] TRACE org.hibernate.orm.jdbc.bind          - binding parameter (1:UUID) <- [5b72b4b4-df0d-4a97-9f95-193339dcde53]
26-06-07 22:31:56.232 [Test worker] TRACE org.hibernate.orm.jdbc.bind          - binding parameter (2:UUID) <- [3aaed31f-ffea-4ed9-abfb-a2b2df2bf4f5]
26-06-07 22:31:56.232 [Test worker] TRACE org.hibernate.orm.jdbc.bind          - binding parameter (3:VARCHAR) <- [msg2]
26-06-07 22:31:56.232 [Test worker] TRACE org.hibernate.orm.jdbc.bind          - binding parameter (4:TIMESTAMP_UTC) <- [2026-06-07T13:31:56.227590Z]
26-06-07 22:31:56.232 [Test worker] TRACE org.hibernate.orm.jdbc.bind          - binding parameter (5:TIMESTAMP_UTC) <- [2026-06-07T13:31:56.227590Z]
26-06-07 22:31:56.232 [Test worker] TRACE org.hibernate.orm.jdbc.bind          - binding parameter (6:UUID) <- [6bfe21bf-1723-4032-bd3e-d7086ac386ac]
26-06-07 22:31:56.232 [Test worker] DEBUG org.hibernate.SQL                    - 
    select
        m1_0.id,
        m1_0.author_id,
        m1_0.channel_id,
        m1_0.content,
        m1_0.created_at,
        m1_0.updated_at 
    from
        messages m1_0 
    where
        m1_0.channel_id=?
26-06-07 22:31:56.233 [Test worker] TRACE org.hibernate.orm.jdbc.bind          - binding parameter (1:UUID) <- [3aaed31f-ffea-4ed9-abfb-a2b2df2bf4f5]
26-06-07 22:31:56.235 [Test worker] INFO  s.AnnotationConfigContextLoaderUtils - Could not detect default configuration classes for test class [com.sprint.mission.discodeit.repository.UserRepositoryTest]: UserRepositoryTest does not declare any static, non-private, non-final, nested classes annotated with @Configuration.
26-06-07 22:31:56.238 [Test worker] INFO  .c.SpringBootTestContextBootstrapper - Found @SpringBootConfiguration com.sprint.mission.discodeit.DiscodeitApplication for test class com.sprint.mission.discodeit.repository.UserRepositoryTest
26-06-07 22:31:56.240 [Test worker] DEBUG org.hibernate.SQL                    - 
    insert 
    into
        users
        (created_at, email, password, profile_id, updated_at, username, id) 
    values
        (?, ?, ?, ?, ?, ?, ?)
26-06-07 22:31:56.241 [Test worker] TRACE org.hibernate.orm.jdbc.bind          - binding parameter (1:TIMESTAMP_UTC) <- [2026-06-07T13:31:56.239926Z]
26-06-07 22:31:56.241 [Test worker] TRACE org.hibernate.orm.jdbc.bind          - binding parameter (2:VARCHAR) <- [test@email.com]
26-06-07 22:31:56.241 [Test worker] TRACE org.hibernate.orm.jdbc.bind          - binding parameter (3:VARCHAR) <- [password]
26-06-07 22:31:56.241 [Test worker] TRACE org.hibernate.orm.jdbc.bind          - binding parameter (4:UUID) <- [null]
26-06-07 22:31:56.241 [Test worker] TRACE org.hibernate.orm.jdbc.bind          - binding parameter (5:TIMESTAMP_UTC) <- [2026-06-07T13:31:56.239926Z]
26-06-07 22:31:56.241 [Test worker] TRACE org.hibernate.orm.jdbc.bind          - binding parameter (6:VARCHAR) <- [testuser]
26-06-07 22:31:56.241 [Test worker] TRACE org.hibernate.orm.jdbc.bind          - binding parameter (7:UUID) <- [12ffb4ba-aaaa-4179-b6d0-29caa5f23875]
26-06-07 22:31:56.241 [Test worker] DEBUG org.hibernate.SQL                    - 
    select
        u1_0.id 
    from
        users u1_0 
    where
        u1_0.username=? 
    fetch
        first ? rows only
26-06-07 22:31:56.241 [Test worker] TRACE org.hibernate.orm.jdbc.bind          - binding parameter (1:VARCHAR) <- [nobody]
26-06-07 22:31:56.241 [Test worker] TRACE org.hibernate.orm.jdbc.bind          - binding parameter (2:INTEGER) <- [1]
26-06-07 22:31:56.245 [Test worker] DEBUG org.hibernate.SQL                    - 
    insert 
    into
        users
        (created_at, email, password, profile_id, updated_at, username, id) 
    values
        (?, ?, ?, ?, ?, ?, ?)
26-06-07 22:31:56.245 [Test worker] TRACE org.hibernate.orm.jdbc.bind          - binding parameter (1:TIMESTAMP_UTC) <- [2026-06-07T13:31:56.244111Z]
26-06-07 22:31:56.245 [Test worker] TRACE org.hibernate.orm.jdbc.bind          - binding parameter (2:VARCHAR) <- [test@email.com]
26-06-07 22:31:56.245 [Test worker] TRACE org.hibernate.orm.jdbc.bind          - binding parameter (3:VARCHAR) <- [password]
26-06-07 22:31:56.245 [Test worker] TRACE org.hibernate.orm.jdbc.bind          - binding parameter (4:UUID) <- [null]
26-06-07 22:31:56.245 [Test worker] TRACE org.hibernate.orm.jdbc.bind          - binding parameter (5:TIMESTAMP_UTC) <- [2026-06-07T13:31:56.244111Z]
26-06-07 22:31:56.245 [Test worker] TRACE org.hibernate.orm.jdbc.bind          - binding parameter (6:VARCHAR) <- [testuser]
26-06-07 22:31:56.245 [Test worker] TRACE org.hibernate.orm.jdbc.bind          - binding parameter (7:UUID) <- [4e69a83c-3926-4546-9f91-bab05e4198db]
26-06-07 22:31:56.245 [Test worker] DEBUG org.hibernate.SQL                    - 
    select
        u1_0.id 
    from
        users u1_0 
    where
        u1_0.email=? 
    fetch
        first ? rows only
26-06-07 22:31:56.246 [Test worker] TRACE org.hibernate.orm.jdbc.bind          - binding parameter (1:VARCHAR) <- [notexist@email.com]
26-06-07 22:31:56.246 [Test worker] TRACE org.hibernate.orm.jdbc.bind          - binding parameter (2:INTEGER) <- [1]
26-06-07 22:31:56.250 [Test worker] DEBUG org.hibernate.SQL                    - 
    insert 
    into
        users
        (created_at, email, password, profile_id, updated_at, username, id) 
    values
        (?, ?, ?, ?, ?, ?, ?)
26-06-07 22:31:56.250 [Test worker] TRACE org.hibernate.orm.jdbc.bind          - binding parameter (1:TIMESTAMP_UTC) <- [2026-06-07T13:31:56.249460Z]
26-06-07 22:31:56.250 [Test worker] TRACE org.hibernate.orm.jdbc.bind          - binding parameter (2:VARCHAR) <- [test@email.com]
26-06-07 22:31:56.250 [Test worker] TRACE org.hibernate.orm.jdbc.bind          - binding parameter (3:VARCHAR) <- [password]
26-06-07 22:31:56.250 [Test worker] TRACE org.hibernate.orm.jdbc.bind          - binding parameter (4:UUID) <- [null]
26-06-07 22:31:56.250 [Test worker] TRACE org.hibernate.orm.jdbc.bind          - binding parameter (5:TIMESTAMP_UTC) <- [2026-06-07T13:31:56.249460Z]
26-06-07 22:31:56.250 [Test worker] TRACE org.hibernate.orm.jdbc.bind          - binding parameter (6:VARCHAR) <- [testuser]
26-06-07 22:31:56.250 [Test worker] TRACE org.hibernate.orm.jdbc.bind          - binding parameter (7:UUID) <- [41a0d165-e7b8-44c7-be7a-26e6b9b59627]
26-06-07 22:31:56.251 [Test worker] DEBUG org.hibernate.SQL                    - 
    select
        u1_0.id 
    from
        users u1_0 
    where
        u1_0.email=? 
    fetch
        first ? rows only
26-06-07 22:31:56.251 [Test worker] TRACE org.hibernate.orm.jdbc.bind          - binding parameter (1:VARCHAR) <- [test@email.com]
26-06-07 22:31:56.251 [Test worker] TRACE org.hibernate.orm.jdbc.bind          - binding parameter (2:INTEGER) <- [1]
26-06-07 22:31:56.254 [Test worker] DEBUG org.hibernate.SQL                    - 
    insert 
    into
        users
        (created_at, email, password, profile_id, updated_at, username, id) 
    values
        (?, ?, ?, ?, ?, ?, ?)
26-06-07 22:31:56.254 [Test worker] TRACE org.hibernate.orm.jdbc.bind          - binding parameter (1:TIMESTAMP_UTC) <- [2026-06-07T13:31:56.253515Z]
26-06-07 22:31:56.254 [Test worker] TRACE org.hibernate.orm.jdbc.bind          - binding parameter (2:VARCHAR) <- [test@email.com]
26-06-07 22:31:56.254 [Test worker] TRACE org.hibernate.orm.jdbc.bind          - binding parameter (3:VARCHAR) <- [password]
26-06-07 22:31:56.254 [Test worker] TRACE org.hibernate.orm.jdbc.bind          - binding parameter (4:UUID) <- [null]
26-06-07 22:31:56.254 [Test worker] TRACE org.hibernate.orm.jdbc.bind          - binding parameter (5:TIMESTAMP_UTC) <- [2026-06-07T13:31:56.253515Z]
26-06-07 22:31:56.254 [Test worker] TRACE org.hibernate.orm.jdbc.bind          - binding parameter (6:VARCHAR) <- [testuser]
26-06-07 22:31:56.254 [Test worker] TRACE org.hibernate.orm.jdbc.bind          - binding parameter (7:UUID) <- [97f9fa49-ef11-4acf-86b0-ec93be47a03c]
26-06-07 22:31:56.254 [Test worker] DEBUG org.hibernate.SQL                    - 
    select
        u1_0.id 
    from
        users u1_0 
    where
        u1_0.username=? 
    fetch
        first ? rows only
26-06-07 22:31:56.255 [Test worker] TRACE org.hibernate.orm.jdbc.bind          - binding parameter (1:VARCHAR) <- [testuser]
26-06-07 22:31:56.255 [Test worker] TRACE org.hibernate.orm.jdbc.bind          - binding parameter (2:INTEGER) <- [1]
26-06-07 22:31:56.258 [Test worker] DEBUG org.hibernate.SQL                    - 
    insert 
    into
        users
        (created_at, email, password, profile_id, updated_at, username, id) 
    values
        (?, ?, ?, ?, ?, ?, ?)
26-06-07 22:31:56.258 [Test worker] TRACE org.hibernate.orm.jdbc.bind          - binding parameter (1:TIMESTAMP_UTC) <- [2026-06-07T13:31:56.256967Z]
26-06-07 22:31:56.258 [Test worker] TRACE org.hibernate.orm.jdbc.bind          - binding parameter (2:VARCHAR) <- [test@email.com]
26-06-07 22:31:56.258 [Test worker] TRACE org.hibernate.orm.jdbc.bind          - binding parameter (3:VARCHAR) <- [password]
26-06-07 22:31:56.258 [Test worker] TRACE org.hibernate.orm.jdbc.bind          - binding parameter (4:UUID) <- [null]
26-06-07 22:31:56.258 [Test worker] TRACE org.hibernate.orm.jdbc.bind          - binding parameter (5:TIMESTAMP_UTC) <- [2026-06-07T13:31:56.256967Z]
26-06-07 22:31:56.258 [Test worker] TRACE org.hibernate.orm.jdbc.bind          - binding parameter (6:VARCHAR) <- [testuser]
26-06-07 22:31:56.258 [Test worker] TRACE org.hibernate.orm.jdbc.bind          - binding parameter (7:UUID) <- [f44bc606-a6be-4b35-9154-c62a59782d2e]
26-06-07 22:31:56.258 [Test worker] DEBUG org.hibernate.SQL                    - 
    select
        u1_0.id,
        u1_0.created_at,
        u1_0.email,
        u1_0.password,
        u1_0.profile_id,
        u1_0.updated_at,
        u1_0.username 
    from
        users u1_0 
    where
        u1_0.username=?
26-06-07 22:31:56.259 [Test worker] TRACE org.hibernate.orm.jdbc.bind          - binding parameter (1:VARCHAR) <- [nobody]
26-06-07 22:31:56.262 [Test worker] DEBUG org.hibernate.SQL                    - 
    insert 
    into
        users
        (created_at, email, password, profile_id, updated_at, username, id) 
    values
        (?, ?, ?, ?, ?, ?, ?)
26-06-07 22:31:56.262 [Test worker] TRACE org.hibernate.orm.jdbc.bind          - binding parameter (1:TIMESTAMP_UTC) <- [2026-06-07T13:31:56.261928Z]
26-06-07 22:31:56.262 [Test worker] TRACE org.hibernate.orm.jdbc.bind          - binding parameter (2:VARCHAR) <- [test@email.com]
26-06-07 22:31:56.263 [Test worker] TRACE org.hibernate.orm.jdbc.bind          - binding parameter (3:VARCHAR) <- [password]
26-06-07 22:31:56.263 [Test worker] TRACE org.hibernate.orm.jdbc.bind          - binding parameter (4:UUID) <- [null]
26-06-07 22:31:56.263 [Test worker] TRACE org.hibernate.orm.jdbc.bind          - binding parameter (5:TIMESTAMP_UTC) <- [2026-06-07T13:31:56.261928Z]
26-06-07 22:31:56.263 [Test worker] TRACE org.hibernate.orm.jdbc.bind          - binding parameter (6:VARCHAR) <- [testuser]
26-06-07 22:31:56.263 [Test worker] TRACE org.hibernate.orm.jdbc.bind          - binding parameter (7:UUID) <- [2acbc524-c7ca-4194-81ab-90e4d0d4222d]
26-06-07 22:31:56.263 [Test worker] DEBUG org.hibernate.SQL                    - 
    select
        u1_0.id,
        u1_0.created_at,
        u1_0.email,
        u1_0.password,
        u1_0.profile_id,
        u1_0.updated_at,
        u1_0.username 
    from
        users u1_0 
    where
        u1_0.username=?
26-06-07 22:31:56.263 [Test worker] TRACE org.hibernate.orm.jdbc.bind          - binding parameter (1:VARCHAR) <- [testuser]
26-06-07 22:31:56.527 [Test worker] INFO  c.s.m.d.s.basic.BasicChannelService  - Channel deleted: id=0dc6d814-8ea7-491f-a4a7-6818bafcf633
26-06-07 22:31:56.538 [Test worker] INFO  c.s.m.d.s.basic.BasicChannelService  - Public channel created: id=null, name=general
26-06-07 22:31:56.545 [Test worker] INFO  c.s.m.d.s.basic.BasicChannelService  - Private channel created: id=null
26-06-07 22:31:56.551 [Test worker] INFO  c.s.m.d.s.basic.BasicChannelService  - Channel updated: id=36ad1b20-81d3-4b8a-baff-948c6bb183c7
26-06-07 22:31:56.644 [Test worker] INFO  c.s.m.d.s.basic.BasicMessageService  - Message deleted: id=37a9ffd1-5163-4a00-9b1d-38acf3f9d007
26-06-07 22:31:56.646 [Test worker] DEBUG c.s.m.d.s.basic.BasicMessageService  - Fetching messages for channelId=5c3de98a-1034-4f50-832b-7af339eeadf2, cursor=null, size=50
26-06-07 22:31:56.652 [Test worker] DEBUG c.s.m.d.s.basic.BasicMessageService  - Fetching messages for channelId=6c2daa5f-7d92-49dd-8163-1b3244144111, cursor=2026-06-07T13:31:56.652620Z, size=2
26-06-07 22:31:56.654 [Test worker] INFO  c.s.m.d.s.basic.BasicMessageService  - Message updated: id=84ba4c9c-40fc-456a-8cb1-e779d7cbe89a
26-06-07 22:31:56.655 [Test worker] INFO  c.s.m.d.s.basic.BasicMessageService  - Message created: id=null, channelId=12ea754a-d6ef-4ec4-8d73-2da1365d8add
26-06-07 22:31:56.687 [Test worker] INFO  c.s.m.d.s.basic.BasicUserService     - User deleted: id=99002456-005b-4d59-a0eb-493657e3a7aa
26-06-07 22:31:56.691 [Test worker] INFO  c.s.m.d.s.basic.BasicUserService     - User updated: id=4f11452f-3144-43a3-9f8f-118bce775266
26-06-07 22:31:56.693 [Test worker] INFO  c.s.m.d.s.basic.BasicUserService     - User created: id=null, username=testuser
26-06-07 22:31:56.704 [SpringApplicationShutdownHook] INFO  calContainerEntityManagerFactoryBean - Closing JPA EntityManagerFactory for persistence unit 'default'
26-06-07 22:31:56.705 [SpringApplicationShutdownHook] DEBUG org.hibernate.SQL                    - 
    drop table if exists binary_contents cascade 
26-06-07 22:31:56.705 [SpringApplicationShutdownHook] DEBUG org.hibernate.SQL                    - 
    drop table if exists channels cascade 
26-06-07 22:31:56.706 [SpringApplicationShutdownHook] DEBUG org.hibernate.SQL                    - 
    drop table if exists message_attachments cascade 
26-06-07 22:31:56.706 [SpringApplicationShutdownHook] DEBUG org.hibernate.SQL                    - 
    drop table if exists messages cascade 
26-06-07 22:31:56.706 [SpringApplicationShutdownHook] DEBUG org.hibernate.SQL                    - 
    drop table if exists read_statuses cascade 
26-06-07 22:31:56.707 [SpringApplicationShutdownHook] DEBUG org.hibernate.SQL                    - 
    drop table if exists user_statuses cascade 
26-06-07 22:31:56.707 [SpringApplicationShutdownHook] DEBUG org.hibernate.SQL                    - 
    drop table if exists users cascade 
26-06-07 22:31:56.709 [SpringApplicationShutdownHook] INFO  com.zaxxer.hikari.HikariDataSource   - HikariPool-1 - Shutdown initiated...
26-06-07 22:31:56.711 [SpringApplicationShutdownHook] INFO  com.zaxxer.hikari.HikariDataSource   - HikariPool-1 - Shutdown completed.
26-06-07 22:31:56.712 [SpringApplicationShutdownHook] INFO  calContainerEntityManagerFactoryBean - Closing JPA EntityManagerFactory for persistence unit 'default'
26-06-07 22:31:56.712 [SpringApplicationShutdownHook] DEBUG org.hibernate.SQL                    - 
    drop table if exists binary_contents cascade 
26-06-07 22:31:56.712 [SpringApplicationShutdownHook] DEBUG org.hibernate.SQL                    - 
    drop table if exists channels cascade 
26-06-07 22:31:56.713 [SpringApplicationShutdownHook] DEBUG org.hibernate.SQL                    - 
    drop table if exists message_attachments cascade 
26-06-07 22:31:56.713 [SpringApplicationShutdownHook] DEBUG org.hibernate.SQL                    - 
    drop table if exists messages cascade 
26-06-07 22:31:56.713 [SpringApplicationShutdownHook] DEBUG org.hibernate.SQL                    - 
    drop table if exists read_statuses cascade 
26-06-07 22:31:56.714 [SpringApplicationShutdownHook] DEBUG org.hibernate.SQL                    - 
    drop table if exists user_statuses cascade 
26-06-07 22:31:56.715 [SpringApplicationShutdownHook] DEBUG org.hibernate.SQL                    - 
    drop table if exists users cascade 
